incident_id,predicted_killer,p_killer_1,p_killer_2,p_killer_3,p_killer_4,p_killer_5,p_killer_6,p_killer_7,p_killer_8
0,5,0.028368310286473835,0.12546121665861606,0.09180342134302212,0.00381156843068766,0.6923188394443146,0.004025123094027966,0.03399721928000994,0.0202143148218716
1,7,4.448114616153004e-05,0.0027446140653553334,0.00021775565325159944,2.3681335781121538e-05,0.03360531010811923,0.00019199147530507698,0.9631014430932657,7.070200657098188e-05
2,3,0.0012912917731853666,0.0008075165908561916,0.9724160212329394,0.0006266700027802666,0.014394902671962634,0.00031452018372897023,0.0023213104837597667,0.007827794843467533
3,7,0.0007652574841643345,0.00017616988099722786,0.11770297781429451,0.0004639292746261667,0.0013508876743272668,0.000464748114356108,0.8761775960268793,0.002898453685388325
4,8,0.003411829416743966,0.0016365225736814,0.24517130020673913,0.0021870378979907197,0.28456184868546164,0.001009136263895553,0.003133383488762706,0.4588889754081693
5,3,0.0012937025891720001,0.0002980281049881995,0.9696430472372733,0.0013545636183103667,0.018296343427103866,0.00012985380104018753,0.0009750039299028333,0.008009477508349934
6,3,0.0003979162935109953,0.0004689542055511,0.9716851517816968,8.575503883706527e-05,0.018959238696495833,3.136377445321653e-05,0.0020464345618262,0.006325193801909566
7,4,0.001167066875490551,0.0010442434228644902,0.016232019694012965,0.7019831712007675,0.004928268254520034,0.0006412463656657305,0.2733553820125065,0.0006485921785935669
8,6,0.00021399856914246666,0.00047880859785447003,0.08462022914434943,0.0002607130090459667,0.0003409030674883227,0.9135667628516195,0.00027163611813454394,0.00024693609123402636
11,3,0.03423111284897207,0.002059146702702867,0.9193650573683168,0.002819659053073421,0.003332885933331063,0.034379708811507696,0.0018371695203095331,0.001975267050561154
13,3,0.00013107382788426667,6.873389352028387e-05,0.9722954962853004,0.0037400079728365,0.01831265640328857,6.107413475724385e-05,0.002671570921005867,0.00271938286020256
17,6,0.0005705108797163667,0.00020759768591293332,0.0012025257805651998,0.0004361937508107015,0.01935736548068283,0.9777146900861631,0.00029971684786274486,0.00021141016300369963
20,3,0.0008662855527715984,0.0003169412815248211,0.9631850409861542,0.0005429923444970667,0.022189487190062866,9.806605853003918e-05,0.0009881233620073666,0.0118130705449533
21,4,0.0007548417329552667,0.0001154196281093285,0.0052531569056691,0.9310423009758004,0.0004892397864441619,0.00027221370949747384,0.06128163589290403,0.0007911763961789571
23,4,0.009882799873789766,0.007379207188262237,0.19978129697919544,0.6699693095650149,0.021384808727129768,0.0379838850141478,0.04277187529351926,0.010846821132324757
26,7,0.0498936437180128,0.04240271212142086,0.005220556326375,0.00020749113553463521,0.0011936776526911333,4.676487020050837e-05,0.9009110393165004,0.00012409368537200525
27,7,0.0001234006052174946,0.0018688004656923333,0.09138540954541563,0.00013907121661255856,0.0037468369726675332,0.00024639560217915723,0.9023876368671796,0.00010245087790897731
28,3,0.001107975989377199,0.0007369170972902683,0.9265961004680507,0.0201099254715488,0.041069129461818565,0.0006128551083618749,0.004205658790924033,0.005561436915867701
29,7,0.00027254739704950004,0.0003666865561705625,0.0055470137671195996,0.024759167529151933,0.03207025778221633,0.00010184266443144827,0.9367894952141658,9.298364223641464e-05
33,3,0.0005932162342921874,0.00041467476487016663,0.7335751146224921,0.00010583592200747177,0.1666111758082534,0.00010526453820210026,0.006322499241072067,0.09227226448897301
35,7,0.0042010343494253664,0.0010887163263846036,0.00244498075122878,0.05016908577955224,0.005605245857070333,0.0010096357702116384,0.9335691049868428,0.001912175093799531
36,3,0.002320166395746667,0.0006094667450376667,0.8563172369655531,0.0004300153579736,0.11652760697308073,0.0002899831041615995,0.0033169032559892332,0.0201886309134032
38,3,0.0006617994064416666,0.00016725862892273216,0.983398140348917,0.0038858505508163,0.007138145500777467,0.00020197454279703331,0.0026738790136119996,0.0018729415712426748
39,3,0.002839888490996367,0.00021971860382686667,0.8702010619973656,0.000419086635292,0.11158051675484311,3.0074322654546903e-05,0.011549934039536969,0.003159745331596416
40,1,0.7870939681552546,0.1816501702793559,0.002165869719795718,0.0006595645453482372,0.0031494831131333666,0.0150330587288693,0.00898374227172368,0.001264143482214157
42,3,0.0012814664921551666,0.0006569161164165492,0.9871256084866346,0.0005719703916678334,0.0037265888123377664,8.434259915428666e-05,0.005443122177076268,0.0011099622223075172
44,4,0.0020572093376142334,0.00014546149196687947,0.008424619261315299,0.9694426961676333,0.001004792936069562,0.0014549290238608063,0.015655042578092703,0.0018152635696937766
45,3,0.0010055425739806969,0.00013574114648785628,0.9707349690810588,0.0014845124668733667,0.014050087694132967,8.251403449413754e-05,0.011344928333895832,0.00116170678070175
48,3,0.013211072614407566,0.00031832708849409,0.9786071381245414,0.0011344564501405,0.0026598439279268324,8.815599740572157e-05,0.0017330543848606333,0.0022479110690615273
49,3,0.00184927154938787,0.00059752838443362,0.9862327128396388,9.86857632318854e-05,0.007572766139568333,0.00011292884781114667,0.0017277435858058332,0.0018083787785495133
51,3,0.00043003246162033327,0.00020914814266702298,0.9461328347839072,0.0002508327141174333,0.030452208537437297,0.00011193125396568452,0.0034720000778566667,0.018941040430276782
54,3,0.00023158587632591293,9.039273905735005e-05,0.9742193241975282,0.00013944800314183333,0.020107080177854633,2.249862217466826e-05,0.0005324662549457334,0.004657212567708167
55,3,0.0005623338500214611,0.00011426148649477525,0.9782482629315344,0.0007019866624872667,0.014763619581617865,1.961994889683509e-05,0.004568324180086967,0.0010215847479798001
56,3,0.0020710743076893332,0.0005733928694211667,0.982274143349737,8.57395425966357e-05,0.011054626178242167,3.16435428903447e-05,0.002926859119681,0.0009825140921620888
58,3,0.0019098250845322573,0.00035648778079118746,0.9915067179371518,0.0013801672466664666,0.0019408052911960335,0.0002788195435025333,0.0009792489969681667,0.0016478985752100856
60,7,0.00022303827318606668,0.00015016326286306666,0.004782601079570767,0.0026326497542949,0.026139973371797867,6.639751215194395e-05,0.9659045589095455,0.00010060012685889622
61,3,0.0005981603495423333,0.0012232783923684,0.9468280346891281,0.0005768449020479356,0.0100528371807368,5.1572664616059067e-05,0.039890882532416835,0.0007783615751802681
62,7,0.0005290191713214859,0.0003953816081252001,0.006414383265806921,0.08809543271265836,0.003743368267375893,0.0003652963905886823,0.899522373153575,0.0009347522125197609
64,6,0.0006830220539115667,0.005424616884469986,0.0001560625071863119,0.00027576839351426666,0.000315974445430612,0.9928191179332885,0.00012181433757785796,0.00020361665211294933
67,6,0.005681921348041601,0.0031722508253235666,0.022943255247118283,0.0009199472753589427,0.0007740393261548066,0.9611533866602784,0.004723178532788767,0.0006320003551822366
69,2,0.02131189566462083,0.9477889354087301,0.0005307649538797023,0.0005716400362317189,0.0005608561809024975,0.0023343349097959,0.026339237814522937,0.0005623394563485564
73,3,0.00013600685118644924,5.756176063257312e-05,0.9471050869882255,0.0035727227490154334,0.0405110965709584,0.00010518168921337727,0.0012912130908671333,0.007221152212383852
75,6,0.0006703037258693,0.0010393570482810665,0.00025129316760034173,0.0002184957130580039,0.09150088003541089,0.9058711222334263,0.0002562445156108688,0.00019230291060699334
76,2,0.0007943643101340846,0.8702518261772512,0.0010081794256215477,0.0005327133220050529,0.0010686928223506,0.0008620308953448333,0.12480177592399781,0.0006804287870861501
77,7,0.005770453064112567,0.00020242229258376666,0.0014014130306225217,0.11811305939348145,0.0023330219002345334,0.0001563194969380989,0.871739176722854,0.000284151372811937
80,3,0.0027733406766097,0.0009488543002457668,0.9666979369758334,0.012223242931972134,0.010353661207334832,0.0002526257633818667,0.0019196312892527333,0.0048306938202326
81,3,0.06991806276176453,0.001582372782345213,0.8357607317277989,0.003558038982953067,0.045703219535847404,0.0006176960078881252,0.00501776802157316,0.037842098159492195
82,5,0.3233543388743901,0.0039811004307513664,0.0240928913120063,0.002178692236436176,0.5510619036373585,0.071940605854208,0.005210952036188067,0.018179511691994665
85,7,0.0041276567252803665,0.002202396145003733,0.0010226786101034566,0.005772914322248301,0.0015080357023908666,2.9324251139736065e-05,0.9843747584805452,0.0009622210781143354
88,3,0.0011764627402649334,0.00026597473897375007,0.9514167547002388,0.0003980654080960908,0.02957185042851537,0.00018674183816378255,0.004520910570682167,0.012463190548597599
90,2,0.026593538842745634,0.9655905300945516,9.47888905359054e-05,0.00014994597326968532,0.00046902386131353335,0.0007833592296430333,0.005964661832764467,0.00035416615849430047
91,3,0.004007351054540333,0.09574666520023373,0.4541311707011233,0.00036731235314027143,0.11621615260919431,4.638068798875754e-05,0.3293465013374032,0.00013850019154284146
94,6,0.0041066658283791,0.00017523576307769103,0.00243960005664856,0.00024288884480907927,0.0005306719903174,0.9919956338316468,0.0003436156024397333,0.00016570563619312315
96,3,0.00023214603037722395,6.723822388300054e-05,0.9596507225166359,0.003714854541240867,0.02437081792142977,7.853955968075338e-05,0.0005983788667566999,0.011287328771842721
99,3,0.00039471914108733336,6.59301786027929e-05,0.9301431545756439,0.021179944110027802,0.03322440095013077,9.790795147350568e-05,0.0002817093645282,0.014612195887428
101,3,0.00022250604205144384,7.5263655396384e-05,0.9809138142790549,0.0002917938344985,0.0157137215760666,1.504779029370856e-05,0.0008182811589130999,0.001949545022437124
102,2,0.0014001896973354667,0.9085918106265717,0.0002583614809689553,0.0005039710535839466,0.0008188635755546333,0.0018028186363990666,0.08605597529227538,0.0005680340527467193
106,2,0.006812709686474833,0.7631827052132508,0.031657553786432396,0.002298104811937143,0.0097361968410578,0.012144449556378367,0.17209257530381208,0.0020756977718836664
108,3,0.0010521317820998083,0.00017256555186794114,0.9817436023404523,0.00024923730814639997,0.011570654669330466,7.041912479100672e-05,0.0004350897998805,0.004706303496840149
109,6,0.0501102157549573,0.0010872997701245667,0.0051091343304095,0.0013103685672027565,0.001939558506875133,0.9380688328378611,0.0019024600196944667,0.00047216091226335503
110,7,0.019112042850167134,0.008680784289875966,0.001215815158146218,0.005293845419121066,0.0166485052547388,0.002103812627210546,0.925209698071757,0.021735512691739168
112,3,0.0005706279689545001,0.00015664279020484472,0.799559483301478,0.0011626355985879001,0.13968868896489015,0.0001242603236516849,0.0009646498645142334,0.05777302004092444
113,3,0.008413556916768,0.0012453077940131941,0.8987798702250487,0.004672908131511133,0.015511444158991666,0.00042184753093041437,0.007367074589245533,0.06358801405441473
116,1,0.8071563984075233,0.011536437121896366,0.0447786093919909,0.0010829431422628333,0.0025720167372861136,0.12668535125587854,0.0026427022282707667,0.0035455735201214717
117,3,0.03298533232439587,0.0002891398479698679,0.9177773206240843,0.0004005497629446667,0.0356504728104656,7.221051207264088e-05,0.006857316935115335,0.005967637037692767
119,2,0.0024097073410798333,0.9494136910736292,0.0007611860497341473,0.0009400128368280343,0.001214357234446063,0.003973876100027599,0.040368738489424,0.000918438876990692
120,3,0.0005664745938945535,0.0003727267472685666,0.9707894277685494,0.0001960529844717761,0.02136362628392527,2.5516758774034355e-05,0.0029568904976427332,0.0037293144443323327
121,3,0.0012749038916134185,0.004836607673537467,0.890758272732099,0.0002054158723947876,0.012504785705500801,7.167621216684107e-05,0.0894645791439838,0.0008837498582769551
122,6,0.013961387266767164,0.0007949646770503667,0.0023255880179869335,0.00032521313124746665,0.0026890649099194663,0.9789465560152927,0.0007502994223184999,0.0002069320903558537
126,5,0.018395939962191934,0.0038908713914811376,0.1560244826625145,0.0041123314526669,0.7740336013954149,0.0061168511097144,0.01641945954810334,0.021006446107278757
127,3,0.007881864067735432,0.002332086083370769,0.6665273670517796,0.0030842853287453716,0.24913614393486352,0.002593664295932553,0.008147733489429704,0.06029683435742197
128,6,0.0007632834331706001,0.0071329614968956,0.013472198985951775,0.0002441165977958138,0.00030584421967053333,0.9774223443381548,0.00021573016441999717,0.0004434966505391
132,2,0.00015725632603383333,0.9811059782203219,0.00015146597114956432,6.115739118495128e-05,0.0014692150279095666,0.0005623825452921333,0.014797736829985933,0.0016948464888526399
135,4,0.09858337003749511,0.0011378690072169333,0.008149209841557033,0.7295027314758915,0.013812693551691832,0.000905574532777136,0.1456325573745623,0.0022759738963721737
139,1,0.5191751958934928,0.015044242392227567,0.0037781303932521333,0.0027074476250606,0.016199728600617233,0.4372959264035022,0.0033269044300476332,0.0024723960539133603
141,3,0.0007705983073916666,0.00012826547927606043,0.9457160397080626,0.0006461268142629999,0.019939517671169697,6.315533118808333e-05,0.008383198438571967,0.024353117567911402
145,3,0.06897160935230487,0.0018668528032867251,0.9105746394052736,0.0005456212880803,0.005704077462690109,0.00021682421048111098,0.0021284845445194663,0.009991873930884868
147,3,0.0034212303929398668,0.0005104683496948065,0.9884706642483977,0.00030539011241770996,0.0031728352838975332,6.849657198757611e-05,0.0010626852580290333,0.0029882208416628048
148,3,0.005037558361106667,0.0007634271213155,0.9712950731776383,0.00023653056628805018,0.015508040208788534,0.00011763194879248268,0.0014104593648532999,0.005631274055012964
149,3,0.0008944312650195999,0.00022069506853654997,0.9784858843454108,6.510422126176141e-05,0.014708654458820433,2.7327327438138555e-05,0.0007872411564878333,0.004810655479742074
151,7,0.0020819452023236526,0.0004114962219218,0.0381983097569321,0.006480261451570733,0.0020574672758143665,0.00028161115697933337,0.9497498645846001,0.0007390371186375668
154,6,0.17591373298242066,0.0829013394268643,0.005526312725700166,0.0008880796403612298,0.008578886489864665,0.7192786292864436,0.006358320168506334,0.0005546750264110645
156,3,0.0009817598026305998,0.0005420295314174666,0.9818491433277062,8.475385385340591e-05,0.012100409879867234,2.5222009992655473e-05,0.0032486377180043,0.0011680723338286232
157,3,0.0026907888365388,0.0006301717977948334,0.989496730564578,0.00024432442317161605,0.003837425627170833,0.00020729093671396668,0.0018399867230321002,0.001053325453262877
161,7,0.0003308377001792667,0.00019741101763160002,0.0282044371017397,0.0008036780460412667,0.031747673416595366,5.993802351754516e-05,0.9385067159887068,0.0001492715943997619
165,4,6.414233918620355e-05,0.00010077369362780746,0.031004906775570645,0.9159814986522052,0.0028786220200536935,0.0002690655088957925,0.049561107457014565,0.00013987612677344386
166,3,0.0043085706539184,0.010579138630126265,0.6002996388593743,0.0317653468540186,0.2589257563428741,0.003772712068311534,0.004162143471341333,0.08618669095274334
169,7,0.00014915817937549998,6.13884195221338e-05,0.005607874456226434,0.16414532366448045,0.1873180134965948,0.00010727161862480668,0.6425432165545072,6.773245506452302e-05
171,3,0.016331320903234765,0.0015300827216241,0.9717951168406104,0.0005073471070142366,0.0015337875417284332,0.00030959119660696667,0.007251502267245367,0.0007412927210014358
173,3,0.00034434512539966664,6.618686180032646e-05,0.97869711231679,0.00011897413511266666,0.015276691464152366,3.8069414235502776e-05,0.003789648974020066,0.0016689893324083182
177,3,0.0037653607709601,0.0011943282824699,0.9121892326063389,0.0016305359883871,0.043089018652333035,0.00039711377714734294,0.003533644560149367,0.034200772322686236
178,8,0.0010173932399378776,0.0013786514151936666,0.2839653823149751,0.007682328286033033,0.19322884238401808,0.0008567598147924176,0.020423988561813166,0.49144665140231497
180,3,0.0014465830820375358,0.0005303004014216932,0.9545937506864693,0.007725853655442433,0.02470587018213607,0.00044001592625495667,0.004387632743188866,0.006170014732119933
182,6,0.005799040161346533,0.001960294401171067,0.0002630477123968956,0.00024286676741211115,0.0006732887079067333,0.9907934116204361,0.00013120711344269973,0.0001368340985265584
183,3,0.0003987357722781509,0.00017833473922584,0.9851660814261836,0.00019504300092343334,0.008609849854469066,4.3904011444381025e-05,0.00046951844337153327,0.004938555582394834
184,6,0.045067074577591563,0.004355923929448667,0.014361520400795434,0.000333999520320649,0.002877927492083433,0.9318880906858636,0.0008681700391419339,0.0002472624096440108
185,7,0.0004941994668825446,0.0002146801472250198,0.013845323035736467,0.20626134591547488,0.020122329419280032,0.00019818219803922587,0.7585944277024291,0.00026951412220358335
186,3,0.00081036782348908,0.0004962126038250806,0.9572616680733775,0.0014438231277924332,0.0272469254219523,0.0001608260359144393,0.0015890148131622666,0.010991183153208453
191,3,0.0010892723012526334,0.0010715570485664,0.9356405135057523,0.00021639798916431413,0.04749606750591889,5.0256608644076695e-05,0.008994772063903067,0.005441190964587
194,3,0.0007509700539393001,0.00010989552222228022,0.9692478909526847,0.0002336560084399,0.023630513072269932,6.723705919750079e-05,0.0003347172372647,0.0056250998485552
195,3,0.0006388530028395216,0.0001381679042488,0.9273119798157814,0.0005551019277414,0.06359348805101232,0.00013137797577193332,0.00017705700619683772,0.0074539820192777
197,2,0.0041867012737354,0.9499372169070042,0.0010087711449755568,0.00035573824275049725,0.0005541111789396597,0.02859359891686793,0.014865537016090702,0.0004982966332670799
198,3,0.00013979295945378952,0.00011016865582264748,0.959045847739714,0.0020572681561541,0.027315020100419234,8.273435127403713e-05,0.00245794406383525,0.0087912799944265
200,5,0.000445788877921966,0.0008068359345697789,0.425663294179594,0.0020810138806201667,0.5574131615754655,9.548333329009739e-05,0.000701330777029332,0.012793117363415499
201,5,0.0012304119895060665,0.050422790478468295,0.248612551101609,0.0007038191507632622,0.5885753850870262,0.0005155946869732683,0.10219355624448927,0.007745899169229527
203,2,0.017007458271374398,0.9141246110501019,0.0007599373582773799,0.0004677847429602244,0.0010141480179149205,0.0026012932610339997,0.06332220595732341,0.0007025788604477673
207,3,0.0009057588115805334,0.0015682081351594,0.8269713210007362,0.005772939980792366,0.014196807375332599,0.0003243673955686667,0.14496674885659858,0.005293877807231433
209,7,0.00011963582699949187,0.00015375488554495416,0.003982860100554699,0.006783107197357066,0.0017452880340766634,0.00017674179467362116,0.9869133515873143,0.00012526446732928517
210,6,0.0004005877826784667,0.002399070893204533,0.017951411115829152,0.0007361448685207,0.0005508249073773847,0.9767926349190278,0.0007337682031199333,0.0004355599242331333
211,3,0.00034861521577576665,0.0001573037585733079,0.9215234655874269,0.011627713051667966,0.05305364411604597,0.00022584546084380375,0.0006484840054408667,0.012414932895247607
213,3,0.046830339007534895,0.00017804314166503267,0.90363097793301,0.00013825959145086667,0.03551283602061673,6.352532421258134e-05,0.0044537645263232,0.009192242288433768
214,4,4.430923914475077e-05,0.00012086009854087329,0.24976130192312673,0.7195451332471358,0.001034767050947173,0.00030324747167901673,0.02840711719507893,0.0007832702589009666
217,7,0.0006158403058413334,6.339658437517401e-05,0.0012635472280014242,0.004731697205144333,0.0003569758222500055,5.899235649286757e-05,0.9927487450016693,0.00016081483277336666
220,3,0.0012911177844306,0.00015133621640983167,0.9666790320437113,0.00011858474685780785,0.0243720506679107,6.113326493841459e-05,0.00033873534870913335,0.006988017645005828
221,3,0.0002517689632233,6.109695293567708e-05,0.9746325776274056,0.0014463551135510666,0.015486555228511334,7.980676131520742e-05,0.0008509467830105666,0.007190897141845149
224,6,0.0028181823084020663,0.04122618248109716,0.0009536385240944946,0.0002930214015042255,0.0003471139307201333,0.9531447982097836,0.0009389854768820999,0.0002780978206191672
229,3,0.0009690916362633667,0.0007789905197682633,0.952929454220877,0.01755324668903537,0.018744304101053866,0.00052864485100008,0.002931811660184233,0.0055644379815454
231,5,0.0018302065706733836,0.0014531374091388456,0.24412660500519287,0.08325198935356616,0.6568098105155276,0.0011576503632643074,0.0033540060781999336,0.0080166313774413
232,7,0.0008779334890214333,0.0005715538852192486,0.022906475341493107,0.04112183087703617,0.006147163750697633,0.0003014350465231664,0.9276387669976573,0.0004348361551092369
234,7,0.0001783177869215638,0.0003353778081226667,0.0050513179858314,0.0012963290599123333,0.011492436224730966,4.0012013095152176e-05,0.981482362019665,0.00012385924007941274
235,7,0.0011977251150762334,0.00010491608128644505,0.02171953149461771,0.017415337611242032,0.0004896559848182333,0.00031463506645834134,0.9584869663791161,0.00027121790647487127
236,5,0.014672579537716232,0.010370421824084647,0.09291114986534887,0.18474598375452042,0.5973936944248025,0.008913133757104142,0.040321489257598445,0.05067155358537443
237,3,0.0005342116426982746,0.0006521401924415001,0.9577520298476626,0.0062799869233487,0.0215341241207375,0.00010327269176932614,0.009948885102781234,0.0031953291601234195
240,3,0.0005328406104648978,0.00010144788365047409,0.9804010748743238,0.0003851116651671667,0.0110179685444532,0.00012346808648299167,0.00022069094543556667,0.007217375042783
244,3,0.003128930667266033,0.0005285156484003216,0.9802242789674706,0.011375993124727932,0.0020205573107591334,0.00027744169410736665,0.0008363025837574999,0.0016079969724033412
246,3,0.013383812786929865,0.0006281958015337762,0.9713175275632567,0.0003921923744947666,0.006875527969381811,6.400688727471329e-05,0.003705148720685333,0.003633588820476014
247,3,0.0015995748381056735,0.0012585694706166186,0.9194521235711726,0.0021991458110122665,0.05221835174528686,0.0005384181404267699,0.00385250396153932,0.018881284150936095
250,6,0.003996189126541167,0.0031273141174217,0.03861997080875054,0.0002627624243314506,0.00022090881633555037,0.9533328953252121,0.00023799337035680505,0.0002019795004520034
253,6,0.0006150764052275415,0.007703377905312467,0.002892516971841761,0.00030688173192701043,0.0003801889413331458,0.9864066259667165,0.0014062757080804333,0.000289042714950213
254,3,0.0005176212136432333,7.11998708032524e-05,0.9849143168618291,9.59050019674e-05,0.011742351194452433,2.5041654744061763e-05,0.0012174952761936,0.0014160526663727598
255,3,0.0009855979446639577,0.00019076224432776668,0.9788552696546531,0.0012537612991185333,0.011001401573478667,0.00041529844620757667,0.0003418984853362,0.006955991083002666
256,6,0.007018903396407067,0.0010860626641664,0.14067760209979455,0.00019546706652507836,0.00020146098327567124,0.8503507224419601,0.0002958081185482104,0.0001739985720589499
259,3,0.0003690090292229,7.066147462437224e-05,0.9709159421693139,0.0035862576375038334,0.006956622237295234,6.602255125857548e-05,0.009507238911173199,0.008528278509032998
260,3,0.00031010493386956665,0.0001338276510360465,0.941616815021194,0.00042558270575019996,0.050785918345661034,4.006055755304509e-05,0.00024058778875242308,0.006447104369123367
261,7,0.001864892466815867,0.0007850847842652193,0.001020009170877358,0.0009369389787088667,0.0007559996332760355,4.531694744619712e-05,0.9944451030402816,0.00014667878220636153
262,3,0.0016873498022497687,0.0002388061145648,0.9920398902862403,0.0013103558157982998,0.0022687624181224,0.0003541916330306,0.0010590151279753,0.001041656469055939
263,6,0.0003264541018953334,0.00017835908940935468,0.05341565717400092,0.0003223078016755063,0.0004527135396610372,0.9448109211229356,0.0002639904066954893,0.0002295998674606504
265,6,0.0023972505750725665,0.013872551824042102,0.0001171922322410433,0.00015139795518408013,0.0035750484840521668,0.9794116266144628,0.00025387475154536665,0.000221092964157
269,3,0.0002932289575442047,0.00025428845541936224,0.9528023129823295,0.006739297714381833,0.021088108090533565,0.0002502788999627456,0.012654328516185134,0.0059181253457877
270,3,0.00023659784505383034,9.580363192356841e-05,0.9329191043551536,0.0009233489900596,0.04438589210915763,5.810280400912306e-05,0.012727648608664701,0.008653533877966867
275,7,0.0022141597471685513,0.002844950245535482,0.03264471900272533,0.004988392507000066,0.006303653785035639,0.0010952877702810123,0.9479742287284005,0.0019346088200983202
277,7,0.0034610327172885998,0.0004032497558006161,0.0006560637728732082,0.0032120303757057003,0.0027306831245601584,0.000341685712074832,0.9886024068328494,0.0005928445487023869
278,7,0.002522005187825013,0.007489103314329701,0.01233725303075753,0.0048687300138578245,0.009290249301837866,0.0016824648553202262,0.9590619155974602,0.002748320129711577
279,3,0.021233992447611028,0.0004116526559967721,0.970092706462731,0.0015897053747088667,0.0025646919645490665,0.0001248989568018,0.00048647122006636664,0.0034958451886781
280,2,0.0011242081161094667,0.909265972287145,0.042352299048723764,9.294354811760051e-05,0.0100412990906822,0.005053290353601167,0.0315447710205372,0.0005251966724953333
283,3,0.00033056458734907686,9.464583098998638e-05,0.9779376360501048,0.0016286177565184,0.011002469628127032,0.0004585582184057015,0.00043286973966970093,0.008114626099287817
285,7,0.0002797737810439167,8.309787314373236e-05,0.03383161685149205,0.0015836994784854668,0.0005992947540208581,3.528067407035281e-05,0.9633841013241966,0.00020314555721260004
287,7,8.956458121956924e-05,0.00013636506640658333,0.06418399067238408,0.0007840186829812,0.0002830392215657,0.00018532309004381118,0.9336230261297223,0.0007146916248181688
289,3,0.0006054590086293333,0.0001677270292628906,0.9641389773104475,0.0031306685606008,0.014684256652352434,0.00010756593326513728,0.009023060533826233,0.008142280523389866
290,7,0.00017662885832456219,0.00023680561950246797,0.283548375498712,0.0057199065975666,0.009879039497164933,6.472528847917013e-05,0.7001624664263925,0.00021206883284720983
291,7,0.015921460340106098,0.26308124664164345,0.021994950412772232,0.00023729684626812818,0.00035636623442858293,0.0021754810091821337,0.6960589144142295,0.0001742713437698571
297,3,0.0009138497972630845,0.0001938606694411055,0.9718825485149049,0.00048604436486736666,0.018465320041450833,6.074811381640252e-05,0.0013199552580616999,0.0066776821489146565
298,3,0.010787340854122368,0.0011472708509005683,0.9658069692411925,0.0008066457670176334,0.005522900624716811,9.345199424387516e-05,0.011837355353729,0.003998060760074233
299,7,0.0003384667856344357,0.005409143062039233,0.0006127408836269782,0.0003357721814202911,0.0068754897528247,0.0001938999185541916,0.9860306536808093,0.00020382424809531902
303,6,0.0006744010440929,0.028023368630340568,0.00028913643067267683,0.00015317009412056862,0.00037744777618946664,0.9702199300998293,8.677802537124261e-05,0.00017575072273239999
305,7,0.0006529042897850007,0.0005399354575374087,0.0014103813652549446,0.02628511116457963,0.0003852995577111333,0.00015490151160832625,0.969303129985632,0.0012683434916215502
306,6,0.0035291684462043994,0.00026412054117517446,0.0002248964207434,0.0003507618287428478,0.0039506254203589,0.9909741937470642,0.00046166850266103333,0.0002445597685649569
309,3,0.004123026090611001,0.00021254586208127244,0.9146739478449316,0.009754304739357232,0.061026589238333484,0.00013860915589204205,0.0016319748291449667,0.008438996699620867
310,3,0.0007921855713898667,0.0002612237555192713,0.9615440729265737,0.0009243653648760334,0.0254062568296804,5.096544179144081e-05,0.0007029891155563334,0.01031792802563808
312,3,0.0001927912256803638,0.00011187394568959708,0.9698021922987872,0.0001803537561547667,0.022756055583202667,2.0624730433596265e-05,0.0013377551393384667,0.005598325549981267
313,2,0.1234202947923249,0.8193941402240336,0.01834502886884045,0.0019378439646463826,0.0126965138810569,0.013836398580801134,0.007915877532236371,0.002453879350499691
314,3,0.0004924828899455553,0.00016299036312691556,0.9788232867702832,0.0009321067561738667,0.013511601339819,0.00028623453167635335,0.0007427212511989333,0.005048571542695434
315,3,0.004683073926909533,0.00019505334369780504,0.8653797908868036,0.0063820981454433,0.005690874427194702,0.00015834048348253337,0.11572239447379153,0.0017883665255873666
317,3,0.0008089013508517322,0.0002083707032176,0.937183151367866,0.00017182981754884129,0.04781451413520083,0.00010580758277128167,0.0006493211662862666,0.013058098249274867
321,3,0.0005518465198481333,0.00025707904836786555,0.98521120114271,0.00020369219030743333,0.008852784201736767,4.655230247023627e-05,0.00036203007773780003,0.004514821921617117
323,3,0.0015092384474222665,0.0003341269631080578,0.9392306520409951,0.0002932877905779,0.028843590367576232,0.00024373244292320427,0.009592835875212766,0.0199525371676593
326,3,0.00018749087736314048,0.00021225662183791812,0.9619651325821127,0.0008734082998054334,0.02732901897492243,3.493129075917962e-05,0.0007589564739195793,0.008638828750520666
328,3,0.0019295318723478669,0.0011887620794457333,0.9793620490275335,0.0018733822048571543,0.004543680280795301,0.00031373238070320003,0.009514714331097768,0.0012741288165471736
329,6,0.00042070440465314963,0.006176090170554534,0.0033131583027708,0.0001754736589572627,0.0072753954008291655,0.9821754019358272,0.00028302574769447394,0.00018077606899395433
330,3,0.00025651887990640003,0.0001034659329744281,0.9735071924028036,0.0002924216371792,0.0199132378302617,2.5607307464095244e-05,0.0002475976392620667,0.005653957099670269
332,3,0.0005126727350956667,0.0001663917906953445,0.9658268764628936,0.0006148842959589001,0.018709253281883,0.00013140058357712545,0.00045248215185163325,0.013586019438049867
333,3,0.01229248282365497,0.00044853581528033333,0.941803725064009,0.00012718978566986664,0.028141698109759267,2.89266954864691e-05,0.010728236802848333,0.006429207142451467
334,3,0.00012416964898033078,5.3904141733626786e-05,0.9602185767697548,0.000460296741308,0.02725786011013843,6.256400865241927e-05,0.0007086582165939,0.0111139410446144
335,6,0.0012567763476524667,0.004940260905704245,0.0014656739508504986,0.00028791069845956666,0.0002213091040384216,0.9912905056827945,0.0003337423162925591,0.00020383118322299485
337,3,0.002193358951411533,0.0007120386350922334,0.9755123372434719,0.0027790690802768376,0.011880027880056767,0.00098132548714612,0.0015770256967726334,0.004364826240027678
338,2,0.013118032412771603,0.980283253768922,0.0014305158105491192,4.686731297673179e-05,0.00034484663487393337,0.0001875803494428,0.00444666947155233,0.00014221391429345535
341,3,0.0002211100893657,4.303891622998838e-05,0.9808763820111407,0.0004068180257643667,0.011881290325747867,8.0702587657064e-05,0.00024358560919220001,0.006247084714425109
346,3,0.0013960982357053,0.0004538688307964333,0.9672416825347577,0.00040543187842530004,0.0165465637653444,4.370096431497507e-05,0.0044907732524316,0.009421873720607328
348,3,0.006463805077510934,0.0009160598753183666,0.985586737492254,0.00034271719634932615,0.0028647447009525003,0.0005705573199802667,0.0023518807493949335,0.0009034906975145806
350,3,0.00041830858204930003,0.00013653120455608283,0.9867125838884786,0.00012539058796920928,0.008037660355686866,2.809047942556402e-05,0.0019638932488671335,0.0025775001034379
351,6,0.1563879600374274,0.0005415981673265001,0.00042391107132390735,0.0005708909942985533,0.0004269151018936334,0.8404396573826894,0.00039986767604557606,0.0008092186423421999
353,7,0.0012655181906865,0.05165634303104873,0.0005798509985675828,0.0003959630788095947,0.002042068304325733,0.0003445490626889488,0.9433296091263329,0.00038610712150020525
354,6,0.0025316092271028,0.0018084413408984337,0.002590781519166498,0.0003668634501993171,0.00016730526927383196,0.9922133100119838,0.00013218610735980804,0.00018951182111589997
356,3,0.0007702410729558333,0.0003522788409569667,0.8774239322676446,0.0001939237477150854,0.09689831216009788,0.0001379734273916647,0.008458049775307567,0.015765303159983698
357,2,0.0030959111121840275,0.9592413379335646,0.0015151056188933056,0.0024306977245359134,0.005238073763190167,0.002530035102895733,0.024369283447108033,0.0015795498915882175
358,6,0.00012702786931846667,0.0006125777741899333,0.03127033870181233,0.00013953616173734452,0.0002200959402447667,0.9672689003767353,0.00022081202722616666,0.00014072401584420564
359,3,0.00046557906140059997,0.00044438067747346673,0.6200258880552479,7.166156541635933e-05,0.33212024717600835,3.967958866721908e-05,0.0004994045669890667,0.0463331661711534
361,7,0.0015549517597910666,0.003986533095693033,0.0004645587790153799,0.0083796422078015,0.003257298434744082,0.00045646935748629305,0.9809112635874332,0.0009892932496820001
363,1,0.7513745851160011,0.04948485872418681,0.0033106677865329336,0.0008721186843302221,0.004810934569428,0.18066699988796966,0.006865441691139,0.00261437499366103
364,3,0.04625740337385153,0.0035654950519666694,0.821215499392455,0.013777878360746634,0.006498681623590401,0.09379082653990693,0.004433721771279714,0.010460485277409629
366,5,0.00013280429289224592,8.55796773758567e-05,0.2580817186620968,0.03150921809246463,0.6899564681596245,0.00010603122680543076,0.0007208008674507334,0.019407382798808766
367,7,0.000478918164673663,0.00012762886610588665,0.050488787603200073,0.0017518328609671004,0.012756104326757133,0.0002867905581923928,0.9337974659724444,0.000312478631789136
368,5,0.0008538668793813477,0.025547976840483266,0.1531945768222914,0.000927061957351075,0.5991809084430213,0.0004848441188691395,0.0475565846056942,0.17225421727880585
369,3,0.0001296948866127333,5.024327412238292e-05,0.9696652087762819,0.0026754388053104334,0.019365706401742733,4.314901227803683e-05,0.0022341361968334,0.005836436074217522
370,1,0.9186206850131066,0.0235830973584666,0.02393570000049626,0.0010605663586272,0.0024509343733495,0.024160746022440668,0.0037276918097017,0.002460577634259445
371,3,0.07800726278716134,0.00047314392234158216,0.9146934270339568,0.00029220756816383337,0.0012006434012705783,0.00023733810917563337,0.003954422062981566,0.0011415204359584554
372,3,0.0014429657519353667,0.0006995689524967667,0.9757526584549856,0.00035124436919496666,0.008425231551405033,4.2367489910599335e-05,0.011441904028845734,0.0018440538377331526
373,2,0.0055104534154022,0.9014591701391407,0.000739258657109121,0.0005870534398537158,0.0010089221218919,0.0006317115872048333,0.08949620415273483,0.0005672353043084718
374,2,0.005211397100069306,0.7922404726372375,0.0033042980200661265,0.004938604813665277,0.0052263863537618666,0.004978057156789982,0.18097268369772804,0.0031281179417751996
375,7,0.0006139120598484966,0.00041232719382339997,0.034718678440131066,0.00042858686213793337,0.0005878957566033323,2.535731822506111e-05,0.9629609223979668,0.0002523179893040755
377,3,0.0005249013260372782,0.00016130452194471122,0.9645725750262204,0.0033420385071277338,0.0190515072490569,0.00013547113264913545,0.0007251963564373333,0.011486990730227133
378,7,0.0005120939821580528,0.0016268473986929004,0.025936760755995797,0.00034400841679726747,0.0008925459021650999,6.828394723945953e-05,0.9703762637551286,0.00024319394970997443
379,3,0.0005013074135456533,0.00012824248874518848,0.9614475204291387,0.00048139015618130004,0.02134279430420567,5.6689628046816416e-05,0.009217685640421833,0.006824375814485143
380,6,0.010194344700549734,0.017456322909536498,0.02226958740652706,0.0005550789422338617,0.0005270046835534795,0.9479747500037484,0.0006496787799193536,0.0003732203075555854
381,3,0.002690163605849033,0.0017698740087332447,0.9726061888749022,0.0002014641404904,0.013597341495890999,0.00014070268079638867,0.0035666838491392665,0.0054275859447087925
382,3,0.0006220930822665843,0.00019743649997130115,0.7395940132622547,0.0037439930576738667,0.24381365737172744,0.00011885445054175825,0.0007633584233088,0.011146580741912033
385,7,5.9447086865080465e-05,7.166495894020052e-05,0.14911458641030817,0.007895949790174635,0.00039811835501513327,8.810063522952332e-05,0.8422830696008887,8.904845244784105e-05
393,3,0.0021004148503403,0.0011705621392897713,0.9832267707554077,0.0012119329253642336,0.005736239960504034,0.0001338796121129343,0.0013683385491456666,0.005051837243096492
394,3,0.00015472999665126669,6.493929519722513e-05,0.9474419000203694,0.0013059619827531334,0.03572914940124457,0.00010056731076686625,0.0010003822345827334,0.014202384523297133
395,4,0.003334004903936067,0.00021360150125340914,0.0016159763005751998,0.9120666372972658,0.0005732585263774008,0.0003994777808802822,0.08114045136514543,0.0006565957474064646
397,6,0.0016843701688014666,0.0014333835827735483,0.08051557206205744,0.0012860998819952,0.0009416175906603748,0.9117538117857572,0.0018544680942906714,0.0005306911324304933
400,3,0.0019649945804679,0.00021296432247216359,0.9125771019537785,0.0008340879011891669,0.05785591382830077,0.00012367599178509728,0.0016311838307528665,0.024800062012651
401,7,0.0007774394378583597,2.5860445529397273e-05,0.017514228754394765,0.0012908427025297333,0.002056916786627933,8.870138596020922e-05,0.97820304321076,4.29896005343145e-05
402,3,0.00044117101850266665,9.65574072874124e-05,0.9563544876785871,0.003108079508874167,0.0244123939830892,0.00010122036346171027,0.0006287285690581666,0.014857354569489334
403,5,0.0037661285436354336,0.026695459836521437,0.03857365342359473,0.0009774476464421524,0.7343499138409237,0.0007759573987460329,0.12574367368793488,0.0691177832617467
409,3,0.00014698356394593333,4.376180618703549e-05,0.9628525739865497,0.0027940695715633333,0.019631035120851698,4.9342011370753476e-05,0.010861742167087766,0.0036204944106845455
411,3,0.0002918183989495,0.0004721965651378667,0.5561042244140961,0.00011299243196554773,0.4060913258738452,3.1482118843708896e-05,0.0018445914145181666,0.03505138321072703
414,2,0.0046463183078523694,0.7888212886674282,0.0023866667038684257,0.0038504113866777334,0.0040578238625151855,0.0037969718050353493,0.19001502244400695,0.0024254808516356702
415,3,0.0025024068803823998,0.00027007572290556667,0.9749795725704828,8.592767592705126e-05,0.0161802501830145,6.311588938785664e-05,0.0005206407300154999,0.005397991680147787
418,4,0.00034851830220916934,0.00013494336769305452,0.025279516433018595,0.9539157251193066,0.0008814267190642333,0.0009793668850684599,0.01806522307207,0.00039528766259918323
419,7,2.799130058202674e-05,0.0043561647506808006,0.09188822506620505,4.387163825392686e-05,0.0017205872761259667,8.409778871029714e-05,0.9018357156451872,4.335327256929935e-05
422,7,0.000178177535199358,0.00012228720781013664,0.02288201856625097,0.008457248636037201,0.0026124765235761333,6.610294105763202e-05,0.9656015082996691,8.016592724096529e-05
423,3,0.00022125517989470962,0.00013199737528729998,0.9033919116542926,0.0010462055215078334,0.07551983267247127,0.00013079497292691446,0.002452700589472,0.0171053200076925
424,7,0.001038824848915759,0.049816263838323466,0.009307184031628167,0.0006803118465200545,0.014434427671826566,0.0003733670059678333,0.92314008898465,0.0012095462387396332
425,3,0.0003252025760177674,0.00020942873491143336,0.9672884506643248,0.0001071808639366779,0.022331124750797734,4.891867556013602e-05,0.0009782069604954999,0.008711473515390266
429,3,0.0013019014654117667,0.00025062211061386663,0.6059038945402587,0.050769225232621236,0.30686435430396974,0.00011207114573401977,0.004604917743607,0.030192996743920102
432,5,0.0016442302066795,0.0006479987773556779,0.24122977796960376,0.1645179550354132,0.557177874812356,0.0005870024545611058,0.0015044697385521296,0.03269071959447553
433,3,0.0019096008208777998,0.0001573728894594008,0.9629633155548406,0.0002960396858572,0.02552124272494853,7.219560848618593e-05,0.0011844696650719667,0.007895739363510667
436,3,0.0001638474882378908,7.812723401527701e-05,0.9595139250062769,0.0016978629358269332,0.0256362226835006,8.351500475577588e-05,0.0007303896134173332,0.012096136868852433
437,3,0.0004180965501500231,0.00048428539950149996,0.8676104009746552,0.006305360762748833,0.1076450297428813,0.0002037230204777385,0.0017462743598760334,0.0155868129634397
438,6,0.0052866505440258,0.0153814112735811,0.0008156779137773017,0.0007333220301924008,0.0004993108849114434,0.9750272203283492,0.0018980994370224335,0.0003583044648866479
444,3,0.0020533847523227667,0.00041045910098606517,0.9801045824588072,0.0003530447381316667,0.007788079140877733,8.263167013670909e-05,0.0014807919840432334,0.0077270085074266776
445,3,0.00014712722437005424,6.272690256103651e-05,0.9645232187938304,0.003995451293718266,0.022451683540694,6.92753813401159e-05,0.0002473783569806667,0.008503164884260967
446,6,0.0007616470735133,0.0025214131666402976,0.0019511126142534915,0.0003317925757489667,0.00026092213860846766,0.9937943845199285,0.00016239992862558756,0.00021633058996479927
448,6,0.0059190975907444,0.049233902848789,0.0011939015054831554,0.0002590119610163228,0.0008087865072663,0.9415902219384323,0.0007883917587802371,0.00020670998017447166
453,7,0.0044267224183304,0.00041027613335938696,0.019011603206278777,0.027338942270994898,0.004589122567459267,0.00021843678942508535,0.9436572401254525,0.0003477016305611514
454,3,0.006853466449815833,0.0007062636408220667,0.817946419856805,0.00038813072787573146,0.151854822272251,0.0003258117281758105,0.0038327607154526335,0.0180923278619794
455,3,0.0013695438576143,0.000709020506417284,0.9862688101367204,0.0011538391568345666,0.005881865262559866,0.0012824558723401232,0.002113378042934833,0.0012211209942889665
456,7,0.00010514107085102627,3.602971225275293e-05,0.04219901234992637,0.0032270295070747335,0.012863220532708067,0.00010247792956791296,0.9414471358540651,1.992083926193774e-05
457,1,0.944692775025978,0.004535274570198,0.0018822343821543967,0.0018575334962931227,0.022034256554092264,0.0143756055998992,0.004204926261398773,0.006417359870184626
458,3,0.0005438132611610803,0.000831162247956406,0.9757535098634236,0.0009062605070443,0.0088964029726889,5.751173953970736e-05,0.011256774752683767,0.0017545352271201489
464,3,0.014463853278785065,0.001172219584716007,0.9674001474519917,0.002556404113435167,0.0023518350456833,0.0009999975641530334,0.0098543697390795,0.0012011862320699892
468,7,0.0047915612877893,0.00036102340320183604,0.008615967075173854,0.013809092762689932,0.002928476060799767,0.00015356271284081303,0.9690529870719419,0.0002873390404785388
469,2,0.005221300106102367,0.7016106436359095,0.024658586591573467,0.002721094415252589,0.04522109129171533,0.0019648389538392285,0.21602771329429238,0.002574722742330967
471,3,0.0003253002303771333,9.085678381044557e-05,0.9803874621116343,0.0015034171137551,0.012437298196744865,0.00013296104132723335,9.672066613145107e-05,0.005025937403727333
473,8,0.0004186383654916761,0.0004982000289769001,0.324324111033377,0.00044676370580473327,0.17215964219669344,0.00010470313151142857,0.0003297225083717591,0.5017182059854614
477,3,0.0008063077261560916,0.0007145585376560414,0.944287958458411,0.0008753153931009,0.03990727361070117,0.0002644281722754604,0.0018271934368946172,0.011316947663918366
481,3,0.0010113174241543333,0.002401038343263133,0.9592533908328799,0.0008861680582528283,0.02315549858306463,0.00011376773973480467,0.006191818910781133,0.006986977541684227
483,2,0.002313883605119533,0.9084216575893546,0.00040744755475952723,0.0008354941861520556,0.0014028804847139667,0.0011582631350701333,0.08471981292056663,0.0007405781564843931
484,2,0.018503559096189334,0.9201265210767425,0.0015304717817798332,7.908897733726804e-05,8.360480924609271e-05,0.05041728666747616,0.0084199887256892,0.0008394843696948084
489,3,0.0008064107410280137,0.00041365640029226747,0.9875356471710405,0.0003967610965148333,0.007269755280626434,0.00012182163121948,0.0008810872985949,0.0025748947479778015
490,3,0.00042044038402723336,9.922051990072873e-05,0.9788342424774387,0.0005914754927795667,0.014288485980129932,0.00010330402866228428,0.00027713922269,0.005385707222121325
494,3,0.0009669561201174889,0.00019987695606596664,0.8176018653322933,0.0003923995662333,0.1620044614946955,0.0001980063307005326,0.0005972640908607822,0.0180391663923936
496,7,0.00017027126356030002,0.0007477908815027482,0.0017058293985490398,0.006055449124132632,0.0260264377147494,0.00014768393815091987,0.9650517032265263,9.481678304898548e-05
498,7,0.0003633422567104333,0.0010645679112493,0.04037046623496356,0.00020295788504259108,0.024626327194897962,6.0031148689292895e-05,0.9330766843322377,0.0002356474115548414
501,6,0.2414377881391532,0.035510035962486336,0.0074637700940525,0.0010304829023384094,0.0011091793207061,0.7002794460640854,0.012254379874740968,0.0009149277693238058
504,8,0.0006963576499891059,0.0012310752090716,0.2837787938950989,0.011855235459193399,0.33037041265469097,0.0004264156540302008,0.004545734216348567,0.3670959837927168
505,3,0.0019577174039719664,0.00029100012964633335,0.9533362562393831,0.003882391799010667,0.029589056198982333,6.478148475141162e-05,0.0003530942612475,0.010525715200204533
507,7,0.0006170111706384667,0.0001684998136441864,0.011650498484689525,0.011569563723202664,0.0018756231627085366,0.00010367956336226121,0.9739193475231631,9.579776283411955e-05
511,3,0.02114200661636183,0.00013495601370626433,0.9383950557127289,0.00034682412392363326,0.026830988312812467,0.00010981548323173088,0.0024300720219004664,0.010610286370217166
512,2,0.002106446814858046,0.9631931669367716,0.0012064498464744537,0.00024150145449475884,0.000523015574001,0.021444204505931302,0.010827085264425133,0.00045813270478813664
515,5,0.003299270530917076,0.0025421331370710665,0.06696750553935427,0.0018740392850591775,0.8576965425139349,0.0014385948069589637,0.006817568716336933,0.05936437295309752
517,3,0.0006961323022899667,0.00037341664031640835,0.861708140448873,0.0101489565194827,0.10579144088564572,0.00020862758446290545,0.0008325669144579334,0.020240724514500767
519,3,0.0007265395695144351,0.0005230994716216028,0.9776601566490654,0.0007786312182082333,0.011389537547834533,0.0001308192619725374,0.0004262881614261333,0.0083649121836639
521,3,0.0005009614345837085,0.00019321838334580396,0.9780886591588213,0.00018995427925516664,0.013580268909641001,5.671370760356654e-05,0.0002787505675091667,0.0071114867725590334
525,7,0.0062722628368031335,0.0005755971630560775,0.0167088345135194,0.0826248152110268,0.004255842433199977,0.0003541898197327203,0.888526872839654,0.0006815914902908439
531,6,0.00030369841412276666,9.870873183789334e-05,0.1151395499647489,0.00024884477563211004,0.0011301984316186133,0.8825175313044659,0.0003482636083054223,0.0002131965949112636
536,3,0.0025412710655790334,0.007630548886798133,0.9823233952325673,0.0002458446624379,0.004350824370718567,7.839787467146666e-05,0.0015196977358682333,0.0013100126819773298
540,3,0.0002593112154085,7.606045577608044e-05,0.9594403471268164,0.0019170263746363667,0.029775849020411166,9.44608183383878e-05,0.00036776141059881366,0.0080692002374013
541,5,0.0014408480828264668,0.0009396141002937001,0.0850605747476816,0.0004506234780131378,0.8887790954892977,0.0004235667290383401,0.0026818013072866,0.020223833804977203
543,3,0.0005921366250714072,0.00026595062689998547,0.9471606714530555,0.03409655883070024,0.004372889727433466,0.00016928092222271668,0.012604040091121668,0.0007384733782512497
544,3,0.0010158586896253999,0.00022201747742146862,0.9203198832791109,0.0027335323157785998,0.0505679610301657,6.400335808021419e-05,0.004014676091152933,0.021062073097162532
553,3,0.0002902272506870433,0.00035173527906196667,0.36958676360855813,0.25393248696406395,0.18437850973696882,0.0002435090713624197,0.004529301170261567,0.18668747014987938
555,3,0.08239598517279767,0.0001935026556376,0.8812627558240886,0.0010550990063334666,0.023001934908241234,5.745760786874969e-05,0.00030819197754056665,0.011725064607719798
556,6,0.007528779526480466,0.00015658998867836666,0.0004794530247838333,0.00029005207380336756,0.013651479605495098,0.9772174577386662,0.0004136202640233639,0.00026257900791743535
557,3,0.0018507376495024003,0.00040142544242514644,0.9802754373448311,0.00036663554964633336,0.010275409501049868,6.451765927985748e-05,0.0025135529893420337,0.004252288431408978
558,3,0.0084944490864925,0.0012908173696000666,0.9214482765543192,0.0007381370480596667,0.05177454244938973,0.0012561290550583333,0.005599111043748267,0.009398524644263167
559,6,0.008097012046348467,7.911360264566667e-05,0.006988097082163765,0.00028827870509136165,0.00090210955702,0.9831483509095538,0.00030493032349826515,0.00019211742482254398
560,3,0.0011516345094984759,0.0005306233129040999,0.9045092997213731,0.0001751032448554146,0.07727182487319187,0.00017048782424999357,0.0020636396365184668,0.0141273626710978
561,3,0.0005826652018102405,0.000158659336920738,0.9521523329917757,0.0004786183057128,0.034898252153020864,7.985245152171042e-05,0.0024990051989198002,0.009150618926585034
563,6,0.0002738618794039,0.0004369110438909333,0.018383910830038663,0.0002819678291098927,0.0003901156662601476,0.979826399749958,0.00019393786203608914,0.00021289889530146151
566,3,0.0013783155670027334,0.0002870061865246,0.9694501759641959,0.00012584419267770792,0.018247668035481966,6.449665040781758e-05,0.0007563818946706001,0.009690122702362252
567,3,0.0023999364792446003,0.00033148161340903565,0.9853295320213826,0.00012359802875879002,0.007771044038105,6.178292984148944e-05,0.0006458158137021332,0.003336817831174508
570,7,5.905650888968151e-05,0.00033358712418253333,0.0014176891653788837,0.0003290634797717667,0.02514141089107577,0.00020561799947706462,0.9723893602339171,0.00012421291130787984
572,3,0.0042863200801322,0.0008212709001666733,0.9758582953238809,0.0023549925857857,0.0056520979377368,8.652358765715819e-05,0.007891195900124333,0.003049269063118757
574,2,0.000329994145437654,0.9665088769491307,0.0001075193543426091,0.00023912684315986776,0.0008276421402983,0.0006368866441580667,0.0308048990381366,0.0005450319396990544
576,3,0.07749936602606537,0.0004303850423116667,0.8882865359910603,0.005474287183198734,0.008175236671426134,0.000805016102089,0.0007522054469603075,0.018576977041583367
577,3,0.0027715291804025002,0.0009309348182423505,0.982970390355718,0.0004888738352927333,0.0050848369366932,0.00015859752596980088,0.0009801929045981667,0.006614674757675638
584,3,0.00026019952852402714,0.0003408709554984694,0.959835926629537,0.004238044822235433,0.027007192707558438,0.00012303455380452335,0.0016003671295545998,0.0065943564921978
588,3,0.00031213890951045474,9.065899783204793e-05,0.9654352355393666,0.007630273055059567,0.013902168901350466,0.00018365175653209062,0.0003538345791509333,0.012092022039692833
590,6,0.00039129610834242153,0.0026769285108883337,0.0008760896555615721,0.00030310456681133355,0.0005282332001930233,0.994725174180752,0.0002254336470615575,0.0002737496325645561
591,3,0.0029365242018126667,0.00038092296603319426,0.9580121147389478,0.0003470275720981,0.024413450939112832,0.00012777075405567793,0.0016750067385329333,0.012107156036058782
593,7,0.00012031731842100858,0.0005085816718546667,0.0007430375291524439,0.0002446811883139,0.009919584947923133,0.0001175184837987467,0.9882589279490864,8.734885252203106e-05
601,3,0.19141044328378057,0.005826541466030367,0.5926811882824731,0.00829097229394545,0.003619303751628967,0.1919942981290439,0.0026368098708358157,0.003540436668857046
605,3,0.0006916340511624666,0.00011486557460238675,0.8714074435918929,0.0007422601477860333,0.03864604825379867,6.30946997561105e-05,0.0718158365545067,0.016518789162168934
606,4,0.0008545075164210334,4.2755777594394046e-05,0.008365265016070133,0.9632653338938204,0.00015337869451565622,0.0001648403523321462,0.025597124865729733,0.0015567920471006736
607,3,0.04221433280693257,0.0002620661081490701,0.9105868348291493,0.0006944516870753333,0.0347883591903091,9.435140146476214e-05,0.0011389197273111334,0.010220701284743101
608,6,0.044286628513288566,0.0017800232077222998,0.0007636155755307837,0.001871956523841957,0.000596361830223137,0.9464086848992609,0.0037775718797253,0.0005151285886777
610,3,0.0003411589814917,7.259694094726209e-05,0.984946953169541,0.0009806832990639335,0.006875372802704667,0.00017284619893013435,0.0001920851631226375,0.006418301061664668
611,4,0.004020214480223301,0.0005025793309233773,0.0067659885975527995,0.8796693523855819,0.0032475450446465336,0.0005351293796743559,0.10383425673546239,0.0014249135783177928
612,3,0.0010111970740306333,0.0005388264538924214,0.9596477457636325,0.017522193023119,0.013484727041840337,0.0016575769876135437,0.0022024230436141997,0.003935309248799167
616,4,0.0011736744099593,0.0003327436437265392,0.04948532480442643,0.7953235572903976,0.002034644955974372,0.0006474133389111624,0.14948497041462414,0.0015176621121841599
617,8,0.0027079605154284,0.003365945264276578,0.25113816858431304,0.015105787800455267,0.03781474135549027,0.0027388392778282047,0.0279239082236012,0.6592046180431579
627,7,0.002020747150476156,0.002160211845925617,0.17974982912816273,0.06440744778393209,0.11464802953477833,0.0016566855609491012,0.6290628280302726,0.0062941738226862005
629,3,0.00047368174255648336,0.00022740977855604193,0.9728106018928576,0.0002114157309610553,0.01614646255184447,0.00014056843701460274,0.0026700946549607,0.00731979220368528
631,3,0.00024308647641322712,0.00023828607788525664,0.9797229448884247,0.00018939773086669998,0.011775752106439533,1.759621557810436e-05,0.006699904624083034,0.001113028948960201
633,3,0.0114831423401352,7.561364233454738e-05,0.9648346553552196,0.0019776663200284667,0.010579518834201567,0.00010512448726636288,0.0025646000289543665,0.008379662589679867
637,2,0.010438998355674032,0.37589045504550467,0.2739575269431037,0.0021405881984082717,0.18393885459685475,0.006755931012438599,0.042037724047106796,0.10483990481340894
638,3,0.004077032533418501,0.0003163624113011776,0.9548793102960261,0.0003205516191652333,0.018757461013424133,0.0001150617636026768,0.0023907666974784334,0.0191434439355686
639,7,0.0006034940402668145,0.00055147225128255,0.024961447114242,0.0020650978018946337,0.004307150901315,0.00035803034817536686,0.9667525819309667,0.0004007394060053255
640,3,0.00013855079038947385,8.714691385399921e-05,0.9710612228887338,0.003685169098644,0.015466236019918733,9.28022797267059e-05,0.00040474558571056666,0.009064098775891835
645,7,0.0004512068167514,8.327716145475146e-05,0.08901850205323208,0.0110841257593048,0.0008717637737582053,8.161169409661509e-05,0.8980451255342056,0.0003643820382997062
646,3,0.00046425731877573507,0.0002218036763722139,0.943285952582654,0.0004963413026072,0.03851253619098464,0.000136770289355751,0.0016102876488161666,0.015272034950199234
647,8,0.005536311740935136,0.003412534454703733,0.24218421228558226,0.00387123909492897,0.3174249678411334,0.0026317648029563555,0.006308170715193709,0.41863079754811877
648,3,0.0010549006141392333,0.0003470540036989173,0.9708580972205669,0.0003120060829241667,0.01823906702673937,0.00015317474466482357,0.0009527752872149333,0.008082952661386866
653,3,0.0004966468460196333,0.00044738705685453344,0.9557419848991775,7.911896934679762e-05,0.0318310669785358,1.9821528933633887e-05,0.0068196983506283,0.004564267650013567
655,3,0.0006635454912772943,0.00010439133056925055,0.7883717633331407,0.0018436229374482669,0.19161331173363763,0.0003784036746318333,0.00031386938183533336,0.016711044550007333
656,2,0.000734716060541939,0.8012382278527798,0.00017961249620472203,0.0004679983192590546,0.0014709020150303002,0.0004000780314616405,0.1946627875032798,0.00084568685924881
657,2,0.0004112643860274333,0.9432761327275064,0.000527228881567439,0.00016048721604609013,0.00029044222329660004,0.0013725051527852666,0.05374301955425557,0.00021891767620723417
658,2,0.020993682400934067,0.9584149136216555,0.009065086714701213,0.00010902795961150579,0.0017347594838762667,0.0078256496363756,0.0017261522510827454,0.0001307071247980744
660,4,0.005184245209482429,0.0009380834153179526,0.008660965885017467,0.7077147392712675,0.016310915211254603,0.0013090781529956194,0.25790520903593633,0.001976732819892555
668,3,0.0004213701220970667,7.70444640744184e-05,0.9469391556887187,0.0050063159206014994,0.043921549766225594,3.1274895403073375e-05,0.00019698561715556667,0.003406306230046166
671,2,0.006006639390854568,0.9718286847743608,0.00023284852604052257,0.0003131019167919035,0.0018376724235486998,0.000583290642168003,0.01878775154303657,0.00041001650524180876
672,3,0.010462267062471666,0.00038239058897544586,0.9326770204076267,0.0029542090454413327,0.0264073167591139,0.0003889482632069513,0.0018516187848081232,0.024876240038226267
673,3,0.006513714422915168,8.240325118681998e-05,0.9576741809529569,0.0006534442815754332,0.025240746586439402,2.933342209708589e-05,0.002338148249557567,0.007468051692257866
675,3,0.013498701107443731,0.009825748114819934,0.44068146011795095,0.2617076930822363,0.0187531794216489,0.0032831325934637337,0.12439451225222624,0.12785560174454333
676,8,0.0034942946779059065,0.002375270535375507,0.4325689769675662,0.010873661153751634,0.008833832871715,0.0009361109164339566,0.004089313449564814,0.5368285230253166
678,7,0.0024247387141953336,0.000843472567418116,0.16653285283516817,0.2197700151610477,0.004311406341635435,0.0003928570530585466,0.6048921826366228,0.0008324602371549394
679,3,0.016740993185528467,0.0030507066760497668,0.5998404642442939,0.012601217700624834,0.0066798493662665005,0.003812213434359533,0.35525357076813435,0.0020209696388824
680,3,0.0011159761540785,0.00010222365922924271,0.9653874740976195,0.0012948915970472999,0.014741781003370433,3.495666923493917e-05,0.0060780547362373,0.011244647439166635
681,3,0.014068578696269799,0.0004569433663478704,0.9715515114264847,0.0005263692734934666,0.005255945691483791,7.592859487913175e-05,0.0016946338508967002,0.006370064513781579
682,3,0.0004841975007203858,0.00019129853888866645,0.9489572198043773,0.004708480538951767,0.021451617817876602,0.00017786187045739897,0.0004665164584719667,0.0235627801968058
683,3,0.0022419612382597333,0.00031942978061564594,0.993116582478267,0.0009643707376714334,0.0011458886440447666,0.0002972626073060113,0.00024806414877033333,0.0016664339585022983
684,3,0.00034629445915224333,8.666425015574687e-05,0.9614798585493132,0.0018938261171873331,0.031262888086006635,3.053274151064166e-05,0.0008080319739769334,0.004091875023407246
686,7,0.001962294985798594,0.00027182169791590416,0.10675252975531196,0.013510555936534633,0.002019549881211907,0.00024271139349682543,0.8745093469167294,0.0007311894623548727
689,7,0.000309362013353955,0.0002809644488667131,0.021173706908719465,0.006926983269409301,0.0038131785063172698,0.0002452329271316746,0.9670008346270814,0.0002497286763787303
690,4,0.00034383380285483333,0.00013271066640691402,0.004581378708034667,0.8413002988662055,0.0022627849954082666,0.00019211266484496994,0.1509815300814968,0.000205360034657881
691,2,0.0022595448582540998,0.9664321739677216,0.00033931909227651074,0.0006385107570152927,0.0009242297084645334,0.0153787002448792,0.013380397190197499,0.0006470868491543267
692,5,0.006708873047702034,0.05440232936731096,0.0108138354167917,0.0005783630429456312,0.8617306201050937,0.0005831432540188269,0.014429472541512367,0.0507533895932867
693,4,0.0007973420142030666,9.398926742366329e-05,0.011187490847883834,0.9501766089058488,0.00015298941372166668,0.00028965678708423384,0.0318393550189221,0.005462553048623271
694,5,0.0005038815562749251,0.00015371514786401692,0.36776834411057463,0.027024913010796698,0.5967263776250636,0.00031409310024593334,0.0003361299656646583,0.007172571954330634
699,3,0.012234023133840933,0.00011121157580304038,0.9602302343116094,0.0013088605045228666,0.013059076214776798,9.250408916305351e-05,0.003388241666312233,0.009575845011886268
701,7,4.306236928984582e-05,0.0004034217911794116,0.12063863641661042,6.506069350885583e-05,0.0006028231662444,0.0002000523247000616,0.8779929251425189,5.404197057466229e-05
705,6,0.015749876574398067,0.006143507676820933,0.16280516707765566,0.0006798972430136627,0.0005483774187941809,0.8120650634261093,0.0015805108123256972,0.0004276394601247771
706,5,0.00017221859226209998,5.6179792475811704e-05,0.35653769695109094,0.0012551070817330666,0.6195792500129179,6.654415745501272e-05,0.0121617683206113,0.0101712651453816
709,2,0.0035472188146408665,0.9743041812182552,0.0005644075558208299,0.0010336656022127701,0.0012843053306472666,0.0007870566325100698,0.017562788997090066,0.000916389093302313
711,2,0.09952725198674196,0.854874785609853,0.0004394281288390541,0.0007558443412367355,0.0009537708496439333,0.0006519129534510252,0.042083508024351096,0.0007135145066565225
712,3,0.11942057602965088,0.002856918867196233,0.8520771439699842,0.00025168148383856044,0.014039808766583345,0.00038518082733203333,0.006883957085837066,0.004084753830674433
713,6,0.020437199147846367,0.0046994131144938,0.10615845078003072,0.0003836115539551891,0.002508491485352767,0.8648593816544304,0.0006908659988297579,0.0002625670012974341
715,3,0.019786590496223767,7.357372836694152e-05,0.9351320683469244,0.0005154969274202666,0.022797142291305302,2.0166689531175335e-05,0.017127377647068332,0.0045475817392962
718,3,0.0001799193865134639,0.00010659699447809843,0.9686119947333002,0.0046235738082705995,0.0217391905887943,8.466543310399774e-05,0.0018033452026850999,0.0028507452206647144
720,3,0.0009709983058870667,0.00018329720735167597,0.9785496965024804,0.0001690516576489333,0.0127245628418404,0.00014156824739531494,0.0008390299699402667,0.0064218103708151
722,2,0.0004398304569468666,0.9713739532046713,0.00012060077560996708,0.00010105312373317751,0.010879180200342169,0.00045522712933780007,0.016258341637459633,0.00037181116039822736
725,3,0.0007907808363604333,0.001065091516010428,0.985417597619802,0.0010874245001111333,0.007445447918275499,7.913386538160846e-05,0.0014220326238505332,0.0026924875247516327
726,5,0.0005233300228534332,0.0005990273525117333,0.2151117977250504,0.051430481716136324,0.5259631503738317,0.00013096219720853323,0.0029477993644280004,0.20329345778373378
727,2,0.0028383413848162287,0.9887038833979229,0.00031335737839699706,0.0005294826887577435,0.002752054687060633,0.0007451519485973766,0.0033820460103278997,0.000735647677265971
730,7,0.008764730603546633,0.0038492228373046993,0.00143555497759759,0.0082539437673746,0.0021620102536374273,0.0008842273371996666,0.9738955545361705,0.000754733248567237
732,7,0.00013338371246531013,0.00035672969354160004,0.003459519108856107,0.0002028394553293224,0.003750621056695833,3.8452593694907144e-05,0.992041248982687,1.7218345451917533e-05
733,6,0.15389287865388826,0.0012024343275164335,0.0003394863000252823,0.00042050468787861137,0.0004138445775353,0.8425731375748603,0.00035660009419334046,0.0008011308849731332
736,4,0.00035080426422039765,7.649448725484516e-05,0.03126419964098013,0.9018317314593481,0.0619568677063006,0.0004516744199647667,0.0036428463444840666,0.00042541896208770014
737,2,0.002582818769994733,0.9652929963341995,3.5999780988135625e-05,6.905953558141638e-05,0.026700896792923465,0.00017384761297914997,0.0049494410691871,0.00019493158966190044
738,7,0.00028548407894418096,0.00032495259521875627,0.004791037767207567,0.023970722817215236,0.040344150047623234,8.404946933277017e-05,0.9300051121199018,0.000194496594197028
739,3,0.00036360717428336693,7.461199790970335e-05,0.977910348825139,0.0021714849420937338,0.010932291073477568,0.00029927173758631005,0.0001968368713845096,0.008051552626670866
740,3,0.004048807487439166,9.541850087235904e-05,0.9072444279585073,0.00328677564597,0.07353587297776464,4.4605915154031085e-05,0.0017987923949437333,0.009945265832368667
741,7,0.0039178899863777,0.021202731459425268,8.302425971468102e-05,0.00015405496117007705,0.01622524583565223,8.75611265579568e-05,0.9582169796290115,0.00011251322699318556
743,3,0.0040701932270710665,0.0006131951402125461,0.9663391991471316,0.0028936610992287503,0.0014658892278670667,0.021188131207354934,0.0012864662897577493,0.0021432548335016334
746,3,0.0026179617896339,0.002803019062485257,0.8555530699723267,0.007415861709684033,0.006414773267797387,0.0004519585507559,0.12358487070058745,0.0011584513864403925
747,3,0.0005975564451200457,0.00022557066743230457,0.9667730975858785,0.0010856599918781,0.0183398398354542,0.00014875128541084163,0.0006270489017093333,0.012202486011788768
749,3,0.0006060020682983001,0.0003111111185542155,0.9812868333887236,0.00033561733185890003,0.008304871997604832,6.897604960646268e-05,0.0005813208429083333,0.008505286321554771
750,3,0.0009216219864394098,0.0017621308634827332,0.9848670005121974,0.00036054686978786435,0.006708245812765366,6.182475680283874e-05,0.003765385363352733,0.0015532197142932157
752,1,0.5491545796804916,0.0020425122818482,0.43327104914401665,0.0052768703544659,0.0010845879235482341,0.005748712422072433,0.0020906294556435998,0.0013310428023486393
753,7,0.004111379752075033,0.0004893327482596936,0.10247070573363803,0.0015809684638748332,0.0028516067642767365,0.0003815912017039186,0.8873123533802184,0.0008020828946369096
754,3,0.0029093695634820334,0.0008508115514460132,0.9396482318696701,0.0084405723763585,0.009177989835063046,7.102390467011789e-05,0.0343654216383766,0.004536555085155227
755,6,0.013622301564437,0.0006364610485028172,0.0002512376325527363,0.001993320304638936,0.0008098563413113333,0.982031518805787,0.0004056809523398667,0.00024964642556012123
758,3,0.0007202986423174668,0.00026884463294082217,0.9719797254712587,0.009292533914235167,0.0103690779398817,0.0006525943940123166,0.00037307174784715556,0.00634384781264662
759,3,0.0029687534711738666,0.00022714913397719997,0.9754782682523913,0.00013763300426883335,0.014166777575507368,5.146508628327973e-05,0.0014260446350661336,0.005543897779931964
760,6,0.006942214946831599,0.009153665573191666,0.0185695374734084,0.0004088269889262109,0.0002989631026197574,0.9637814941724695,0.0005813363938271871,0.00026396995872863876
763,6,0.00013678185147456665,0.00011865919275723353,0.13200385303227433,0.0004548554615914676,0.0004169321639545466,0.865905597707686,0.0006914678087404356,0.0002718766874842471
766,3,0.00029983587775306227,9.236265858643333e-05,0.8939883136875318,0.00027040182822726664,0.05844410065058253,8.096691138979704e-05,0.0009602244083664,0.04586379390221667
771,3,0.0001878358189513333,0.00016483957983545988,0.9670873046137132,0.0132036963329086,0.012537683326646567,0.00010414745748863639,0.005066363168573167,0.0016481391682800458
773,3,0.00037170790507236204,0.00014476531630245267,0.9557453079385313,0.0019091537630448999,0.03253532186761204,7.260113376038724e-05,0.0004595381790748467,0.008761602666276
774,6,0.0027559110530097665,0.12421925919636133,0.0055359750773282335,0.0003993461215547267,0.0006807705165164333,0.8644102190254426,0.0015538899525807334,0.0004446485252626814
780,3,0.00043184121643681213,0.0010841524791839333,0.9311768028130891,0.0003724189006248,0.041968802133384164,9.837600228459699e-05,0.006017903250720122,0.018849698634909547
783,3,0.0011952306992714,0.0002271532363928452,0.9552605052483326,0.0001349949369073255,0.034287341291143233,0.000101471742904966,0.000770941611569376,0.008022366427447851
785,6,0.003099716976087534,0.00020839951762296666,0.00130686524278112,0.00015916102267332158,0.0005649329170340666,0.9942184357056861,0.0002903209995892,0.00015217380639443673
788,3,0.0004199702492837,8.427306777995828e-05,0.9812976267769455,6.236070787180247e-05,0.014561536622148931,1.8112957903949838e-05,0.00038615088657550006,0.0031699788915160974
789,5,0.0018178959939407664,0.0002949021901427357,0.3448206454243575,0.0012498813455277,0.603059496364812,0.0004214928063084001,0.001726931033982467,0.04660875873413504
790,3,0.0009028104680783001,0.0006338036523101306,0.9831468557154709,0.0020962892586613,0.0072295812531685995,7.297951117834257e-05,0.0005186304263103332,0.0053990683667422025
791,3,0.0004525895333876166,0.0002139480935048969,0.9476137035858265,0.00023898101948272336,0.034173576841864166,7.540806274254618e-05,0.0044715446526455,0.012760255967983906
792,7,0.0034648542781914996,0.00011654823090248509,0.010333004532321085,0.0057241665348897325,0.0017114507566437333,6.900189322334478e-05,0.9785069970606067,7.396703695279344e-05
793,7,0.000476464433077452,9.352687049909666e-05,0.036733114913974615,0.0012111548507813,0.0004972850366731366,0.0002315684447608365,0.9601570141040042,0.0005998601917077631
794,3,0.002747414132217922,0.0012439174507844276,0.5743824268281947,0.00126042227589681,0.3817245185759737,0.001065360809404263,0.00592781400755962,0.03164812395688303
797,2,0.14055153025438044,0.7052147218425281,0.05829927528169054,0.003139057208382127,0.02499345410915407,0.018794143809310833,0.018654189215250368,0.030353631467957668
800,3,0.0003051967246630667,0.00015243742172966365,0.9075948158657082,0.0015155435920913,0.0811453086074727,5.230321925113966e-05,0.0006759888411367191,0.008558416741437234
801,3,0.0019207966600491334,0.0005283196405265666,0.9647186853795219,0.00014597625336603334,0.023593178093327467,0.00013307471275969998,0.0025521296105869666,0.006407835345443033
808,3,0.000428505292932725,0.00024773050831001007,0.8999608647287592,0.0010924995394148002,0.078063316272983,0.00011331773789600221,0.0022240473062119055,0.017869742753214932
810,4,0.00030502398466383335,0.0004065988093291505,0.018525626764904567,0.970434885608964,0.0011476776232967666,0.0007482338147948695,0.007481554702308266,0.000950409312316823
813,3,0.0010963758024056728,0.015547743323355267,0.737833908148206,0.0003925584754853994,0.14804580897356848,0.00015012842027716411,0.0760552919473727,0.020878196892429035
818,5,0.0007382892234841333,0.00026435503473463333,0.28581315636413335,0.0003153150423271334,0.6946108632807793,8.738397848394727e-05,0.0010452408675699332,0.017125390373918734
820,2,0.0799452389777147,0.8723457385757728,0.0011149300915916595,0.002053326721746671,0.002483081669192374,0.002440924121213373,0.03822966694449457,0.0013870833777290884
822,3,0.00011594890424122611,7.474321839650893e-05,0.9588881437156344,0.0077042568499531006,0.014651289475585166,8.435027401897226e-05,0.012370649692452468,0.0061106324675299665
823,3,0.0009883382550836602,0.000248764094770179,0.9541531122654291,0.0009876880787417668,0.03342552515088787,0.00018967320296436996,0.0018265253047425668,0.008180401585400288
827,6,0.0023869090830834334,0.00017795544058800002,0.1500588650167241,0.0001737976009594703,0.00018641625089346267,0.846657514511357,0.00018666804949252097,0.0001718743951891459
828,3,0.0016761247263996635,0.0005990104742579502,0.9386079598557023,0.037444833706279164,0.012261188711769531,0.0010541722799086,0.0066291427733088,0.0017275455807237612
829,3,0.0010908291336902333,0.00022617079292006667,0.9681778391786016,0.0002556057019443667,0.024900193407385533,4.549237879907e-05,0.00029196592212358646,0.005011918492815043
831,4,0.0042574668579811,0.0016295037385032794,0.012640136124288034,0.7559479088627209,0.014069513664761201,0.0013700954867247308,0.20655870856645686,0.0035266602572950286
832,7,0.0055868481182165,0.0010798571173048991,0.057299471275975206,0.16495574852638772,0.0033587878232245005,0.0011208560359389941,0.7657584686072849,0.0008399698234770986
833,3,0.003528856515766785,0.0015413683983387999,0.9836048188388058,0.00045843523902955335,0.0051422356414195,0.0018233923289257001,0.0015887895823529332,0.0023121171283721634
834,3,0.0010718763278613,0.0004998102273557336,0.9803397316731469,0.0018874426530220336,0.008443586170853267,5.611204757592638e-05,0.0032917712734043,0.004409675210501748
836,3,0.00019874796430633898,0.00015998467925790446,0.9895394947620805,0.0010593478890229666,0.005350004547192033,0.0002317678950328533,0.0008694203583064332,0.0025912249873707334
838,6,0.0035058394888280667,0.05477175880891211,0.004830115519820394,0.00028942185283666765,0.00040601919563419995,0.9351451024546287,0.0008216110202258969,0.00023012307695591434
839,3,0.00035629959186044675,0.00011845837921974988,0.9199200037383659,0.0011567364032309,0.05543823133217557,5.9022414728278675e-05,0.011990959589638932,0.010960266788566065
841,6,0.0009564476250523,0.011279547250830156,0.006165830681156417,0.0001862319256004157,0.00037365465538913333,0.98071361599132,0.0001158468943981578,0.00020881085915666666
843,6,0.022635073317730334,0.0006145919842018001,0.0003096446833002157,0.0016756327215546,0.0025784822068563,0.9715443539725906,0.00038660359574206236,0.00025563083563748056
844,3,0.010471443228662366,7.0850660157629e-05,0.9464439335965631,0.0008549362164759332,0.026960545398176532,7.45181986287112e-05,0.0044828304388994334,0.010640928295143867
851,6,0.0030989036934998665,0.00010481927690147785,0.001043069279973213,0.00022303498170287307,0.00040109656886153333,0.9947392630256001,0.0002064274826564,0.00018341165601080736
853,6,0.0014113790915361,0.001492808289227403,0.010459282622042881,0.00029023813013253334,0.0001867476162328693,0.9857953742270444,0.00017321084394682297,0.00019095121122371413
854,3,0.0005656968104588507,0.0006047101921686334,0.6793967382221098,0.004451247992979466,0.20610671783183612,0.0004379025096978753,0.08823696863974012,0.020200040760767667
855,2,0.0025180111849932335,0.8258141733468775,0.0008072429548050408,0.0015091528287145732,0.0042681845512007,0.0012007363042490168,0.16257369106417263,0.0013088151911241
856,3,0.0011400523760573336,0.0003152788818089665,0.9868871319519945,0.002101812875860533,0.005193724894135579,0.0014092122775114667,0.0018329351460876335,0.0011198147691311375
858,3,0.002225438539961378,0.002440826369585727,0.7193215778448939,0.017411700236394233,0.07416334664000797,0.0019079552689278143,0.16640289801947492,0.016126239014970532
863,3,0.00035418923394566664,5.094311130633825e-05,0.9666395187378897,0.0023008187496072,0.010090272311256901,5.204580204011382e-05,0.006865029821100467,0.013647179489775901
867,3,0.0024393772807413333,0.0003982613003817,0.9812918942381708,0.010566679289638834,0.0022308577278410333,0.0007648056631394668,0.0011099590014484,0.0011982103537713064
869,3,0.0007623762327407801,0.0005717112264545433,0.9401482245380985,0.0179585386598767,0.018693014660738336,0.00027701563273264506,0.0014712856279200668,0.0201178585084554
872,3,0.02165310358476667,0.0004708818290020973,0.9492619119133376,0.0012510651355438667,0.011207071854962933,0.00012140084909016538,0.0006123140122219667,0.015422260893710002
874,3,0.003472224000022633,0.004908758112023834,0.8219830825922649,9.002404365034381e-05,0.15582090772143295,0.0001325572997255335,0.004244480294156967,0.009347943421899067
878,4,0.00037087498878196666,0.00019394365604734074,0.10507299633873052,0.8654030768317158,0.0008688576390645736,0.0015345477640416338,0.02526841752031707,0.0012872649314962024
883,6,0.0003427337677212,0.0002497474203688667,0.00016889489038630665,0.00015301291467019704,0.005403575840259366,0.993403219036575,0.0001509896100327173,0.00012781518663832628
884,3,0.003305840303498233,0.0020594635511637332,0.9711800002970813,0.00014275294960043334,0.0065323829048362335,7.739108266273333e-05,0.015751294464421566,0.0009508749908154635
885,3,0.0005455674610516666,0.0001939192519968625,0.8920832795927329,0.0028701203360623332,0.022002513856855765,0.0001697023813085636,0.015303787356600998,0.06683108647548776
890,3,0.0007818089812300335,9.851936861936615e-05,0.9792962736902706,5.974442677483926e-05,0.0152963533384765,4.72013169063315e-05,0.00042661456526540004,0.003993522688945233
895,3,0.000530356879953484,0.0002826738499538,0.9658035481575272,0.0002525292394242667,0.01754810244546433,2.6650950848807013e-05,0.013177457051447369,0.002378685568844867
897,3,0.021924419908296768,0.00011613435660442165,0.9332106013445758,0.00019983757049749998,0.0165096749644883,7.671869243388479e-05,0.018848325980898868,0.0091143056738597
898,1,0.6639252161436441,0.18186221792864024,0.14288287033767919,0.0004675449334056333,0.0029681208797005336,0.0002364190849059,0.006937492235370099,0.000720092882134699
899,3,0.0012081426754458,0.0007659737467764772,0.977412218687118,0.0017262282775053867,0.008519119521550966,0.00021142170685559006,0.0013231701606829665,0.008833729973066981
901,3,0.0025649377447415664,0.0002385842020061667,0.9687824825163885,0.0001376085047364,0.0193377260957518,6.388036404006219e-05,0.0016380489554476331,0.00723673346260344
904,3,0.04701104081652057,0.0012064730605477157,0.9362349935872754,0.0006912922990629333,0.005338403558556828,0.00010766726454949299,0.0037355745676032003,0.0056745589430745
906,3,0.0019729038530464666,0.00029034966872388277,0.9681923476455934,0.00017603874603088667,0.022491399312246002,0.00013813351885929928,0.0009687878400281647,0.005770021112530385
907,6,0.0012173098225523001,6.776755343633214e-05,0.007101447810195602,0.00022661416964382303,0.0007408399979831567,0.9902927175213799,0.00017280447663239952,0.00018048344163379494
910,6,0.0048020873049833,0.039881471237404036,0.0021851890984630417,0.00031569393019745235,0.00031137102769135063,0.949886222075364,0.0023515751493361227,0.00026641604166937726
914,2,0.0009033659051946334,0.9757671530133206,0.0002131828197605871,0.00046536587741198825,0.003667666726350633,0.0006810759680196334,0.017564993777508666,0.0007371991635032952
916,3,0.0008680557235088824,0.0009353242507490466,0.9631794042132253,0.00012343532390672458,0.022553363659491663,8.331740900520544e-05,0.0027901673321608666,0.009466948021007698
918,3,0.0022230884654644667,0.0007398739750647333,0.9842479883178751,8.421745730936247e-05,0.0070124077710338,8.288402664159564e-05,0.0006964967232445667,0.004913064474853303
919,3,0.006076771286622667,0.004120455560255933,0.9663527548993293,0.00033318744357550487,0.011220280101394734,0.0002799380478809,0.008540182957134233,0.003076407813111193
920,7,6.583116215254661e-05,0.0007341513791031335,0.08744284547750795,0.0008484794298341407,0.0024742755329863336,8.036813330046829e-05,0.9081814335623758,0.00017264339768109999
922,3,0.00015524352944087577,0.0001007599572247134,0.9103735856481281,0.019744051837741566,0.05807407776583193,9.898889509134505e-05,0.0007617275389783666,0.010691512643932699
923,3,0.0011216068895453,0.00015851679380865776,0.9491730715681292,0.008568997756444466,0.004547376423989483,0.00036513134695573333,0.034281036842372166,0.0017842770063048333
925,2,0.025147128492044396,0.9663999361663596,0.0003724333977906355,3.547814206420936e-05,0.0052458680817233675,0.00026901920457433334,0.002425979235655341,0.00010413904958015633
926,3,0.0011752433494827666,0.0008137819932441667,0.8352829788721848,0.0002844960798064733,0.14827700091880636,4.426957446351475e-05,0.0005292601401354334,0.0135929962590765
927,5,0.0026652849427094,0.0060532590983773,0.043019416102907194,0.009232853786655733,0.6150704865852676,0.0017341779572490647,0.01269365263975236,0.3095308699257557
929,5,0.0006191760402600188,0.00039219777084409667,0.39173533017279993,0.07198930604047304,0.5140784620439806,0.00042304292719526213,0.0026205736608199,0.018141905690659665
932,5,0.00014764085521313047,0.00010134481739590825,0.25534099070252275,0.1779702327906736,0.551121348799899,0.00012500154675024967,0.0015966414537477668,0.013596771216020697
935,3,0.0014237600705667268,0.0003649111257061,0.9716542116246355,4.708116523686992e-05,0.023076504310177437,9.124935755918096e-05,0.0007315670756000333,0.0026106990405868665
936,3,0.006233160811668567,0.0014128069583231667,0.9826141824872089,0.0001397201341310884,0.005461414356238766,0.00012448026038063334,0.0019369843992064998,0.0020772590361552022
938,6,0.0010259125201753999,0.00012990740979239998,0.1210077531135676,0.0004331779059877549,0.00029276523529330167,0.8763698372018713,0.0004952967720297151,0.0002453374057916192
939,3,0.00020957072117915544,0.00017143547360265425,0.9740439606523913,0.002867317478035833,0.015510630391244501,8.938363704026491e-05,0.005227526774551967,0.0018801953142621
941,6,0.000881125054629706,0.0005143665053446,0.0024896114666161802,0.0008193423236264345,0.0012604139499127769,0.9927412256863537,0.0007542109872518011,0.000539710691745174
942,3,0.0085887409840391,7.518045495829238e-05,0.9612445296711161,0.0005654118241817666,0.017083385459517167,1.6525677397294214e-05,0.0015536129674144667,0.010872593400974066
947,3,0.00044156858871219996,8.647986050734021e-05,0.968583658441927,0.0018874599193159666,0.017029768855509768,0.00010132113517781964,0.0007253463696149,0.011144401125495633
948,3,0.0026789699679193664,0.0006651334807692334,0.9805932121797064,0.00018817075185629997,0.011687429226752167,0.0002350187007971,0.0007128291410232732,0.0032392912207120463
949,3,0.00025682497214130003,0.00010241481788743027,0.9642226649806688,0.0024660111343132,0.021728728007579672,0.00010656989086508091,0.0008122794971442334,0.010304522129252166
951,4,0.005558502115171067,0.0015824059601209333,0.0277546591679582,0.6050949805504008,0.3324711930390471,0.001465568707253828,0.021589133559441434,0.004483585707868223
953,7,0.0019504585552189335,0.0005262839979952383,0.284509065086526,0.14868319280181355,0.0102353570657329,0.00025754176979169156,0.5522074073445707,0.0016306924725232586
954,6,0.33986547500568604,0.003038453381885333,0.128656110053824,0.0021466746456301738,0.004874760741150634,0.5148772749786066,0.003562747266316386,0.0029785048833920334
959,7,0.0026737710640674333,0.0015449579956542505,0.0472735198567166,0.15781527261716316,0.010815587739403066,0.00023433794913438644,0.7788792393171559,0.0007633252587935409
965,8,0.0013979397677148665,0.0014937355197436667,0.33693581280024576,0.0008953877941606333,0.22463735235718876,0.0002645034874347558,0.0008543083967938759,0.43352097254720223
966,3,0.0011817482015326,0.00021242273037406665,0.967984052409654,6.198711992547695e-05,0.0221020587770823,6.365216249507373e-05,0.0007556897383898335,0.007638377037842231
967,6,0.0001878416774928,0.0005546370458674421,0.027311232961492567,0.00020313924037975407,0.00022803275694502484,0.9708513982698707,0.0004975902124096,0.00016612215145509412
968,7,0.00018492405194073334,0.0007669593482529666,0.041681758476738134,0.000388290897931,0.051468764672480134,9.814996261703172e-05,0.9050127781964646,0.0003984100930667348
970,6,0.010361675639343534,0.003777968393665033,0.0003727787335154782,0.00024851431335359776,0.022677346088182535,0.9608541950676535,0.00043349587527465624,0.0012740616922915008
971,2,0.0017399095355570668,0.9751056289085464,0.00047654072376233453,0.0007005048501775587,0.0029839098893708663,0.0013878008162301666,0.016630402890923834,0.0009752955566012521
974,6,0.0010291335576704333,0.0009381866854052333,0.11716219541025558,0.00040248851199837306,0.00046969891819236665,0.8790457429790438,0.0006989597256022146,0.00025357524509020244
975,3,0.0011547835482768668,0.00010167861074298754,0.9602930016740393,0.0022249122794631665,0.02661232070501453,0.00040316581666913334,0.0004822225956912667,0.008727898752717567
976,4,0.0007934171061139333,0.00029989155617788255,0.0664537987883633,0.8181083136387883,0.0013543266348601292,0.00037716549969816327,0.11042580394639007,0.0021872838636993503
977,3,0.0002779565728236,5.05410544686729e-05,0.9666744877797507,0.00026194691407623337,0.02493594163539623,6.704091737889143e-05,0.000275058372338,0.007457041394242167
978,3,0.0036827562061977335,0.014762363465493067,0.5483182896155966,0.0008101643123288915,0.2505605443620122,0.0005977150884577653,0.0056730179735033,0.17559515347593355
982,6,0.0032339363313728334,0.057837625366656265,0.007929492101112044,0.00037852177534364193,0.0004855537178800667,0.9293286328737219,0.0004626122922926461,0.00034364070315302304
983,3,0.00039392895525338295,0.000155017421762341,0.9856147120978443,0.00043476641481696664,0.010038124429323067,2.426744488756136e-05,0.0007573337423792334,0.0025818728230165336
986,3,0.0013782222438283335,0.0006710074158106745,0.9916149433218441,0.0016350273498716332,0.0018612303172081668,0.00022235284893154733,0.0005468215619304334,0.002070394646568037
988,3,0.00018407563421679121,9.803720503959146e-05,0.9006494412600322,0.0011547843269759334,0.08863419123208527,4.7337272421053886e-05,0.0002455221880874218,0.008986615326922147
989,3,0.00034839310583498467,0.00020375195762317732,0.9013194187409784,0.0017645366567260335,0.08237702630864814,8.645968500829211e-05,0.0019683383904802666,0.011932098298568034
990,3,0.0025416022668297666,0.00038838810163183287,0.9535674097003305,0.00022184489116110003,0.03853997470252737,6.602597322734066e-05,0.00013181658378399268,0.004542939786689166
996,3,0.0005707709522092468,0.0005080482195845213,0.9880226720396775,0.0004820991154369666,0.006687019614052666,4.567153402846558e-05,0.0010621858708844665,0.0026215218750159325
998,2,0.0049158341375991664,0.8444799982320177,0.0011337104679253935,0.0017022829572600864,0.002088385930011371,0.0031174933793271663,0.14114328149526278,0.0014190137298994894
999,3,0.0011965567522234,0.0010786686756118333,0.9841299334538022,0.0010868550115414332,0.0097074047724115,8.001530611872181e-05,0.0009275865669486666,0.0017929805552621334
1001,3,0.0011259512622178334,0.0003335058238697667,0.9523270661339568,0.00013689917569666667,0.034545492419867235,7.927975641192796e-05,0.0009482841016806,0.010503564964584334
1002,3,0.0003464253078009666,5.943955188745917e-05,0.9451461426069209,0.0016013685086750332,0.0410124953321914,0.00010573280972535256,0.0023888654423218666,0.009339478159234534
1009,3,0.0011635986864951334,0.0007849090368997116,0.857563940928827,0.0009670078101276999,0.1201728846896103,0.0003653081772333283,0.0025201901332960043,0.016462188474447265
1010,3,0.0005062588825517048,0.00034737666664076596,0.9823735645705464,0.00032407216174133334,0.011044398045363066,4.939263736343476e-05,0.001374106757872067,0.003980845725536269
1011,7,0.002592094240136967,0.00042207448453979575,0.0019517968929420703,0.0035615554745704998,0.003276811155205323,0.0002518853225990908,0.9875333307061028,0.00041044358167062456
1012,3,0.0016605693692036665,0.00038774444347743336,0.9902286141363491,0.00017797947732793332,0.004443103281788533,3.988545093923889e-05,0.0007583813615622666,0.0023037470086758626
1017,3,0.00022915459308549998,5.6100345030077224e-05,0.9587221700920968,0.0005850645130549333,0.02974637303531613,8.344077756739905e-05,0.0004530166316547,0.010124665217903435
1020,6,0.012773277318661598,0.0021965301440934333,0.029015027663296073,0.000761267961956591,0.0005065461668459333,0.9536185584266775,0.0007196243415313712,0.00040919471423513597
1022,3,0.011552161982360533,0.016308770723695066,0.9610186657931993,0.0003179459076196,0.0040910845820433,0.0005759645908741999,0.0045744912784637,0.0015609282370514406
1025,3,0.0010210876516116882,0.0003170170713058333,0.9918764992255579,0.0005144562071128667,0.0030715045875338333,5.673071245493233e-05,0.002419259794388933,0.0007234807814075809
1029,6,0.0025620769791756,0.0002102070260833,0.15143198511880698,0.00018116015127248735,0.00019721064583668333,0.845012134323636,0.00022492130545914086,0.00018027302834103771
1030,3,0.0002495133295253333,0.0001857434350867762,0.9820434202329457,0.00013973620582876666,0.012701545170842534,1.6078929910488324e-05,0.002692930330659733,0.0019710399259367344
1031,6,0.0004931268667913666,0.0003990537046964666,0.013353915805367768,0.0002427332672450168,0.041672551223570636,0.9433238133667691,0.0003239745179825114,0.00019081923721302155
1034,3,0.0002924259736707318,0.00013316960079012014,0.9369146628394911,0.0006739816046918666,0.04906299392643753,5.369694282176293e-05,0.0006935974976592,0.012175469289462835
1035,3,0.0009713568718149058,0.00042766208156400754,0.9498260406729226,0.00044214957686373335,0.031340256923161364,0.00019921121796191474,0.0007986651063681334,0.0159946786341442
1037,6,0.004570575083021966,0.006299111670988933,0.03779739180927911,0.00020738879817726297,0.0002695040024023667,0.9503786154177533,0.0002581559790293181,0.00021923955439375929
1038,4,0.00022296939387936668,0.00038626967329791705,0.0731350809831251,0.8422490562578614,0.0016800582402713333,0.0009050686685534768,0.08058829321216,0.0008331789286940306
1041,3,0.00021847819244967892,4.814207543483992e-05,0.9843222156942688,0.0004699684506464334,0.009360790104805233,7.285919125596743e-05,0.0001661457251752,0.005341388684851089
1042,3,0.0067659711682759,0.0007309366554393771,0.9114953929845216,0.00032670885996846665,0.06557499638518163,0.00026524864891460455,0.003855161935889233,0.01098561294581808
1043,7,0.00021273685940666667,0.006564293877870033,0.016271371210071866,0.0001371205566759376,0.15167007329771298,8.719066111760887e-05,0.8229684352029402,0.0020887813460595
1044,7,0.0014037951953972665,0.001615034102785633,0.028680261290145465,0.2072131233833819,0.13777577438737035,0.000713940895774702,0.6097202452815741,0.012877809859900335
1045,7,0.024951161154103396,0.0070508869672158995,0.32595734086916045,0.005036586274228,0.08672088628154123,0.03812523297748453,0.5104785477458824,0.0016793450103838332
1046,7,0.006057565372744132,0.0007198288408899952,0.16240564331913582,0.01708094071183887,0.004506508111059582,0.000558601961345,0.807989629124395,0.0006812807958151497
1047,3,0.0013063647653276868,0.0008836481835793048,0.9084424404829022,0.003776273078774967,0.03816170858303974,0.0005542982263874727,0.001458320223058143,0.04541692000552363
1050,7,0.007251206556912234,0.0005916612278808163,0.048591044173640796,0.15706837321085013,0.0048239543040188996,0.0002806343643618488,0.7809920422635894,0.0004010849076417503
1051,2,0.003224969562653533,0.9812893531601178,0.0007541962450788867,6.771376112757264e-05,0.0011452969973020333,0.0005346421105712,0.012707659125652799,0.00027620247549454155
1053,6,0.0088970970357004,0.0020907789425871335,0.040124103255105605,0.0003540834013338438,0.0003120261083362442,0.9467368778561909,0.0009207068911404667,0.0005643231083929021
1055,4,0.02520699286253587,0.0007896693555901594,0.03564077409053853,0.7798140011493596,0.007869345215846599,0.0002351316256394728,0.14928153810349135,0.0011625586843381633
1058,1,0.8984998408481172,0.06795285732788177,0.0031020806126046754,0.0005538116179343117,0.0078609488942252,0.0039689659649212,0.016509095428566864,0.0015524107942744376
1061,3,0.004401692642508834,0.0016001356497399666,0.9776336265932569,0.0014956844271702332,0.008002618134384,0.0040000927427993,0.0013102742529824867,0.0015558441633580333
1062,5,0.29055632476864607,0.0008419919578660333,0.20710542598904,0.05447981455580719,0.3971901037537322,0.00017913633255252403,0.0405597351048882,0.0090874560345871
1069,3,0.0037009733680212,8.104636503321513e-05,0.9556933421296169,0.0026339502675649996,0.0183933110525788,5.511422154585744e-05,0.0008593837251628667,0.018582889130916935
1070,3,0.0022086133601581,0.0014094769400504002,0.451530755191954,0.0006220824702289099,0.3883850217018732,0.00030803224252830757,0.004558213315578748,0.15097779098488487
1071,3,0.0004066211125727358,0.0008051215287367,0.8846333234097422,0.0016534912294962796,0.07948612762043812,6.013987176606374e-05,0.014979374036631334,0.017975805870229764
1073,7,0.0037738054412150006,0.00018449104226154,0.0013054592051071378,0.00012521301459312762,0.0005655585984748467,6.67514635151441e-05,0.9939512854218089,2.7458273548968034e-05
1076,3,0.0006426027815510333,0.00043684936048066664,0.9823815996688755,0.00032788132632756667,0.014045188050079066,1.6874393942606243e-05,0.0003253253700005333,0.0018236954842455334
1078,7,0.0017445362011577331,0.0005552252917253495,0.05817703980952433,0.09424473587611774,0.0060666468083566,0.0001645203129924962,0.8386340425095277,0.0004132664413759853
1079,3,0.0021929542160351667,0.0012174335308855547,0.9874301636030226,0.00020864843910600327,0.004878174839348334,0.000162663098843046,0.0022650797031943,0.0016448690643545477
1083,3,0.00046804291010796333,0.00015236065101128618,0.9713356752281751,0.00023952160087289997,0.01996145328483163,6.857487955619586e-05,0.00032782559737217333,0.007446552461398064
1089,3,0.0028048422873682005,0.0006194951291005527,0.965468776787509,0.005708649144242634,0.008822765081409008,0.009038318578551799,0.0018707677835537,0.005666416780902267
1090,3,0.017779864121250866,0.0012140117555173669,0.9647732444979985,0.0009732706177285,0.0017930524522978336,0.010531973376712035,0.0014746416766315666,0.0014599498963491118
1092,3,0.00017728592294559997,5.021189393353125e-05,0.9545817631380862,0.0025007014030818003,0.0367231228489289,6.322082630506468e-05,0.0008385920581668333,0.00506510886031637
1094,4,0.0016833888750436002,0.00014622412448389265,0.0023322437949488332,0.7694601247431357,0.0009360839827964668,0.00030317892242391246,0.22465498367480322,0.0004837799911145225
1095,6,0.007032070222680733,0.0009729658454240404,0.0003222650816570123,0.0006188506121773384,0.0006562221263418667,0.989707430882201,0.00039435588315668856,0.000295824895780549
1096,4,0.03691838336613956,0.0010123991251805877,0.0327180994591627,0.5377848699565275,0.004807338853225509,0.0013902269116534336,0.3827892601213752,0.0025794471335255464
1097,3,0.0007887349258302668,0.0002547230466859465,0.9690044485987075,0.0013184405979592998,0.017402239052318,0.0001423338180547068,0.0009065063267314666,0.010182580350615133
1098,3,0.0076427310906798,0.00013756507256706667,0.5754925737052314,0.017858422517167967,0.029286832878206766,5.181973577703555e-05,0.0001327056652589231,0.36939736630434616
1100,3,0.0013369417576880001,0.0005716939651630398,0.916608697715386,0.004384118680039434,0.029430832297115333,0.0003295004418860423,0.0209788755481831,0.0263593558888409
1101,3,0.004205298798192634,0.0004649159502672666,0.982180467020506,0.00027337613656977196,0.006748978095203666,0.00015911925909265582,0.0005637492376346667,0.005404098137549673
1103,3,0.015195826688614867,7.544928980863089e-05,0.9282532325017844,0.015245429724232465,0.014184198616776299,9.998027912593802e-05,0.0003564489579983333,0.026589405742619466
1105,7,0.0017096697043171934,0.0008146981356328496,0.11122262066461579,0.015113204010617337,0.005931670915988088,0.0005787916375429783,0.8637268901443594,0.0009024290914148393
1108,7,0.002178379526948567,0.00026885717753590655,0.003910332772516835,0.003621142735589,0.002420152525073815,0.0001621430580760669,0.9872627474921564,0.00017623332219253898
1113,3,0.002497355524820767,0.0008590749888733001,0.8418669232829664,0.0043759457233171,0.004851598600147595,0.0002246819455951941,0.14382753020325414,0.0014969033176686667
1119,3,0.0027336542227922,0.010689189072640765,0.9707581912343702,0.00031206707247642907,0.004321231272784201,0.0004207707041712,0.0097368751370317,0.0010280006827633667
1122,7,0.01060118579240156,0.010170378068703667,0.0024096872749703488,0.00881932232660331,0.006337517529903933,0.0099599542396894,0.9479810794473744,0.003720874975580381
1125,3,0.00028347790866233333,0.003300641124825567,0.5644669013553781,0.00046361542702588027,0.0056308973996282005,4.882004681435373e-05,0.42567042860401233,0.00013522797169860618
1133,2,0.0033920427967106663,0.9579454452958691,0.0009544623546510264,0.0015673960079563376,0.0021093821483227,0.0023242026039773257,0.030537738563804772,0.0011693346921792162
1139,7,0.0010140629552195057,0.0007915134384007369,0.06320895126061037,0.3528318295354305,0.015006511880709936,0.00026475668678501004,0.5663674666995794,0.0005148974318671477
1140,5,0.00022643006964423765,0.0003021904204232292,0.4684865145270691,0.010210919619241832,0.5051303180015676,5.492157715835643e-05,0.0034198142037818705,0.012168866218826407
1145,6,0.00019115289928513333,0.0001990969618188,0.13053757181462103,0.000435436821048162,0.0004075977235027303,0.8673040534646314,0.000628393417528191,0.0002967013565777778
1148,2,0.00023162091150236665,0.9384363871635983,0.0001994979847504895,9.91203837459596e-05,0.0093665078272317,6.296192453960755e-05,0.051325695137242,0.00027820514617850865
1149,3,0.0008335213373984666,0.0014567138935781335,0.7709664232857613,0.0006264916123995139,0.1612800001656412,0.00034268199850654406,0.018806165951832834,0.04568798258492834
1150,3,0.0023627736778538,0.0018064911052505569,0.9426216671243024,0.0020122581172214,0.029287339660531268,0.0006814088989778823,0.007852651693958967,0.013375445270368666
1151,3,0.0006450999790645916,0.0003037717908005866,0.983335843240788,0.00011078288443053332,0.0111965928069382,3.6305881689091385e-05,0.0006838425675111667,0.0036877624770551387
1155,3,0.000340272547609,5.820407582772671e-05,0.9282859970812719,0.0003084127135609333,0.0582021368317956,0.00013511578637947567,0.0004328481530023333,0.012236995556860366
1157,3,0.0011688145789321,0.0014970526102186666,0.9782193878275036,0.00024930401626114217,0.012029850444063935,6.12489167316513e-05,0.0037659271016395,0.003008419095575971
1160,3,0.001357785430489,0.00020045465810862172,0.7747177443930077,0.009065794131455035,0.0370358164441652,0.00014569365521506863,0.0004861228870816333,0.17699059474782078
1161,3,0.021963068405852933,0.0212311132148711,0.8694788319833217,0.039902044626435866,0.014226878831615499,0.02573137672106737,0.0056486163733271005,0.0018180688308417
1163,3,0.0002559013366621107,0.0001733537663043,0.967828839816334,0.0006163193900469667,0.021337294442522164,4.124080340277638e-05,0.0036250521205402667,0.006122028197960601
1165,3,0.0017551862506517003,0.0006630543650213662,0.9386862669885087,0.0021499366339683334,0.0160495261314333,0.00035231679891182865,0.014813510074491366,0.025530213379532134
1166,3,0.002885256004359267,0.0009837489143835066,0.9307937301970116,0.04701804456607991,0.005440015002644652,0.004047304297128667,0.007239824318959799,0.0015920753390552336
1167,7,4.096929489517737e-05,4.0285860265923856e-05,0.05451318665466386,0.002701716057541567,0.009001377646407268,0.0001656081076656335,0.9335189602408652,1.7891286299911986e-05
1169,4,0.004139570560144733,0.0009963148096111178,0.0639907930245715,0.5724249667407099,0.005978626632460033,0.00028231909684961796,0.3514030122762915,0.0007844162436553749
1170,1,0.8448204601994695,0.11671744989841475,0.015149303167293385,0.0005049529582638895,0.0036127173584749998,0.002621793423575167,0.014879908504879516,0.00169342442571847
1171,3,0.0005159428047426404,0.0002991668757133667,0.9178310566432343,0.0029640599144320334,0.06314514949522847,0.00011835815825049198,0.0078134766615985,0.007312818419988334
1173,3,0.0007937290647591238,0.000513731087470305,0.8997759629052272,0.0243281548288882,0.04968173818340957,0.000344628772418177,0.0009739288739218,0.023588127835344433
1174,6,0.00029065701799916666,5.835408776685844e-05,0.032549574582101934,0.00020634081014563366,0.0001714765753657748,0.9662343945043111,0.0003332873997045466,0.00015592615365540952
1175,3,0.0054320380631478335,0.0008874503809681999,0.9651603776955486,0.0020619425576025,0.017645842194148335,9.325694503651331e-05,0.0004643334164409,0.0082547597491591
1177,7,0.00360044277867759,0.0006027045971760334,0.06193124800011247,0.08207716677889153,0.008300218992403267,0.0002721195769742123,0.8426812424230156,0.0005348553584695578
1179,3,0.00022597234794185522,0.00012122928799469875,0.908899409547673,0.0017221140955971668,0.06967157335676848,0.00015532186456217726,0.002340834039502081,0.016863550560648123
1184,3,0.019798706264197035,0.00041410899782489996,0.963226480666758,0.0003613097223622667,0.008564425682789168,4.66437388171407e-05,0.0010906582978581667,0.006497687737386601
1189,3,0.0005455032229764999,0.0002956073391855,0.8693635322378667,0.00034927019355373326,0.12241583840719596,2.717695588570184e-05,0.0016289505690983332,0.005374131060970667
1192,8,0.0026001022248868487,0.013953379207795201,0.13871701567114572,0.002794474125544349,0.2577750794283891,0.0015523057798455117,0.016302521426800335,0.5663051073511046
1193,7,0.0002433349043422811,0.00033172779986706665,0.00037796508704718783,0.0005512738365913667,0.0040985889305187664,7.789152255380997e-05,0.9940276658898691,0.0002915274233530532
1194,3,0.006799584170758867,0.0013668487975750001,0.9834473593555142,0.0031963718611566667,0.0022430638538676667,0.0006362132540789334,0.0015150202296293335,0.0007955254835522255
1195,8,0.0004797846167960721,0.00032365894858883335,0.367164974462355,0.002317461738361767,0.08782980572731593,0.00019635474478602323,0.0007079083879264889,0.5409800669846938
1197,3,0.00029251771462825046,0.00017556548502399536,0.9775879554259669,6.591402029152902e-05,0.017601184282403332,2.0890076408185234e-05,0.0012025819784870332,0.0030533567516713173
1201,3,0.0003032010185952,0.00022718087265406666,0.5796009837818855,9.58246066674763e-05,0.35939607556277325,4.30491481934643e-05,0.0004441892291363666,0.05988948896515281
1202,1,0.6315776892042979,0.0855663891032607,0.2585998130803569,0.002037159880698288,0.004087418069842486,0.004796674607630233,0.00961658396413,0.003718288221651957
1204,3,0.0035552095370786334,0.00044309746972992,0.9882040021121173,0.0019650569589448334,0.001728857556148188,0.0009835004083236767,0.0019972651630454667,0.0011229973652977581
1205,3,0.0014580430470461667,0.0005033293538789703,0.9713515440499387,0.0051180258313485,0.004026736722827367,0.0010216152210902,0.015205486462568566,0.0013151738053279358
1207,3,0.0011748512296195666,0.00031754281987044966,0.9554372175757114,0.0003615227148251784,0.030929632191833232,8.450335070719321e-05,0.0022800156111068334,0.009414732023679045
1208,3,0.0004078167202723666,0.0004576017101102631,0.9765956311550933,0.0011569035316755334,0.0125447245631366,6.711466134535526e-05,0.0012502723179432333,0.0075199528901786
1211,2,0.005062886813465366,0.9653193945502482,0.00024544050978130916,0.0003854076207830087,0.014158961738433368,0.0011326853493764666,0.01287458253204872,0.0008206318842182743
1213,3,0.0013616403495440334,0.00027127249341016307,0.9589611659621303,0.0005501715498052667,0.024952459944018863,0.00019631644536868438,0.0006776490100776407,0.013029351319673298
1215,3,0.0017127204399846666,0.0010600840132932333,0.987683018113505,0.004947064856356267,0.0018508183777757332,0.00041407243644430005,0.001067643438617877,0.0012645642307354927
1219,5,0.0054516023825072445,0.0038864920905700624,0.23458676104921117,0.004363062131274,0.6884295237384762,0.003053173056728307,0.015301327703058502,0.04492806762489437
1220,2,0.002114731380997,0.9867089366467295,0.0005165374391924621,0.000918059234237931,0.0043919147166816665,0.0008724335975687334,0.0036603703555579663,0.0008170066097214218
1221,7,0.0022931582168334336,0.0015761799578240148,0.0006707539155198852,0.14292616152248774,0.007270946592619023,0.0013593572899001929,0.8406616419151013,0.0032418109466903424
1223,6,0.0014085285818118333,0.0005236618471674001,0.12846205030843108,0.0001782866874742641,0.0001743108388853062,0.8689093977800552,0.00019413526887822338,0.00014964184372471414
1224,6,0.0005403731477444019,0.00022192192189666665,0.0005902672849465734,0.0004002499046937003,0.0004487078004703553,0.9970089208316247,0.00047522625806850166,0.0003143402886830632
1227,2,0.19309728816234692,0.7934310305051895,0.0006341240869928409,0.00034862243074495884,0.00028892707706909266,0.004284891205613433,0.007650512751481532,0.00026461940141508017
1232,6,0.012856902791260767,0.0026092466100958666,0.001989034655435783,0.00022709841003353882,0.0009054176348310667,0.9804406792124561,0.0007649783225779,0.0002066392918048907
1234,7,0.0013287981960456335,0.0013277290004419667,0.0033084865513946667,0.03598587733843327,0.007923246872668767,7.02733604133923e-05,0.9498772988380515,0.00017828412901705262
1235,3,0.00011692589280523278,5.593812998247536e-05,0.9536450342509232,0.0069884882740715,0.028421114801009437,5.368865692216273e-05,0.004229801114083467,0.0064890361214571006
1237,7,0.00012681333642551666,4.0922799706570996e-05,0.13002035728735464,0.005343824677461299,7.500573354803074e-05,0.0001308013686839273,0.8641917068911686,7.055434576302951e-05
1240,3,0.00043509404154603334,0.0002143307372697,0.8338641930173168,0.00030325148729803335,0.15560831014602652,4.290596975134081e-05,0.0021755959330355336,0.007356319292895899
1241,3,0.013487765255849167,4.626404499754675e-05,0.9447224278926224,0.0008273331232924334,0.0146047153939312,3.287867082843753e-05,0.02410966669446457,0.0021689755622016998
1242,3,0.0007749738460377,6.506155166510493e-05,0.508522388028643,0.008440765189483166,0.3939830326029485,6.985817546081696e-05,0.08392655751064787,0.004217336373947267
1244,3,0.0011843449498675667,0.0019311973898656,0.9529013521955351,0.000619816422564439,0.03702291421433363,8.453791417936439e-05,0.005388553960237599,0.0008672763140832334
1245,3,0.0009145729889289666,0.0021033904216780663,0.8544098944556909,0.0012074559750961202,0.08676872600855717,0.00022584279486366718,0.016911148701731635,0.03745895110757379
1246,3,0.0011353610078173666,0.00027350315939896666,0.9509548878427573,0.0007816872680453999,0.03513856136521523,0.00015380196677803885,0.00025674182625164984,0.011305447094985668
1247,4,0.00016323345005918796,0.0002855947675053167,0.17998988372877547,0.7640726333818,0.0005815235895897667,0.00043696671700906774,0.0541687340750124,0.00030141638725880314
1248,3,0.0002446884779539667,7.458934541939122e-05,0.965761337469076,0.0011373816816004332,0.022936878947897404,6.798166331123043e-05,0.0005985337151,0.0091786505076684
1249,7,0.004657428110605567,0.0031078494104701117,0.006076794405218792,0.06347085338132084,0.01262697023558069,0.0017818448004354754,0.905010377679052,0.0032678750255426604
1251,3,0.0008247105919685368,0.00020918553197589278,0.9702442600001232,0.0008401459164572668,0.0164483309562786,0.00019039692492834793,0.0007106653965882176,0.0105322987027687
1261,2,0.0021343290531981997,0.9438029696881819,0.00028394856356333355,0.00031913116711579793,0.005774892084030134,0.0002300301051148333,0.04681409801727943,0.0006406036995573554
1266,3,0.00014905365973051489,5.442814479309627e-05,0.9851089445563151,0.0013336173635713332,0.008120242059587267,5.535196945332069e-05,0.00020870615124643334,0.004969676663097487
1268,3,0.00024762426832006544,9.705326701356318e-05,0.9519572351125567,0.0009206536167204999,0.039360969361174,2.7405016424827626e-05,0.0049983619763976994,0.0023907121123800334
1270,7,0.0011750544984361333,0.00026834854989258417,0.1466205755039908,0.0098912189398361,0.003118602477119884,0.00014196428100140128,0.8384723749659395,0.0003118818234110233
1273,3,0.00033549318318490005,0.000116436566135305,0.9801181656795599,0.005249857025137799,0.0056447043093054644,0.00011853636388123334,0.006455540041318934,0.0019612562175313
1277,7,0.00044433964851204336,0.00030211930285092706,0.0036804608967389734,0.05753444279524537,0.002405601792862239,0.00021852874756975768,0.9348454124891301,0.0005690846280419513
1283,6,0.12460347830804441,0.0005278750575223,0.005672687197354761,0.0025946622454890334,0.0019003777976323653,0.8598512443887484,0.0036930723376456358,0.001156619609981502
1284,7,0.013712011286783668,0.2833003915196938,0.023704738618497232,0.002999340034168033,0.28949094861600283,0.0016675086576245998,0.37176095622174027,0.013364115298656165
1285,3,0.0023372573707813333,0.00042710450176534936,0.9716912902747671,0.0003858789064536,0.014967885187860401,8.886942039276291e-05,0.0010489575821679333,0.009052724502971302
1286,6,0.0018836022635792,0.0030936833740800667,0.10058365869568177,0.00027677765079305917,0.00029153468119953334,0.8932226101487037,0.000429748767374363,0.00021840725495812755
1287,1,0.7572553605311874,0.04291986801869743,0.13919958054287282,0.0031999707885178464,0.00777365295229437,0.03049891164255573,0.012519709597799257,0.006632924505071106
1289,3,0.00025905268055780695,0.00012347342847189748,0.928733507752811,0.0070239164030974,0.0264347280904396,0.00011907737969865888,0.004097242496851833,0.033208992628951266
1292,3,0.0005648927179181333,0.00021349440603343013,0.9911582350490721,0.0008093431795881999,0.0049649496322304,2.556399155746158e-05,0.0011690785093146667,0.0010944377624441328
1294,3,0.0001700527219286427,5.888851973087639e-05,0.5064707837876341,0.013464847689278268,0.4691466142343605,8.164582249069913e-05,0.00023177834743175822,0.010375395117865368
1299,4,0.0006821505992512001,0.00019087938691481914,0.0030297889634841,0.6833401487232779,0.0029631164950955622,0.0002460642934175365,0.30884921687242367,0.0006986398839237447
1305,5,0.0014083202088666666,0.0004884135122674,0.3736731799120288,0.0012682727867289,0.5504197891024701,0.00014872869159723333,0.06480259844773588,0.007790700689171367
1306,3,0.0014000602910630335,0.00015541509564130613,0.9885080959033781,0.000274968764907,0.0056087634629686,3.8167238451831e-05,0.0003538775163771,0.0036606434102531495
1307,3,0.0001878944863246,0.00010022517740360793,0.9868006786199829,0.0038488766049632668,0.006522073694324434,8.353490700410172e-05,0.0014536924275561,0.001003022026752083
1310,3,0.012753394679111367,9.266342673960313e-05,0.9616844685234321,0.0006112595653716334,0.015723144330149933,2.3123889141853418e-05,0.0005053775449909,0.008606553452420866
1312,3,0.0006616825680214334,0.00017053301653382913,0.9046928922006718,0.0008290802525739,0.0838313575594627,8.769120805848611e-05,0.0005406437094046667,0.0091860903690382
1315,7,0.005568446436846967,0.0077539544323033,0.008257475642534056,0.0010728895620139,0.0023804182346322668,0.0001582331194488016,0.9744810619068697,0.0003275202942217103
1316,6,0.0006261936229734667,0.004086994684917194,0.0015806362926699023,0.00017475502070321891,0.00017309959309068994,0.993092437284402,0.00010767503555270777,0.00015820750569710095
1317,3,0.0005015410939520666,0.00012329570954676256,0.9445887682662857,0.0004991313052484667,0.037049084017256,0.00012155113846134847,0.0004260276452440666,0.016690574460067067
1318,1,0.7519873566685321,0.13193837242404005,0.017775196382515002,0.0007662541852694644,0.0035776858549711,0.04269553572953946,0.004159663149414312,0.04709993117726999
1323,6,0.0096162609975688,0.0004943005404637334,0.00036157811192902826,0.001385999355608001,0.0008283232190100599,0.986130066047005,0.0007568559832472456,0.0004266378205851178
1324,3,0.0025110231057503666,0.0015127670365550272,0.9321371080508648,0.003513442381829267,0.03678606124138257,0.0007730737481278613,0.005260988716248978,0.017505539042130133
1328,4,0.002763555978253267,0.00037500266066563015,0.33114497170569296,0.5502206679395001,0.0022014797727611,0.03346344436190913,0.07863186803638579,0.0011990102033186587
1331,3,0.0013082001070192667,0.0012337478768407386,0.975516847036331,0.0012792580430329333,0.012511433995019368,0.00025212824909593334,0.0010817444616760333,0.006816650073330783
1334,2,0.002938082257475367,0.775544584240904,0.0015359614586843001,0.00026234882000253216,0.008134098487232233,0.0001598129616667941,0.2112446592593202,0.00018043591480506902
1336,7,5.518101716967295e-05,0.004910542807814167,0.0020436891117809335,6.762719495696777e-05,0.02077499953721167,2.1519322019580155e-05,0.971959732151845,0.0001667607251621747
1338,2,0.014194166938207534,0.5094626385537225,0.026956230490482843,0.00013679428278102958,0.00020548170076443333,0.4472420613641957,0.001655823869143174,0.0001467895936348821
1341,3,0.006620564855027033,0.004051616172153834,0.967702381039318,0.00017733692160179696,0.010823589090492669,0.00028485309847983334,0.0028082068636834,0.007531458237476845
1345,3,0.0016885923150452384,0.007756551209061367,0.9140611529907208,0.005924708528901362,0.0223646198091623,0.0010369819753810667,0.044652001331182696,0.00251539609093085
1346,3,0.0030553329259161662,0.0015908954875673668,0.9802233304066782,0.0008763139955161001,0.010601966574010066,2.3711714527066428e-05,0.0010836191206310666,0.0025448533671732667
1347,2,0.0038555497333980665,0.9438296058654078,0.0001602140989820992,0.00024156895068358486,0.034945967012010304,0.00022233143783544613,0.016400118366540033,0.0003446486726644193
1352,4,0.005222128247607522,0.0019329564435117115,0.04178269562442174,0.5237281002227262,0.011185604154861702,0.001960635784358072,0.41061964324824585,0.003568256567389388
1355,3,0.00025158794864190353,0.00010340162962182884,0.9730682152802584,0.0015317306967576,0.019501407495595233,0.00015343734919436667,0.00028381007823111224,0.005106415661446034
1356,6,0.0005144739095951999,0.00024305664401773333,0.00028359734809222666,0.00017801772313910276,0.005690811642234599,0.9927899190016816,0.00017194709962739454,0.00012821237387785806
1359,7,0.0012398487175447667,0.0004317036183243831,0.0010475215267318984,0.052169087295414696,0.002959580589488635,0.0004190336805688006,0.9404388511697985,0.0012943734553770446
1362,3,0.0021047303166057667,0.0008695671162780098,0.7505552146886374,0.0011391707076787334,0.20087272838855566,0.0004898860138975974,0.0011842609547298335,0.042784441453418136
1363,2,0.0006811670780311666,0.9766220348876673,0.0001803830799471434,0.00048237825383862405,0.004304624854600434,0.0010865800618995666,0.015768196005731764,0.000874628000601359
1365,7,0.0004909395355756666,0.00017896419951982665,0.14052462460894702,0.005969818963088266,0.002491437258082841,0.00011073750604639719,0.850054325779932,0.000179128874462304
1366,3,0.0021175933967282,0.00039695079353737,0.8146714735642456,0.0005822599562923,0.15561156788922012,0.00020693572004838907,0.0032535961803891334,0.023159645238464564
1367,3,0.013043493818954434,0.004152676580126883,0.9791212294757905,0.00016918637753047673,0.0010914835689468333,0.0004522082111112333,0.0012217141396832665,0.0007480075088125432
1368,3,0.004750488565268967,0.00016609708673340773,0.9363840800263595,0.0007117815008817334,0.029895713674833197,5.723133315657378e-05,0.017152742424230965,0.010881846778587867
1372,3,0.000367869047933,0.00046118744964899995,0.9856465357221303,0.0036512903396624997,0.007621197842062634,9.142956194413334e-05,0.0003316633742923159,0.0018288361433828999
1376,3,0.00039052260630809376,4.990703956995429e-05,0.9847984136516726,0.00040227302395743334,0.011508124141482801,2.9732765751346548e-05,0.00042637447845206663,0.0023946681651655336
1379,3,0.00016485223810036665,0.0001391070853649226,0.9686226152208152,0.0045405461228140665,0.019393507918280768,6.69507303119318e-05,0.0038317867182378336,0.00324063345800227
1381,7,0.00023898181578189539,6.829877658213084e-05,0.13398512063487503,0.0020313791581520664,5.062637982085358e-05,0.00023044747883926958,0.862230817535588,0.0011643233238218657
1383,3,0.0006790722958688,0.00011039925833028561,0.8480225181001791,0.0016446775600982,0.142357734017706,0.0001002831631918782,0.0003875061767838,0.006697826574502234
1384,7,0.00033211008260831455,0.0032996420597969332,0.00031787055052483453,0.0002739328303481095,0.008267268033735066,0.00022786928823466238,0.9870017516554371,0.0002795635354547092
1385,3,0.003918211767378064,0.0017197766446559197,0.8830508817071853,0.002867682425720367,0.06822477116691517,0.00143213715633737,0.0049257114381516375,0.033860856995059
1391,7,0.005630485410149801,0.003059933518202436,0.09798746791302664,0.018048228377828,0.014577561952369268,0.0007280872051611578,0.8584549449669207,0.0015133193822322233
1394,6,0.004194357253814067,0.006565170288479301,0.03037639698312453,0.00021461857258073247,0.0002340950085877524,0.9579704715752705,0.0002397868024524248,0.00020509251675162078
1399,4,0.0014059453692981665,0.00044691925085134273,0.003124077918057,0.923581607455163,0.002025755906686,0.023839830104749368,0.044135921455040965,0.0014399468743998692
1400,3,0.0005566238935168611,0.00035383558286523334,0.9848872332662079,0.0002887097484144667,0.010498418914155367,2.8295786737349844e-05,0.0007158249513089173,0.0026710421703311587
1407,3,0.0014937964364502999,0.0003057125601323666,0.9478959616064783,0.0005558857815591667,0.03702639090755657,0.0002968528352691133,0.001219066482161355,0.011206337071539068
1408,7,0.0010797334647021227,0.004004503723905634,0.01396082658944496,0.0001240030277357146,0.000891627396203458,9.306867227555148e-05,0.9797451898530073,0.00010104750222876515
1409,3,0.0006649820657485666,0.00012208094639157605,0.9759635565458682,0.00013405446669956668,0.016498542369228066,2.3312020374992722e-05,0.0004939588544004333,0.006099527142663488
1416,7,0.004205084047038632,0.00021269268643723334,0.00818235602890323,0.0002853188101675,0.0054535785732713,0.0002638570713285154,0.9809619615026447,0.0004351630697639098
1417,2,0.005886889075114765,0.9857531415789818,0.00012464275770425297,0.00036365366365093544,0.0025159404483048337,0.0006787259250106333,0.004201378901185867,0.00047561790332210186
1422,3,0.0007829585849297981,0.00024716568580646645,0.9593175601669012,0.0001659716233555,0.027893483609753234,0.00011096462050003257,0.0010102038103399333,0.0104716991211517
1423,6,0.004235970804959,0.01807954368607077,0.0015185554588307466,0.0002081866442348652,0.0008745550772642333,0.9737244532816726,0.00029323210355498445,0.0010654976882223668
1425,3,0.00018974577392957142,0.0006220583286418001,0.5835645506299009,0.011831742027960333,0.311959057507556,0.00016891137250207993,0.03845748132655664,0.0532064608582856
1426,5,0.0016828390993368332,0.0004260390971008258,0.2778352416134795,0.0018089249216740667,0.6923854478036852,0.00022831284970638275,0.0024107668108243,0.023222402365173433
1431,7,0.0245456379526182,0.019213623840791068,0.039122704049323796,0.0092198357693199,0.007938420710208408,0.0026110435571534995,0.894879737605276,0.002469007866661856
1433,2,0.003741927964009,0.972661030194906,0.0006284535247343407,0.0010905233474589541,0.003923701130809966,0.001759958502189192,0.015244071823730334,0.0009503531608707921
1434,7,0.0031994245723148667,9.506743695209e-05,0.006298061236589805,0.00037037058312170003,0.0010640436311751334,0.00020265203183172592,0.9885788620685639,0.00019150683324027217
1436,7,0.005766287043992899,0.004119847952562465,0.002392341271758263,0.007872856887147766,0.00831253920910928,0.0023496519372554966,0.9667773281159082,0.002409138831415409
1439,3,0.0006027259868079334,0.00022876895159947775,0.9836745373752459,0.0011066012620014668,0.008542028629113832,6.552591395905792e-05,0.0005798364176446667,0.005199995196133
1440,2,0.003920512543512567,0.9680905779319833,0.0003504434101830797,0.0003466814297889192,0.0010481614775720333,0.0032904685190823335,0.0223993388109648,0.0005538265021652867
1442,7,0.00010390268223696134,5.1404029524329715e-05,0.04291183924684935,0.0028828812844851333,0.0129941450637129,0.000142540939458602,0.940891565099473,2.1745152347717232e-05
1443,6,0.00035291301977803327,0.0002581693976811,0.13624963942369975,0.0002550783703767129,0.0003235923169754,0.8619166250642252,0.00039020542260597763,0.00025377715350683307
1444,2,0.0020586245719639,0.9809711344150407,0.0007322474266021334,8.977811720086581e-05,0.0019030314463161669,0.0027594799684979663,0.010298181955718433,0.0011875428942527532
1445,7,0.000845054780633,0.014478332889165368,0.0004265624362388385,0.00047950133552644735,0.005592458059951268,0.00026758282195548023,0.9775411257836205,0.00036936426918615027
1446,3,0.0007359281785035334,0.00014432647934816667,0.9715413573689907,8.233849666727181e-05,0.021680310124697066,1.9458045612260106e-05,0.0009862204843967,0.0048100883728773615
1447,3,0.0007030774811517667,0.00018490053316148216,0.9475879494438587,0.00011616676681490006,0.041707794810722836,5.6371843893736296e-05,0.0005422756443339999,0.009101466557292966
1448,6,0.008044989472941966,0.009033715390487368,0.010227974218523112,0.0002740259986498348,0.0003513628309473,0.9713609414646863,0.000451074834397756,0.000255893288312074
1449,4,0.0012992920689706,0.0006646120435992443,0.006486342026777433,0.9217740906692651,0.0022111803355289953,0.0010431231270741652,0.06432531950008134,0.0021960244672131423
1451,3,0.002853323378203267,0.0005048435665768294,0.9832745951222498,0.0009996081708095667,0.004721348731578833,9.061044174833332e-05,0.0062965064490757,0.0012591902398348103
1459,6,0.0019455737424086336,0.0055906433889905995,5.774308919512653e-05,0.00015997019737994277,0.00039452685431011996,0.991567554358415,0.00012189376446269999,0.00016209344237278668
1461,3,0.000680508021141048,0.00016542754336141253,0.983408505629339,0.0023325353873035666,0.007742791985734567,0.0016623831590551,0.0001580034270021505,0.0038498740955461423
1462,6,0.045833327781247324,0.0027722449119468337,0.0007577281672939195,0.0004179507936056073,0.0013589582593555999,0.947996269593823,0.0006141274322879664,0.00024940111267791513
1464,7,0.0015774664347251834,0.004538409262285,0.0002160334640590579,0.00021733932098342437,0.0007204667420903323,0.00010889851786405971,0.9923944512859343,0.00022693616937717652
1466,5,0.0005323931528778001,0.0006867490928695309,0.32043364931864177,0.0082460350418042,0.6483685424690288,0.0001956183380532943,0.0031819839168405,0.018355012863287067
1467,3,0.0004338052721462202,0.0003557841157926319,0.8544238769842617,0.12812078560079712,0.0049714380520734,0.0002243813407503464,0.010827602272880066,0.0006423249153043606
1470,3,0.0013660898419142666,0.0005317390247309715,0.9869751710793097,0.0007284567010124001,0.006745783343692566,7.996326444370984e-05,0.002488596376962967,0.0010842146970729374
1471,3,0.0006868275348800444,0.0008763225799921667,0.9311270659669636,0.00012143550490876987,0.0315587482925754,2.9331785066943933e-05,0.0332993096943145,0.002300974973260233
1473,7,0.0004536560686309134,0.00012204482717856498,0.10207272084815829,0.0009444152958881334,0.0029382789451456903,7.43541713448957e-05,0.892160351670849,0.0012341548419050978
1476,3,0.002611827475344867,0.00025214038208556136,0.994298515941407,0.0005668549795348667,0.0008954926080265334,0.0001135908071569932,0.0005343876455468333,0.0007272043122564137
1477,3,0.0004076814702980984,8.860381917440037e-05,0.9724514639415792,0.00017751510606626663,0.023286799122330365,2.9402325068576522e-05,0.0015528099519735666,0.0020057480088582027
1478,4,0.0004608889415880257,0.0003142137336502428,0.020349480328822233,0.5378934625962575,0.11744217448099827,0.0002408280082961355,0.32286665627621475,0.00043231768754164876
1479,3,0.000249209431428541,0.0001638090519740296,0.8491244081357747,0.13981517670164376,0.004782290905967241,0.0001659197454314051,0.004596875241300467,0.0011023027614118868
1480,7,0.023583726421550866,0.012131063127954934,0.0017606659225386432,0.00017323191356403075,0.0008812289857296667,8.541649729971247e-05,0.9612628615432256,0.00012182888320944961
1481,3,0.0004483120859168999,0.00011947590784722802,0.9816370033313412,0.0005567940824453,0.0129965227965107,2.396990682020894e-05,0.0015202782189831,0.0026976652164648657
1487,6,0.0018628843925937502,0.0055139703820552,0.002719788780746343,0.00048614546297549513,0.0004904221804109138,0.9871151120282157,0.0014112134577359333,0.00040042862374287634
1490,7,0.00014097133411752235,0.0001114332652169992,0.12461528427119979,0.0016160981164429,0.0009564890309175004,8.162928818995557e-05,0.8724236148605216,5.448659101271019e-05
1491,7,0.0034330605698572668,0.00037257350377939105,0.011187936986581567,0.06035327460260953,0.0022987031320924247,0.0002668466441512657,0.9216009927505513,0.0004865766436435111
1492,7,0.00031370965836586667,7.375785444776129e-05,0.02720737486448037,0.016442560795239668,0.0003975715539360333,8.27022226716902e-05,0.9546047571490904,0.0008775897057388131
1494,3,0.000213571156728,0.00020754995030593669,0.950507030863141,0.0011985531518653252,0.029344983629900068,0.00012231291552404952,0.0107886234844637,0.007617331066495328
1495,3,0.00048676710038812743,0.0002333549262739,0.9870542612173643,0.0019442431344835,0.0071068633298428325,0.0003646024448912667,0.0010252921578583999,0.0017846468651309332
1498,7,0.0037040069874612336,0.0004929378957777302,0.12724966649393174,0.013140826570292868,0.0031663400736891708,0.00019745934149263257,0.8516132037491132,0.0004355730560725558
1500,6,0.0010923738473984,0.029607333834286636,0.0007196016611675449,0.00020601651949879037,0.00021758204702153336,0.9673118504444962,0.0006790744223312666,0.00016618362357320756
1504,7,0.0003295561685598,0.1470751712808479,0.027711335066229564,0.0002879242734888667,0.002327690005558267,9.202583809566667e-05,0.8219219475402433,0.0002543274124197667
1509,7,0.0040207042970987665,0.00023214473865723335,0.0017558003019341399,0.0009351804996639334,0.0014324624538999766,6.759163733186644e-05,0.9914787707237372,7.734646999139738e-05
1514,3,0.00014360131285536904,6.867513664175426e-05,0.806510193610403,0.00038847033427020003,0.1035302586071362,6.214053877802415e-05,0.0022154355330774333,0.08708119694866094
1517,3,0.00045077018770833333,0.00011211600719803046,0.9547031829365794,0.0002825981943007,0.0358355536624178,6.98316467306826e-05,0.0002895732852325667,0.008256365180138234
1519,7,0.0104004883513294,0.00044630419299307894,0.006705068083812233,0.015300113871431367,0.0031560736096048,0.00014888368041405956,0.9635255841399761,0.0003174753349347723
1520,3,0.0030651683910251997,0.000315969250034538,0.9323181928024958,0.00029308041465383333,0.05407424497915567,0.0002356473417752038,0.0013883256050237667,0.008309360273938334
1521,3,0.0007532300241238667,0.00018773049028432322,0.9536351941439163,0.00028932846141700003,0.035775547029936836,8.463200450426369e-05,0.0013344893669993668,0.0079398421839317
1522,3,0.00019910254375273473,4.4304874311977636e-05,0.9631547077261552,0.009312681389113767,0.019838476150383633,0.00010372969539325067,0.00027527588207713335,0.007071711511937334
1526,6,0.0073170859407418335,0.0026890166475743997,0.014669579825802694,0.00026484146037733584,0.0010812693281888333,0.973207690533421,0.0005303232011417666,0.0002402045015449267
1528,7,0.00018259341434133334,0.00022822044758577897,0.012338329355467317,0.005101514708832466,0.0049188097926873,0.00014569935312936644,0.9769855185633167,9.932863688104653e-05
1529,3,0.0022465455952243338,0.0007872241039640335,0.9351040460983423,0.0010469128158829334,0.055491530486217695,0.0002428513214001333,0.00026814535888599803,0.004812742544748933
1530,6,0.0021050416344679003,0.011637202189356167,0.008390247244723174,0.0002147556762795491,0.0002934196817742598,0.9769089887335695,0.00021708558008953663,0.00023326500986464152
1534,3,0.00047938368542223335,5.674314189248596e-05,0.9495797611885113,0.002584690094620167,0.0166513153191313,5.8419709105229624e-05,0.028014908067857797,0.0025747662030241336
1536,3,0.0004014228684345667,9.142636284299525e-05,0.979393848058049,0.0011423852016336333,0.014112261794633233,3.100483629087371e-05,0.0008032820800649333,0.004024350809687434
1538,6,0.004439789683614667,0.0024430414158984697,0.00014840266467801676,0.0003638264008637826,0.0005107887083078,0.9915540229928322,0.000304636322078619,0.00023546364972743612
1539,3,0.000571222212686532,0.00019336784118231584,0.8904332176953295,0.0003090755185261674,0.0332004141472012,6.280933011032979e-05,0.07433288046323899,0.0008970049169448121
1540,7,0.005979966916085833,0.0009807870928960636,0.014410823776162165,0.09073185637613511,0.0059829724668537,0.0003769049176569287,0.8808446578547167,0.0006920580083111574
1541,3,0.0070239467267670325,0.0003817275100573108,0.9748695909918556,0.005170594773729167,0.004950731376066562,0.0026229119367841332,0.0009904896747410334,0.003989982203844067
1542,3,0.00017544342006364,8.361307582594763e-05,0.7531914328576237,0.21003177293185915,0.0241059374042004,0.00026125713614843333,0.005660396321258767,0.006490134281041897
1543,6,0.0034735579289529,0.0004957656099425333,0.15326560393746494,0.00029240045099649325,0.0002721883150051726,0.8415680610094746,0.00039502194586520686,0.00023741508327128523
1544,6,0.0008343014713511999,8.645935948369357e-05,0.0017930228745200224,0.00020232065210955968,0.0003087880338287033,0.9962580561663855,0.0003666313791594667,0.00015043231462609253
1546,6,0.007081595002894867,0.005771047784840899,0.004037674183004579,0.00038944263257613686,0.0020550796157636666,0.9795245334809547,0.0008012701599772616,0.00033936840736677117
1548,3,0.000346333171636396,0.00034752263325746666,0.9352548666984721,0.0007087490137848666,0.013076522837561068,1.9765881063279698e-05,0.04911730608515983,0.0011289564334682333
1551,3,0.002998307264496062,0.00037254023926605205,0.9775153199791974,0.0025004910286053664,0.004084439428662534,0.005661561997577034,0.0003213602595622528,0.006545988070916233
1553,7,0.004491373554338933,0.0002684633470518611,0.01590370868162267,0.0111480003747813,0.0033360977476881333,0.00012096611463730435,0.9645541281145352,0.0001772489538402281
1554,6,0.0012228004110685666,0.0038212917429949664,0.02587267302530043,0.00021331002122795993,0.0003360515212549667,0.9670169149942667,0.0013185197978712669,0.00019843841669640565
1557,3,0.0005840526072786667,0.00014569883912007552,0.9358751480814522,0.0007183749701242999,0.052429787825158565,7.784676287275826e-05,0.0007452174384852666,0.009423899939151834
1558,3,0.0036595556575545335,0.0006481453297056001,0.9772481048692173,0.0006163614179953,0.010404079728414199,0.0002713456508001,0.0005160876865947117,0.0066363665344098
1559,7,0.0001604117922419323,9.245179977401944e-05,0.029638727987553768,0.0006174475326137333,0.007023195965741667,8.920686573174436e-05,0.9623416487967634,3.692509192104022e-05
1563,5,0.0026205594146368333,0.0006623252185434,0.23808114738761663,0.00014841476540721724,0.7054391822582531,0.00011583150812345215,0.04521202179054729,0.007720531042995767
1564,6,0.0011105042606271668,0.0005482714692102667,0.10871399602193356,0.000130989044156735,0.00014146790621725176,0.88911514577911,0.00011196293578160349,0.00012766411777099168
1565,3,0.0012749806821690998,0.0012147442694164464,0.9425223206580795,0.0021707964574797668,0.0360570534462951,0.00047245216674874404,0.0065971724426925,0.009690505763306432
1567,6,0.1380387035324481,0.005876987463970634,0.0030243819461063803,0.0005440994213693787,0.0004883515662056587,0.8510151252897749,0.0006431842746659333,0.00036916512795880384
1568,7,0.0018090513293061666,0.0005663414626762884,0.024169643874171684,0.0851566722517274,0.004240280575995861,0.0003879047308554422,0.8829491012068292,0.000721002854603029
1569,8,0.0018390269167583668,0.0021207521993774,0.18996470222438633,0.0023835022595030736,0.2286641346169652,0.0013555792394672605,0.006815219693450478,0.5668570761946594
1571,3,0.0007975008588824,0.0002754724301799675,0.851533511786103,0.0025276200729476336,0.1269604601261528,0.00015369966058455158,0.0010834777720413666,0.016668240419909667
1573,3,0.0008403280130641,0.0010803061131363333,0.8020900830892289,0.00023868078526256495,0.15496533575609725,0.000191036422723973,0.004095832456840367,0.036498415916641734
1582,6,0.0009845543346984668,0.0007301920525706581,0.08471648912526926,0.0001326828745498208,0.00014137446496963502,0.9130142989352142,0.00015551358992526668,0.00012486593524380966
1585,4,5.271692668759421e-05,9.981585054033694e-05,0.0278243660948654,0.9518904837528078,0.0024707340533050666,0.00029200369708944513,0.017131576482747164,0.00023830629989582226
1586,6,0.0002639177802235329,0.0014500267505738,0.009849516663674973,0.00014788223665964626,0.0003567522941708373,0.9875876826329991,0.00019736966896301552,0.00014685714854096208
1591,3,0.007583308630891967,0.0026598285380783,0.9693465811077105,0.0026559291482483333,0.008089319941213065,0.005827391151700933,0.0015782435841520473,0.0022594032989244335
1592,6,0.004730132719391301,0.0016968401833229666,0.007009926794789182,0.0009297904736528107,0.0002506344092633275,0.9847053689484214,0.0003131532445153629,0.0003641283742461334
1597,6,0.0059465377672191,0.0046266197284357,0.03526257448987387,0.0003831060795848321,0.00036536456953610797,0.9492242296778812,0.003925555258252867,0.0002660473134999131
1601,6,0.0048183722939389,0.0038079117910300333,0.0004965842768989327,0.000652435240034977,0.0005156459088213667,0.9885383093388597,0.0008521304422882573,0.00031863733835859486
1603,7,0.0025824059667363874,0.0007335102526262665,0.006995282853259353,0.00030106098952419996,0.0014646802499482332,2.4197730228158213e-05,0.9877856416763354,0.0001132207584558139
1604,2,0.00020720922824080397,0.9478671074241047,0.0007558371938397924,0.00017096409659925638,0.0005449825629801667,0.0002698337776792334,0.04980524934258357,0.00037882608433569405
1605,3,0.00028815611697759663,0.00023418799151262454,0.9556846883851371,0.016758894430124367,0.020401621882675535,0.0001794573641009348,0.0009229689773855333,0.005530010480717666
1606,3,0.0016177974137661355,0.0012654586116181317,0.9152099679977419,0.0013757219422846,0.055106487766310434,0.000448099320980443,0.003950261906012833,0.021026230028851334
1612,7,0.0010446986019848332,0.00013483925296233333,0.0003523753463596324,0.0306253238462421,0.00039516137698330004,0.0002540498249332686,0.9619769498022296,0.005216610275936446
1613,4,0.004137254108757633,0.0005224430979639178,0.0011490364738284667,0.8953599189442265,0.002048077566979639,0.0017089482808324318,0.09353705467473267,0.0015372557793446962
1617,3,0.0019045709821576334,0.0001448689919938923,0.9494933064797362,0.0004777984846938,0.0204183684337176,6.2946338839571e-05,0.0049177133433293664,0.02258045677655103
1618,3,0.0009531253351267333,0.0008792223616565332,0.9777496823824823,0.0005510279029263,0.01580613234703977,5.6266348172958834e-05,0.0010568416942181667,0.0029477249443436997
1620,3,0.001650464349855874,0.00039179507063194616,0.970694666548083,0.013046859975180134,0.006609858704263366,0.0026814455600856334,0.003650715047297233,0.0012742019486871221
1623,3,0.00022593455489139857,7.528650076862454e-05,0.9632992415511835,0.0042931239456369666,0.0224693431603056,0.00016922859616975733,0.00020277452532470002,0.009265042653360868
1624,3,0.012601407774412732,0.003639546413213167,0.9586640063383749,0.0013024512500595523,0.0032043282402036,0.018156879334846165,0.000735802951342518,0.0016955904176097474
1625,3,0.00027765444615144224,7.342225637793272e-05,0.9436053393026067,0.0012213984182330667,0.040152506771730205,8.873604669064474e-05,0.00016887912059347602,0.014412097863108667
1627,5,0.0025328117064631144,0.0020813906865276665,0.3953436864160203,0.0023827432304639297,0.48778770939353855,0.0014091986529443706,0.0062016105161474,0.1022608507094519
1628,7,8.157468081049902e-05,3.9621418302532456e-05,0.011724232960515245,0.029085920249650468,0.0019776815784961,7.134035788021477e-05,0.9569101791008624,0.00010946350875594908
1634,3,0.00020789805029393482,0.0001974825823389052,0.9583115130251145,0.002933834488747733,0.03101926140481193,2.7896134416287002e-05,0.0024918346678597,0.004810274277299999
1636,3,0.0006240757930304667,7.379183029287151e-05,0.9905218367767442,0.00036734369344196667,0.0064059920884426335,1.5715111098274167e-05,0.0004723939194010666,0.0015188458040702017
1639,3,0.0014194847776871,0.0006474404360722244,0.9781949879094981,0.0002479429215211,0.012578057887853399,0.00010941496575188799,0.0012710370966166667,0.0055316487012170715
1641,3,0.00037065646648646667,7.058032797584347e-05,0.9629562114699622,8.63638964513113e-05,0.031753401722308235,3.338591002695116e-05,0.0005330298576161334,0.004196382963512634
1643,3,0.000308330217438748,0.00014413616731393235,0.928497510747405,0.0006225992875708,0.0566547666211961,7.366476694798767e-05,0.0010107645299275334,0.012688261317080765
1647,6,0.06087973494534976,0.010191357972761467,0.0004942849579155842,0.00016587034141758166,0.0002231263748580592,0.927301340914121,0.0005437677103184334,0.00020048294531601975
1648,4,0.003045386678775367,0.0001267464121978589,0.004871792953682533,0.9133901487874224,0.0007384050465632667,0.00018877917699912798,0.07667562701895823,0.0009631166595233041
1649,3,0.0038279933311321664,9.317003186053647e-05,0.9334868013964136,0.005774763735347434,0.027577862249835897,0.00015988093285856738,0.020132805731321535,0.008946711401525
1650,3,0.00033331493130453336,0.00013839845241489445,0.9562283637039778,0.0007363712545332999,0.0367568876616056,3.1750365880771324e-05,0.00015846464225988013,0.005616488410456533
1653,6,0.0015641773672512669,0.0001726325554978,0.0009291877662454999,0.0009808525178600699,0.0077790939782519,0.9865858777188435,0.0015458853680338233,0.00044231231618443523
1655,5,0.0005884270246425666,0.0005222229414830282,0.25673882612620064,0.05014778601712297,0.536597056360454,0.00042247831269018327,0.1481922217432945,0.006791011235714
1656,3,0.0006277843396513666,0.00032303639917530096,0.8705728629832722,0.003722150949268567,0.10805441559673594,9.78642031214345e-05,0.0017753895052986333,0.014826477866489602
1657,3,0.0022006216152781334,0.0006534614959658666,0.9837853307545664,0.0003598057008083,0.0086978050452862,0.0002675072748599333,0.00036889975838828615,0.0036665840439597547
1658,5,0.0011397502586677,0.0008840675273303502,0.30740351304521324,0.0021013560199219,0.656008711592463,0.0003707528736360107,0.005043022972972033,0.027048819375435167
1660,3,0.0004471439505342066,0.0008011380280514334,0.9796610249929133,0.0024234905026426,0.0109990461845336,4.427233286213934e-05,0.0002824967198356514,0.005341401308502434
1661,3,0.0006865326626912049,0.00046497615976117047,0.9491809320355351,0.003300640165663067,0.04012882980907023,8.188725913287298e-05,0.0036732756838326,0.0024829602739082084
1662,3,0.0009609480032377666,0.00017755753376136666,0.6133686257514795,0.0009485544208218333,0.37419076234714943,8.701764176632297e-05,0.0005945847756822333,0.009671971643083766
1663,5,0.007400658143045566,0.009998198303264634,0.008297763933636867,0.004821300527221716,0.7579889331080651,0.0021607796569104334,0.056180581975117966,0.15315178484456834
1664,8,0.0004889091456603199,0.0007173837075638,0.3285167466250081,0.00028284885158913334,0.09715383351400224,0.00010668438442652327,0.0004192163285437366,0.5723143805716092
1665,7,0.0026174785626173337,0.0003490313414816881,0.012312574452432667,0.004524535366504867,0.0030354735587219002,0.00017706695367416668,0.9766763796303323,0.00030744503005468004
1667,3,0.0012864685772694332,0.0003939394431635196,0.9810556167994937,0.0002101006046442,0.010776976371844667,9.922044959473333e-05,0.0016426487669893,0.004535043290273862
1668,3,0.0014834263375895333,0.0005481131361351,0.9824026840138486,0.0002404714803785,0.006982966667037832,5.597008651833182e-05,0.0066816126887986995,0.0016047586133985667
1671,6,0.0438792560690195,0.0002603453684500334,0.06039695985295143,0.00025780344490527015,0.0002702197111281632,0.893913984081668,0.0008076272726755601,0.0002138223700157817
1672,2,0.0002331960084802,0.9814162592362905,0.00010462143772167587,6.585141639524289e-05,0.0013519190315986666,0.011653555249196666,0.0033684427844149997,0.0018061464288098665
1673,3,0.0012909516778468666,0.0005192278490841866,0.9883696958169935,0.0010503061669410666,0.0040531247333923,0.00016640599256457331,0.0002895200006467667,0.004260790123735404
1674,3,0.0006583505716394857,0.00016745852246015998,0.9678000047111253,0.00026479799593720005,0.02018083298848707,0.0001053996786081745,0.0004978040224354,0.01032534199206418
1675,3,0.0012494014671533334,0.0007783845030170333,0.8804205084675951,0.00028830152279636667,0.0514110616260067,6.101476420788831e-05,0.06494749564431944,0.0008437979860272385
1678,3,0.0012526996516795668,0.0003305354066344667,0.9201029870912792,0.0002502848764262333,0.05925845003951006,0.00010520329305745023,0.0107392273366462,0.007960611625380667
1679,7,0.00023180079429784212,0.0002051664934104538,0.0711700397911748,0.17804016629745614,0.0017503171183552999,0.00037182890682546746,0.7481339611943608,9.673542779462098e-05
1681,3,0.0001769556374465,5.669393766980345e-05,0.9642822802820459,0.004270160755758333,0.024386295908457565,8.49316325943281e-05,0.00036624193147120004,0.006376421932745639
1682,3,0.0005796243591402333,0.004640205287047467,0.9228388882710741,0.004207378466913267,0.056227735765556765,8.833854652985994e-05,0.0035165498765442472,0.007901305979297066
1684,7,0.0008115748567282267,0.0057902399277169996,0.0040177682128459515,0.000883656365999852,0.06629215184783871,0.0005114740162375015,0.9209790436805244,0.000714094979944061
1686,3,0.0002590651878611075,7.010075612182572e-05,0.9615044773852229,0.0039609289799068335,0.0269128466809975,0.00014944554098000534,0.001364341431893067,0.005778807245778166
1691,6,0.0006440207324055334,0.039133215886463034,0.002326728616099486,0.00014037585292398297,0.00035714824952543336,0.9570986453888448,0.00013316219244997193,0.00016671935947716666
1694,3,0.011662636371137932,0.0029178443046115666,0.9770854139656712,0.0004218601512677666,0.0045229795057826665,0.0016134078122081333,0.0007539303624987667,0.0010219374967960927
1696,3,0.0001781540977602153,8.213500288486769e-05,0.9614499300054807,0.00041142024979686664,0.031460766087911665,2.6828361885464227e-05,0.0006277829195362,0.005762968676918134
1698,3,0.0005595319896863954,0.00019612253166622249,0.9468018129107515,0.0009835726364560333,0.039349514927212864,0.00012542983123809903,0.0012404734265231334,0.010743529267250466
1701,7,0.03243370760470863,0.0017592139400253,0.006620032985145234,0.00042796023947993335,0.0018569060592982989,0.00023297687446823334,0.9563574026291898,0.0003117859560503437
1702,7,0.0003590236526394954,0.000289731002358214,0.0005823112325989301,0.002947666529229134,0.0044277865987871,0.00022628662616262728,0.9904560645916347,0.0007111254989630639
1703,3,0.00030679652632044867,0.00024670919493643815,0.9785607511082587,0.0004825734502854333,0.0136870120766558,4.279835649275926e-05,0.0005545262320444333,0.006118858558208768
1706,3,0.0005271189491358333,9.600473682072661e-05,0.9133787309613924,0.0012069667010328,0.08045131169342436,5.996122443271904e-05,0.0002487778774402,0.004031137990324234
1708,3,0.00017005589973746664,8.849949584251415e-05,0.9806603787052519,0.004174203412657534,0.011779308219137833,6.242970516246073e-05,0.0012080944009063334,0.001857035156042937
1710,3,0.0005290780325468333,0.00010142200940763361,0.9517836274999686,0.0049271655905717,0.0128169157601866,0.00010608044456824593,0.0015487438076312334,0.028186970547764003
1712,3,0.023751735117572503,0.0017846737335532332,0.9254710296139512,0.003654379784115093,0.023276133221595635,0.002979075583369,0.0013190174847467998,0.0177639859310028
1713,3,0.00019040258057518924,0.00011656752192736333,0.9623554347291288,0.0003438793252944,0.018281248417295066,2.9105258486657348e-05,0.0138431028850342,0.004840268624500366
1715,3,0.010401288753070167,0.0018137508297019665,0.9308026823109845,0.011940959087237066,0.0034722542656653844,0.023170151278878,0.015582215420693366,0.0028167025527411683
1718,3,0.0006692436678010417,0.00011658013007185713,0.9686834184801381,0.0008323352419795002,0.018451306600423968,0.00024842676727705,0.0016544351702561667,0.009344239474386234
1719,7,8.704751786339989e-05,5.128035831488409e-05,0.21173341191640893,0.0022047892896386334,0.00018682942752502822,8.451146037393093e-05,0.7855966722042268,5.546218257121625e-05
1720,7,0.0003366540536400762,0.0004103999838682027,0.00794606282908197,0.004978267473478267,0.0035370069950108472,0.0002675578285050022,0.9822646220211831,0.00025943978954884566
1721,3,0.0034168028802078333,9.893159274612869e-05,0.9467591926708415,0.0006723754429065667,0.03671064785284097,8.85149907434937e-05,0.003955798453593233,0.008297732463684466
1722,7,0.004026682020135452,0.002275601955389879,0.036683859751800996,0.03963014581921023,0.01178472976526748,0.0018647838968246285,0.9003590475361815,0.003375146857510244
1731,7,6.580218481878361e-05,0.0002178274539732667,0.0028223578026741855,0.0005243707548633333,0.02922667425248067,0.0001631663420762593,0.9668714211335319,0.00010841090959195923
1733,3,0.000854300405122879,0.00024597910924779024,0.9556594081581368,0.001967840498562833,0.021970256408731934,0.0003598532943936395,0.0016483288803788387,0.017294030814308952
1735,2,0.0036916127269021,0.9262789745162263,0.0009240088337870338,0.0020066815003782373,0.018227167515801668,0.0020486615140180514,0.045156823939088264,0.0016660804774428141
1736,8,0.0012491982590645987,0.0008027359346365667,0.37097700132373257,0.0006274177460075667,0.0802332598358053,0.00027714497913174346,0.0007817602829315334,0.5450514892904675
1739,6,0.0005500482483617334,0.00023139797092593334,0.055046747019082465,0.00012897229087362663,0.00014894374579537602,0.9436307183032575,0.0001192492179541881,0.00014392686206092132
1740,3,0.000333348766275709,0.0001606407236060538,0.919277445956504,0.0043357334516662335,0.06026416850251912,0.00013358112348850173,0.0017191366152791334,0.0137759467231583
1741,3,0.00023413733947695893,8.252416909118474e-05,0.9721956961897735,0.00044237197825469995,0.02068265524713153,4.353489515297645e-05,0.0012627089649296,0.005056392549073609
1742,3,0.00010773275268805272,0.0001498732024402,0.9559785810543969,0.0015610463282189,0.031181909695926335,4.4875385213917506e-05,0.004921824580481966,0.0060541887256500004
1750,5,0.0013323604482454,0.0006549309231116744,0.2693201926312786,0.0440385237428754,0.3707730230790458,0.00026608520140045187,0.3098511737030303,0.0037636885923120335
1752,6,0.0015604073831609665,0.0019568007279774998,0.00878844757501886,0.00031126643407663335,0.0002240702939018729,0.9867048723198009,0.00020958129714786463,0.00024453242639186663
1754,3,0.00018186028034382874,0.00010612449676653285,0.9553509067879015,0.0012916958095644,0.030858903121311065,6.457308376007856e-05,0.0013753005105401667,0.010770633822482866
1755,4,0.00031510096417916664,8.448728635502211e-05,0.005386929683947266,0.983711866999946,0.002075743009642333,0.0009131614279316034,0.007188737990938567,0.0003239619871619961
1759,3,0.0010750483629024333,0.000544772930703248,0.985152067340704,0.0009535762264187,0.006252233349939333,0.00013765252190596,0.0039623851267515,0.0019222602074237944
1763,3,0.0009278648504157666,0.00022800829716323331,0.9558130436700297,0.00024064403620423333,0.009481549579119399,2.5150980334009837e-05,0.03259275333660357,0.0006909902607338418
1766,3,0.0016968814477103333,0.0014780608961125336,0.96462428021669,0.001000410082438,0.022842363330713,0.00010132015638788177,0.0006745119677734001,0.007582191294841366
1775,3,0.0010218883027928666,0.0004262470236662729,0.988525484319218,0.0008794455086534001,0.005056719026200767,0.00011496698792802333,0.0009927465517260332,0.0029825013408249015
1776,3,0.0015972620181299666,0.0007477959152786667,0.9789011968159865,0.0001833497796148333,0.008477892568754032,0.00011061931105858005,0.0006633430968892667,0.009318556310454341
1777,6,0.005111647391144967,0.007076180633417166,0.000342356491181417,0.00023447050855420547,0.007764448953415666,0.9788656116290838,0.00025450241787339386,0.00035076419371840004
1782,2,0.008773580697964233,0.8739299373047028,0.001499312168501801,0.0022443611878399483,0.002552536792905589,0.0034965751291177335,0.10586044454531268,0.0016432346941547499
1785,7,0.0269317951446091,0.005890688161748667,0.0012821280332225968,0.00025703905112941914,0.000904873604547772,0.00020582199773268666,0.9641921482618959,0.00033548972556649053
1786,3,0.0005297676107365875,0.00021360599274069798,0.8926637834021819,0.0017147727666454334,0.07026058543103436,0.0002274691722025168,0.0015018840662184205,0.032888131578009266
1788,3,0.0009115123484222668,0.0013485162536288002,0.9218204877467029,0.0013998311013862003,0.020359740380483066,0.00011926121033034413,0.0532114703201766,0.0008291911350761282
1789,3,0.00018720868125037763,7.023086164663633e-05,0.9542212317169098,0.0009874110391217335,0.0355236103753688,2.4231314459805982e-05,0.0033838046661131336,0.0056022251174663
1791,2,0.00042410198720766666,0.8707125856088641,0.00014242910300844668,0.0002761986758590341,0.006987953727279666,0.0001925413773653746,0.12087881678601432,0.0003853700529146046
1797,3,0.025290741035557767,5.650627844441889e-05,0.9414888549450083,0.00017304930455316666,0.0153540653593532,1.2745476083020262e-05,0.015110241231864366,0.0025137981635207666
1798,3,0.0007114838983974,0.0005594076479021999,0.9867341512015094,0.0019071972988504333,0.007895392968652501,0.0005302088806727,0.0007456057549978332,0.0009165572294174334
1800,4,0.0007573727485100334,9.922897692395947e-05,0.09503076119202791,0.8702686528460865,0.0014419241407249333,0.00030401398834648945,0.03149275980230516,0.0006052835710227419
1801,7,0.005581375853512534,0.00039611007503810125,0.02294405557249311,0.03194950088928513,0.005440308100939167,0.00021778836079763646,0.9331853626475431,0.00028547678401513206
1805,7,0.006720756868736366,0.003313903378462333,0.0011431512528801108,0.0026886215551597662,0.006617326849405814,0.0020978559241378292,0.9744525845715656,0.00296581089158764
1808,7,0.00020088689056524094,0.00015949472435217846,0.027470355225559396,0.32376282135116335,0.0024170903244048665,0.00020958392972217528,0.6455865900921484,0.00019317889815207505
1809,3,0.02964298345858597,0.00010312278362876553,0.9434118485193507,0.00029106831799126663,0.015222609374604866,5.2396471867046485e-05,0.0039346866566321,0.0073413188645241
1810,5,0.0021025919366676736,0.003738417226019867,0.38365661874046836,0.0013625610575593436,0.3963438448801388,0.0009880523549516608,0.0097656076794353,0.20204230554789557
1811,3,0.002264440444217367,0.0003421197946749667,0.7904706706165777,0.0003635731986589667,0.16319293489980188,2.5027671436464045e-05,0.040642961900368,0.002698303263394583
1813,3,0.0007080298942969667,0.0005530449406511833,0.8966609052070403,0.0005279051082807158,0.06860398154459987,0.00020840011121941188,0.026039107887077667,0.006698604963559362
1814,3,0.0008889242101995,0.0001752254711212,0.8982419723723384,0.0004118172350206333,0.0809436438454409,0.000147383903971042,0.0008705087719273409,0.0183205481827035
1819,3,0.00019579679049309997,6.509200455432958e-05,0.889231747898397,0.0018002889385067,0.08807894344137569,6.986225307259371e-05,0.0006067875342311,0.019951493473377935
1820,3,0.0004882964418700884,0.0001244698650998185,0.9630108139625774,0.0008707245320362,0.0268306830632216,4.356418936385509e-05,0.0027320962202927335,0.005899373469107167
1821,7,0.0010466397207387237,0.0015246158313915335,0.05742777328650129,0.0007645891860545,0.003283469601541271,0.0002855488697890998,0.9351053877948705,0.0005619658695203405
1822,3,0.0010700996105666763,0.0010411865945751666,0.9365436831820593,0.00014537335407773387,0.0472486392947824,0.00010064812904452274,0.0017314831079450331,0.0121188735456458
1826,6,0.00982462191826101,0.037351550041416534,0.005208895030461822,0.0022071747149183638,0.002134614058454791,0.9348889349441135,0.006788861823379334,0.0015953694193458403
1827,6,0.003673907108808,0.4355936431196259,0.04968280722389856,0.00040444540886776806,0.0006574672541415999,0.5051451403603244,0.004468292187247567,0.0003743319032393564
1828,3,0.003564395164498,0.00024968765254263333,0.9879766588784125,0.0017517384346730335,0.0013602869988303,0.0014179525647259664,0.0025574139152892334,0.001121842855605629
1831,7,0.0017409214290391333,0.023918465568080038,0.00041419492654369805,0.0005352159409977461,0.004389445504589466,0.0005729829511015233,0.9672553584423406,0.0011734240759480124
1834,6,0.00014567934919453335,0.00026055249133518217,0.024961743801787353,0.00016712247395369562,0.0003865032560232855,0.9738259324901941,9.609403778768339e-05,0.00015637749003568306
1836,3,0.0001810499590631313,5.00446318998782e-05,0.9427474039641686,0.0036015043758727667,0.03891723534344473,7.512669029540834e-05,0.002292933475032667,0.012134711584862866
1837,3,0.00043570261939006663,7.759310584557878e-05,0.9585149362795274,0.006414835679926766,0.022763272144991867,0.00010866819135958098,0.0006629510364829333,0.011022043877623325
1839,3,0.0009528498308459666,0.00017411119408846667,0.9855405761669589,0.00010453923046159498,0.009668232336960066,3.146626714819131e-05,0.0008703336800987333,0.0026578678757604997
1840,3,0.0005136158035194666,0.00028484840674681335,0.9669071988668604,0.00015842641801974358,0.024642079626117062,2.878886119584159e-05,0.0030585601868432667,0.004406521451873949
1844,4,0.027286554158246632,0.0015685622562347826,0.031923196440744504,0.876911112425481,0.014916225170584767,0.00036511939448517793,0.042819755796999336,0.004209459435531034
1851,3,0.0002745386409560481,7.34762431900022e-05,0.9829130164068132,0.0016539204288176332,0.008830522234585666,0.00014878190486101732,0.0001724451673883,0.0059332894382931
1856,3,0.0004912683161764994,0.0004686300956795667,0.9910838347806354,0.0004749295756495666,0.003204551163394267,3.747222373253528e-05,0.003222422171757,0.0010168803365165511
1858,3,0.0006333651558334,0.00017161310274946666,0.6664988395596328,0.029261891823191166,0.1700754153011714,0.00012986768115783002,0.0002123718466743238,0.13301661529978556
1861,3,0.00044991782634279994,0.000114520294928445,0.9731817125433802,0.0012817071577882,0.022156529543941136,2.7483793864077144e-05,0.00019340108908466743,0.0025947353955102
1862,3,0.0013595483712145666,0.00028587036886399336,0.9303985613071718,0.0003193996404196666,0.05350006276185307,0.00015934482332046978,0.0009374357413099613,0.0130397738031562
1863,4,0.000135649599312981,4.567952114166093e-05,0.009251546354529334,0.9608548805776166,0.006089447664674733,0.00011066643690533179,0.023374649496986904,0.00013746056564827667
1865,3,0.009578775985353066,0.0015022836816495667,0.9536538808617617,0.00017404144290255298,0.026000827898432666,0.0001975418204476267,0.0025718464210789,0.006320832741584156
1867,8,0.0005069582398837062,0.00037127333474343337,0.3461369311645479,0.0021030037128393,0.15132206732559841,0.00015697537569761037,0.0007030632568997791,0.4986997115778848
1868,3,0.00035997686661195486,0.0001554011049953744,0.9695384891869754,0.0001583013259045,0.019072495085470532,0.00010674538763424295,0.0009686087588169665,0.0096399677302347
1869,6,0.003816657073180367,0.007734588027260833,0.00028960683840027936,0.00028387687551547876,0.0007968874434327,0.9863012191432085,0.0005325845136030283,0.0002446101408997923
1871,3,0.001803565814879,0.0006092681719287,0.9822730812287893,0.0003111264418706667,0.0104358164856865,0.00021409951587143336,0.0007109649059563908,0.003642037488782494
1874,3,0.0016793651765407,0.0031691285617885,0.9826996573088901,0.00016254992035522948,0.009562620144460033,8.646653612503332e-05,0.0012083813883782665,0.0014318006287418333
1875,3,0.0011856300636382334,0.00024355265518543047,0.9569533886579182,0.00035012804737403336,0.0253242649867994,0.00015230876610011895,0.0016365707610361,0.0141541640767357
1876,3,0.0008028100111090666,0.0004174186039982666,0.8827613468367222,0.00019080962413629227,0.08959853764118998,0.00016529338501028318,0.0020032446160091664,0.02406053742319093
1879,6,0.0045989834758723,0.0002514073826095,0.00030149866837373335,0.00021058337221562177,0.0085968475016817,0.9854828289470886,0.0003530142766886666,0.00020482933744181628
1880,3,0.00028348844061112347,8.262591257930724e-05,0.9520732900320112,0.008078554787589466,0.031798730948448234,0.00013318353784251875,0.0003889146054483,0.0071612200316172004
1882,3,0.0013275963135393335,0.0007182564992187333,0.9840694304612909,0.00012888603708099687,0.008096702930591667,9.306879606716668e-05,0.0007254341772337999,0.004840626619212714
1885,7,0.0005332699006619667,0.0026690365172923666,0.09328163357637857,0.0032276567708777334,0.016709250823412267,0.00022249519636289433,0.882504326764853,0.0008523278368508053
1886,3,0.0017558559252502648,0.0032445271273308335,0.9667999958046796,0.00032101579311413634,0.012035629483011666,0.00018219517110209998,0.014260853095588935,0.0013999202945976542
1887,3,0.0008412098213317333,0.0031012535756518,0.36159698784418176,0.00026304978146328607,0.34126085429918956,0.00015472851444782836,0.0008302647853409751,0.2919516463086078
1888,7,0.011142130758233499,0.0005259809732368,0.0018687787692079898,0.0014694549615702334,0.009538190753332567,0.00011074721966530332,0.9707443976365182,0.004600307028720321
1893,3,0.0005711832675842999,0.0001822614408926602,0.9672253536290046,0.008318741979621099,0.016786351237376537,0.00023055038071979366,0.0014559166183709664,0.005229618624835396
1894,3,0.0009753600015015001,0.00047720001450636665,0.9717337258118014,0.002831932934177533,0.012287367373888332,5.705767775912771e-05,0.00021599394660946666,0.0114213703377301
1897,3,0.0005144428571862,0.00011754355169377234,0.976687450173351,0.00011089940433732885,0.016684509528835965,3.0673927485991894e-05,0.002105985831106667,0.003748511495233284
1898,6,0.0028931624648797665,0.00019430034464956668,0.1565515112594926,0.0003693920572128385,0.00034206558536810095,0.83873271203923,0.0006508145036458395,0.0002660541074729806
1900,1,0.8878185994243605,0.011060656371015965,0.007594972700800467,0.0013985474355122972,0.002951242765685567,0.08316030501410474,0.004764247899840201,0.0012514302872547436
1901,3,0.0012284112211528335,0.0012926058701269335,0.9434607498348164,5.58411532045447e-05,0.0474537629975309,5.884900152819414e-05,0.00146554382283971,0.004984227905677033
1902,3,0.0005813157118732793,0.00031907801513165763,0.9720270916288811,0.0003932596345029,0.0160808357240932,0.00012853787222404873,0.0009283450689295134,0.00954155569171622
1903,6,0.00020915097003853332,0.00043168416495313334,0.11379423285415613,0.00020891189058894018,0.0002664667488523667,0.8846753338694926,0.00020985627315292545,0.00020436706099809544
1905,3,0.0011884313333570334,0.00021578083052133332,0.9570784080058833,7.861280292183334e-05,0.03507403613226246,8.056509972909792e-05,0.0014079134522301,0.0048762642736726
1906,7,0.0016483714625677333,0.0004963334128491083,0.0020669292967751655,0.0830911734642097,0.0033725452009275235,0.00047282698781249156,0.9073983343715911,0.0014534707547483822
1909,6,0.005090822557449066,0.0044659159007789,0.00032028412783736596,0.00021122770613942314,0.0008342812629092332,0.9887110519496938,0.00021568210871488922,0.00015074276638484574
1911,7,0.0014868404826620665,0.00033402750429485347,0.08121579110589187,0.17772515739919795,0.0032219919124947,0.00024550108335537275,0.7355922516827631,0.00017843694633683105
1912,7,0.041193408112831634,0.2475133661329505,0.00013072412625479192,0.0002449195040499799,0.0008411126587511667,0.00017845211053066075,0.709523682475572,0.0003743599645671375
1913,3,0.0008910191799285334,0.0005988256505367667,0.9879218281742389,0.0006124414347722666,0.008032390879828334,5.5914598227529675e-05,0.0010249922986885999,0.0008625759980789524
1915,2,0.0019339649750023105,0.9559364382773374,0.00039998990944756647,0.00023464999205048673,0.0015602021225879666,0.00135007715593,0.03320798211218807,0.005376707122947505
1918,4,0.039226927300618594,0.00014543540975770205,0.32307255432644383,0.6168464179511314,0.0009536587673546667,0.0001576897809568425,0.019360813057444835,0.0002364968696087
1923,3,0.0008012220587528333,0.0009590304142273767,0.7782553917563666,0.011974426981901765,0.03197981485126437,0.00028784510280643346,0.1741854971190054,0.0015567781896503334
1924,6,0.00019106817367498487,0.00016432664689016848,0.04441446865163746,0.00021579032882300397,0.0002580745776730901,0.9542644680840393,0.00029975423709303336,0.00019207236720451883
1927,3,0.0020438288219077664,0.00032946230234115,0.9685826939751302,0.004421257996131033,0.007291014076192995,0.0014583190134304666,0.0018960008728490998,0.013977418684831532
1928,3,0.0005695568553214368,0.00044222823754138106,0.9817040806707125,0.0023957682538729,0.010735036529122867,5.654784138084244e-05,0.0027328588597945003,0.0013639204478509295
1930,3,0.0012292524392945668,0.00034759347652076663,0.9162477200680169,0.00025224265998193446,0.06502400778591673,0.00013260955564952604,0.001400639544602,0.015365946890032367
1932,7,0.00026064297579403027,0.0003350385590758,0.09797572197081923,0.004666181057196667,0.004000560411115334,0.00018994739143731213,0.892238324292974,0.0003335669336138605
1933,3,0.0004457599534606982,0.0004978374999733069,0.9741275538121589,0.0042798711670832676,0.01691413372276797,5.484096145549501e-05,0.0010194413474971667,0.002660562860238118
1934,7,0.0016729191012646,0.00014910872352096806,0.0343380416441944,0.4764493411741327,0.0009334953081986333,0.0001960684834401629,0.486033390636979,0.0002276399074238883
1940,3,0.004177626455876466,0.0009266230265083,0.5515041400322259,0.0022496700999925998,0.3995594982993987,0.0015051290399227,0.0234775619984148,0.016599754856493634
1941,7,0.033330475497431934,0.010615533788926532,0.008306473280299166,0.0003176105288177333,0.0014409117442808668,0.00010226663418180916,0.9457405440810778,0.00014621462459372104
1943,3,0.004437840361361714,0.0006012594873730334,0.9782429595907418,0.0013178401467644999,0.008248521435782367,0.004647614465160766,0.0003998675942501028,0.002104117993990549
1944,3,0.0015595844197262513,0.0005392883576512334,0.9830345340105238,0.00018195809741069685,0.009234011528730766,0.00019698036024536666,0.0012212963369145,0.004032381198580133
1946,3,0.0005247100345856,0.00013152001026791332,0.9710556308177423,9.052189698022192e-05,0.022000918802579938,2.7638662448919103e-05,0.0042505137475451,0.0019185612310303006
1949,5,0.0010672543556171667,0.000776064794919725,0.20129577623375391,0.018451172478919167,0.7199929556224437,0.0007323267120800289,0.0030719906633934666,0.05461243798316567
1953,3,0.00028013755110870556,0.0002492492595465667,0.9779787777036311,0.0007628483076723666,0.011709667443885232,2.5031831594669965e-05,0.0048915978372711,0.004102693594235767
1954,6,0.0008823699843246666,0.011827827708503299,0.002444503567040767,0.00022354650102708517,0.005573086807786366,0.9784747214244605,0.00037661352423444696,0.00019733519097736864
1956,6,0.054499529302006876,0.003538690201483733,0.0018806125133062404,0.0014294161871270857,0.0014716625741320669,0.9352804562852174,0.0013452207341914334,0.0005544356805453711
1958,3,0.0002149452114485425,8.382245685739939e-05,0.9546816197590912,0.0012936798954175665,0.0383863028496905,2.3910081047066102e-05,0.00017136960911832703,0.005144328918294733
1960,3,0.0020700771774691666,0.0011157547275356334,0.9652304492430198,0.00019543889216289668,0.0178741839778545,9.673608289262706e-05,0.0007060429234292667,0.012711277338922468
1962,5,0.0018205458379060137,0.0002644543842906,0.3134147970964424,0.00037685832901263337,0.6525210371061875,0.00022561914126137582,0.0008533047131593418,0.030523358195486502
1967,3,0.00012897837826273333,5.090421986215214e-05,0.9791447970708664,0.0028427278465130664,0.013242895614353533,6.733169889273143e-05,0.0009440518003639332,0.0035783010637852977
1968,7,0.0014990032083148,0.00042293295058195153,0.00047103141466827,0.15425106571096966,0.003087483031282537,0.0003615661622072244,0.8387327131967747,0.00117420110561117
1975,6,0.0004121249085181766,0.0003274664969673666,0.0903042195078604,0.000494783776218741,0.0049410270008335465,0.9018228228000026,0.0013578222237635865,0.0003397087930196242
1976,3,0.0011764374196447712,0.00029506225449711003,0.9209593061776763,0.0005594731300478,0.05484148661675794,0.00024479036340178847,0.008771211186221201,0.013152217992580774
1979,3,0.007848119640226156,0.0015378482949852668,0.8717240327992869,0.015232344194588835,0.0094396035218314,0.08402386080301029,0.0025707153700827334,0.007623490361921666
1982,3,0.000845141732387244,0.000480405137755632,0.852267075596353,0.00021541921996497557,0.12240669658760484,0.0001938727688660185,0.0037579344508494334,0.019833443086144
1983,7,0.00014893838456031666,7.206805988971487e-05,0.009879517344331328,0.026041914700357868,0.00025211300026995354,8.750518430624946e-05,0.9633267999791083,0.00019114050349776685
1986,7,0.004013457725318966,0.0007331065106275001,0.0005915380822687223,0.09671667481605417,0.005789214961306989,0.0004544994860397989,0.8910878586958728,0.000613641701483009
1991,3,0.00025319056433359427,0.00020240818493830813,0.8672587608492065,0.022211287939445698,0.08272755044481803,0.00019034559087361322,0.0020829535668746998,0.025073509160352305
1993,3,0.0008209962533092999,0.0002894774135638914,0.954239226810329,0.0002659127983439767,0.031761876164292165,9.819798259967398e-05,0.0013244690478603,0.011199844400344654
1994,7,0.0298236156623521,0.2941031480923483,0.0003485820430992684,0.0004954585521160254,0.0006935703518682334,0.0005550268133317666,0.673328949379658,0.0006516252048940816
1996,3,0.00041367502776470006,0.00010601413408913702,0.9598870668425334,0.00022202391991486665,0.0294300109158618,3.320645767081725e-05,0.0006367696041840666,0.009271245071486694
1997,2,0.38062810628100663,0.3862976379915881,0.01033120679436275,0.0030419307501071014,0.07440947502900684,0.13067473833077783,0.011818611939161514,0.0027982965504143704
1999,3,0.00037532537293583334,0.00014490045887184376,0.9794511207027368,0.0037004559350080663,0.011608901933301233,9.35442844023042e-05,0.0005825987454925333,0.004043151710994269
2001,6,0.00201568777316541,0.013553706714492367,0.0673541472133658,0.0003261654380228341,0.0005565409440753333,0.9151807112849636,0.0006452658723510127,0.00036776293548026963
2003,3,0.0039669257379800335,0.0005036780422650333,0.9535977199856823,0.014308151046881969,0.0166391302971014,0.0011140904011689332,0.007597214441784733,0.0022730486939796304
2005,6,0.008723653789172366,0.0027707342231965333,0.0012677238538622824,0.0005361292456507396,0.0006467496015113667,0.9820666196289222,0.0035318204684607,0.0004565790849011913
2006,7,0.0009821795655615675,0.0004257694213192489,0.08986691955655629,8.706609251285718e-05,0.004541910846706514,0.00013498440284908023,0.9031060519703056,0.0008551188442555117
2011,3,0.0008979730463122999,0.0002548020864807,0.9749237148474262,0.0020738427537021,0.015184987841219168,0.0005088196438998334,0.0006217572215491167,0.005534104999581767
2012,6,0.07043754881583336,0.00012445730446622512,0.031809685038412354,0.00027138803668099874,0.0002198538434095513,0.8961594652049732,0.0007929745487215001,0.0001846121983888784
2015,6,0.0016642446016913004,0.0016420627359159336,0.017703566330210835,0.00018951592376227679,0.0003596262180846667,0.9780271972157942,0.00022868595072036667,0.00018510368582456082
2020,3,0.002929356476126233,0.0004894905267400286,0.9884101908241637,0.0008957969708692999,0.002192158425539,0.00011205616245106668,0.0022576729825887,0.0027132542398298
2022,3,0.0005866045943766138,9.805479448915163e-05,0.9292845837315431,0.00038969231966273337,0.0584918926769575,0.00020536070793666667,0.001016341432682445,0.009927457817755208
2025,6,0.005934063556966333,0.0014844846459615665,0.06736253537768351,0.00024289608681834604,0.00022263725302100912,0.9242831159631155,0.00027556838248022123,0.00019469145126635055
2027,3,0.0010389336801943667,0.00043141805832243004,0.9360497753345292,9.756049518364086e-05,0.04778177031582243,5.7105182265126606e-05,0.0030246177675702667,0.011518763443888816
2029,6,0.0252371514773758,0.0005216908284337334,0.00024201109238425239,0.0013401591022712733,0.0024186308976422,0.9696820157342816,0.0003404047894562414,0.00021792081243746008
2031,3,0.00015951479630857459,8.553657375592541e-05,0.9651235078084722,0.0019186234365774334,0.019899086733946435,6.307745542162703e-05,0.006561428404252133,0.006189201471435233
2033,6,0.0016514601057704666,0.00033615697549723334,0.13408651845021977,0.00015692848749653644,0.00015845472381733843,0.8633235101693502,0.00013907705937976197,0.00014787027210199442
2034,3,0.005648630117189367,0.0020232341688566336,0.9877375359335168,0.0003152153366800815,0.0011714154605746332,0.0003027112139922333,0.0020985052506700334,0.000702767193427247
2035,5,0.006587222470979734,0.12903462662483298,0.0021308185560231,0.0020787735436922847,0.5261026222487103,0.0014617654231424,0.3202712316322141,0.012332937541225468
2036,7,0.0024134629418104997,0.0001717318148985581,0.0178723312401336,0.040700565705800905,0.0034181377942808337,9.702632885753225e-05,0.9350513427873763,0.00027540607122242706
2038,3,0.00015324589227213868,5.2118004615956094e-05,0.9234597949196458,0.006234178139977634,0.0603456038615027,9.79154309139116e-05,0.0001239366563583999,0.009533212375972667
2041,2,0.0025836057506545334,0.8139299433393306,0.0005660220788551172,0.0003526988571688357,0.000548826443316512,0.0014172532792534,0.17808244490180067,0.0025192096549455315
2043,3,0.0037516212047127,0.0007714747430774306,0.9013653218060611,0.0005060055179684999,0.0791432334774188,0.0003826348673239242,0.0034649329172749665,0.010614811616939633
2050,3,0.0216394763719374,0.00020457372329158344,0.9167540005548425,0.0010097139063291,0.046246828178074934,0.0001109299911235519,0.0020097365615259002,0.012024742464554067
2051,3,0.00022293360850502418,0.00011009730730868368,0.9412980053791452,0.0020953776837932666,0.0443090422796496,4.784356101119929e-05,0.0014767802264846334,0.010439888960666934
2054,7,0.0004588242957541334,0.0003041130297057894,0.01932254051747036,0.014953696790290164,0.005244029271773167,0.00013732390504829752,0.9594099539468179,0.000169500260201922
2055,6,0.21908374521720633,0.00025009553571923333,0.0006413301223953966,0.00020272883095989462,0.0002775715166875667,0.7781200951702824,0.0012358724191030334,0.0001885601996719714
2057,7,0.00035667487956826666,0.0003194332311738667,0.0080066228079073,0.035847318574064264,0.03486282457068047,9.368927469850066e-05,0.9203913512969236,0.00012206678830602
2059,3,0.00028619365627257986,0.00010080640514136667,0.9802665499905041,0.0002014557104943,0.015413953097731132,1.7340838852929187e-05,0.0010585110614442,0.0026551852668232
2061,4,0.0009665495317220667,0.0014252463521677546,0.05759740799418526,0.8123160986827216,0.013350980045867433,0.0010285842621970956,0.1115293377695512,0.0017857860208873666
2063,7,0.005377098272499011,0.0007598948125154334,0.000500140986405043,3.29874749368944e-05,0.0005730899217092333,0.00012155015307096991,0.9925811882521035,5.4059160346296806e-05
2066,3,0.0009486711171251876,0.0005700593266238333,0.9790362245339203,0.011279280119925267,0.0018129111044011333,0.0028151773320299004,0.0012626618652975,0.002275008822661279
2069,3,0.001516830485672533,0.00033807192660554333,0.9728073510704336,0.0001020554499551794,0.019274681869951467,4.3795343817987945e-05,0.0013625169205271,0.004554722611961707
2070,1,0.829335981304348,0.009881540513027634,0.01254731504529289,0.004833070135369569,0.0832318163153678,0.020850779135554068,0.02807034612616434,0.011249140952846836
2072,3,0.00040066713534165683,0.0001950580556548518,0.9800916629199667,0.0027140699257870997,0.012056386655823065,0.00018840928759808668,0.0012319729092686333,0.0031217355249067
2074,3,0.0002541762456092298,0.00015675036981001666,0.9785842657617625,6.975405719677973e-05,0.016785821883631733,1.908597742049384e-05,0.001674784947955767,0.0024553463224993273
2078,7,0.024253009786038237,0.2231465186236451,0.0023022769923898,0.00010594103738276666,0.12645285015702723,3.7941690115341326e-05,0.6236479932193585,5.350475590126225e-05
2080,3,0.0257040092137357,0.00017663102871321953,0.9366351320641803,0.0005703548653281667,0.023203637341780867,7.248810842869224e-05,0.0037441121957729005,0.0098936114762138
2082,3,0.00015977273523086667,4.9155851469815065e-05,0.9605477973440378,0.0038074843720512334,0.0290413764558756,5.482270665537327e-05,0.0005131402168306333,0.005826476152650364
2094,5,0.0022619507859311335,0.0017970395219053666,0.021478020974298736,0.001571576253349017,0.8959174698133162,0.000954272264328082,0.02059890745266973,0.05542078334040446
2095,3,0.006704582976619034,0.013786705668839156,0.9618575943954984,0.00021036927866343683,0.0082207614932634,0.0005712327476760001,0.0064083060694891,0.0022404418730695456
2096,3,0.002575859132683667,0.0001949755107152596,0.973415074864849,0.0004107326118544333,0.016129057941981932,7.81969376346945e-05,0.0006370716020284334,0.0065590342477708655
2105,6,0.008269524135896733,0.0020561672342823026,0.013429242053657364,0.0002673843040794251,0.0002280873946529581,0.9753978432586102,0.00016911136673684155,0.00018265673188142453
2108,3,0.00028073437129286666,0.000351706545805,0.9144414377764246,0.0008636513130572465,0.06441049746339032,4.4351292660322255e-05,0.006279099248278366,0.013328521260150166
2111,6,0.13077913497027696,0.00038538963908229997,0.010119402765637268,0.000929027481684936,0.0005026439665223055,0.8558517235510349,0.0009984235453503094,0.00043425016911136674
2114,3,0.00021146647521279427,8.64219087750164e-05,0.9586524988412205,0.0004748138240865,0.028176775998059733,9.22250600729227e-05,0.0009028792669974334,0.011402932816170393
2115,3,0.0026899436674664,0.0021161530603177334,0.9737459745868331,0.0007275470334777999,0.007389212681340233,0.0003621260825954,0.010736151170713167,0.002232858620241525
2118,3,0.0012683210777489778,0.0004981967707794,0.8416641197790118,0.0023462742807534,0.0695638885936115,0.00038086125647753135,0.067356070894001,0.0169222537592666
2119,2,0.037536687233247136,0.8980002879245476,0.009209022742054367,0.0008255354827223713,0.0031988038175256336,0.04461597388486054,0.005094195915927034,0.0015195055222517741
2120,3,0.00030125439081727344,0.00013591070080907843,0.9572945516942745,0.0014962074921559335,0.0330397771651429,3.374902029580442e-05,0.0011893810156638335,0.0065091898619648
2128,3,9.14459751279095e-05,5.97570815329085e-05,0.9510249292538439,0.0058961835034798335,0.0326104616243031,5.615667142566867e-05,0.0013348156470992332,0.008926243826581633
2130,6,0.0005592646785891668,0.000165443431290454,0.058007549351977716,0.00018310060091446853,0.00016244567014277354,0.9405961535661221,0.00018309341215291437,0.0001429581780720485
2132,2,0.0039080443819815,0.9501392668970321,0.0008639364667210629,0.0016897330256829895,0.0035638814366644664,0.0016637395834019945,0.03684980477561373,0.0013215934752724492
2133,7,0.0005313981939850333,0.09084737182965937,0.0002607827457340067,0.0001737803475605213,0.022171570305298968,8.424093194577101e-05,0.8856683270371688,0.00026252026223932257
2134,3,0.0009166822715390667,0.00021513416178725998,0.9466993302277157,0.0007876378588634667,0.03747924037560233,9.112774767280377e-05,0.0006028739882679997,0.013208010114918067
2138,7,8.098904192285301e-05,0.0080328214375314,0.0024530292212131604,0.0004779892647506667,0.0014301693742674332,9.636999726845203e-05,0.9859939974467045,0.0014346367389184963
2139,5,0.0077737729844798665,0.010655067817062,0.031307426199676934,0.005904543761912159,0.8003934072219078,0.0035115087505792897,0.010776476777461371,0.12967781441930176
2142,3,0.0003621002869553334,7.65445763084376e-05,0.9548384353883125,0.0002998725740934333,0.03617207286853097,4.761865335836247e-05,0.0004014147234403667,0.0078019397250272
2143,3,0.0004714101717483334,0.00046481342697969044,0.9251397351604146,0.00092376530273745,0.05559737357946723,0.00010518065280331819,0.0011576086764668284,0.01614010139366383
2144,4,0.0002364933452657,0.0001542237640844136,0.09623982584434164,0.8955449107293517,0.000744319194727912,0.000577694154446866,0.003733841471461167,0.0027686978107456773
2146,6,0.0032591866523267333,0.030931491409951595,0.029821191591703895,0.0003414608375298836,0.0005137883442626391,0.9308017812586883,0.003976636921686733,0.00035446284950573615
2148,6,0.0007491092165879,3.71697056340659e-05,0.003251123950801467,0.0001909407602955206,0.0003854009146901267,0.9950905627588615,0.0001496792267624667,0.00014603596440750254
2149,3,0.0003423254184289333,0.0001802945721378113,0.9798639701103532,0.0003903630954057333,0.014953251941728267,3.288057673964972e-05,0.0008287303525628,0.0034081778888973816
2151,3,0.0031870660330574336,0.009950833589638467,0.8165878568253048,0.0009952565206381666,0.048010140293215674,0.0003283331204426666,0.11902192332456762,0.0019186137196582989
2152,3,0.0009213844540527334,0.00021371895102949997,0.9357159743589532,0.05443708583385399,0.0056750530310651,0.0007233942674889667,0.0006802406185270333,0.0016331406483092003
2153,3,0.004637482491762267,0.0004028192681940464,0.9678322986062479,0.007342681207461967,0.007165091711376247,0.0013540292133313034,0.0008454102094646666,0.010420198269144974
2154,7,0.008271877648934034,0.0029406567401346335,0.26238477419130735,0.0016224149756012666,0.004218838826198466,4.85361306106514e-05,0.7200743961662383,0.00043850788044196666
2155,3,0.00030543796859250333,0.00014065299124903642,0.950083775077858,0.00042080596258768996,0.039444232733006235,6.619485889852252e-05,0.0003536830889453324,0.009185210987003584
2158,7,0.0011905358392955334,0.00035505144827592343,0.16612467499897784,0.021705347481452298,0.00726165513364692,0.00012856594016783846,0.8025736165088139,0.0006605503363149996
2159,5,0.00037162093727667974,0.0007917459101013333,0.18685396517372563,0.004675136338286939,0.7508601467693002,0.00030062489022967463,0.026132176404747662,0.030014578519419563
2160,6,0.09065548495162092,0.00012215291254177797,0.08317385689942484,0.0002163819709813449,0.00020244295928645086,0.825114194434402,0.0003197026537188463,0.000195772823721266
2161,3,0.000701930166079656,0.0003850270716913333,0.8992306048651785,0.0005463757991623438,0.05436905868471827,0.00014268941560289998,0.0023442980407940668,0.04228003005204256
2162,3,0.0004287782765585262,0.00021423990914194008,0.9245364074270653,0.002050909981097333,0.0396353219109647,0.00017026711687190502,0.00039104476612656665,0.032573072165740666
2163,3,0.0005945057976864,0.00023003190276962336,0.98283029379347,0.0001078088719954109,0.0113458967121439,2.6844788722466684e-05,0.003847456636539333,0.0010171529581923992
2166,3,0.0001459338950964698,0.0023038936383526663,0.9703066021667318,0.004547416875955067,0.014777885452624664,0.00016262139842579998,0.0039820973448929,0.0037735041222999
2169,6,0.012593951603021866,0.0005738143999770667,0.0005676768065090988,0.000701266567665107,0.0011751506443531668,0.9837793032831984,0.00036803728950086744,0.00024081271286128383
2171,6,0.0167717254361401,0.0009552346063415,0.00019160386572722714,0.0011729030520246963,0.0015202711958467333,0.9789884371979388,0.00023638950158651773,0.00016344926171546785
2173,3,0.0008511053896459634,0.00015373875463190218,0.5353828398774055,0.0005066255318897001,0.3290636505123752,0.0001845333320987608,0.00037780128960190055,0.1334797174722443
2174,7,0.003907967374569,0.0116605018222254,0.014464496958479768,0.010897709110131118,0.014248308126354949,0.0039699653620468445,0.9359921929288185,0.00485887673293802
2175,7,0.0022030646685910335,0.00024347782690231515,0.010204338712912401,0.2934702712664126,0.0023857334336326,0.00019057836510836588,0.6902324726374854,0.0010700540578598187
2181,3,0.0005152540180204,0.00010934357789311667,0.9868390815546837,0.00023842824517713332,0.008517343296508233,1.3524911713406522e-05,0.0017631266495561667,0.002003861765844566
2185,7,0.0018261485622742284,0.0018289818206320583,0.0008892230948210098,0.007964646398769567,0.006246959377160362,0.0009380257652011238,0.9779991328916204,0.0023068679742150647
2188,3,0.0017558419942750331,0.0004049456463565509,0.9405080825137162,0.00034213188717081085,0.044825001653893526,0.0002627207297293909,0.0037973215602521335,0.008103947282735403
2189,7,8.23957961652e-05,0.00020613127033666668,0.002712889471483474,0.0002663933942362776,0.0033354324892980666,0.00012497827693515749,0.9932317786333075,3.9989281190530895e-05
2191,2,0.0019726761037758664,0.9087819087795035,0.009244692432631846,0.0005613124277163477,0.0009290233016293571,0.0161091805859057,0.061775985911711,0.0006251978749086659
2192,7,0.0010854524133321,0.0017211541985732999,0.24478968935085257,0.004728692714364034,0.10001641127513093,0.000144885627759235,0.6432278202593436,0.0042858853650395165
2193,5,0.00015044877883795143,9.9383406320426e-05,0.43883451170733584,0.008751412164409967,0.5355080527702144,8.960699010618177e-05,0.0006513746683114666,0.015915234937413498
2195,3,0.0008243969365312667,0.000256141449996351,0.5938428013497793,0.006418244277546767,0.37787184688442244,0.00015364491813402647,0.011794867237014168,0.008838067884448296
2196,3,0.00031737282977822894,0.00010283914360912223,0.9681302612117272,0.0002579343414506333,0.027932686157434966,3.684599367747714e-05,0.0003456076229235142,0.0028764391431310675
2199,7,0.058990927016880905,0.015815300462449933,0.0017824392865843665,0.0012244658756147531,0.16686088879480568,0.0008094466207492724,0.7492151917948972,0.005301339789436803
2200,8,0.00332086863751107,0.005846896832167467,0.31485032579525113,0.005765769190256031,0.21965420877525776,0.0019036627448158674,0.009942488216071367,0.4387158215889575
2201,3,0.0005395096823051334,0.0032487339687170005,0.4435817669711148,0.0004995140311601667,0.19686381514151607,0.00012570658865243526,0.0015196987943766668,0.35362126915871067
2202,3,0.000138845816510956,6.329427353555806e-05,0.9789618482993095,0.00026801283458900005,0.016635220101084265,1.263911858828806e-05,0.0019748543526041,0.0019452739604717032
2204,2,0.058041896434029634,0.6803961312279106,0.014933374728650568,0.0027062480260760797,0.003544728118365615,0.08687787558110344,0.15058738058616108,0.002912346031382703
2205,3,0.0006313991066674291,0.00023462815571742267,0.9860856325059894,0.002050183789256767,0.0038161464363206006,3.702459777898637e-05,0.0056638732056499665,0.0014811087560443427
2208,6,0.019961391510931265,0.001434553171109,0.007528916408283248,0.00028821974538006663,0.0002846600113895035,0.9580517546407409,0.0004022005987398286,0.012048299702191302
2209,6,0.00020387696474393334,0.00014617128437272562,0.06597347269778694,0.00022508763699662345,0.000554554228741648,0.9325110180141403,0.00018416739811973027,0.00020166230395928384
2210,1,0.7525673500694504,0.17989857128801753,0.010199673647650566,0.000867444943551229,0.007719734019541866,0.0025688062884202667,0.0421311134416321,0.004047301570457916
2211,1,0.8401350859144036,0.013611333249855334,0.02704234302663895,0.0015611505088877,0.0008539503725872666,0.11403293574180116,0.0018657590779722335,0.000897416664814729
2216,3,0.00045657665226799996,8.519354980145157e-05,0.9358995062711907,0.0003919981838213,0.02484419194228207,5.565859455810119e-05,0.03459332060814263,0.0036735852433265027
2217,6,0.07005806717785054,0.0032431672086216667,0.001264698025422472,0.0007848611903945264,0.0004057459810691672,0.9223916255591248,0.0008199384529695666,0.0010319235138782999
2218,7,0.0007143537279859334,0.0027444702179377,0.00048154421527652895,0.0003834677906904333,0.0015543420921381333,8.634595053388015e-05,0.9937966984528123,0.0002387840521500004
2219,3,0.23731619867516554,0.04323916326881486,0.2783967103593753,0.013988636390089,0.11261023809048626,0.1823080034628184,0.12652111706260186,0.0056199119376486
2220,6,0.0051008590762957,9.280377664819735e-05,0.0028077291441223145,0.00025124465112396537,0.0007145299929263,0.9905477896850519,0.0002617206704963667,0.00022331424586501805
2221,6,0.043557078429329134,0.0005099164445727334,0.016914253116502034,0.0003894771729216903,0.0028970336362576336,0.9347356650977144,0.0007398282646776784,0.0002567221393123719
2224,3,0.0014006985799518998,0.00012899380337265805,0.9867371977906455,0.00044620626441816666,0.004037807617761134,0.00026118155345450264,0.00020690315946134133,0.006781019518642212
2225,3,0.0026996284674461013,0.00044545968282656666,0.9859608522139901,0.00015498299396452897,0.007178240688490133,6.808810807294839e-05,0.0011986680213351667,0.002294073590389067
2226,3,0.00041170350957552785,0.00027242261512345486,0.8753537878926115,0.0021205961187927666,0.10746152085903897,0.00010570168917049392,0.0013612258294449335,0.012913024436869302
2230,3,0.0019573653483427643,0.0012927710154299172,0.8143770092787527,0.0018678697311669667,0.04092264653139723,0.0004864152184284082,0.003075014808034033,0.13602093528502765
2242,3,0.09781876027553733,0.0005117375023206,0.6711003540520535,0.0027057079340754666,0.16863440502525828,3.213881060778911e-05,0.00020047835680203627,0.0589963939482463
2244,3,0.002589748934280633,0.0005603442109535,0.8470437012274593,0.00027909837106157505,0.12294273770758851,0.0002374757394043429,0.0036920376890539667,0.022654857508442566
2245,3,0.0009505299992366765,0.009138966705224199,0.9808019002394289,0.0007730430707182666,0.0056381546543082,5.388514184053811e-05,0.0016454980162902333,0.0009979916750294333
2249,3,0.0021863426619379046,0.003754801225565934,0.7139594031314241,0.012162201754859367,0.01880525686949453,0.0003119085755068732,0.24704950512971413,0.0017705368074907226
2251,2,0.0026495800960956665,0.9319634097739202,0.0004461698416823591,0.0003919276415760424,0.03621791106699394,0.00043611204643606674,0.027252700082351113,0.0006422204991496836
2252,8,0.0010015041126823665,0.0002025320536844167,0.4265422550306767,0.006805300326218432,0.0298258310335878,0.0002105907864895619,0.0006865731853580708,0.534725401697668
2253,6,0.00035287321761316666,0.006512009475632334,0.013348594686746958,0.000253094826452104,0.000250558464955,0.9787484288905092,0.00020010273895254536,0.0003343240492707333
2256,6,0.0002968454141876333,0.00038753758795033113,0.01430521418690354,0.00019753902405838554,0.00026834239610787765,0.9842548681720853,0.0001341024863197312,0.00015555281788209594
2257,7,0.00225662385595185,0.0069209033966766325,0.0002202017529744682,0.00038864185920060314,0.0011301650246389229,0.00023715915844706932,0.9884523393158297,0.0003939689772357805
2259,6,0.013623256135247933,0.0035134077685530334,0.0029549765421198093,0.00020464690816897517,0.0003536862806344233,0.9787539807904304,0.0003589751711087666,0.0002370694907687043
2262,6,0.0005634059186625,0.0060103748382058,0.01852809743496123,0.00017254324754866062,0.0003566129272958667,0.9735419533762998,0.00020069935218412058,0.0006263292178405
2263,3,0.00019013475969706386,0.0001414577556791876,0.9341921210857138,0.0018065444778737668,0.04610256993946587,0.00010535091391646407,0.010096685681581567,0.007365117555416267
2266,6,0.0028635520396574667,0.003428508382590367,0.08836581743567523,0.00030154847979549213,0.000280580483861239,0.9039384723354037,0.0006019249973969999,0.00021959242759927937
2268,3,0.00033531940645646613,5.696576768441604e-05,0.9655837868248632,0.0005164583706179667,0.02442023613856557,0.00011898358797057602,0.0003224635978301333,0.008645775025716866
2271,5,0.0007774075593361797,0.00030912319472303334,0.28471352754534024,0.0017147919978692334,0.6839412908032431,0.00026178372645555334,0.0227165882413347,0.005565515540059767
2273,3,0.0001695576408981194,0.0001289842618868364,0.8430544983234015,0.0033243003457398665,0.14194802509246998,4.519888623260565e-05,0.0003987811975887411,0.010930646951371399
2275,3,0.0006612783506111078,0.0002090629368333971,0.6315488072670457,0.0011628033535083335,0.34786648743647347,0.00013020319088292306,0.0009789956055897334,0.017442384349486435
2276,3,0.0005741509705473,9.943801725288177e-05,0.979883624015739,0.00011647894809630001,0.014852693349087433,3.626479414922064e-05,0.00027744853245983335,0.004159895902363347
2278,3,0.003539058603931833,9.7800603889962e-05,0.8978139095757879,0.0036404889772155996,0.06768836798637537,4.83122501115565e-05,0.0033540369684844002,0.023818028471984665
2279,3,0.0009648377291882667,0.0005807638931368622,0.9884930438603798,0.0003037655080127,0.006344621811846567,7.6526121171964e-05,0.0009808131985891,0.0022556135649754437
2282,4,0.0005367935320863237,0.00020087428463874874,0.0097694038374609,0.9371624314402084,0.0014909363545867332,0.0006107046303070172,0.04986346411840894,0.0003653980368813105
2283,3,0.00024068837300556594,9.185827556390198e-05,0.9505660266789939,0.0008049205491606999,0.0335855229395632,0.00011742213762225956,0.0013857160995515334,0.013207867334564501
2284,3,0.001026028188558,6.146038367458272e-05,0.9332807437179166,0.0028853974955611998,0.054690664427582,0.00017799580823756666,0.002236698089851667,0.005640987137545634
2286,3,0.0007240312066765668,0.0001788950179622967,0.9555512210284488,0.00040403159120683333,0.032848542724757734,7.456860875089894e-05,0.0007399359000435334,0.009478808162097733
2288,2,0.0005381472135364333,0.9869032254950311,0.0006932822373502432,8.392787504320303e-05,0.0008219303352085665,0.002891963947262133,0.0078298429934363,0.00023768471286762327
2289,7,0.0014504166302075335,0.0006939008296509766,0.019028987422241114,0.009337512648984867,0.0070853201061057,0.0005370683055449543,0.9610452185540579,0.0008215836617294392
2290,3,0.00040508947629219993,0.00013404080649486667,0.9672527638395575,0.002339674934746533,0.024372670937704104,0.00011923936690389999,0.00040385084095373333,0.004972673533730233
2292,7,0.005675259639416521,4.620859706164232e-05,0.022815968338888066,0.0027921560663097,0.002072658219082767,6.65681478609695e-05,0.9664524683967396,7.872401813959281e-05
2293,7,0.0009548751340633667,0.0001826122811101827,0.0004093039828064543,0.16328770173941723,0.0020068386231500697,0.00015767233160710178,0.8325459019999116,0.00045509763985071436
2298,3,0.0006201431534035667,0.00021699485652338255,0.9717612805589493,0.0012755429104439999,0.015970725601685932,5.9120766446246866e-05,0.0008785762860286667,0.009217612175974941
2299,3,0.0018743886620361668,0.000782094534868848,0.9885050305964956,0.0005835881596291,0.0041175797206581,0.0003606384347274667,0.0012654236347117,0.0025113089801143992
2300,4,0.00013540229027593332,0.000115735056639496,0.007624016536575667,0.9458439454803321,0.006189868468555967,0.00018617408836802971,0.039659138368335504,0.0002457336960529333
2301,3,0.0015154656263955332,0.0003889540981867866,0.8951430873035816,0.0006758812977732667,0.08730257335502871,0.0002402659809632062,0.0016306317934936,0.013103172345998698
2305,3,0.0003483429262478802,0.00014746686876892408,0.9702036512630433,0.0008322024481126999,0.02122103425515927,8.169877446461127e-05,0.0007493172084155499,0.006416263784849999
2306,3,0.0006085099814627582,0.00019853992050560204,0.9501390813664257,0.0018661967207838665,0.025303256185108165,0.00019379357759186455,0.0003553855617551333,0.021335230595905266
2311,3,0.00045616586134194825,8.386110830606308e-05,0.9170821227928508,0.00028331191960893334,0.06824035020508587,0.00017148431332344167,0.000769140836357,0.012913563953867647
2312,7,0.014337406047900299,0.00038305458864142496,0.0011184200051388,0.18020397397565813,0.0024600389898524,9.408326975157164e-05,0.8011377608903704,0.0002652729261753033
2316,3,0.003391316075561233,0.0009068389971824334,0.9769486061183996,0.0004989781848809666,0.010883643710708367,0.00010322292456391517,0.0002815015200093371,0.0069858946634823
2318,2,0.0003686865307576141,0.9873294954944586,4.0640162249201986e-05,5.6057003444486404e-05,0.005943075514367033,0.002500212771238833,0.0026900142035413,0.0010718060985275193
2319,3,0.0014564537250448002,0.00017304266391844855,0.988049266141494,0.0003615732352085666,0.006770739638797401,8.119454239221062e-05,0.00039715345592650003,0.0027105898568439897
2321,8,0.001107177476856163,0.007225642450528033,0.04109380242908597,0.0018924164140435736,0.10458044825379836,0.0008455785866739541,0.004259976552157767,0.8389949342481469
2324,7,0.00027908487899477885,0.0001844777017960161,0.07847353487729418,0.023316795015186135,0.001747981299434359,0.00015933948921385949,0.8954385723837045,0.0004002301469722848
2328,3,0.0019083981772336333,0.001497667909123,0.9877682463614453,0.00026736414107689997,0.003335912678809566,0.00043616964478440006,0.0034288403829588997,0.0013574349220955167
2329,3,0.0006210913451898666,0.0005947401898330667,0.8810396839391751,0.003244320686289667,0.07599868802301729,0.0001131972742589434,0.0008677141061785473,0.037520569755085297
2330,6,0.0025413637287578,0.00012619428399603417,0.0007397636004338536,0.00043776640541310497,0.0005028913445700233,0.9948893872461699,0.0004461494968970666,0.0003164817531280786
2333,3,0.0016625344177818699,0.00014136988299602463,0.9154162111047789,0.0007960605329942,0.06958416289085867,0.00021167507322179346,0.0008441793111305333,0.011343836850517234
2334,3,0.00018556072994443682,7.910729713965946e-05,0.9567510711136716,0.0021441761511656666,0.0298247758543277,9.61184446718908e-05,0.0027336034943370997,0.008185570300639133
2336,7,0.00026194061950609145,0.00029632360213757426,0.0011290845467579276,0.0021298187870603664,0.0057083609221027995,0.0002850802334241199,0.9897429499695214,0.0004464473271580108
2339,3,0.0010356354342022,0.00018404897768066006,0.9780409625789798,0.00017155366196566668,0.013688955645704133,0.00013410709566518162,0.00044498051245790005,0.006299738877320567
2342,7,0.000739491948553,0.0003680214605010156,0.007367793426363067,0.0821731549495264,0.002111821148528592,0.0003670702372483645,0.9064400776566157,0.0004325707273057467
2343,3,0.0016086657549912408,0.0008716824200183173,0.90432967760721,0.0008431428673843665,0.0744352570943818,0.0004020680156554245,0.0031677841600169627,0.014341729820358133
2345,3,0.0038553136079111337,0.00040472264007346666,0.9734434386440958,0.0002695816789989165,0.012749388157523467,0.0001410551578453492,0.0008370157908948999,0.008299469297581996
2346,7,0.0012823232058613667,0.0007835465810482001,0.0005647583860611385,0.08829012833125426,0.005494569433337233,0.0003926059577014862,0.9026220405189789,0.0005700285029869628
2349,3,0.007468190067050333,0.0012471655650909668,0.9664839560930991,0.0026349575959773532,0.004917843810678152,0.011428685564731466,0.004571431138389867,0.0012477325264541297
2350,3,0.0002475440823203799,0.00033246936566447884,0.892048535843641,0.0012652706224708999,0.0851949659049586,8.143543565360497e-05,0.0029051487678588665,0.0179246581219247
2352,3,0.0001824107260725678,0.00017572643782184843,0.968330220409119,0.0004180057921883333,0.024515623264901035,2.1270904755686147e-05,0.0013272438869286333,0.0050295080461925335
2355,7,0.00019237787706934096,0.000537903342015791,0.0130877437212785,0.0009498299495530334,0.0023529612502037577,0.00047564801434530143,0.9821383954167419,0.000265130798219708
2358,4,0.00040837715967433335,0.00013787059933831865,0.0045586468449886,0.5814968011892581,0.0005558148160353667,0.0001482356714682413,0.40793171971475256,0.004762550835738187
2360,3,0.017282530849295267,0.00029604326309259996,0.5108882112055559,0.0037751056476723996,0.026138253626088664,5.7590217825819145e-05,0.0006878156197869149,0.4408744632489911
2362,7,0.0003579674483624804,0.00016037755158345227,0.008943719365663367,0.023614519118137764,0.0793118671786026,0.00023928327609115872,0.8865362976589196,0.0008359767787086335
2364,2,0.0009780921626384453,0.9876745555186712,0.00013548656896071506,0.00024054422635990877,0.0041497686023842335,0.0002489852235739,0.005884016854470334,0.0006885508842376815
2365,3,0.003795695868395133,0.00035220272263576663,0.9847246958492263,0.0038314473646243337,0.002400502018294267,0.0016558827395089669,0.0016181260509600334,0.0016214779446771788
2367,3,0.0005545074269992334,6.472782790620894e-05,0.9858578006682165,0.00015586742087922334,0.010094374908617402,2.3975960121076695e-05,0.00022732046406213335,0.003021410318474436
2368,3,0.00013375175178166054,0.00010537571042447913,0.9248300344003993,0.0219867658733449,0.042651195308919136,9.58917078317429e-05,0.003364957772509366,0.006832028700725066
2369,5,0.054117308026264105,0.003369698941446867,0.23889865791234002,0.0039011779611345,0.6623298261860818,0.0019917843518284695,0.015659139215361783,0.01973242045368157
2370,7,0.0015668454514911332,0.3383764418055956,0.0003940785997782013,0.00039052790185279497,0.0019984137804653335,0.0005782430014574,0.6562992318015585,0.0003961960513029497
2371,8,0.003145836731096897,0.007937271983958534,0.2973548337595334,0.018562439046428732,0.17853470878047376,0.002736168410912627,0.045966849944279166,0.4457619034641988
2373,7,0.0011866217529483334,9.265150731422327e-05,0.005947497149446967,0.06883477465219816,0.0016853621475454213,9.298490996043952e-05,0.9219598274883366,0.00020026485839335045
2374,3,0.0019445296289007069,0.0009765667777739805,0.8959969497228352,0.0006718885488176666,0.07831871093721424,0.0004282724857325207,0.0036438160827716574,0.018019227286153
2377,3,0.0005528564967761707,0.0004907496867128,0.9360045003351741,0.0002884565301230385,0.017407681528192966,4.114892533976981e-05,0.044677639115831835,0.0005369595703755666
2378,8,0.0002905756954739821,0.00024278699993626667,0.2975461325788812,0.022624752474853568,0.20809256013703492,0.0002313612099639162,0.0010038059075096666,0.4699680092835612
2379,1,0.8416714174216077,0.040393037303548096,0.08633418457444864,0.0016206563164209,0.0016054408624427664,0.008362579533072867,0.018782312606820836,0.0012303778589882683
2380,7,0.0004939733172583338,0.0002616125192699057,0.0827385632530614,0.011535519117978267,0.002161711149191387,0.0002534858353866976,0.901751787071503,0.0008033344219136059
2382,3,0.007521469561639266,0.00011350337314639952,0.923566671368118,0.003975105773341733,0.014578812858398802,2.441007824731784e-05,0.0425072569158324,0.007712749063824566
2384,3,0.00047046013369336667,0.00013653422499876555,0.9798342999772007,0.00013188985192902334,0.0132671694648818,4.1042114151097135e-05,0.00031772887477703334,0.005800872239739039
2387,3,0.0010448373286336442,0.00020441548167064456,0.9714938266126317,0.00020434441533973707,0.016876685569321932,0.0002284288966597131,0.0015288395456383667,0.008418643258377136
2388,3,0.0003277467616978,0.00016814712325308772,0.9831537473317177,0.0006320804834125,0.010837748890880433,3.62152214325118e-05,0.0004026853015773333,0.00444164214851625
2393,3,0.002641044394781279,0.018115608450021466,0.9610303994037993,0.0002585362348086,0.0020320636056136003,0.0002304637536227,0.014976293370292432,0.0007155568846937952
2394,3,0.0016890977430605667,0.0013186987958235,0.4879764333446333,0.000542754771541711,0.4526491519646559,0.0004077152581222216,0.0038228596037302004,0.0515932931864224
2395,7,0.0007014262102507,0.000166165324136003,0.008826945374907146,0.04594549243557419,0.0007195077007450911,0.00022288636637737366,0.9432448305011228,0.0001727468096427
2397,7,0.00018093282326430023,0.00019933472634586663,0.09671406051771199,0.0032833518340634,0.0021378902524223,0.00017917769684899223,0.8954203746337722,0.0018848960481564333
2398,6,0.00018724883712413335,0.004336479314395226,0.017543442291565292,0.0001825176899610684,0.00021308918321928669,0.9770968364127107,0.0001519476753532228,0.00028845419233433336
2399,3,0.000193700770047819,0.00026256556788722594,0.9707333952075009,0.006780711950089834,0.016129519134439968,0.00012261742821434514,0.0035687457114774,0.002208723258590677
2400,3,0.0007423774726243666,8.004852358652128e-05,0.9694365411310782,0.000100973734964,0.017232810677944233,4.336870294668625e-05,0.009914074642429901,0.002449823080635042
2403,2,0.0017852074007322666,0.9899417755892648,0.0005474703021594624,6.38132082899964e-05,0.0014159560322476999,0.0007407802531824,0.005393505413361133,0.00011149111593483476
2405,6,0.00012034602494463333,0.00014610262980060558,0.05384499126917786,0.0001654120888548888,0.00042295623313031995,0.9450387263868968,0.00011654367739397991,0.00014492646652485553
2412,4,0.0001565088204556,7.212726914690823e-05,0.004854305620538333,0.9455520630166597,0.0018558024037177666,0.00019508107596016548,0.047186318276680496,0.00012779801294269402
2413,2,0.006498834267505933,0.9487129071563203,0.0010052620635222,3.9900938671334414e-05,0.0007600911476615333,0.04135557207150694,0.0014150168132356668,0.00021243141929968006
2414,7,0.00011210632980880543,2.8312259326033276e-05,0.03194054362273204,0.0017268575656110999,0.013918833971510435,7.359235641099388e-05,0.9521778932965307,2.1865811225366214e-05
2416,7,0.0023596988185005997,0.0004249629758898,0.08585582361843919,0.0007996304689751665,0.002969393409821984,0.0003208240351227273,0.9065497382249057,0.0007199132673895588
2418,6,0.00027657245343400003,0.0013860373660796333,0.014698066264767414,0.0001273689029009728,0.0002735621770627,0.9829172252462435,0.00019103043427720002,0.0001301443455350468
2422,8,0.0023500599615836667,0.00014699671729054485,0.33128049804561766,0.14010780438687684,0.021940233287786767,0.00014262167986668712,0.0010623269747617665,0.5029694538535782
2423,7,5.345199963766421e-05,0.00045689098785006666,0.1370137010343402,0.0006725323920223334,0.0017089425378451334,3.3842232662873246e-05,0.8600119471237786,4.8677884383975004e-05
2424,3,0.00017507563064138505,0.00012098508274238186,0.4783061810066099,0.002608733302433167,0.3097331251928073,0.00012232027285372966,0.0010882449850629667,0.20784533326882226
2425,3,0.0009046520982924668,0.0003906417386015334,0.9770521804717008,4.1663017085974065e-05,0.01654845118762603,2.8236144992656152e-05,0.0018191857652249,0.0032150114667422003
2426,4,0.0005079637430226333,7.099074111190491e-05,0.09829614452945773,0.749557312579825,0.0020401658588751334,0.00011405539114309872,0.1489243495305402,0.0004890087449160277
2427,3,0.00017810658916887095,6.768553001364934e-05,0.9473467090621245,0.0088973316213866,0.0313874089796577,9.821337358978267e-05,0.0015414202663888,0.010483145025930866
2428,3,0.007751031401721199,0.0025549908205914,0.9139243829397823,0.004777867114968867,0.0370599758140104,0.0024306595748011333,0.027754935418959403,0.003746161473671867
2430,7,0.00034615560966383337,0.00021510804375870002,0.0053161940295907,0.2327111897345291,0.022650957542341404,0.00026917579144568153,0.737764698052977,0.0007265360976427835
2431,6,0.0014115950686389824,0.00046361992413213325,0.06604207137965777,0.00023882132746957854,0.0031925959881367663,0.9281088175942852,0.00031524651625113584,0.00022726381634666278
2434,3,0.0010422201777367554,0.0010700790795474333,0.9794439023644387,0.0013624584189153334,0.0098407016561647,9.227507681847662e-05,0.0056933094785758,0.0014550224704784594
2439,3,0.04117419514775443,0.000610666397876,0.9086952309736002,0.0003514471077267333,0.016116889271901635,3.854247845191748e-05,0.029482778489845634,0.0035302446219474333
2443,3,0.000590532239309994,0.000239753412961,0.9806582739213817,0.002231836950075333,0.009558682421692367,2.8011862760858876e-05,0.005107155959304167,0.0015857490029885333
2447,2,0.0020685470332590665,0.9098987034577863,0.021138035569000933,0.00021006284583624835,0.0018615417128226331,0.0019456913682981334,0.0623720034234024,0.0005054386854807
2448,3,0.0002141463016658009,0.0001686588024035,0.5661646684620266,0.0011505633828704667,0.4094726474444869,3.580745247214768e-05,0.0026792939540176666,0.020114223302390134
2449,3,0.0011482891620040998,0.0007320145614087499,0.906852655167962,0.0008259321750932667,0.05420199417438729,0.0001016276688269793,0.0022627194257000337,0.03387477206881874
2450,3,0.001392767416915564,0.0005074143542725001,0.9492115155399152,0.00011169701790888516,0.0428899566120405,7.304916613619222e-05,0.0023180605596885666,0.0034955259290227
2453,3,0.00017240997142049956,0.00011719324434241791,0.9582969584097644,0.003958324546262167,0.0254457250877459,0.0001268202585044609,0.0012720249956042666,0.010610550319825066
2454,3,0.0001915328115067432,8.671729872194375e-05,0.9542808720264322,0.0037784497167621333,0.026162333241673597,0.0001129887187762949,0.0017142729145430667,0.013672858037959723
2456,5,0.0011355971269937668,0.004749479889883833,0.1384213742319921,0.0009691234362173841,0.6766974438816901,0.0005868147588810426,0.0037457326665014667,0.17369441164462
2457,3,0.0005931704698376667,0.0001747627610866646,0.9519626723567475,0.0002714195306208333,0.03638549496953733,0.00011014489183548237,0.0005537671506587334,0.0099485489930405
2460,3,0.0010744529721843333,0.00029256899764407385,0.9761967594326822,0.0008784555392190333,0.013687411900895534,3.496639305140765e-05,0.0036367367725909333,0.004198608217831869
2464,6,0.0015257236104838001,0.0008182827924663668,0.09845570947522288,0.0001911316984765073,0.00019212121773427905,0.898286755949765,0.00037115684971813335,0.00015911974995549928
2465,3,0.00046961058789783336,0.00027808162048078953,0.9605479822265215,0.0011927190721595666,0.012640480626156433,2.894213531534082e-05,0.019655735122924466,0.005186480165366866
2467,3,0.0008462070660954,0.00018145098042003638,0.980518810947325,0.00031023606643483336,0.013623806794857,6.551623041904913e-05,0.0009163036293044999,0.0035376921084545967
2468,6,0.04250972352242077,0.1019005993840939,0.025968813050671228,0.0018924388057668742,0.0026267612975057002,0.8187715691987286,0.0049986062765098585,0.0013314594093820186
2471,3,0.0008981036245337208,0.0002999675834650859,0.8423797596438326,0.0011777374524152666,0.13701778662618014,0.0002123573791728389,0.00042608961648951736,0.017588211629417035
2474,8,0.00036433809815953505,0.00046298894816910004,0.24525674239196094,0.0664550744374303,0.26181609476796425,0.00033766976144583566,0.002714972339365145,0.42259213028363546
2476,6,0.3620402556741513,0.004444981999500267,0.05565114990727077,0.0025702729636699964,0.05701076577972427,0.5088975597771302,0.006042654544978258,0.003342318385223107
2477,6,0.0018589580719519001,0.0005025734054471,0.010103942992126526,0.0003092972138476943,0.0004309929215941467,0.9860924733628716,0.0004648643026774533,0.0002369139320735696
2478,6,0.13692512924789055,0.0010173556554597667,0.0004382302754174,0.0002572477908850739,0.00042760903235073436,0.8365088223758758,0.02412043970284157,0.00030516586597358324
2479,6,0.0236681468780245,0.008583880833674966,0.08616426391200321,0.00034495981880359544,0.00035441503235943334,0.8798969235050372,0.0007305168512945598,0.0002568860768561631
2480,6,0.0006884617394569667,0.00024945562875936666,0.054312691661724644,0.00018037659018104867,0.000158195068414338,0.9440314202806004,0.00023794280076659,0.00014143067129903395
2481,3,0.004135315547007633,0.0015384886320616669,0.9628621770096183,0.00014565204213642135,0.0263159476337969,0.0001122855049448,0.0009876223991957327,0.0039025036460282668
2483,3,0.0009310722113165334,0.0004266466425268734,0.9832918263828181,0.0007218969959725999,0.0100069309169201,3.429923946919611e-05,0.0033318520136146335,0.0012554776125847987
2484,6,0.002125903833325933,0.0003113962544028667,0.0006560259901719814,0.0001934245854470643,0.0004072552891597333,0.9955555178098612,0.0005709561640045666,0.00017949249279509201
2485,3,0.0008550381637484001,0.00019012922060367049,0.8722715258638378,0.002232327924437333,0.03692942929079627,0.00016921472429950988,0.06894727392097792,0.018405061246735934
2487,3,0.0206260339716877,0.004986402499623512,0.7430446414670003,0.0949753204255468,0.011956287303184878,0.08348867826017274,0.032682850592247466,0.008239811811942445
2495,3,0.00105019332700865,0.00051396653353915,0.96384193174378,0.0015161022340121333,0.014316869936071267,0.00026242207930128337,0.0007344172482714667,0.017764120980536664
2497,3,0.00026026632373820003,0.00015531584155142083,0.9137495151928081,0.008704181303544266,0.0450796024467832,0.00019048789589160963,0.024544549985811636,0.007316079993022267
2498,3,0.006660497041067034,0.0007034430701606001,0.9802336514777078,0.0008357279613790667,0.009032182545733134,0.000145730274843,0.0008446069455310827,0.0015442077349913147
2504,3,0.07166275766616513,0.0009352300241292372,0.916140263878352,0.00025657663715583336,0.002967967596805475,0.00033854439263926667,0.0062805358416125,0.0014181055542258965
2505,3,0.00041378711857586667,0.00011942511834350908,0.9760616224775035,0.007206348877686766,0.007607775463975533,0.0001354773257701714,0.0004459392834847667,0.008009625568667073
2507,3,0.011284120891052666,0.0005438427155170982,0.9609343192055059,0.0007831284029082383,0.015235542846125232,0.00092501455207092,0.0010845002947166657,0.00920954438749961
2509,7,0.0004101170369612333,0.4542539714782597,0.004259033125279467,0.0001980577954493688,0.038662093409645604,0.00014377136268593925,0.5011691973842706,0.0009037335712935666
2515,2,0.0017225214888268666,0.9626966299132578,0.00019830107765614148,0.00026564547817222725,0.0058140834983911325,0.000254710613357,0.028406271528662833,0.0006418654074794308
2520,3,0.0005706904780875666,0.00039807133406941395,0.8737492832217547,0.0007079671476092333,0.10886193858893904,0.000170797414263072,0.0010832274126573763,0.014458033914012633
2523,3,0.0006108097153820999,7.46793584565961e-05,0.9845975177152809,0.0004750017216976667,0.0075532057061495,0.00036090064646359,0.0001683982259272224,0.006159507827520238
2524,7,0.0009013730166819848,0.0002833856812225225,0.012253017416204133,0.4545241572442326,0.002732942043720033,0.00035873515920755214,0.5283068534226446,0.0006395162215881704
2527,3,0.0009487367451847833,0.0005009832602345551,0.690161347428312,0.0009981128866348,0.1145119008811596,0.00024922821385369766,0.0018197781919860668,0.19080993793473477
2528,3,0.0006650445546278,0.00018771609021173334,0.7844912543489125,0.07382320788165538,0.09027622023917066,4.348198573768254e-05,0.00025826756054840003,0.050254820058985405
2529,2,0.002106953703936626,0.9627827171120465,0.0013417334648452737,0.0002209097182761449,0.0005936540912799001,0.008991574784249967,0.023522959415719035,0.0004395136274041522
2533,7,0.0025434130561538897,0.0009961936226011,0.03293035505236416,0.022124673150286434,0.011593087312618067,0.000648548502730687,0.9278242697763398,0.001339469091199532
2535,6,0.00021251648936413333,0.0045296385606096974,0.0021304584938283523,0.00030233730899840224,0.00024449691957920003,0.9922464775868466,0.00013794394872079243,0.00019612738399401892
2538,6,0.0003776789777506043,0.00038709897589902695,0.008487039720317299,0.000331653914232518,0.00040487051388321424,0.9895080790890777,0.00022876088617779138,0.0002748184914523304
2539,3,0.0004165677508649334,8.413882893114241e-05,0.909857214734256,0.027705715163760528,0.036386396761184936,8.506490251406147e-05,0.00018361645648759997,0.025281296307861467
2541,3,0.0006274685178371549,0.0006972013406164904,0.8330856541050755,0.019103922727520966,0.12045702750680833,0.0005272552969406767,0.012050406081211234,0.013451072797251865
2542,3,0.0007736678897726575,0.000233490101965388,0.9598480849538834,0.0002779767832988,0.025719192489159964,0.00017135505552379768,0.0009623505177250334,0.012013883580314433
2545,6,0.0009266248810303333,0.0009130748471384999,0.00021454530484830232,0.00047583012393194755,0.0210314737464036,0.9744016844996285,0.0015848521247017666,0.0004518972419655747
2546,3,0.0015234247786939461,0.00046459896347790123,0.9127331365482728,0.0004293476803024,0.0715284787744339,0.00023596498808443203,0.001529213958677947,0.011555839465916666
2548,5,0.00040973342485510006,0.00015058366644000204,0.31350123681509273,0.0004158207928008,0.6782006426054737,6.737644188542021e-05,0.0005166846224406667,0.0067379212144363
2550,7,0.0016749839857112335,0.0004805529078266035,0.006904284972391234,0.19735686266729072,0.0030374982229933937,0.00043108713443483536,0.7892344875991824,0.0008802504541888623
2551,4,0.0018220193489174666,0.00020654437581756668,0.010837586509280033,0.6765242796670177,0.28702482731393686,0.0002227595229608888,0.023166955478926332,0.0001950444562083
2552,8,0.0006444373848314334,0.000268027880868204,0.4485769232524989,0.03185854353207533,0.028338080803024135,0.00022398151911303757,0.0006752612198557797,0.4894147226228423
2553,3,0.0006007466479096,0.0005399873339372334,0.6786718992332702,0.0181202238637137,0.19551628808885554,6.519388340628937e-05,0.0005921194391283382,0.10589354113774323
2557,3,0.0004300889709701666,0.00011270991134857637,0.929153244368251,0.0019548324734897666,0.019821453952195634,1.775650041753668e-05,0.04690236956725074,0.0016075217463556335
2559,7,5.5710870071068375e-05,7.66181451650921e-05,0.15395653560095746,0.001832676244602867,0.000542653240054049,0.0002417690586723071,0.8432288971597468,6.513924822314882e-05
2560,5,0.0035279548387319453,0.0029119614002702143,0.3681464300615363,0.003204925148899919,0.4523485445396617,0.0017586640497671707,0.013045104988126492,0.1550564079143868
2565,7,0.00017383945171091332,9.544974289800447e-05,0.0038686404436059705,0.019923139445930365,0.0005333088879141775,0.00011429088674996807,0.9751003839380944,0.00019094101214637077
2566,1,0.6425507251237904,0.007948999297359333,0.25023047348039,0.003616854072877835,0.002581749368254008,0.08644345784594598,0.0028720947732327,0.0037556417149450724
2568,7,0.004131635170141913,0.016975539320476334,0.0006189867412076005,0.000542699835716551,0.0020197372882182706,0.00047212774413098917,0.974548916755709,0.000690357918253116
2569,7,0.001943179985132748,0.00029466969778741797,0.0030831405998250666,0.05549653726598583,0.0030651715498834667,0.0007067355294157999,0.9346211175525218,0.0007894105854947918
2570,3,0.00015393169073378034,0.00021807624725402722,0.9556967497411285,0.0005591919708123,0.0121740028607653,2.1905687846381403e-05,0.029290498931601402,0.0018856490713609773
2571,3,0.0011028780949379668,0.000252211056440346,0.981456951391476,0.0036932944155339,0.009100611325810701,0.0008525958646336233,0.0007242859175575333,0.002817149798855634
2573,3,0.0012441935872061001,0.00017277952253743332,0.9774809991408787,6.646580535083838e-05,0.014727446650633634,5.1917644397276165e-05,0.00039579267190116666,0.0058604181661662995
2576,3,0.00014496430466814467,0.00011438070349179833,0.9675999356848841,0.00018579532694283337,0.026114592735349666,1.5948196850132868e-05,0.0014553389373711334,0.004369091931458566
2578,3,0.0006190326682677334,9.057439126548086e-05,0.9869563466549756,0.00030887905898186667,0.009098405336480967,1.555297366701553e-05,0.0012739762522158333,0.0016372423920499389
2581,8,0.00036657045096716816,0.00023214534429813865,0.3723231653561015,0.018727745227170935,0.20548274867951863,0.0002478972416828232,0.0006981602156293302,0.40192153091695965
2587,6,0.007801498192745167,0.00010150907159000001,0.006790035616709527,0.0002348509550030521,0.0012095322317421334,0.9833982232010835,0.0002633736867787703,0.00020098263208555742
2591,3,0.00046640296389286666,0.0005878238593386666,0.9288435038521466,0.00010954115566775835,0.05261902141805717,1.7492352183764483e-05,0.013575149839335734,0.0037810622675004996
2595,3,0.0011749464061754,0.0001446707290971555,0.9866369156156051,0.000545596673669,0.007526468034075466,4.219237434538331e-05,0.0007147471910719,0.0032144699204005116
2598,2,0.031652464084393095,0.8967155336752045,0.00015434464568013436,5.8055346145451514e-05,0.06380393500739923,0.0008081209241776666,0.006723092565415167,8.44129146477226e-05
2599,3,9.286857642058587e-05,3.334535106360894e-05,0.968879718110682,0.0020640892255543667,0.022386597877516467,5.301255087809646e-05,0.0002380770757681,0.006252325199322496
2600,6,0.0010183066689723002,0.039514293044320636,0.0007469422671316645,0.0003467488100900901,0.00038877200634749014,0.9570774003648257,0.0006001834367169546,0.000307317843065118
2601,7,0.0010569693423975238,0.000496431016733357,0.0012843764438678614,0.016491970089607698,0.004632971543713233,0.0004762979705054075,0.9741584536151519,0.0014025135627442837
2604,8,0.00026624578640084497,0.0004793384173947333,0.3423812984268217,0.0009112006542095668,0.17462415604560863,9.509556055739455e-05,0.0002273699963451241,0.48101529868832976
2605,3,0.0031369758497623995,0.0006250412268080334,0.9551742149347575,0.0014609648701337334,0.0030310960764091915,0.00011113850349315883,0.035784624043533,0.0006759908643876493
2609,4,0.0002597655065245333,7.825821180676867e-05,0.0683239822796297,0.7941689177277658,0.00024282797873980644,0.00026275174286733994,0.13637882648503394,0.00028467835183412787
2611,6,0.007178432127318634,0.0016606963252664669,0.0808436258656711,0.0003184627957708253,0.0003429247434084334,0.9088820826790558,0.0004709550726567794,0.00030282974310059355
2614,3,0.0005499526877604333,0.00013546236617237797,0.9381463253973131,0.0001289154303541113,0.05429606714815843,8.564430826416453e-05,0.0004150619413804666,0.0062425520503232995
2617,3,0.00018286507517779998,0.00011205256983293628,0.9751285086098793,0.0019365195600054,0.016488640576306234,6.80673999891002e-05,0.0017484143437678,0.004334948938232094
2620,2,0.13426356401999098,0.8234808574668963,0.0010504613823774961,3.6191759832108114e-05,9.67617483274735e-05,0.004085956593156583,0.03535707292120123,0.0016291427827894577
2622,3,0.013709769897421634,0.00014972087541145033,0.9424360538737296,0.0008806480596444334,0.02578167533032337,4.6332565902329455e-05,0.0005261428170833001,0.016469689355872102
2623,4,0.005697917140012933,7.661395837867605e-05,0.011799917107115135,0.9491936415763303,0.0012056669235514,0.00013325326672045478,0.028896494292766334,0.002996483035521065
2626,3,0.0041427547582067,0.0002188742156033015,0.9742018145170334,0.004519055501077766,0.010109110913996567,6.648037234508613e-05,0.0003486443644047667,0.0063932505590749665
2628,3,0.0003473546341228333,8.355313114568272e-05,0.9719744971914711,0.0001603013326242,0.0195101537827631,4.0062748631855106e-05,0.0008386721958718667,0.0070454230717478345
2629,6,0.0045066240341027335,0.00012478177121958225,0.0022304389865768523,0.00020545259683749396,0.0006646132219978667,0.9919150296509235,0.00017464226174833332,0.00017842783030659775
2636,7,0.0005244997573351333,0.0006180756536571927,0.09740357111435033,0.42136885277372116,0.018695261649337668,0.0006102785029968396,0.4601719728195814,0.0006075065851494134
2637,3,0.0008326845494014667,0.0002671440759354767,0.9884463340321354,0.0002981011118701,0.006944310789793366,2.3465174323083885e-05,0.0011583749359503333,0.002029612019944864
2638,2,0.0010277029846117393,0.7382941252475798,0.00026681276981019585,0.0005913217314506394,0.0011020083441410668,0.00027433489391110003,0.25704234733295467,0.0014013646472492995
2639,3,0.0005390162426982957,0.00015653241317385206,0.930475397455189,0.0001976146904795,0.057674924780914266,8.528700543069367e-05,0.0004342238810574359,0.010437006281194832
2640,3,0.0004471033943642628,0.00012439418973233333,0.9612376168147748,0.00013477654134832015,0.034185535710665634,3.872288439909833e-05,0.00017474632162325725,0.0036571390646781333
2641,3,0.0006056577991394076,0.00018292137871150154,0.9580501933154594,0.0002682180393288,0.029744069755078335,0.00013606919888954305,0.0015990549104094335,0.009413802946689634
2647,3,0.000900488087166551,0.0022836543357078,0.49755224607603116,0.0009496887861145943,0.3194384887324428,0.0005030017131050121,0.09286464436961671,0.08550780243690441
2650,3,0.004421912187529734,0.0013135041763550667,0.9794843866633886,7.760080388157153e-05,0.010077194920689368,0.00013533650611666668,0.0014118455292027,0.003078218306649922
2651,2,0.0013148109070088999,0.8345226141781902,0.014051391035412399,0.0004381226915704381,0.021772997460866205,0.0005202535220302333,0.12335791467715462,0.0040219161078464
2653,3,0.00014390483920590711,0.00012647224790655114,0.9595446808724813,0.005149894136452033,0.0278103941054611,8.26502949423685e-05,0.002168394387948733,0.004973588285841366
2655,3,0.00047013014516633335,0.00018619104787869284,0.9799129789233731,0.0005367106312762666,0.014598228504615,2.2799312756769332e-05,0.0011069870405540666,0.0031659823548911095
2659,3,0.00834250838609196,0.008833906301666632,0.8618303609099685,0.017012840579817234,0.026524312859655633,0.006239654677449756,0.04789817804984143,0.023318242175286667
2660,3,0.0037451019688589334,0.0013874013257813335,0.9840283732699427,0.00019988513517779999,0.003949143320615767,0.0001402629537574,0.003247306379573133,0.0033025392897023005
2661,3,0.0006484722224348333,0.00017493896393343437,0.9864775445048194,0.0004989998693821334,0.009378213014187666,3.416916038868952e-05,0.0006211211600858,0.002166569368148279
2662,3,0.00014709067346249327,0.00014040123906244347,0.9157514305161429,0.0022555256296286,0.0630648516765533,0.0001310349909024798,0.0055139367648015004,0.012995697753483299
2666,7,0.00183652732343107,0.0008140334389028198,0.06896099280308009,0.0049657125434951,0.005288846945728272,0.0005843023371639614,0.9164707693492046,0.0010788106200115102
2667,3,0.00010056625595199907,7.881109682809506e-05,0.9565319538494145,0.0080059766468779,0.0303956182420758,6.309176101756629e-05,0.0012383071993525999,0.0035856826787565997
2669,3,0.001253880610663,0.0016057672546099999,0.9625729861178454,0.0024409027609185,0.024307686200523232,0.0004151422957740334,0.005120225671996933,0.0022834231586688334
2671,5,0.008496730129623148,0.005910981204224266,0.25426212117094443,0.0005132123766864948,0.6968366796882917,0.0005598252823459489,0.010570996660212467,0.0228494571794348
2674,4,0.0004976246324992333,0.00031726475048531364,0.006340462274561813,0.7455874413896119,0.0003081127834644333,0.0004086219530161372,0.2404348233546858,0.0061056345681543235
2676,3,0.0010890298625218001,0.00010077034097326847,0.9669210809631917,0.0002752223471508667,0.02091456921679807,2.3682645323996166e-05,0.008160874538330667,0.002514737550194272
2677,3,0.0003579343317332534,0.0005063569453546666,0.90471912365946,0.003971570674105433,0.03319469741687223,0.00017121061065659821,0.0508908635449681,0.006188209307789734
2679,3,0.0165252355569025,0.0011791227557009112,0.8746642702976226,0.0013964038828002002,0.034929318568300866,0.0007501433423835871,0.0073909596935571665,0.06316455854517944
2680,3,0.0006112249581814499,7.90486486512199e-05,0.9425290446941074,0.0010399332886198,0.0442672197403175,0.00011755639627303061,0.0005531700203123,0.010802835112308973
2683,3,0.0010294639122012334,0.00014795209615518673,0.977395569601561,0.0006436478562717334,0.0130266100759513,0.0001257366371718808,0.0019639749919368,0.0056670253002222325
2684,3,0.0006458356427334888,0.00014817029947061352,0.9749313820228792,0.004330640171001266,0.009951160994048533,0.0015595722577494665,0.0004038434941718001,0.008029376687926266
2685,3,0.00021765415177580193,0.0001670955042781053,0.969104233364578,0.00048471274024026664,0.02268659138962467,2.8898859542861024e-05,0.0008717981151677667,0.006439016465337133
2686,3,0.0114958586665309,0.00022993244038762767,0.954208449514256,0.0003981193110906333,0.02586368922287093,0.00013413820046131395,0.0014875631478870434,0.006182284295795
2688,2,0.010523468868951466,0.9790741578871408,0.00012039127977921971,7.05234740227184e-05,0.0038409764941255667,8.78964940371103e-05,0.0061006068416551,0.00018199073143599677
2690,7,0.000580286313759685,0.00037543196389052167,0.043582295040431374,7.371655766165784e-05,0.0007152444084374004,8.647542043820906e-05,0.9544822058549475,0.00010434470368186667
2691,6,0.13730652096829346,0.00013655385544186785,0.0006605456837217967,0.00019357691616616,0.00021749202677633333,0.8608357856966219,0.0004863030412508333,0.00016321669578441572
2692,3,0.0004185036527831554,0.00013681970111784593,0.9605241409276711,0.0003007310075849,0.027343682080911032,0.00010063907263970795,0.0005486519923192333,0.010626842639695067
2697,3,0.0012794198823244333,0.0010645911504278,0.9712008072776621,0.0012772922190954,0.016275941963833866,0.00017835723572053334,0.0047722998962766335,0.0039512899109945075
2699,3,0.00038877081059604865,0.0002845509050753,0.9297861423538624,0.003851418112575033,0.04961200839436886,6.977930493653446e-05,0.009517168772642933,0.006490191260290067
2702,3,0.07006127753065776,0.0009255155685339349,0.914620404021766,0.0008275977501841,0.005406281033450074,0.00020419716244800758,0.0008601397221686333,0.007094612979888667
2703,3,0.26898190268792327,0.19584101769311124,0.30171029676393796,0.00104192164483499,0.0014751748771600333,0.22257980800941543,0.006385608301955733,0.00198428159929142
2704,6,0.007029117618420001,0.1542648193263965,0.002619146826235236,0.000497648190636087,0.0009451045414814334,0.8328284616237998,0.0011780820208756335,0.0006376339558645338
2708,3,0.0005610951300265,0.0010319102518223332,0.9546111614109979,0.0004782661176287667,0.0275086596179894,7.863268401088998e-05,0.001893605565861035,0.013836655868157147
2709,7,0.00021804050596353332,3.4218658545503946e-05,0.025275942961067832,0.021200108188241834,0.000197013878981,7.79965852499501e-05,0.9526715339370359,0.0003251610105458555
2711,8,0.0001329668423880777,0.00017935324505893334,0.32317075807373236,0.007915657856390833,0.2451539971156029,0.00010780655363356945,0.0005893332196176508,0.4227501101493576
2712,3,0.0004338181566279333,0.00022011872912130166,0.9583061770307476,0.0009318925097189,0.03570599557031397,7.101572374055614e-05,0.0003687745465477,0.003962170779759979
2718,7,0.006148831105240699,0.0001639460708982613,0.0221124885341418,0.015612751252053636,0.0034379752072976662,6.642281138622708e-05,0.952335331623522,0.00012226001470538875
2719,2,0.000620439856777,0.9867238752001338,0.00022368484265942152,0.0002570873367952371,0.0008952376735102668,0.0003265911960678,0.010508425698577933,0.00044467214572886253
2723,7,0.00017233526282369108,0.0007486775539673001,0.12026408127643996,0.0005764315568553091,0.0118583241719203,0.0001613403851764424,0.861953303685629,0.004265478556002
2730,3,0.00013175556676655199,6.117395348600938e-05,0.9400060495771362,0.0029836246215534,0.0443136556719352,9.414940684233269e-05,0.0006323422955145666,0.011777251848660688
2733,7,0.003966028526805433,0.0012077971898692215,0.002628986962588064,0.03841946707952127,0.006738652371456811,0.0010934179831424355,0.943986257252086,0.001959388827281815
2736,3,0.0008015552903828999,8.029404038551862e-05,0.9817700045288418,0.00041512308421109994,0.0098092428362773,0.00033083294743021244,0.00020136646501859494,0.006591587094288132
2738,1,0.8539743359898498,0.03444089034291813,0.04815085985537193,0.0015905757671206857,0.002534973187028933,0.041700119853889495,0.015264146457350185,0.0023440900981849806
2739,6,0.007274080218800167,7.433995241587313e-05,0.0007658716301371846,0.000537323494334101,0.0006457843990221333,0.9888442446014151,0.0015967938127580334,0.00026156935129704036
2740,6,0.00023510618736950002,0.0005341476031342979,0.012446750792237024,0.0002475639660538196,0.000252541083133649,0.9856420927340738,0.00044239581288426673,0.0001994044864540495
2741,7,0.0006783612168634667,0.00022278972532002432,0.0021818403945739165,0.016253202675065834,0.001474025838354138,0.00014664107693806452,0.9784768300508766,0.0005663194558329119
2742,2,0.0030979791421815,0.9428190589362123,0.00390962671244583,0.000310323183148904,0.0006079124452730139,0.007610983399898832,0.04127508585262447,0.0003690225029880606
2744,3,0.0007155718062571001,0.0008676686235049,0.9404229842196448,0.0019579863028683,0.043855016863686765,3.920656174762034e-05,0.00013985124026736552,0.012001735023123067
2749,3,0.00016891594383954838,7.07580081830584e-05,0.9671953858758681,0.0019647272381230667,0.021412294133172766,6.878653004671175e-05,0.0003651920032278666,0.008753969769136945
2751,7,0.0005765315538036334,0.0049526659507325,0.0008775706848215666,0.00035486991052824943,0.012291961625323434,7.333171925606888e-05,0.9805432706470533,0.0003297579576850079
2752,3,0.0006444107093023927,0.00037345355519452934,0.9437987270713918,0.0004374716827427333,0.0405533335541541,0.00013817078494537193,0.0007295919226265333,0.013324809158836265
2756,2,0.00028390560260246666,0.9616147115383061,0.003913575006171722,8.931821441538787e-05,0.0003932268541392667,0.0010409063295736666,0.032344406534181365,0.0003199146538389898
2757,2,0.0067653045703401,0.9295507203298182,0.000626405365810293,0.0003949953949906421,0.04478796047396267,0.0030030215574637,0.014321449402737912,0.0005501540935832382
2758,3,0.0008916385790726667,8.38172427931627e-05,0.9782686572857578,0.00032331452124786665,0.008484353613436767,1.323673840478223e-05,0.010664327898705667,0.0012706677848296967
2760,5,0.0006054256128769174,0.0003778043439528799,0.40368805231214133,0.0013693553875274332,0.51928457479255,0.00024943572126251293,0.0010650718318633982,0.07336028234123687
2762,3,0.0490143558502881,0.0013489573374296931,0.8823240167847279,0.0045717309239153995,0.015120607095005333,0.03440623272341856,0.0011231469083908666,0.012090968563944865
2764,3,0.000374502507762527,0.00013191261216923973,0.9503794168229968,0.0026604778581724004,0.028767121729490502,0.00010922536893273682,0.0021910032657618,0.015386342155676067
2766,3,0.0003351512432217333,0.0001204482842476,0.9642920007966765,0.0003672985981609,0.028349449143078267,0.00012519883724183332,0.00042395601372909817,0.005986469879233733
2769,5,0.0003184657469968678,0.000220678108075752,0.23568683839735008,0.0028869603986828667,0.7474819476467016,0.00010642228333524935,0.0005514856962866936,0.012747214467997167
2771,7,0.0004114304503010533,0.0008551899876761667,0.10346638135730485,0.00015470675119249076,0.0016244327992036764,0.00011031886402929131,0.8931383064599694,0.00023923590350715513
2772,6,0.00015435182361269999,0.011553793941976498,0.0006831307135132288,0.00014794477394428532,0.0001979877502766667,0.98698216211856,9.789320833952493e-05,0.00018271715612033334
2773,2,0.0017364879498572335,0.9724357574771124,0.00024982498865923965,0.00026665252267510397,0.011890217356498799,0.007981968290390965,0.005029579447163954,0.00040950295661214053
2777,3,0.0002738838998422565,0.0005342748691912,0.945477948621337,0.0001796475841691667,0.048694312668276,4.047481972783079e-05,0.0020918289408192,0.0027075895521005166
2780,2,0.27119100426900816,0.606092099779339,0.00058019012722694,0.00018260200889166534,0.0006525090914756999,0.11248445867338545,0.007746784101529767,0.001070353354517135
2782,3,0.007393699844690666,0.0015515110968084332,0.9814215114111353,0.0007045135843051596,0.0040916102858815665,0.0017095086564040335,0.0007449268062032333,0.0023827577082045
2785,3,0.0007258137024807334,0.000147702304614941,0.9667750855554879,0.00011101644235243334,0.02395341127048603,3.022701258532253e-05,0.0007256652121515333,0.007531094254775398
2788,6,0.0021639828591453335,0.000195770693933524,0.0006151108779104689,0.00018953836308743954,0.00032954726330373333,0.9958602343724866,0.00047714347273530004,0.00016868751664853617
2792,7,0.009721217177989334,8.980650653586576e-05,0.0141791449878288,0.002263009334968933,0.0022672289835681332,3.519598058172308e-05,0.9713536819452271,9.071933280059497e-05
2794,6,0.0004523246943454,0.00015386450000250002,0.15601838723362635,0.0002079999273181931,0.00017503243200028945,0.8426074717558683,0.00022398897244695925,0.00016093446952930828
2795,3,0.00038904553791070266,0.00013591186308884012,0.9284588698615913,0.012032997732186801,0.04044182365263767,0.00028769104412174046,0.0007573570053618334,0.017496341972421732
2800,7,0.001789327026930961,8.142979912308634e-05,0.035273581057254234,0.0023208090322422666,0.0013825983446040001,2.5562823678339632e-05,0.9589873188311336,0.00013935500527842564
2801,3,0.0019436529000227667,7.240394631128288e-05,0.9402118451537079,0.0149818124956586,0.016459001894409474,3.830450158430098e-05,0.02180071815893263,0.004492274828081333
2802,3,0.0011126860399265333,0.0003585719732724883,0.975787453246761,0.0002452579757409,0.011272936387179333,8.440668151862389e-05,0.0004766466993146666,0.010662030019121737
2803,6,0.0005368257134401,0.0025461422066945334,0.00956633651392908,0.0008995601024600064,0.0005447984388634667,0.9848986668738764,0.0006171802308871818,0.0003904710615998
2805,3,0.0005675342836834,0.00016866153941637665,0.9674914214308771,7.441295044106299e-05,0.022994069003807464,8.132512008832944e-05,0.003329213184041333,0.0052933455049987005
2807,3,0.0014635020131247333,0.0007142013345939391,0.9887859877259948,0.0001705373923413225,0.0048712242996551,0.00010180336371307934,0.0009009280872405334,0.002991814637984933
2808,3,0.0006906185968174666,9.577995563095166e-05,0.9812897352539487,0.00011118456566776667,0.013868374876978201,5.4251820558680146e-05,0.0011286736367506667,0.0027613641908938585
2810,3,0.00030933584151023334,0.00017240610177161726,0.7970844584663458,0.010256198119963601,0.17859514730994316,5.524783108300311e-05,0.0014484702737834335,0.012078765590904464
2811,3,0.0005278840608751054,0.0001934788175929649,0.8900220142901137,0.0020285849927143334,0.07472623622128287,0.00023260149117263355,0.0016097316885588001,0.030659472148759997
2813,4,0.051847443169479306,0.0031990337326970896,0.024078196808571668,0.6786395340609667,0.012297534442834135,0.0018301407754066454,0.22374426273421266,0.004363878366146077
2814,4,0.013275800189071133,0.0008967082173597997,0.0059524314759777,0.721344372871343,0.0029875109469354,0.0004970130812156902,0.2541592776909195,0.000886887425377411
2816,3,0.0011365854470953335,0.00027123867173552266,0.9848121034668843,0.0001581247291642,0.0072286540276308335,6.894503292399202e-05,0.00028735929643793333,0.006037001103089003
2817,3,0.00047210224857325,0.0003148539653317667,0.9806537435805612,0.0004131206471427,0.011054045678655334,3.740532467917804e-05,0.0009515935257931666,0.006103115971548767
2818,3,0.0005825435218770667,0.00010121945779255666,0.9823416672662805,0.00014274747221796667,0.012686091643042302,1.4768191621871e-05,0.0007682276131012333,0.0033627490267741996
2820,3,0.00026012532215698316,0.00014902535946896667,0.9761197148236068,0.00021136114246256667,0.014287968243729667,1.5034565188195573e-05,0.0080688599717225,0.0008879152056882
2821,7,0.0006163689407757752,0.000718445968739277,0.0005318385738542697,0.02062724998216973,0.00090249646066166,0.00011110263425227784,0.9760892364963206,0.0004032416168171001
2824,3,0.027488399431511466,0.03981024744199693,0.8159369848159349,0.005077271473656533,0.02423460992933797,0.04771919005562464,0.0019184676164532,0.037814815814817535
2825,3,0.0002875655157609128,9.700907960716668e-05,0.9701358152548392,0.00022459629090943335,0.023623581446548234,2.640174097437724e-05,0.0010730120798275,0.004532056402591
2826,3,0.00010237786407517548,4.075707676735266e-05,0.9609191079110359,0.0016741879971561332,0.029354932654341265,5.0585111698836986e-05,0.0001963342519254157,0.007661747434578533
2827,7,0.00019131216269172667,8.910389966506282e-05,0.010037152049915059,0.0186762951080112,0.0002986087720495612,0.00014440393826849782,0.9703671330635671,0.00019599641551309999
2828,3,0.00024657567913013333,5.161767939130803e-05,0.9779622734231399,0.0022508959489699666,0.014535219426460867,0.00010824012680407983,0.00024022385497463332,0.0046049289431565376
2829,3,0.0005163673098686726,0.00018403919609027977,0.9864098991707069,0.0007137379808529999,0.008123910196196033,1.9257195633344477e-05,0.003117370547740633,0.0009154101519308843
2831,5,0.0010145278984777667,0.17886164363770432,0.0086768623340928,0.0005074748062264249,0.7714124823224294,0.0004640264076674957,0.006460490775446894,0.03260246502618674
2832,6,0.011480578905810697,0.0013543978532459665,0.00017391843181660026,0.0006601542684626873,0.0013616179580661,0.9846184865747915,0.0002068450217868,0.0001440024752760004
2833,3,0.0017460962596910334,0.0016600398581077334,0.881657089853534,0.0002238913634152554,0.013283759164530765,4.956720039992021e-05,0.09923593488756477,0.0021436264672930333
2835,3,0.001026047486139945,0.00035200004824110457,0.922689627313758,0.0006540942297252666,0.040351080092997066,0.00021621122875030083,0.0010419740462398667,0.0336689768400343
2837,5,0.0016040610440862522,0.007399687514539667,0.2685631023386052,0.00034677539183401674,0.7028480085086078,0.0001336547422768074,0.0038998053987811063,0.015204886069484233
2839,3,0.0018419044285653,0.0028745623899471668,0.9710298448024935,0.0040573803478177115,0.0097078912325272,0.000956152020767,0.007312450835606668,0.0022197899039417333
2844,3,0.0009513685759089666,0.00033381244972010004,0.9617348705364054,0.0002116949210012667,0.024419197636472236,4.211677743256736e-05,0.004355133159150101,0.007951794449007734
2849,3,0.0016318001991985334,0.0002429295047504844,0.9872390275719626,0.00013739832311106669,0.006985261864529333,8.668218305887e-05,0.00033753651970000004,0.00333933929503053
2850,6,0.00014437056164002797,8.194397060112906e-05,0.00815334190814416,0.00019081502850463352,0.0002561666457965367,0.9909095802640344,0.00012561402771430404,0.00013817797345375404
2852,7,0.017698337777478534,0.0018078255830542332,0.010836178786701234,0.0025554335791710334,0.0033995928757691186,0.00853513856956792,0.9539400130319576,0.0012275055035410277
2854,3,0.00034353075883610955,0.00017065377905313333,0.7728190622823661,7.202523561514307e-05,0.15893408964653913,4.6686436702238675e-05,0.0016120739542649332,0.06600188432067809
2855,6,0.010945940031542934,0.0014089055222119666,0.000641300262199878,0.00045161844430823185,0.0015872835153626997,0.9843670446072369,0.0003589912474696927,0.00023891482293514352
2859,2,0.011260669515940768,0.8621647475160109,0.0428183373862187,0.00226490281036992,0.038133768916237036,0.0014695684288612,0.03684565962154922,0.0050423395664958666
2860,6,0.0032752081344956663,0.015861551360258932,0.016989084436331923,0.0003662890761937337,0.0008267064339860333,0.9619046948028785,0.0003660378720107826,0.00041042174257856673
2862,3,0.0005792076323797333,7.974350409618875e-05,0.977732011876506,0.0004262755856981333,0.012160611163629398,0.00014338642372154964,0.00023324966129756666,0.008645501180381966
2864,6,0.01880697762843537,0.002382899177331067,0.0011631297744034428,0.0006353739698859421,0.0026760630962093667,0.9732059802300097,0.0006753195973689966,0.00045425823449510007
2865,3,0.0167928140792224,0.0008938313176727234,0.9755539151127808,0.0010088615107005333,0.0009524969128672,0.0023788329954923,0.0012531137603918668,0.0011661065041127735
2867,3,0.000398923595449715,0.0027463225731053664,0.9539236535523624,0.00017281368236831676,0.03385112286838223,2.9633158039777746e-05,0.00038175183640346667,0.008495757891041634
2869,6,0.003960729500157833,0.0019353389598462667,0.00014916846841012848,0.00023623720221657005,0.00036926400985893334,0.9930885986853113,0.00011780123309436165,0.0001428207117089875
2870,3,0.00169906788633397,0.0008170842101398096,0.9002839834863933,0.0011208388639984332,0.06460400690218414,0.0005979414075338376,0.002900734260436633,0.027976372094807102
2871,3,0.005812820030644285,0.0003451417291593299,0.9243219643485393,0.0005423964445545666,0.05797795590387942,0.0025521980650658337,0.0011085391734994598,0.007338987468190633
2873,2,0.009713832201931267,0.9283922940357175,0.00011998331138557128,0.0003091279792391841,0.0120286628635862,0.00025601323074606665,0.04868156934952556,0.0004985380371916648
2874,3,0.00032400238840306876,0.00015369970564327694,0.9441161105442265,0.0027674602494495667,0.04238542618707086,6.380728188109085e-05,0.0005069610037310614,0.009682558543487
2876,3,0.00030362388544493335,4.6810963769062895e-05,0.9785334391773627,0.000692367065023,0.013547524103058166,0.00014833307441222468,0.00016392140827896666,0.0065639738770831325
2877,3,0.0009217457970015533,0.0002849063961893518,0.9614399751894963,0.0010469129926066335,0.019757076870977098,0.00018089441946872125,0.002498785996163467,0.013869677408901833
2881,3,0.0013493311515016,0.0007348990075698333,0.8898622080955487,0.0007280314447680666,0.08843056900750886,0.00015325173719708517,0.0013806283774932772,0.0173610630118324
2883,6,0.0030104088260884663,0.0005186992481040667,0.14924829849916815,0.0005039484291087815,0.0005303496783488341,0.84505463908181,0.0007062725135453298,0.0004273698711683908
2884,6,0.0038048500991708666,0.0006688860593903,0.03625358186781004,0.0003557706775846668,0.00027188052341321994,0.9574883722412882,0.00046233975885382156,0.0006943269268550999
2887,3,0.0007731699282989667,0.0006687759685807333,0.95114225926133,0.0018592582134321332,0.0380811004312274,5.910536268119224e-05,0.0007751886141095667,0.006641136503806666
2891,6,0.002527142467958767,0.004446812533794398,0.01783534608704589,0.00021740872130590724,0.00019247073410250617,0.9744423605941156,0.00017557652206252742,0.00016287153472629144
2896,3,0.0003015538226956448,0.00017152941097177507,0.9218230514775562,0.0021707331631659,0.050207629473774405,0.00014458923768032085,0.0026540977325545333,0.022526839698636197
2897,7,0.0028566505593525665,0.0015561811458942333,0.0147948862414035,0.4192763982151811,0.008691890547093033,0.000788267734559598,0.550588430681546,0.001447287615522751
2899,7,0.0010476680541442,0.0005503196871937454,0.004511090751995859,0.11763945981719742,0.004298921972938931,0.0005683180029036588,0.8701726082858935,0.0012116314204802087
2903,3,0.0008165469603334001,0.00011390944726902333,0.9781259404924579,8.15243707985051e-05,0.015933611441558335,2.9277164526213936e-05,0.000553168632254,0.004346046016021204
2906,3,0.0036734298253411,0.0014725522995388,0.9496861121867967,0.00035252467865143334,0.0019985159350015998,0.0003493835486703,0.04160531966090494,0.000862171532269898
2908,3,0.018272972210949503,0.0001184111639468096,0.9245946840487674,0.0011299380790375333,0.04445004538777386,3.248142198307387e-05,0.0042802147675776335,0.007121272271984266
2909,3,0.00025532523085997094,0.000206280107141227,0.9450456145448695,0.03270485916655453,0.017952156172039466,0.00014049172968761723,0.0008985154196410333,0.0027967843352706546
2912,6,0.004284833724770467,0.00016459147118233334,0.10148480277589289,0.0007002995096986065,0.0005625797952768355,0.8917288619515592,0.0006725395509587524,0.0004014888691369561
2913,6,0.08651973038410364,8.314853423057996e-05,0.06715333182954251,0.00026195790353631093,0.00023157976855904005,0.8452065815899438,0.00033965539483013334,0.00020401390841434262
2917,6,0.020740297544420968,0.00035537055522313947,0.0001810307252376706,0.0021687859877574634,0.0013031601089552333,0.9747721281093799,0.00026981701271668756,0.00020939288780903511
2918,7,0.0005714050481911,0.00017006642718164162,0.018671600681661394,0.00876809640558,0.001916550936871838,0.00011213964833236581,0.9696604397417946,0.00012968391539984304
2919,3,0.0003374089934720629,0.00010491049849847523,0.8982343767804064,0.00041346441140409997,0.0797352610987382,0.00014595193961649161,0.004897293242076933,0.0161313384274425
2921,3,0.00042516590060126666,0.00047753808784545255,0.9517047396124845,0.0012976934979211999,0.03739781779316987,5.629056731139718e-05,0.004434535258088367,0.004206208069380651
2922,7,0.0019754254881458,0.1362681311831405,0.0017992256268633928,0.00012180833956547614,0.4183068046103789,8.254255210628793e-05,0.44085222393138396,0.0005938726871004
2924,6,0.0026234952036889333,0.004260768875850466,0.000990245202984117,0.00038273960549850273,0.00074063238090641,0.9903644851654899,0.00031444758905071097,0.0003231817601148667
2925,8,0.0010530310335980658,0.0009938023451948668,0.2803010494678986,0.049227917353457634,0.18321502743853432,0.0008062410585009303,0.0022681107444458668,0.4821348411164186
2930,7,0.017102144426940035,0.0011436322901974486,0.008090378747339267,0.007573178205855767,0.003245724447809791,0.0033417177275991,0.958309230971087,0.001194008963679672
2931,3,0.0002951546885629,5.49376942095014e-05,0.970655244427681,0.004420414825054933,0.015742760873394632,0.00013038265267161672,0.0002547513464730333,0.008446378019443666
2932,3,0.0006505459541719667,0.00012669595562536066,0.9790333988853246,0.00010407405850063334,0.015103972277511033,4.051481311856351e-05,0.00039638892715356666,0.004544419580760329
2934,3,0.00040065092642196665,8.035113290344956e-05,0.9717152125597271,0.0017641354915984,0.013723604119428167,2.7572098416309895e-05,0.006359116547773401,0.005929357721714166
2935,6,0.00018310971346924138,0.0040996786323862335,0.021623462982045965,0.00017359154354747416,0.0002695313968331569,0.973177084643757,0.00027112999532143334,0.0002024092977454501
2938,6,0.0001733113560739,3.5559653011779486e-05,0.07870077270022371,0.0002916307985199761,0.00028656849334860737,0.9201105927038422,0.0001726010558703862,0.0002289634791038667
2940,8,0.00229341414946663,0.0028015945855181003,0.1898749351257292,0.0017478340252569406,0.2056456291917871,0.001081316885919454,0.0031701374685496335,0.5933851697426415
2941,2,0.09809971259123144,0.7844099020735262,0.00985193825995902,0.00172725580767421,0.0370878208960963,0.0405687660093024,0.02702745540607419,0.001227176933753859
2952,3,7.165380866806403e-05,8.000494219180273e-05,0.9640578045756215,0.0066377840337614345,0.018326197633529967,7.049946082064621e-05,0.005818814664390866,0.004937253241702934
2953,3,0.0011511152037064333,0.0006858934076283807,0.9820584619302227,0.0004320886636802667,0.006100656020649867,9.918782886506478e-05,0.0006760798298362001,0.008796507608889977
2954,3,0.001290113368640259,0.00066440374865326,0.9652594335488517,0.0025228838114375,0.011382692153866433,0.0003674559072555926,0.0016891438700517333,0.0168238762177901
2959,3,0.0014782891030620333,0.000206326905069906,0.9886671892457581,0.0005014520104172667,0.0033880821949923666,0.0007327544944726533,0.0002785507832448666,0.004747372501891846
2962,3,0.0034613523595394668,0.003936343606416767,0.9832069441951988,0.00019193200636978658,0.004829051596354233,0.00015464257764663333,0.0026036340472500668,0.0016160863587790883
2963,3,0.0004923274722456312,0.00018775578246267157,0.9329716668945061,0.0032002032666645,0.02196662335301887,0.0001867970949488427,0.013291713014909265,0.0277029407623279
2964,5,0.002966800042046809,0.0023525301366508146,0.2904345476706573,0.1008338860372844,0.5695023128878275,0.0015512600959228593,0.006541505309377273,0.025817151635901966
2965,3,0.00026201175995786745,0.00027729736539293333,0.9572892708250734,0.011172030617639933,0.022680036752972466,0.0001667892379508,0.0020819767224204,0.006070579715333234
2967,3,0.0012792586713556832,0.0008614481244879823,0.9271458338465234,0.0010050848562432998,0.04628041077973663,0.00033696755200968625,0.0013946901677758335,0.02169631012058677
2968,3,0.0005316965684001334,8.483701811708954e-05,0.9701725587588577,0.00014446677821613332,0.0193581381671219,2.397927072581952e-05,0.008063039140254235,0.0016212911443429805
2969,7,0.0008524883935031334,0.00033922658223620514,0.0024717976130784005,0.06415895533006306,0.0029494308841830253,0.00028301997912260805,0.928145922007361,0.0007991783024547369
2970,3,0.00034496325661433676,8.821910155689701e-05,0.6873913841898687,0.30569034537102746,0.004679949233443867,0.00020941270335103333,0.0011405265530573,0.0004551573241512955
2971,3,0.0003613981777294702,9.973343094678667e-05,0.9817378408785983,0.003990848334393067,0.0091882726295973,0.00017435059283286685,0.00016766415633376666,0.004279912256927741
2973,3,0.0003025544631732665,0.00011401556300925159,0.9694724319879656,0.0005363232376036333,0.022788778469874035,5.085972256436188e-05,0.00033417620636566663,0.006400859504797767
2974,3,0.0002495737816378667,0.0001822255392520326,0.9329976688027424,0.013408477210079131,0.04155167815178863,0.00012995954408195315,0.0043020812959653,0.0071783108171582
2975,6,0.0018958640535449668,0.008873544814496367,0.009120740411966753,0.00013331140081378044,0.00015787601652412928,0.9795940026008122,8.725326312663439e-05,0.0001374083728360594
2977,3,0.0025596723493221856,0.0006524262128241049,0.8752204839416434,0.0008700522587338,0.0946990731300586,0.0005298965591568539,0.0016733786763176988,0.023795015493843597
2978,3,0.0011639600146311534,0.0003950081948797439,0.9678077118879113,0.00028923234915254336,0.020008897950467466,0.00018833923610840134,0.0010807203269109441,0.009066109619065356
2980,2,0.00017951683076807904,0.972915171108412,0.00021677002886302249,8.183023599133786e-05,0.002647469509430667,0.00020207932726773337,0.021195052105969298,0.0025620889418085453
2981,5,0.004939066548274188,0.0017649438064104431,0.46429678642745215,0.0015431923859507335,0.4827707567153572,0.0013399067343255356,0.00781915567153522,0.035526219467107836
2983,3,0.0013084280717193333,0.0003870034714210041,0.855168639675096,0.0022698399664762337,0.09849827364502874,0.00021983455941661202,0.0013433704049735666,0.04080462280882954
2984,2,0.0023809366697867,0.9440596003317206,0.004235651785167313,0.00016741373886191137,0.0157526044409403,0.0012963991709836668,0.030794500118474566,0.0013129044032604935
2986,2,0.1305574272733907,0.8351844790274487,0.0001527746300814,0.0002896171381390168,0.0007266675378296525,0.0002949879754134542,0.032298412651069267,0.0004956217356732057
2990,6,0.00039273597642994147,0.001454317881093567,0.00446665052440041,0.00014865558175941316,0.0006901974958035334,0.9925436383972408,0.00015575581621621123,0.00014806690808491673
2996,3,0.00043223803320207796,9.400288864265765e-05,0.6563963065019592,0.0005221110657106666,0.25165686977578106,0.00010661667129986811,0.0002333504755158357,0.09055855041034504
2997,4,0.00013391037487604898,0.00011528889903701139,0.0335580791560491,0.9590278349242052,0.0015427146669955334,0.0007828896645330919,0.0043374429561422335,0.0005018460949732
3000,3,0.0009511988412613061,0.0006853875198556333,0.9730250973884189,0.00010889024867853941,0.014484394448688898,0.00010565086795790856,0.000656362516505,0.009983040478124367
3002,3,0.0011436246560444943,0.0014345782409416,0.9103870156481609,0.0009172810944746666,0.078975731903484,0.00013284706151233335,0.0009439972246917001,0.006064903586263568
3004,3,0.0014730641025394002,0.00020411622596863246,0.7776344132228606,0.008846699550860032,0.03956846496710333,0.000157502561850683,0.0005612567880244,0.17155446939090024
3005,6,0.0013442625223683668,0.00016776278920726663,0.01397143465503838,0.0005909989695686754,0.0005318719872168333,0.9824905602328468,0.0006179024330656512,0.0002852175798966225
3006,4,0.0008455024344612702,0.0004282907110778167,0.18290561203937253,0.5637511819642183,0.002170637533150822,0.0005408774930585526,0.24839513634088575,0.0009627628542330445
3012,3,0.0012347791116477666,0.004445834027298667,0.8228618360652672,0.0010351395815133,0.0146847630141598,0.0002477983153461092,0.1541395090810823,0.001350383255088855
3015,3,0.00029087960295416665,0.00011513889582218773,0.9643922214727997,0.0023659633743747664,0.0104334857994173,1.7271379965284985e-05,0.020623929909837132,0.0017611280881720812
3016,3,0.00040904163140743894,0.00012653776976012676,0.9311255549540135,0.0005590914730205667,0.05584203871058491,0.00012019970683473101,0.0006186434436438615,0.011198887201668036
3017,6,0.0047648560505880845,0.0008200144453063722,0.1618784903676205,0.0005815422683049796,0.00079659489947778,0.8291681580972252,0.0014622231815352796,0.0005281550558812855
3022,2,0.19918070603001536,0.794160883463089,0.0004191232753059256,7.959507788057845e-05,0.0006696880511850334,0.0021241804850507333,0.003118541296060527,0.0002472788603738282
3023,3,0.00013058286428342338,0.00010068980909147593,0.978902710954181,0.0048522359500072,0.012383755581073332,8.177760294015944e-05,0.0011103799097752665,0.002437863688579702
3029,6,0.006805417856523801,0.0016062816369100334,0.08064224728313392,0.00032626795477405716,0.0003033070914572833,0.9096222177295353,0.00042662149679825474,0.00026759575349934373
3032,4,0.0096637684055707,0.00043376467014523456,0.06752558758260817,0.726025480499477,0.0010852112824875002,0.00021007892349122898,0.19458895892789196,0.00046714136546469905
3035,3,0.0003378308618064408,0.00014500573477581056,0.9112179371041741,0.0014417267062942333,0.06608323375851737,6.910860958236668e-05,0.0097432701289867,0.010961870608675699
3036,7,0.06789681136014397,0.0329279585796454,0.003883549164749414,0.0016716473780080737,0.002438111328778277,0.010798470006527299,0.8785827895022384,0.0018006375078315378
3042,2,0.0029274647705520673,0.9166213307806231,8.909595352368681e-05,6.898071596273453e-05,0.0633754253854278,4.79988637070741e-05,0.016436029676191517,0.0004336819772052824
3043,6,0.022372526944958237,0.011937070174695334,0.0039486678711267665,0.0005099606489652024,0.0022637706346369,0.9565487766278276,0.0018925490108240666,0.0005266619678535367
3045,3,0.0004693605730255333,0.00010197179792692096,0.9793358464245264,7.356356886115333e-05,0.015413126107132169,2.2433750795655027e-05,0.0003981219947072666,0.004185579114950439
3048,3,0.0014638582790626666,0.00017276054312249998,0.966646922312361,8.76670962893723e-05,0.0240366409048051,5.5157625492642186e-05,0.00036493969111006663,0.007172065372119739
3054,3,0.0007119702643388,0.00022513738665588608,0.9106966308652856,0.027608136936130137,0.02398884545237225,0.0001575350194343154,0.03166749363047327,0.0049442583915435
3055,7,0.0010796883047901058,0.0005674647375349571,0.012931973066104866,0.06585316588783646,0.016543043158054667,0.00020474023216687486,0.9023510737770222,0.00046886082004561034
3057,3,0.0010337207334829,8.149368814392418e-05,0.9751122679987579,0.0003836201113820667,0.016063081643971067,6.049842991454946e-05,0.0031179315503100332,0.0041474208818487665
3059,6,0.003377541966015366,0.004113838596607267,0.030076980451887614,0.00022554991396085754,0.00021064827519805948,0.9615961391200228,0.00020968998094417156,0.00018962186709924425
3060,7,0.0010771323363495333,0.00010572580211623126,0.016416367482451216,0.042211017592364695,0.0004363016899651333,0.00013654229897172964,0.9394858116724061,0.00013111499899224818
3062,1,0.9397915872924135,0.0172268716515966,0.019362945191261024,0.0014521231044051172,0.004290147954895767,0.008033981443304633,0.006647879612149205,0.0031944839108031535
3063,3,0.0016257384968405668,0.00012746143769256025,0.9762298945272959,0.0007144477103324668,0.013507025594092498,3.897196615082301e-05,0.0016418996933375667,0.006114572524165019
3064,7,0.0011105055912217668,0.0003919319877033739,0.007638960309126391,0.0929829889158618,0.003193894264977697,0.0003142392922290166,0.8933972097426591,0.0009702708303333295
3065,3,0.0017213062738702333,0.00018384145502056663,0.5538163633974987,0.0017963841465081668,0.0207758113758429,3.836428989683783e-05,0.0009424565096303001,0.4207254797322271
3066,3,0.0032087293074205005,8.992754960790356e-05,0.9028936611753252,0.0027653116946395,0.07695739425083586,3.201397969462742e-05,0.0035932743009677004,0.010459687495889101
3067,3,0.0011177198017542666,0.00021249331286255,0.9405519702911865,0.00034932981295692883,0.046008946406319196,0.000175603123533366,0.0011279575595253668,0.010455985479434509
3069,7,0.00028940863236549,0.15664740415774478,0.0001894252273847971,0.00035016492283488824,0.001744287137884,0.00031761945939355233,0.840110239538364,0.0003514554871003321
3072,3,0.00035562479870336893,0.00013732381218473335,0.9091607707800456,0.00014428824790766666,0.07694613309094184,6.434865160507567e-05,0.0009536538093586233,0.012237860146138905
3073,3,0.0006305255854572,7.274589172482321e-05,0.9800918324855908,0.0008211753466679667,0.010296647682505834,0.00013194518396031,0.0007623971675984001,0.0071927116659071
3076,6,0.0008679243587484334,0.0007215497801886667,0.1061095378128508,0.0002351344315425322,0.00025073297281556664,0.8913215256537189,0.0002928949656918385,0.0002006993604311025
3077,3,0.0002696730506820667,5.3119582142383206e-05,0.9668136767843566,0.0006107945680341001,0.02246344537250733,7.713953719699051e-05,0.00023628858443789998,0.009475861729526034
3081,3,0.0002366817834433667,0.0001769169063086934,0.9362544634529195,0.0007702353675194999,0.054321846117947305,3.831476187172059e-05,0.00047481933971578704,0.0077267155473473665
3082,6,0.017228942109390768,0.0008883419419110332,0.044270886432790084,0.0004661792233676964,0.000364317327874,0.9359995116363832,0.0005369316118677164,0.00024488516397465815
3084,3,0.0008247150452366333,0.0004457330911170961,0.9486178979347867,0.004161604943673366,0.0308126936281397,0.00017388345470468078,0.012987928829849033,0.0019755233279617744
3085,8,0.003291209386616334,0.004175196103224688,0.3012228795009036,0.0798916329652483,0.0953628420280321,0.0029141362110945393,0.028757166463157468,0.4843849356172563
3090,3,0.0003272655111011906,8.54056727072682e-05,0.9758165835432727,0.0006710768850524,0.017515476336675932,5.055914002771395e-05,0.0004891851505231666,0.005044442725343633
3092,8,0.0033945894962009674,0.003493713544323906,0.3934419693055469,0.004937691497529109,0.09810859609745178,0.0021314846261800495,0.014434040688086567,0.48005792609870906
3096,3,0.006614309797826189,0.0022175720825424665,0.9700538037340408,0.0014608104157714582,0.0093128923498255,0.0032263611321155,0.0031992223844349997,0.0039150329067045
3099,3,0.00012078857909117361,7.868046240868511e-05,0.9551750275528809,0.0029484605246444667,0.0272650305989305,7.963623632157866e-05,0.0015648717387089332,0.012767490465166767
3101,3,0.0008352554860405,0.0002532191390992255,0.9781143298571955,0.0012795300660754666,0.0106206894255999,8.222187297872816e-05,0.0004252362741404867,0.0083895336291914
3102,6,0.015082682567390834,0.0006784091465742667,0.0006315002774640947,0.00040050277035427105,0.0023189883357363004,0.9803164015465642,0.0002927982932569904,0.0002787200505917333
3103,3,0.000562613402344055,0.0003506550484770783,0.935453449932731,0.007255318814713933,0.035425612468446104,0.0002035286002506519,0.002048066878302867,0.018700754298313735
3109,3,0.003916859339197667,0.0004900638749678666,0.9882966312820741,0.0007740306672787,0.0011017685545429208,0.0033841779425959006,0.0010908258608939667,0.0009456941287691675
3112,3,0.0004360099337546064,0.00011124409527472316,0.9502646225318468,0.0017319587739044002,0.03338779911938273,0.00011427654674794388,0.0011061864928467334,0.012847908078140832
3113,3,0.00016699331763931117,0.00012322929462793333,0.6340305474142559,0.0040610909525878,0.34505554060758564,0.00010079096203804366,0.002540423429166067,0.013921371901880968
3117,1,0.6908739360102166,0.004428214254595167,0.26960940879923007,0.003991620578745067,0.0090321411402796,0.0073515678040751995,0.008610061474286368,0.006103036121801156
3118,7,0.002012015204920769,0.0005338104340483734,0.1605235340961996,0.12695796318217312,0.0036007552967652775,0.00037153246344117866,0.7051971531400912,0.0008032226273853049
3119,6,0.0008522323015760667,0.0002951408553775134,0.004754137656067521,0.00023071352174708047,0.0001979520683170878,0.9896009411672444,0.003897042835333733,0.0001718318260423054
3120,4,0.00021005933548836668,5.193833855629672e-05,0.0054540203180398665,0.97235230423985,0.0016275979956513,0.00023694787459635947,0.019910939278872067,0.00015617903154550717
3123,6,0.00029300511518436665,7.707245252802189e-05,0.000570463729599592,0.0003379209404507718,0.009179101031521189,0.9891545711830968,0.00021154662569003219,0.00017629717008664763
3129,3,0.0025964995028917664,0.000248676618019213,0.9408839923436623,0.015975319091757,0.0314363419123192,0.0006420061648329333,0.0005153064799097181,0.007701846444964124
3132,5,0.0007482119883220776,0.0002583081640213929,0.45453145472096,0.0004968201361704666,0.5228944934136753,0.00015123349110132288,0.0008432525527879479,0.020076222066577498
3133,3,0.0006478767670260667,5.8650244245556034e-05,0.949036439184631,0.0015033004637533666,0.023446106892105467,1.8819599597174788e-05,0.01735997314386597,0.007928820084261733
3139,4,0.000154516346668,9.386255994952627e-05,0.04423455375197103,0.9442799684013902,0.007681519712589833,0.0001253995229101012,0.003069390779347233,0.00036076924504916666
3142,2,0.0090595664891912,0.809591367415052,0.0010789709218120168,0.0010496084347333759,0.0033056180433028333,0.006276846889369167,0.16861666838804243,0.0010213681853431342
3143,6,0.02733392803789753,0.004690137682611033,0.002265255167693257,0.0004981294434653128,0.0025435911865768998,0.9607927131171051,0.0009641547488751105,0.0009121211860547001
3144,4,0.0005903725242289333,0.0004441661579649272,0.011190018140500567,0.7874541478128014,0.0004336195691561667,0.0006613339361926689,0.18532703747715726,0.013899304235874049
3145,3,0.0006140854790894,9.493281137337766e-05,0.8460659699741219,0.0012927110223092334,0.14678006848457228,4.1833747832390466e-05,0.00029384397026773336,0.004816600069573033
3148,3,0.0008703213049963331,0.00026783583872746667,0.9312939724555523,0.00023924041480126188,0.0526731140277605,0.00010635854638945724,0.0013146036885702001,0.013234576578366034
3151,6,0.0020776256707698,0.0005498499855455666,0.00047294283549246136,0.0005928189043331675,0.0005985488412458966,0.9936881574209538,0.0015733770724712336,0.00044667046129233883
3153,6,0.07658054876616054,0.017795718227728,0.13883055959173093,0.0009260866384579917,0.0017055098014304001,0.7609120080630948,0.002108316840562161,0.001141236410040801
3165,3,0.0005468911297879667,0.00033659873172725156,0.9755207907091776,9.618916977290131e-05,0.016386610349396032,3.384953044238735e-05,0.0010690437749186668,0.006010040122306552
3167,3,0.008205947253354166,0.0003318686714605721,0.9653832666897476,0.0008830865060912334,0.013827871492754733,0.0017757545132508835,0.0007746506633442438,0.0088175582145131
3169,7,0.0176949727490627,0.0009478690165778094,0.060422263698368665,0.4226683923021423,0.0083473152073855,0.0002675652973374037,0.48865405995450856,0.0009975618451209718
3170,7,0.0015871206615002,0.0004941063138174706,0.010444923524866367,0.44830024103658483,0.0031198912018995024,0.0005374899299659407,0.5344902600426956,0.0010259371622958024
3171,2,0.0042382962872798335,0.8174548319449925,0.0006692075502937747,0.0006280083404847799,0.0007728997038072878,0.003621977158705233,0.171884363008072,0.000730394045221509
3175,3,0.00027165962278637623,0.00011091167877568294,0.9523229219929933,0.0036793644504486,0.027994854844852635,0.00010208189632665876,0.00022987134534076663,0.015288352777527102
3176,3,0.002085714805250767,0.00038000972483807015,0.980529537402472,0.0026789572035741337,0.0038699204818970997,0.0049524852214272675,0.00045186250418100785,0.005051537079210031
3177,3,0.0008752501665773334,0.00013968180117863744,0.9773528636607735,0.00013332735685816667,0.015134262444210967,9.734377123714631e-05,0.0003476566312362334,0.005919594806465367
3179,3,0.005444521050778201,0.0005557379313868425,0.9715258986568859,0.006600370222431567,0.005680316916609244,0.00011685369935636767,0.0036562556314248666,0.006420085773581867
3181,3,0.09122658038164631,0.004058517797883833,0.8961314517568321,0.00021798125192153613,0.0019828346401126345,0.00020935992384916668,0.0037411441389113005,0.0024321119059581265
3182,3,0.00046881301861586303,0.00011965669453363119,0.9788215878631918,0.0002579392297551,0.016260866561171167,2.5134256605735416e-05,0.0007762108941843667,0.0032697586485521666
3186,3,0.0004406742007002455,0.00012514985245122668,0.8771985641976863,0.000751974090525,0.10866573102165478,0.00010643569325926291,0.00034354180942642963,0.012367936800936367
3188,7,0.0005061453411117,7.183881967236806e-05,0.0023868435597667265,0.0140277960732461,0.000557917828221817,9.502465797306987e-05,0.9821331850531818,0.0002212622420910707
3190,3,0.0008648657491020334,0.0001915265911774757,0.9622205351933589,5.314341522883319e-05,0.03219347352242267,3.507419916000067e-05,0.0009058609492684334,0.0035355095828121194
3192,7,0.0004736295455752333,6.081344748639307e-05,0.011325106260466733,0.0009487138976154333,0.00047534932064273336,0.0001979748654602193,0.9837893118622154,0.0027290862282072915
3193,3,0.0028414018247666334,0.00018332047453096446,0.9714432661486517,0.007807247982207934,0.005809428488892667,0.00032062999481978667,0.0005041610156249382,0.011090552690416767
3198,7,0.0001234066354545403,0.000576154212045,0.0003478937220319177,0.00016423581716563476,0.0139995378284484,0.00024063872763394243,0.9844095331528372,0.0001386206446588129
3202,3,0.0019300613856992408,0.0012815066387815279,0.8873370985967984,0.0014986811216020333,0.05315397593980146,0.0006824335522979921,0.007150531990732533,0.04696572418225126
3203,2,0.0023652482786883666,0.9529320618046108,0.0004681172302327104,0.0007925221881215377,0.0008671588326966334,0.0051866126036984,0.03661639261986383,0.0007719055172468242
3208,7,0.00023340300380043336,6.163905590187025e-05,0.09682646647122857,0.02353399108505187,0.000942082244026212,6.978884066779262e-05,0.8780855622485806,0.00024707677403887005
3210,6,0.0014482844276241334,0.026551986945963363,0.02551520533724383,0.0004615630154358639,0.0004157350671417667,0.9447450371403215,0.0005756033507003823,0.0002865572442308543
3211,6,0.0025862981903350337,0.0008676958109621333,0.0009551861345942612,0.0003681716858083553,0.1128531510241283,0.8815802728251615,0.0005344745493836192,0.00025475835583059524
3212,3,0.0008045422200746644,0.00019126243158256505,0.979436973943619,0.0007512175161141334,0.012040981309112435,6.259338272432358e-05,0.0010788679384333667,0.005633555478605303
3213,6,0.008646827263797533,0.07414869900793897,0.00857165690115354,0.000811512919947706,0.0012692280909556292,0.9041187926176586,0.0016178486943900742,0.0008154469503141291
3219,7,0.0009039673955276334,0.00019548567861507835,0.057256833994975,0.048210035794862736,0.008675802374056,9.217675062725352e-05,0.8844982411736856,0.00016748387921896362
3220,3,0.0160832956265645,0.00018822143987428524,0.9439022053894998,0.0018417620516874003,0.0069004526259560705,3.111254686817487e-05,0.024068299886341668,0.006984668222563534
3222,3,0.007019190552567133,0.0007179080701554437,0.9745195246940703,0.010665016160877635,0.002384706108889333,0.0012770292314083333,0.0005862735890820334,0.0028303612355591134
3225,7,0.0007973080320297496,0.0006778068231407708,0.005735508679526033,0.007512019199224433,0.011089642536078567,0.0005215188760557855,0.9729409829717396,0.0007251948105205792
3227,3,0.0270493836566895,0.0002743334781701333,0.7419035441310745,0.004339346909104133,0.04469789445040637,4.6492402208595315e-05,0.17741783566564204,0.004271167939914333
3230,2,0.0014935976574092667,0.9722547102860002,0.0019334320277267405,0.0002646980267501062,0.0006011461480084058,0.013129611257572865,0.009925285729319234,0.0003975099982375355
3232,3,0.001283774218265249,0.0010864227315580122,0.8744729448123217,0.0014774227727066332,0.09495066582435781,0.0005099616680471327,0.0026487533234149404,0.02357004282477697
3236,2,0.08294814119479013,0.8021085883010731,0.005227287397223334,0.0004490920055989104,0.02166650840408797,0.049983228821200064,0.037043326918186334,0.0005738114154910408
3238,6,0.019972606506554767,4.7111717844519304e-05,0.05468278027735499,0.0002091636657903561,0.00021137450095222768,0.9242944765285118,0.00040174854127975334,0.000180702574796912
3241,6,0.008142508297190633,0.0021746419450919,0.15094427249006015,0.0006374935660905795,0.00039367091245129035,0.8365105645296066,0.0008840626494647799,0.0003128079428522985
3242,6,0.00046179121913483335,8.859818225793335e-05,0.0009490499839577667,0.0003855288719318542,0.01912190466244317,0.9784859036393169,0.000310672821070691,0.00019656464693948818
3245,3,0.0013597350331707838,0.00020024630121823333,0.9938376017768249,0.0011147119627539,0.0015843529780101,0.00016865330639536668,0.0008394233550564001,0.0008953085027526672
3247,3,0.0006209979906521666,0.00021987417503294834,0.9668516025224049,0.0012050649844208,0.016786643135556667,0.00013749023964102172,0.0014046020269422666,0.0127737502659825
3248,3,0.0001596326475978497,0.00023896653760379998,0.9173564953521445,0.007466228386675699,0.04006930205928253,7.605420124598627e-05,0.010884762536447367,0.0237485580674789
3249,7,0.05256114924410529,0.026061224254160565,0.009039251527141965,0.0004066737451544199,0.0018843791943254666,0.00014737044906575333,0.9097072502105839,0.00019267601623626054
3257,3,0.0004531356285713494,0.0001855164465740294,0.96570838282812,0.00040882292674755005,0.02357690315804117,9.222198362527106e-05,0.0004283252962632067,0.00914669756276911
3259,3,0.0003187945537350395,0.00016320640192877094,0.9214611322635321,0.0015873232017365997,0.04920003549710309,0.0001354028292887767,0.0005283298154653982,0.0266057664524357
3261,3,0.0009415248255424889,0.00029334573045611083,0.9674681026448941,0.016388104743574834,0.008995894709071634,0.0008311878853831034,0.0015557411405593665,0.0035260641707975156
3267,3,0.0024272026584323666,0.0006074211570846425,0.9307760934643383,0.010767426989814132,0.0323877639920931,0.0003637740589526335,0.0012920231957889966,0.0213783172117442
3269,3,0.0013867925803650333,0.00027918230368382196,0.9528767860635997,0.0009256361288693334,0.029308360482347168,0.00024816292478254163,0.0025886850081342666,0.012386424002082468
3274,7,0.0005585225721793,0.11666106425515697,0.00037964618536566794,0.0001554950685646109,0.005593880879055934,0.00014411311730062982,0.8762661964965642,0.00024107390181405365
3277,3,0.0016865146456003666,0.0011433720583750669,0.6900302727618518,0.0001429276459459,0.2870195570263192,8.784431360260624e-05,0.003611953214738167,0.0162775718312335
3278,7,0.005627836744133634,0.0003010374043579664,0.013220264463529767,0.018746438006565638,0.0028036091540756002,0.00010422262695598273,0.958968612188129,0.00022796549247935502
3279,6,0.000915130692325516,0.0003044033099185667,0.03657519581274823,0.0008726188475878709,0.0012424326438300855,0.9585949825329001,0.0010060718601977816,0.0004891685768735734
3282,3,0.00041409518096723334,0.00014862284931388498,0.9762566431382416,0.0012896798176027333,0.015314730589740734,0.0003942694070247,0.0004081950239567369,0.005773759120272167
3283,3,0.0005663621394459999,7.893384604726463e-05,0.9575704589817503,0.0010779556367675332,0.0306998855690295,1.9410157844553375e-05,0.007912352115697267,0.002074663727013042
3288,7,0.0005796777698454959,0.0003452001923205869,0.016980134959693933,0.3486933608363972,0.0028360255706126668,0.0003282292668690883,0.6292239391305494,0.0010134246603544642
3289,3,0.0034326164701725336,0.00013096842579977727,0.9130785196727205,0.041378510438750536,0.004672377449715503,9.635433833234141e-05,0.0347040212130113,0.0025066512303665665
3290,3,0.002168974121593267,0.00042628085845803336,0.987038576797711,9.549212707680203e-05,0.0072452449421098,0.00014098463171508666,0.0009593422110099666,0.001925090922589143
3291,3,0.0005384168325213381,0.00013843344320838168,0.9822713076304893,0.00027559693461676665,0.012394932636398466,4.469110429570273e-05,0.00048186725747189995,0.0038547685390594665
3294,6,0.0009762449052363666,0.02396831155062683,0.0032029396978802416,0.000229127246579741,0.00020380461336766672,0.9708784662971525,0.0003526792860264057,0.0001884406402324379
3297,3,0.001346968190910981,0.0006558484359404667,0.9852044461299988,0.0002192126540568784,0.007653498420228034,4.610021061409868e-05,0.002064265404956233,0.002809669463914534
3301,3,0.0006584959075467445,8.811624701964612e-05,0.9697985755287343,0.0012069505614448665,0.01900212822356667,0.00018717775678716667,0.00019801615220520205,0.0088605097240282
3302,7,0.00056811509379163,7.176674025517217e-05,0.049360686426830974,0.0012035497177973668,0.0006353547533047333,0.00017684330538200973,0.9475907050130529,0.0003929759762808728
3305,3,0.0008604125886596,0.000726519381295,0.925856215684114,0.0019495361817557335,0.003992135449857236,5.307704365685053e-05,0.06539293183443161,0.0011691429758471665
3306,3,0.0009962427003907333,0.0007604232245601667,0.924339710856236,0.0076348371531881004,0.032688471439885534,0.0011721490213119667,0.0005450102405142667,0.03186316122045183
3308,5,0.0008949896446225281,0.00023127056996154278,0.3530306290007685,0.0017222066144575,0.5569794368637584,0.00027818777207461827,0.07884797576702156,0.008015308159542434
3318,3,0.0054220597392086,8.354930569338827e-05,0.9294714030606946,0.0008044131656514667,0.034519792342003565,0.00013079932014643095,0.0152105678931002,0.014357374892058766
3321,6,0.01380245489238873,0.0021967362147860335,0.0711120691205143,0.00035806581427808124,0.006379182808364868,0.9049815741839948,0.000785230328210114,0.00038468774870833094
3323,4,0.0023497468585939665,0.0003435105478043384,0.0009223040576174,0.6658412430148706,0.002664561876681843,0.0004760205753307869,0.3265523158421996,0.0008503196327696373
3326,3,0.0038003993593219002,0.0005763639525655333,0.962078019505889,0.0001865325777671,0.0212414463264952,5.751076404946905e-05,0.005719725405579399,0.006340023089504518
3328,3,0.0008138326748430999,0.000138251843168931,0.9841190673950954,0.00015134140219913344,0.0112371498556473,1.577438327237889e-05,0.001705010821421533,0.0018195942272713351
3338,7,0.0007648886259695333,0.0012658502134247334,0.340418339053639,0.00035979705461927793,0.008061465677355063,4.606265736493495e-05,0.6485143604009532,0.0005692317959041
3339,3,0.001634981299078495,0.0001655337620419008,0.9738395949998638,0.0014812758331371667,0.012241220473307633,0.002516893346296067,0.00017234082898031074,0.007948172975469696
3340,4,0.0006024195808960575,0.00033298939602038777,0.09512517097808447,0.8565148056108391,0.0014914291903669389,0.0005689817313870895,0.04438406156068043,0.0009801422224935835
3344,3,0.0014480211992312668,0.0027213617388859336,0.7811241688549561,0.00612564193856593,0.034379003513326165,0.0009879474908374628,0.16855415144200667,0.004659691350421062
3348,2,0.0021679528059285,0.9710587509742754,0.0004533320256966958,0.0009028364455904166,0.0032198073492616663,0.0013655880782815924,0.019941658288797234,0.0008900633759140556
3350,3,0.00014791694148398154,0.00014376914485086925,0.950273830755374,0.0256009436980148,0.011056089128744834,0.00012004680097469667,0.010069206769883233,0.0025881779821167903
3351,3,0.0005928948600754,0.0004042273302011889,0.6804744067097173,0.1911147718815177,0.010798111917994083,0.0002409555382559674,0.11523551143052134,0.001139121313883574
3352,3,0.0004996602502427,0.00013066193550336665,0.9584923478085036,0.011698342851737799,0.019275356573181333,7.318447733363202e-05,0.00031062976580859995,0.009519843934738733
3353,8,0.00378689145510306,0.0054692372747983005,0.32897337839414537,0.014851822068555719,0.25557938207050973,0.0024445269390878377,0.029970862425456667,0.35892387987338026
3354,3,0.0033393163703986004,0.0039597729676588,0.972513038017336,0.0003485814074581666,0.0138556308457983,0.0001412718917829,0.004943034972055233,0.0008993550241785021
3355,3,0.0005542254142021304,0.00019504764144861369,0.8911030136423435,0.0251339123703853,0.0660039863517486,0.00020575012949807054,0.0082163097184354,0.008587743251029834
3357,6,0.0010799081103603,0.07322241323573284,0.002922665966926764,0.0001540737345475076,0.0006357152081073,0.9216604036810173,0.0001690858058004696,0.00015574548102746915
3358,3,0.012600041208304767,0.00012117399161822159,0.9693991354263801,0.0004505400811569667,0.010025305280977835,3.4327055650574994e-05,0.0017430916478486998,0.005626396795448764
3360,3,0.00021367595656262046,7.966815627465578e-05,0.9589239612080344,0.00031242463728103334,0.03198361823657784,5.4504158994048564e-05,0.0013020083375979332,0.00713015079915942
3361,7,0.001757219345379633,0.0006905465469195333,0.011263901211118367,0.0034091778402211997,0.001888466116671429,0.0001661235517768242,0.9804922844878705,0.00033232481026516307
3362,6,0.002776073894424433,0.0013355029408859667,0.02113605000339974,0.0003487290997403001,0.00026105947764952693,0.9734033458556407,0.00030265894368552943,0.0004365951134309
3369,6,0.0021282065600009,0.0012620778407842002,0.0011570749934147414,0.000893892635082467,0.00055578213417463,0.9934582932246574,0.00029739120404047087,0.00024729746844576666
3370,3,0.0018957735004982966,0.0008827151005071088,0.9242243743878115,0.0007228248019208488,0.024342961601291235,0.0004866704957455458,0.0031637547019519,0.044280947643957735
3371,3,0.0009947192602520333,0.00035732919915290004,0.9809828774788842,9.370781438313649e-05,0.012307211401774099,3.3922155610368115e-05,0.0014738039452097335,0.0037564380742427694
3375,4,0.06015881478575986,0.0017952205849097074,0.20723173394245384,0.4498079364601499,0.20299652763962964,0.0008267834953091228,0.06084341316231997,0.016339525980266167
3376,3,0.0004450635147922,6.305241794522046e-05,0.9583533077215499,0.0019207823569663334,0.020377494283964133,2.9254696976897977e-05,0.014493695688064101,0.0043173622023683
3377,3,0.0007526902332325152,0.00029481163577056664,0.97513843606538,0.00043924355710176665,0.0205873692933445,3.3269881816750265e-05,0.0014801169024086,0.0012740863016257606
3380,6,0.018593149508117433,0.0025976331070749334,0.012995568373705434,0.0005539292083361892,0.002377755455828367,0.9616472594047094,0.0008045624547887625,0.00043015622008228
3382,3,0.0004144731357153515,8.180920170875146e-05,0.9548199528980152,0.0012432291689734667,0.032328656895997065,0.00012687519203537098,0.0007186609759739001,0.0102663366136497
3384,3,0.004752271094275566,8.042363737285976e-05,0.953415626650359,0.007238111906592866,0.018183518724448986,6.86250688431175e-05,0.011992922098199568,0.004268512635539501
3385,4,0.0023675795045323667,0.00016546337655189353,0.002687289711276967,0.7894181387628184,0.0005729588859205667,0.00028229693902067455,0.20281431487330837,0.0016919640790136199
3386,3,0.0004074520753612333,7.03279405265315e-05,0.96595427878716,0.000446161264931,0.023306726550293328,9.744741794911483e-05,0.0002786628161651667,0.0094389408585212
3389,7,0.0052892824590099335,0.0004698666376893766,0.001551092512021672,0.0006909468806905999,0.0023068932162238417,0.00012025851641482334,0.9893651523807886,0.00020652672890986664
3391,6,0.0020525470826279336,0.016287412371660936,0.0007873454984553824,0.00015257929076803575,0.0002752519046051333,0.9801271923221258,0.00011134003832753832,0.00020631110594719997
3392,6,0.007278706059441799,0.00033769865733573336,0.006129273648271433,0.0002736997248195425,0.0012284798520720334,0.984164401746139,0.0003708753742936333,0.00021685982402764768
3396,3,0.0141514973697444,0.0010944998469723868,0.8750226571316961,0.027407541876951564,0.060825560543077035,0.003276413505078533,0.016450119637648735,0.0017717129974944993
3400,3,0.00016178368254539347,4.879463985931899e-05,0.9188618819801087,0.016362202139937866,0.046575333171143464,9.590002141466827e-05,0.003837065617705733,0.014057028879447436
3402,3,0.0018061817502281665,0.0003225120262058,0.9928874530987359,0.0015564660800230334,0.0012591702573602334,0.0002927413847587,0.00042247707381993333,0.0014530204238459828
3403,3,0.001471082807140368,0.0002474456392450696,0.9705450676605701,0.0012733243050399,0.017213133174870134,0.00072437590597002,0.0009448489204590334,0.007580725656466899
3405,3,0.0005922387354432666,0.0005228262222486001,0.9429119014567829,9.114622524046668e-05,0.05142352203858658,2.552711743145158e-05,0.0006170917175752,0.0038157272300148996
3407,3,0.00020347938576456665,0.00013963756221222864,0.9573959862689688,0.007897782018330267,0.01765158732904167,1.970018370160176e-05,0.012786097701740164,0.0039057204566194485
3408,3,0.0007238077537275667,0.00021572407614916774,0.9787362364337362,0.0017552485606902332,0.0138139276299441,4.872688799137172e-05,0.0023742924648783668,0.0023320055545318565
3409,7,0.003923706549601734,0.006525608698200767,0.0045782928990374,0.008206203050334234,0.008895626640304367,0.010531234037128,0.9549992620125473,0.0023400630417618026
3416,3,0.0009209709099659667,0.00027406113234788783,0.9779127758338925,0.00016293544560326664,0.013690518289581002,5.8237139086690094e-05,0.0007165117620357,0.006263985923950107
3417,3,0.0006159321432065666,0.00018178494629731334,0.9833786375184926,0.005048717167209133,0.007692514050369167,0.0003913607706704666,0.0005025428153182333,0.0021885419372917416
3419,6,0.0008886432184314999,0.0002689810004813667,0.011634163778913603,0.0004652517444459512,0.00040785245909695663,0.9854723789729984,0.0006295786142973333,0.0002331847193552198
3420,6,0.0010469481260508334,0.0004242786565360333,0.004544806095616367,0.0002202194644929958,0.0006497206576870667,0.992739406304343,0.00021416314769382024,0.0001604296148969556
3421,7,0.00019527938463709572,0.0001568814393981,0.014462312494287451,0.0012974855142350668,0.009835653035395901,5.2780906497508824e-05,0.9739632330930545,3.635156533224262e-05
3422,3,0.0025799159041385335,0.0006295303734652001,0.9850984802439681,0.00023457917852329996,0.0019306319238153334,0.00011762993814496665,0.008726669462250832,0.0006825699920482532
3424,1,0.5377190540473605,0.3492360326263457,0.08626696984600545,5.8935011216887476e-05,0.0003345389766602281,0.004345421646820967,0.0218224645656018,0.00021655888085883793
3426,3,0.0004061046879427,8.001024544512012e-05,0.9797033710380608,0.00022055144687959998,0.012818265029125699,8.466538326434737e-05,0.00029007411729283335,0.006396952409805266
3427,4,0.0001295646553566139,8.871291758790293e-05,0.0604512120869967,0.8024943078716816,0.0010570776502794334,0.000175755955349662,0.13549131294191,0.00011204190294684194
3429,7,0.0005157806884868815,0.025233987221843935,0.08156605263537779,0.0009761578456498819,0.009503926631459833,0.00023446113990146147,0.8810490791909865,0.0009205625341394999
3430,2,0.00047196508216726667,0.9833392819666669,9.675210566266414e-05,6.989015112749727e-05,0.0046305630125679665,0.0010631894953805666,0.009247954416461633,0.0010804127457782085
3431,7,0.0018167405697999668,0.041235437192596334,0.0010988004115212002,0.0006072903579280751,0.0027756941949733335,0.00115050879466,0.9502849247704002,0.001030620591130386
3434,6,0.0016357256271155001,0.0005053709639111333,0.12720545882002607,0.00018917137857114204,0.00022849938843060694,0.8698671908503876,0.0001658725348145591,0.00020270177165010057
3435,3,0.010343197853845734,0.0004428178221659942,0.9720927644450338,0.0007430934048249333,0.005168823709212587,4.8052998762168516e-05,0.008642961431690766,0.0025182585806847796
3436,6,0.030567913533120133,0.0007770889243382334,0.0009205212082526817,0.0020896513970947088,0.0037330125490316,0.9610886842824052,0.0004855953404657751,0.0003375545681729609
3437,3,0.00034278473636926375,0.00020019841462920877,0.8749249602201502,0.005358413959531967,0.09006202207637311,0.0002260298308556221,0.0007741115274264135,0.028111487776570934
3438,3,0.004671440324292299,0.0008250434646097667,0.9858380262309234,0.0002627440629479,0.006394126418674401,7.53083700673891e-05,0.0012575096174417667,0.0006757717962159507
3440,7,0.0004154260061453063,0.00053729251235583,0.06313165437778541,0.0005004142250685,0.0025960151573837585,0.0003028861123854348,0.93211299330934,0.0004033156193682911
3441,5,0.024486391681549497,0.006746165040667934,0.20282048831358143,0.004863132015720581,0.6275432363526532,0.00506585609537235,0.03379654285281445,0.09467819828415384
3443,7,0.0008509365984956333,3.117946711893477e-05,0.004557255832904779,0.021318637675948465,0.00034479224513466665,4.73002353702867e-05,0.9727087149053807,0.00014120780991582987
3444,3,0.0009932952477434002,0.00013569833816057426,0.9326399596129362,0.0004086389477386333,0.015284027618599467,9.600064606863273e-05,0.0185279562608022,0.031914361730907
3447,8,0.00018893529391780027,8.700955487427697e-05,0.37876801742668303,0.007576576933223468,0.16152061011227056,0.00011130873734711476,0.00024611311406367073,0.4515014728898619
3449,3,0.004422792142191633,0.0006142342038283,0.9657423099569874,0.0005530275186419667,0.025269825347958838,0.00014675397315950001,0.0006348315679122,0.0026162079108865335
3452,6,0.028937272835310404,4.231348615907226e-05,0.00019401583538685333,0.0007126630407682134,0.002502396577778667,0.9671861332966712,0.0002269180829125091,0.00019829289302041462
3453,2,0.007099947725399967,0.6378661108598047,0.008362483882869334,0.0004190351620697086,0.0038542484996748005,0.33078569933508856,0.010832096394173304,0.0007803720539463222
3456,3,0.0015508410839585,0.00016843405108852333,0.9596388686530006,0.00014994146451366666,0.0259598254977868,6.83726770746368e-05,0.0033630163257632665,0.009100698355957634
3457,3,0.0002644428331776333,8.113317661256093e-05,0.9735773182566136,0.0001717216848172,0.015318304722491433,1.9181432543478033e-05,0.007625687059395601,0.0029422084839828334
3466,7,0.00026103163388645445,0.0002399753811432211,0.0027285924045107614,0.00041806502211323335,0.0005167630064525675,0.0004073424077420695,0.9953524491599758,7.57814071962166e-05
3467,3,0.0031679607692403507,0.0019383297351477332,0.9737392911830193,0.0030859523259502003,0.0091006659428119,0.0009663470612476665,0.005114548812166067,0.0028869169548296175
3469,3,0.00023111587939783333,8.632660205335595e-05,0.9553102627030698,0.0013411584621713668,0.03137508044058703,8.918974410515434e-05,0.0009784360021880666,0.010588437970620333
3471,3,0.0037315105424059,0.0007105347008775667,0.9791179605805113,0.00014846485371743334,0.009082481144476766,8.061531056888571e-05,0.0024424956760297333,0.004685939879642774
3473,2,0.004192858937288351,0.9587352337230132,0.0010896289474613481,0.0003461777489266801,0.0025196046367005668,0.002291339369818167,0.0246195479881387,0.006205606792551928
3474,3,0.0002247305200965292,0.00012430267107056028,0.9440629748015278,0.00027155617514063333,0.045731931760979304,3.3803476634621326e-05,0.0004507192669294978,0.009099923456640069
3478,2,0.0131023670674897,0.9333135826639892,0.00027506537215903456,0.0003399651044090865,0.0015495538560444,0.0002442483004248027,0.0506427176614006,0.0005325116625201872
3480,3,0.0013376012752402634,0.0006283864076008648,0.9859609825326944,0.0006605759033352334,0.0053482870396101,0.0005862537179986,0.0005788287840664334,0.004899081009834967
3483,3,0.00012096123321037901,6.193406468606422e-05,0.9537228646346682,0.009772851406867998,0.0288162715222041,6.171556428168491e-05,0.0031351893072303666,0.004308199122858633
3484,3,0.0011417573606601,0.00032759760675403303,0.9794852721357977,0.0005509733307581667,0.009054798434212702,5.036126777247131e-05,0.002897120764379,0.006492113303253312
3485,7,0.002640437457520347,0.0023874315900833244,0.004720904546479284,0.04479187146345861,0.011024817904155814,0.0017246643389377664,0.9295696111877955,0.0031402814490789736
3486,3,0.001324865474485467,0.00045610028512713336,0.9660154951667123,0.00022633592581709707,0.021172102514426167,7.609533215702093e-05,0.0009433037601946,0.009785743775897667
3487,6,0.0010297623617142,0.0019212255707728666,0.00043536494266031915,0.0002756701813389218,0.0003503094880281333,0.993183751802095,0.0025481519913711664,0.0002557451984863067
3490,3,0.0015657542565816667,0.001822668728918667,0.9824829999352591,0.00015617861315211307,0.008501535800033334,0.00019810160605014933,0.0034807331804489004,0.0017920268583024182
3494,3,0.0009018581523471,0.0004887408664706,0.9001002958394807,0.00016830471442514373,0.0486595364594802,5.111623690060521e-05,0.03847058730845453,0.011159567570472068
3499,3,0.0004696730109742921,0.00024056488739690416,0.9643891859388433,0.0009020429063528665,0.024725413663809332,9.42436444571107e-05,0.0011840144320768335,0.007994829992323666
3502,3,0.0025623365137626667,0.0009940274060158977,0.7769139544651057,0.0009465812990169667,0.16715095274385874,0.0007433380966808084,0.0045195799073593,0.04616922669066443
3503,3,0.0035192156489268667,0.000735015032646,0.9881328323028994,0.00023375875029823333,0.0034818309570725,0.00044091084896998994,0.001046143625706,0.0024103206360809
3506,2,0.021465644734740167,0.9458727033438513,0.00012609951041593701,0.00014579754786189837,0.00028801239718996666,0.00015620193903927287,0.031656946611607235,0.0002886045621273544
3509,7,0.0022560361199741668,0.0007843905086060155,0.14209382167594978,0.06071198190140666,0.006206761894518705,0.00042179378037473635,0.7868372216147872,0.0006880316378697686
3512,2,0.0038425619490709,0.981773024664844,0.0008968631026514874,0.0013759752512408944,0.0019895787516965332,0.0014126698378388,0.0075973340885534995,0.0011119824030057736
3514,3,0.0010467836033549282,0.0008028283094531668,0.9534485510263747,0.0006515720753033999,0.0068762552784207,7.947799386525652e-05,0.03624131101585774,0.0008532207193599518
3517,7,0.0048767907390692,0.0007604223607057,0.08917406967328685,0.0017643681879225999,0.0027703963636118837,0.00011224237305935015,0.9002564142554608,0.0002853286360929462
3520,6,0.0444364002181912,0.0013768373652023108,6.740313153289194e-05,0.0006224335423564825,0.00012206820725337566,0.9528654208934905,0.00027989992957536667,0.0002295509729905667
3523,6,0.1505007793160737,0.00016315147932216664,0.00024371488625753493,0.0012396854542244403,0.00030234560248383336,0.8467319685258263,0.0003751429216909386,0.00044322133556583336
3524,7,0.0005701254712798566,0.00046988920157523337,0.17635092617398018,0.0032533360392659996,0.003993309648235507,0.00021840425215870706,0.8148622405904509,0.00028178537189569973
3525,6,0.0014312071436567333,0.0003917978447113333,0.05398498370633421,0.00018453429127932342,0.0001999007616391566,0.9433182018419712,0.00024524565516956666,0.00024414297217446667
3529,6,0.008904773035509335,0.011515693393184765,0.0016186403774083927,0.0003099032159094672,0.0008463516029294,0.9762205218230354,0.0003850146027268404,0.00019909774580242242
3533,3,0.00018841966936153332,0.0001050675831925701,0.9383022797170032,0.0007436422844287667,0.04889793291980423,3.5062155453684394e-05,0.0010388790975465667,0.010688709169344439
3535,7,0.0010852428924718667,0.0009670877355183938,0.15652325801726455,0.3475309327607905,0.025502753450470234,0.0005291662457906945,0.46605418079408284,0.0018073962832263334
3540,3,0.0006671268890243133,0.00024944538825001373,0.9696185360894968,0.00025017055729862334,0.019815053459664767,9.529450759653711e-05,0.0005628905031384205,0.008741503327923514
3541,6,0.0042354143461602,0.0006106375758679333,0.12292147036376899,0.00030723170548186757,0.00028643544524735394,0.8709646819766731,0.0004545097189566727,0.00021964178362113165
3545,3,0.0023167453242597335,0.0031834252642129334,0.829108604785597,0.0003854198822175997,0.13200291269470776,0.000292302553437211,0.0246269277547234,0.008083622178845057
3547,3,0.0008822427631324667,9.804850446661785e-05,0.9779230041572338,0.0003188200197498,0.0120756512490513,0.0001582419632993773,0.00023052354001620463,0.008313450843516932
3549,3,0.0031641471096416998,0.00038486149483758715,0.9770621889390091,0.0022746926831634334,0.0076657593511411,0.0038663512265857663,0.0003668688173989781,0.0052151259498888
3551,3,0.0003597598849149601,0.00012572301926808797,0.9808610294686971,0.0009550048711047,0.013193201700310667,0.000176084922116271,0.0007702071074708333,0.0035589999409954953
3554,5,0.014848289028673701,0.0016587049813822667,0.0933550007296207,0.002498757982529833,0.5239083832934467,0.0024679701855018998,0.006000552395449318,0.35526235360523434
3555,3,0.0014637084080349665,0.0003449205333503667,0.9223621584278815,0.00042837215445486665,0.06585175169324964,0.0001065926306584737,0.0003872808503858128,0.009055187525237601
3556,3,0.0006675908059618229,0.00016331114413693334,0.9664803874868105,0.00018122715083666668,0.030486156341475334,3.072479011326371e-05,0.00040754364255056664,0.0015830861106939332
3557,4,0.0023610422200448667,9.223977510308084e-05,0.0036552454034641667,0.856372634958054,0.0004687648039177333,0.00016471341847163143,0.1363436623729601,0.0005417012317045301
3558,5,0.0011411021785845536,0.000938229989286622,0.07677094781372906,0.004682365039241999,0.8691343106011894,0.0006685228471246356,0.0046724626522528,0.04199207298427265
3559,3,0.0005696457520881333,8.514560297267597e-05,0.955332790248607,0.0026768660203404667,0.030019043572982462,0.000288377182650008,0.0010209286289724,0.010007217987354348
3563,3,0.07108980129196456,0.0009573399088814201,0.9175490750746732,0.0006653368862802666,0.004006317404415974,0.0005249498436729334,0.0012022659126597333,0.004004868959231633
3567,7,0.006816527338515367,0.00014959202806681313,0.0566760149511131,0.010627807343741533,0.0111430631115221,0.0001672386274666975,0.9140212152355747,0.0003985173749423553
3568,3,0.0005311898316579332,0.00021210521265506668,0.9239467765067403,0.0038586070183844333,0.04192752009281473,0.00012605295784789248,0.00026422178345286663,0.029133529576835234
3570,7,0.00044945231880877466,0.00021848517011543336,0.0009054931271725264,0.0001634382152675,0.0502840191412669,0.00043603341114588595,0.9461452963951142,0.0013977768386207081
3571,6,0.058835394303442166,0.0002317921880774712,0.019338332205311354,0.0003886254462638641,0.00030303252067311276,0.9189967925828574,0.0016708435785006668,0.00023519311979952566
3576,7,0.00020738170106246573,0.0009069081876859667,0.12951527233086524,0.0050017636395114995,0.0018315454417563999,7.173318461806975e-05,0.8315171136360977,0.03094826087978263
3578,7,0.0038096782883028004,0.00023172337402341874,0.010490188791083668,0.0166630515102844,0.0028220070482692333,0.0001354038025347485,0.9656611969631914,0.00018676990818105023
3580,7,0.000794943855280248,4.9774593568762977e-05,0.1587294632614459,0.0002740072477971667,0.0007376825670447701,0.00011076677611335552,0.8392650104399896,3.834716991608485e-05
3582,6,0.00029574305824863335,0.00011181252014497906,0.0032733378084297033,0.0002809283989184508,0.00024074665975172335,0.9954478550765904,0.00017319586618451852,0.00017639975193731812
3584,3,0.0010628283657029666,0.0001979235383582238,0.9586910704077033,0.0005130020404404333,0.022889970549415665,8.150323886441785e-05,0.004513369739821933,0.012050318289760033
3586,4,0.04519818152727927,0.0002521247519526667,0.29205657203315816,0.5198013328866568,0.028057498818067062,0.00011284393227556454,0.09173217512032926,0.022789259768048336
3588,7,0.005471491881541067,0.0002989646344694886,0.006133280315703948,0.0032537475229999333,0.002644019773995667,7.866999796853313e-05,0.9819953928284675,0.00012445131140870346
3589,4,0.00021631001170740658,0.00016680238778828807,0.0111921393943857,0.8900670071214849,0.029710105078344835,0.00025207522741983593,0.0681577298719143,0.00023782118809280182
3590,3,0.0001261782734564314,6.271982820236405e-05,0.9615690744408147,0.0023189544335116,0.024136242154418498,7.642193067172784e-05,0.000429244724796,0.011281135403380564
3591,3,0.00048054049491651527,0.00021904830531613607,0.9839790196935424,0.004786069715749634,0.005939284542792633,0.0028780006303331,0.0007225218429072,0.0009954975027939284
3593,8,0.0004572455006215333,0.00017665085803310064,0.4329851626393306,0.04843860808703887,0.04416335810994584,0.00015615174014011062,0.00036248295924253335,0.47326035856961574
3596,3,0.00017031287693887974,5.393688472614628e-05,0.9682388953363282,0.0041031751801993,0.0195706980617348,8.145129206601168e-05,0.00015436065634593334,0.007627149631979833
3598,3,0.0006662780691299484,0.0002558917889362,0.981731505506621,0.00043500151419213333,0.010604782756960666,5.162708326359906e-05,0.0005184651174961332,0.005736441693285633
3601,7,5.565499594887782e-05,0.0006675983172722334,0.028428754964468936,0.0005358004746016334,0.007737826648900734,4.6958717429916954e-05,0.9624745965462068,5.281494895306837e-05
3602,3,0.0006500304242081,0.00030091369813821335,0.9814794498576432,0.0007163199194534666,0.011334339258632536,3.340555738167906e-05,0.0034394952344509334,0.0020460286963044578
3606,7,0.0008009346708008439,0.000720828176665222,0.003629317368804541,0.0025045334693888665,0.0035951229399536124,0.0004559187025417726,0.9876997213519867,0.0005936353018048153
3610,3,0.0007549813126454665,0.0001461719871526872,0.9686343015138098,0.00033621752717543334,0.023449740206385197,5.5955689593131494e-05,0.0004468295012196,0.006175827267902652
3614,4,0.0001759634849797,0.00019188902770586927,0.006854088441157,0.9652809049662617,0.002404143948633,0.0005333197134070026,0.02421142740296423,0.000348256817059005
3615,6,0.0010252080967217668,0.0039178853123773,0.013854651682638268,0.00023736529410656244,0.0002775774454620669,0.9795244189123914,0.0009423323597407667,0.00022056385774747971
3617,3,0.0004587410074287795,0.0003678233417450667,0.9734035717228856,0.0006668335223028333,0.013802590851309934,4.055625201321048e-05,0.005076571090546466,0.0061833191536763326
3618,3,0.007261400728698166,0.0007961843961893667,0.9866518402349915,0.00023256715311406663,0.0022559874430640335,0.0007026921821729,0.0004708290845711,0.0016284914170346212
3620,3,0.000309768870834143,0.00015916867062371978,0.9338980941071116,0.013556325553685966,0.032081029973831034,0.0001408854326794612,0.0009923076685918334,0.018862465278390823
3621,7,0.009117778284813234,0.0015419452881997666,0.0016037217671579134,0.00023984556147735162,0.007244921377612933,0.00011543269523621712,0.9794141330265291,0.0007222533226291535
3622,6,0.037070448042762466,0.0018704772872665,0.012730615727452302,0.0003551956241607022,0.002275817440694233,0.9448161191768673,0.0006432810016051221,0.00023804383504293656
3623,3,0.00020424773913995387,8.650188036199088e-05,0.8968740588541021,0.011075042855438968,0.0833768075765688,4.606567927600713e-05,0.0005656407995674001,0.0077716553588028
3625,6,0.0110748104182009,0.16744163480717453,0.001859492159201722,0.0014526932094581994,0.0015870698001487049,0.8101205560922914,0.005206966389336634,0.0012567640476374093
3627,4,0.0012215990018774677,0.00023643490251170217,0.08070203604784516,0.8181775574358817,0.0018510631388158998,0.0008435384258648287,0.09633655821444824,0.0006312066604094666
3628,3,0.0008684935482092333,0.00024368579921056082,0.960597306199276,0.0007190707267897665,0.026539658522312232,0.00010313159992202427,0.0019150689916618002,0.009013595460003167
3629,3,0.03482737273233947,0.0012532070986869543,0.919710336091482,0.003928468199037433,0.003223710312958933,0.02987270567516613,0.0018425677221293206,0.005341630092437451
3630,5,0.0004952756732605237,0.00019185007468133254,0.2730385322377739,0.001974156815354467,0.7004834157347094,0.0002667443584441765,0.0043516908321476,0.019198342306299267
3632,6,0.0006722529498474,0.0008563818096969333,0.08315639260622704,0.00015192125459465212,0.0004688844254477,0.9144111082472094,0.00011699507535669181,0.00016608160896969653
3633,3,0.0237745133924884,0.00011879878682926113,0.9351983417308882,0.0002768153785792333,0.017335149295126168,7.321497860153402e-05,0.015596069929535833,0.007627061114060633
3634,4,4.195636799734872e-05,3.2017021508619256e-05,0.10052916501885556,0.8488978546356938,0.0020429930396658,0.00011163903222570849,0.04824177218402679,0.00010261020611103976
3635,3,0.0005122259336505667,0.0003474511301039029,0.9618829234953016,0.006017499478227067,0.0235765805358218,6.174552842002746e-05,0.0033987714065848666,0.004202828435359004
3636,3,0.0025186624233707,0.04427533630682984,0.8493881214675909,0.00036103480631663335,0.08229540561980227,1.842969356798789e-05,0.0033857974939927996,0.01775720240395327
3640,6,0.0001161016626949,0.00011220134935830762,0.0011297515157179946,0.0003907576783485683,0.004187002333783736,0.9937279292769773,0.00015537112639040185,0.0001808924081200267
3644,3,0.00017861706747602417,5.482460827657286e-05,0.9699627540482237,0.0009604112962800001,0.0205560507827539,6.678060731859989e-05,0.0003198798785071333,0.007900676699601835
3647,3,0.0003889474014510483,0.00011194510003733334,0.9708487493341232,0.00010536519087606665,0.02071417521870947,8.11346504162996e-05,0.0012878041332440666,0.006461911845487267
3648,3,0.0006571606822356281,0.0004574838800052357,0.9691714874103802,0.012830143078793132,0.0099332457789444,0.0003273434592692334,0.0017584545928574999,0.0048646584979477004
3649,6,0.032744083337391566,0.0120115277894048,0.03442256845061627,0.0004225215708355116,0.0010079185854282335,0.9170766489929507,0.0009729750306110858,0.0013417494271083022
3654,4,0.0014113199390594336,0.00016260818651453514,0.07132113301984096,0.9125701885905895,0.0010944205581216945,0.005189856200426181,0.006622066166070566,0.0016284134769844706
3656,3,0.0015727031414913336,0.00026654935783789515,0.9441887811228998,0.0003491853128450556,0.03530548014799383,0.0001891002306806995,0.0009120370764991,0.0172161783593332
3657,1,0.867608096688992,0.0042790630683603335,0.05580082602921635,0.0019064685605227332,0.040638910675451105,0.006829073284158366,0.008420783733487073,0.014516790632432332
3659,3,0.00043393149105475917,0.00033417615003535767,0.9332008166317847,0.004064131277958967,0.04782254106657704,9.91937998203423e-05,0.0015374214404381998,0.0125078157247423
3661,2,0.006975514179678396,0.7366728251533647,0.005304268504687868,0.010614474978486057,0.010632721821530411,0.008152837380749801,0.21513069844193144,0.006516641169717859
3663,3,0.0001588754036870493,7.473211862862312e-05,0.9613600256197677,0.005524602649974768,0.021363920507599703,9.45614727331078e-05,0.0010962135239532334,0.010327047355298767
3666,7,0.0030460853685680667,0.00010737410698114381,0.0020898510324259332,0.08673905850789414,0.0015075211849292,0.00014025363289472213,0.893390684224666,0.0129791822547139
3668,3,0.0011801877136604184,0.000632754783848593,0.9637786248105221,0.0063941418809966,0.011848638948885734,0.00031779132242497235,0.0015129462153651333,0.014334907418718333
3670,2,0.005693552423037367,0.5448393677150025,0.06467562358214911,0.0009398108455590857,0.04825570576840573,0.0014071120611243626,0.3323175505884746,0.0018713026271135332
3671,3,0.00010237250343618672,6.168558703141935e-05,0.9745092117701476,0.004679433034918267,0.016445082123018134,6.534278023632788e-05,0.0007235687830462,0.0034132856814297
3673,3,0.0005604971714612533,0.00010096305302646302,0.9840860771276142,0.0007219340251246667,0.009504088696941033,2.381348046810008e-05,0.0022755262082470333,0.00272714024560986
3675,2,0.0003322288934393333,0.9714227994728802,7.495019860264486e-05,6.43637730823041e-05,0.012868500795461002,5.374163846102482e-05,0.014749336303601266,0.0004340691057645861
3676,6,0.0009765986059313667,0.0015695222647757999,0.05322099024962091,0.0005537256217094101,0.0005509209549137334,0.9418361643880444,0.0009253289380008999,0.0003667376669306733
3679,6,0.007900963001001767,0.012817972633539834,0.0341867256146308,0.00029127391247871654,0.00039802248923946664,0.9435773474084831,0.0005147696073167656,0.0003129453805715419
3682,3,0.000812279895363,0.00026998289015966575,0.9821620024716841,0.00033353012150419116,0.011670426521050601,5.0291442093518474e-05,0.0011872660004481666,0.0035142268107648
3683,3,0.0015663181408758333,0.0004986508812892666,0.9868214324567424,0.00013391668095624144,0.007378582667107333,4.921259503265184e-05,0.0015392901412709667,0.0020126452667425846
3685,3,0.006843513366359834,4.490205384832489e-05,0.9226052307036096,0.0017999708959984,0.016366457125973205,1.4476130171219324e-05,0.047715585885469536,0.004609852821019733
3687,6,0.0005598749001398668,0.0008023711837765343,0.00031566837375576664,0.00019449916370804842,0.0018343812467771666,0.9956608954138165,0.00042042662776543334,0.00021191309195603357
3688,3,0.0005757881103557761,0.0004024040563114,0.9356255214999823,0.00011313268960763335,0.04058776973647157,2.7531627795729225e-05,0.018283232097586033,0.004384606972309633
3693,4,0.0008634139301502331,0.00028363204137468295,0.05523009333449324,0.6841780341652632,0.0016660352685529667,0.0005026173182698065,0.25666624607917604,0.000609939047297547
3695,3,0.000269463264420851,5.552037477864245e-05,0.9616005382070845,0.0043687406956919,0.024206677396384768,8.659526524455898e-05,0.0006591918659523332,0.008753297378255033
3697,3,0.00036127746083903703,7.211070986546104e-05,0.9860608929648972,0.00023477481564726665,0.010269864525746632,1.862700855410768e-05,0.0003900611894635,0.0025923796180637687
3703,3,0.0014801654641953,0.00022752607883539647,0.953354387843084,0.0005975838104362001,0.02921926388795727,0.00014135030536406118,0.002106679580756167,0.012873076877949733
3708,3,0.0002214718395246668,8.754779427752267e-05,0.9314988062929282,0.0017188951654208333,0.0416339119171862,0.00012210020989106548,0.0007150279633798,0.024002233383231
3710,2,0.0014752236678292668,0.8911293658943937,0.00031130609187411266,0.0006395846773760189,0.0010687929393239,0.0007844250365679637,0.10392673138348531,0.0006645534947601981
3711,3,0.004691921870487867,0.0004266765926813333,0.9799314511033835,0.006314564859154,0.0026687324153418335,0.0018714580865078333,0.0021452260820216335,0.001949981617921056
3713,3,0.0007179816989912,0.00015929607698583333,0.9248992970775287,9.837255766967841e-05,0.06437088690113056,6.297946421083089e-05,0.0011425582397622334,0.008548583114989133
3717,3,0.0009812979035674332,0.0005179795860499202,0.9671738768637558,0.002557035160646133,0.016855084052845932,4.714301241982692e-05,0.0065175184918925995,0.005350073894029728
3718,3,0.0023664180064839,0.0006665174231089335,0.9871667807940371,0.00016272718334198628,0.006114592454878067,9.449143356389999e-05,0.0015678016441327332,0.0018606927382533
3719,3,0.00020782234659213333,4.808323995398573e-05,0.9518099060772082,0.0026974918025869997,0.03243314058769497,5.8795722807998136e-05,0.0031170212264499,0.009627730199993767
3726,3,0.0010300944129712027,0.0004868414350232058,0.5872111695843443,0.0011070622444939668,0.3824343554859067,0.0002701766869102193,0.0016333475275012667,0.02582693407150583
3728,3,0.0006154069250321666,0.00036654687816576665,0.8705497469017556,0.00028788556518426667,0.012929645310875135,2.305962148012798e-05,0.11239505036330415,0.0028326404593707667
3729,2,0.00020783547116283332,0.9863833199902935,9.403443189463314e-05,0.00011547034143125137,0.0011779533300764668,0.004246510323431933,0.006826522613812134,0.0009483574703689959
3733,3,0.010917161702576802,0.00018582970923953655,0.9682199809238147,0.00020963403669553332,0.007402938379316901,1.68719368009092e-05,0.011634199837564434,0.0014133756856083608
3737,3,0.0002695392529078083,0.0001149330636291163,0.5703783019943889,0.0005879402082353667,0.3174213340756383,0.00011017337901907236,0.0008736859910813666,0.11024408875238347
3739,3,0.0013409132157007184,0.0005838130506095334,0.7366146927229947,0.0072810129753695,0.09587283779300343,0.00034245899375496164,0.0014915102252086,0.15647273927100078
3740,2,0.0002728391567071667,0.6958217472834871,0.0015131656862816666,0.00025935183641578185,0.0014635461575361667,0.00013971591142049363,0.30032665837869654,0.00020297937728473508
3741,1,0.4997535136967814,0.0009102176300707334,0.49326497296727756,0.0010628640054483336,0.0012114635530166122,0.0015995460019300667,0.0006686179770841665,0.0015287818344740668
3743,3,0.0008728528783856,0.00014228786414130238,0.9661454335920613,0.0004071085099637,0.021246007722064832,1.95272831081437e-05,0.005564401292321434,0.005602383643968884
3745,6,0.0012541598479691,0.0003375735412235667,0.08473148024216885,0.0001921026235736433,0.00021144939074466154,0.9128626062539204,0.0002042929096612901,0.0002063389478804439
3746,2,0.0014638301254037334,0.9770948540389931,0.000857272006036833,0.00015679637760215948,0.004947810959305866,0.0009192447814326001,0.014331946959764037,0.00022825567657846243
3750,7,0.0005629497409810182,0.0003849878682101666,0.0029521343578357666,0.0014697807365508999,0.013316430289475968,0.00017907509662280224,0.9808570797848214,0.00027751926973225476
3751,3,0.00023177882793656664,0.00022852160020459997,0.9534618998947121,0.00014909214320063332,0.04027297605079346,1.8993248708530857e-05,0.0014172897937050333,0.004219460057506234
3753,7,0.0026980048343290667,0.0012137969124415863,0.007208354709387558,0.06819093666652364,0.00753552282720074,0.0009749815521483858,0.9100311158656568,0.002147279730519393
3759,3,0.0007618362474012667,0.00040273395039029945,0.7701312647943119,0.002601433634712767,0.07606578431412364,0.00037651622920602197,0.07967069614588414,0.06998972628802567
3764,3,0.0012369350011288084,0.0006467038289730333,0.9725496308510219,0.002165483855251367,0.015918276775540734,0.00012192283945203333,0.003623102612239567,0.0037379691078259
3766,3,0.0003795123532392046,0.0003974177638448678,0.9774958456030367,0.005169793719747833,0.009744151405670667,0.00020122416110696323,0.0051420154401041,0.0014700716234930212
3767,7,0.0031306422039366,0.05016985591954513,0.0041252649822887,0.0004538206433379475,0.0019575388086160287,0.0001153016095360032,0.9394760908568139,0.0005714737051355257
3769,7,0.00014644020871721814,8.73589706201642e-05,0.0024041546417132116,0.4583770394621994,0.020877302925206166,0.00011228239831028573,0.5177794295958839,0.00021598498534962027
3773,6,0.0007332926054255,0.0003275305855278583,0.004927463524157763,0.00020186155682031738,0.00028447907098583334,0.9931367769283853,0.00024169539382146664,0.00014692109472274424
3775,6,0.0014753316929976667,0.006288351759958566,0.00258761818272949,0.00041266671509996677,0.00030330157569373884,0.9881252431250144,0.0005514982728060044,0.0002560172443115821
3782,4,0.002542926919624967,0.0016801062283994812,0.027668721836346166,0.7113659496289152,0.005205145167529446,0.001390358893787974,0.2470839183450713,0.0030628924893933464
3785,5,0.0005468499346845931,0.000488751276621911,0.372423771719484,0.03137595808982637,0.567791146190505,0.0004564948640164805,0.0028836507253325997,0.02403339091563163
3790,3,0.0007509177475912666,0.0004697585015892666,0.9767213356507737,0.0006546454215548667,0.017486683014079234,3.784635336302747e-05,0.0016037059083574333,0.0022751088186277334
3793,1,0.4492786065717163,0.17376200664641583,0.2093504738237212,0.0010635119303616131,0.0030096696427962667,0.15458476876373314,0.0071371491245431455,0.0018138311592096393
3796,3,0.0011113552257997665,0.0002433935911275893,0.9462515556308665,0.0007786897266394335,0.040881700644534336,0.00018640034770615486,0.0009066727240072334,0.009640239228067334
3797,5,0.004993351551965667,0.0036608667168842664,0.0316360095095073,0.003849183534817717,0.8430336324990128,0.0025201425231453074,0.011988628944975599,0.098318211605588
3799,2,0.0020045349599261664,0.8135939091848673,0.06462146151031119,8.60125558312553e-05,0.0005354453198650667,0.05883922847983213,0.06023306043567656,8.636015808988737e-05
3803,3,0.0003694375119752157,0.0001521487698179,0.979276598255241,0.0001354400747183,0.014370908155214933,3.105788960999441e-05,0.00047109477984093334,0.005193324770157734
3804,3,0.0008073788065486795,0.0001960168927823755,0.981442802233253,0.005033616815509934,0.0058027726143803,0.00025126560252954766,0.0002192907843054382,0.006246859818259833
3805,2,0.004323211135018143,0.8021094072124896,0.001897098520504267,0.0027348280175674713,0.0029876880296866508,0.003296391933977101,0.18086145003017337,0.0017899281094859597
3807,3,0.014781028142840533,0.005158980130569466,0.4774553253561971,0.0009543080404577392,0.47196338454248826,0.0012282464205628,0.013329699927208975,0.015129032149884898
3809,3,0.0006268771187979334,6.273860836197971e-05,0.9729392533962732,0.0018009765423518335,0.012104988505560266,2.3887874568736218e-05,0.010172000672602701,0.0022692378322148998
3812,7,0.00013818256070093334,0.07900705932537518,0.00036319624150499996,6.78977371669781e-05,0.022205605711516866,5.609913495002459e-05,0.8979403543713924,0.00022160101924766667
3813,2,0.005129604103726472,0.912015020160115,0.0005845160589744667,0.00042830144233595944,0.0017955071049538332,0.06745362576215443,0.007039593057459901,0.005553843767244626
3814,6,0.0006748206435649001,0.0032947439760276057,0.0016808769770532688,0.00017460824059788087,0.00018261255031725592,0.9937261494910774,8.661016319329034e-05,0.00017959473651608913
3815,5,0.001160080050647954,0.0009556025051095999,0.31717676500806924,0.00014081838022542611,0.6568761730941383,0.00014216335340165817,0.0021885410781304656,0.021359872771301535
3816,3,0.0002178982356569769,0.0002075568166645,0.8871135958963681,0.017172038593986333,0.04592487928146754,0.00011792325973745706,0.0005777030263953613,0.0486683775727026
3817,3,0.002491751142662967,0.0005996826204737333,0.9726648205845482,0.000751749251355,0.0096038960832165,7.555023302951382e-05,0.005713869199023367,0.00809872084390746
3818,5,0.0017875930999804001,0.0006599772386947333,0.37342616663581757,0.09863874857492078,0.4076896755622474,0.0003555464398062583,0.003133377372779233,0.11430889400351925
3822,3,0.0005815678326143228,0.0007078568438110914,0.9668823436522705,0.0012460006477434278,0.02382890003158687,0.00015573306874829123,0.0033246724698159,0.003272916501888715
3824,3,0.00042636640751856215,0.0003393686331117334,0.9319379960510915,0.0008933711182886999,0.034720501175589,8.935738780527354e-05,0.00030517595252031157,0.0312878464146407
3827,3,0.088340305650653,0.0006979571098087371,0.8849931131630916,0.0049861357864036,0.0024409206842392213,0.0026903699975977997,0.013806126915296433,0.002045098926375346
3828,7,0.00041427603874996845,0.00033253656800686667,0.0009561852055337,0.11897657093364607,0.0021887582325142998,0.00020274959540732152,0.8763110504861067,0.0006178590501626804
3830,6,0.0024325260175424002,0.006326519077434534,0.0012923989274906515,0.0004948379243666393,0.0007849911232385667,0.9879511270763667,0.00044594454214885075,0.00027164156184903337
3833,3,0.0059583304823482,0.0005003854626214,0.9790423305755825,0.00015748983507573333,0.009366067088211867,0.00017466978928473332,0.0016118893399453664,0.0031888139377163963
3834,5,0.001299428706814164,0.013491042876616734,0.05519919281355184,0.0010725449475126794,0.8871105577977031,0.0007444763352391594,0.009313160634972466,0.03176960584646856
3837,3,0.0004436445427112,0.0001897035798939341,0.8677283700645012,0.0027388593030654,0.11739252460813805,4.108047152125315e-05,0.0005396523919938,0.010926169394631766
3838,3,0.0002981376542761,0.00018900462961470984,0.8865396789217824,0.0008736773676298999,0.09383045437531173,5.11207484835483e-05,0.0018853714754433334,0.016332533366615814
3839,1,0.8501158877474801,0.017157753456272965,0.0021330042340023383,0.001744948435990455,0.020397505072998066,0.10076462954317894,0.0060258237757663665,0.0016604846153021036
3843,3,0.00031766493384850037,7.377405371905387e-05,0.9789348927551688,0.0007225170831372,0.0141890308405387,0.00012773476610112666,0.00044848383152976666,0.005185896155097801
3845,7,0.0032639216205651335,0.00014839135670063726,0.004341795457021276,0.0017537879922658666,0.00134759969983315,0.00010586003548108929,0.9889764135609602,6.224639154205499e-05
3847,2,0.0685793859433335,0.9186040995321617,0.0017633976892341065,7.141655125440575e-05,0.0075662727262227995,0.0006026731281691667,0.002597405096979569,0.0002153249010804826
3848,4,0.0014230862835226668,0.0010321875296706335,0.014021973460962865,0.8722476876263442,0.0180756412735218,0.0013797360700495665,0.08271667929048414,0.009103018564927299
3850,3,0.0005646573425122078,0.0001497466040059438,0.9542911181099502,0.0003487636271587999,0.0264055685650405,0.00013187733706608628,0.0004035154149304,0.017704751658265298
3851,6,0.0006338712277903,0.007916130946045367,0.0018114394578311597,0.00014278903505705585,0.00014143392889700825,0.9890732662480008,0.00014370785664915195,0.0001373930696949249
3852,3,0.0009302605453730002,0.0019172941910421334,0.9739567902621079,0.00015908818610188002,0.007960820915303734,4.875390124265918e-05,0.014223073930785035,0.0008039411468853936
3855,3,0.0407541357753733,0.0065633984799144335,0.9375382550405971,0.0005531311415756667,0.0028407301134247,0.0084838107638543,0.0013646333776183668,0.0019019031767530824
3856,3,0.039324310003371866,0.00028353014449924047,0.9436506126762884,0.0004782168855455333,0.0070643230519006695,5.2011368577017133e-05,0.0028794674700022,0.006267554459657532
3857,3,0.00019732686669048487,0.0001274295921020717,0.8152426590145384,0.10209763939927424,0.06528554912364494,0.00010174826769513777,0.0013687341129614665,0.015578936691431467
3858,3,0.0005720345792909334,0.0001251814648321816,0.9591399017901697,0.00035593036786146667,0.0247654737341086,0.0001437563554028927,0.00040569596689409997,0.014491992833956933
3860,3,0.0010917031831723667,0.00037202722286994947,0.8772473560019405,0.0005118867221320424,0.0767797882370477,0.0002593884056069493,0.0007745614823373334,0.042963277810931066
3866,6,0.0014425833572894332,0.010165899990094167,0.03695571918256673,0.0003643512319796072,0.0025797365307716,0.9474439275807988,0.0006178262636445142,0.00042995960141202044
3869,3,0.0053050625191655995,0.0030413972260258187,0.8193974363960826,0.004842960439388067,0.1272997658728741,0.0022636268559981646,0.011454931942992632,0.02639480864440293
3871,3,0.0008040660369231,0.00023806186662115895,0.7411440682915234,0.006861150282514167,0.21506434411566677,0.00013625975177735688,0.014840808266226633,0.020911251007246
3873,3,0.0008045836754978275,0.0003934515095622667,0.9651097385747187,0.0002515092544094334,0.020480767519179766,0.00013322836010727808,0.0014355879239282667,0.011391153153015367
3875,3,0.0004444164073821334,0.00011767139656067727,0.9037201308179229,0.00011804685582020866,0.08735246630696043,5.8524099837218534e-05,0.0010482483079910334,0.007140450538028133
3876,3,0.0002891115485769481,0.00018391320461824784,0.9518692835429864,0.0003320351062171,0.0351480111027939,8.295763267138034e-05,0.0007358059196498666,0.011358914825489834
3878,6,0.12506727808250315,0.0006259905350865666,8.415117662798462e-05,0.0002723916774594798,0.0001468694926317228,0.8733895430746174,0.00023667750703966665,0.0001771061199383
3880,7,0.0005080037410911609,0.0003101204268820998,0.0645272957737803,0.06612404388016833,0.0029196701121399003,0.0001889742475429236,0.8649697167094548,0.00045218669735320197
3883,3,0.00043716092598349027,9.854961424176793e-05,0.9707009647641686,0.00015685139712036668,0.0213201274421297,8.655057289645795e-05,0.0015363967204265333,0.0056633894738169
3885,3,0.0007609080629861668,0.00011940100333274997,0.9749538440891222,0.00023705620868906668,0.017848504886732033,5.1716857611034364e-05,0.0009823800852607667,0.005046182895601221
3886,7,0.0022788457671929336,0.0014987165841244118,0.0013704374630030217,0.05157935897304017,0.007632828652441453,0.001131366875733444,0.9322849815174092,0.0022234838427544023
3888,4,0.00016584341554969997,3.0161002967437238e-05,0.008224372908339434,0.9749241882226132,0.0030354091254856334,0.00011220289443053567,0.013397943435406198,0.00010989758946589299
3889,3,0.0009650202401548733,0.0005667350747141729,0.9610929219968658,0.0014780884766709666,0.018289361805423603,0.0002618573850154276,0.0011373574938729333,0.016208636258327632
3890,6,0.0058854581758822,0.0032113436789582,0.002857556850232567,0.0003151487074199685,0.0012318835718816,0.9854998148832057,0.0007484677018730334,0.0002503379511201317
3891,3,0.00015611461507793122,5.498923263993623e-05,0.9478881616108149,0.005456760165792334,0.03259118040885573,6.510746850038313e-05,0.0006392154897209667,0.013148464496291866
3892,7,6.0708010052205517e-05,0.00019138995426343336,0.09212240968792741,0.0009635910030240378,0.0006428475389022334,3.258799676831888e-05,0.9059068755519487,7.961614447669357e-05
3895,6,0.1859613532095579,0.10013469621141197,0.202364638426238,0.000898574593673617,0.0010700005455532,0.5045054435279425,0.00416868928962372,0.0008966116439876265
3898,3,0.00042229885361026666,0.00016173792918982842,0.9491710823030587,0.0014792458632818001,0.028822039348287132,0.0001396104779684096,0.0002772645655850507,0.01952673527321527
3899,3,0.000161846808352,7.202406544628283e-05,0.9143848456233375,0.004452645868231467,0.0669519846315789,7.828300681188444e-05,0.0008483771417585334,0.013050004523601402
3901,3,0.00041884943490131933,8.427017718658957e-05,0.9695188337708137,0.0005891968982895333,0.016832020998933602,1.1873959645384931e-05,0.011100537566086933,0.0014444103739064667
3902,2,0.0049909166946661004,0.7634614406719015,0.0016483965101314012,0.0035187069084011975,0.004283516914415533,0.0032543518300086906,0.21637210946246613,0.0024705585578447173
3903,3,0.0009789303531429333,0.00010147598455375835,0.9660461794709257,0.0006206996139863667,0.02065537565665697,7.760281759159277e-05,0.007448500365549666,0.00407126405634703
3904,8,0.0018893863276912956,0.000970994270943,0.3351812577851081,0.0011881799564412,0.15272355401698842,0.00041256831621526636,0.0015902815616802015,0.5060438086172798
3905,3,0.0003196718702337333,0.00021028982069823334,0.9101044512088469,0.0017200197260762,0.04768343549162046,0.00016279908768438206,0.0313267232480138,0.008472582401554166
3906,4,0.00012371372035454878,0.00015381161278100658,0.11170378779017749,0.8646022224810214,0.0010917744085562665,0.0005334354580218828,0.021142094348010464,0.0006491724105692127
3907,3,0.00026785840985649726,0.00013206772760772535,0.9317504441334291,0.0049640039238432665,0.04426090344086303,0.00014611850263367365,0.0014138402916307,0.017064751818944502
3910,2,0.11139093321909906,0.8709774254784547,0.00019498413633800145,0.0002880859761026498,0.0004056686944871243,0.0004517502566476667,0.015908556010058163,0.00038257482783843853
3912,7,0.001303236550018,0.0006703771514777636,0.010280950794297129,0.023641941190218164,0.005574547881246734,0.0004135332570057996,0.9575168342620897,0.0005986045760746056
3914,3,0.0136932828575247,0.002152082388469133,0.9735592367437903,0.00021258879672874233,0.005647647123002,0.0008462508314886333,0.0009785035467541666,0.002910388602377967
3915,5,0.0031168358304629663,0.0205273119445713,0.004034270916373866,0.0023968537508838594,0.7404622346501304,0.001539925727285813,0.15662622098953663,0.07129635637073721
3920,4,0.0056229274777365,0.00014224776774413784,0.0033349026311612,0.9706625893112929,0.0005772973234988334,0.0005043902320763476,0.01819168992725523,0.0009639712948399695
3925,6,0.003988431951496133,0.0004790980307272,0.15123291298203373,0.001283618154634733,0.0008225507480025549,0.8398612371917885,0.0017404080684416236,0.0005917171910305552
3926,6,0.0008106873537275667,0.002360408468194844,0.0019659690768734817,0.00043067011490436664,0.000329963859138027,0.9936293265936963,0.00020263066518186375,0.00027034771445538346
3927,6,0.0183787484765135,0.03762745140980423,0.15457168216675718,0.0004457336065266161,0.0004378567275334238,0.7865404221549998,0.0016844057478498748,0.0003136969360261178
3928,7,0.0030566996683013335,0.2832938082016939,0.0006402840116077817,0.00031808158951020455,0.0018805460955723333,0.0023075757379112335,0.7080906314575638,0.0004123837974737379
3929,2,0.0010658586631663149,0.9215319928340767,0.00022720484255285022,0.00038593696729723415,0.0008520513617522001,0.0009296484322962001,0.07431171014010376,0.0006955964234030672
3932,3,0.0008080879862013999,8.634596093869998e-05,0.982696184663305,0.0007909608624584666,0.011133991968354998,4.033004250815309e-05,0.00047396742215153335,0.0039701354665346335
3934,3,0.0012997677865030333,0.00015889523660096881,0.9394575088821977,0.004199758828273299,0.037988386024585666,8.369474735767216e-05,0.0009254343242618332,0.015886545631983967
3935,3,0.0025625957910678,0.00018209679772496117,0.8732021313753,0.009726209076538534,0.008131115808663396,0.00011061481666275852,0.10372992150030795,0.0023553205552608665
3936,2,0.0012462688088197272,0.9831529483888667,0.0003093339621019367,0.0003996236396820809,0.0007366209644552333,0.00034897608311016667,0.013328333089040701,0.00047789590729646695
3938,3,0.0017757355013421664,0.0011921944769782802,0.9774371440008957,0.0039036788851672666,0.0053757993164109995,0.0046512448367353534,0.001922433079001776,0.003741751873009428
3940,7,0.04261854884864474,0.013704585872659969,0.21921664749420564,0.0066048362107223,0.0095787790228753,0.013164448265814635,0.6927620801038499,0.0023500781082648418
3942,7,0.005786863106035967,0.005205062849208458,0.0049578620548418,0.028512811965475865,0.0141881872218542,0.0337505938706162,0.902610932880117,0.004987696010320782
3946,3,0.00019770572959200902,4.465680792728688e-05,0.8472965452143039,0.0028376867025070337,0.13962462804345752,8.819207795541664e-05,0.00035536381982889995,0.009555180847826967
3950,7,0.00019619178958879937,0.0005755680061558,0.17784303986439162,0.02657309933054171,0.05009888994260266,0.00027594242575434367,0.7397207084291516,0.004716558370881333
3956,6,0.007357984609832232,0.0066853522997191335,0.00029656310175140836,0.0002455227342765602,0.0017167576509200665,0.9830767293860512,0.00035151273344013366,0.00026959215237575706
3957,7,0.0056410764303888,0.0009842504766941465,0.0005548459760269002,0.0018379348155553,0.0046461320346152584,0.0008365720359759907,0.9838739700911515,0.0016252305577970966
3958,3,0.0002711562428613787,0.00018415876607703335,0.9611362732778064,0.00017092692612433332,0.0279907366420817,3.0540540459599446e-05,0.0009532792956916666,0.0092629250184002
3960,6,0.0011361740422500333,0.0007477362674640333,0.08960236662526411,0.00021320029655566756,0.00027111553142964616,0.9075991472946111,0.00021386705650583678,0.00021639734316380568
3961,2,0.009273366745282634,0.8886441665634016,0.031230845557832232,0.0037187139752361564,0.030403617541311063,0.0017160206828455602,0.029883051320335325,0.005130250820174333
3963,3,0.0007005921160947666,0.0002812150931228887,0.9760408303853486,0.0002824856396661,0.014896513647249268,5.2515965613231424e-05,0.0008746932701529333,0.006871118482938512
3967,3,0.0005276771218033666,0.00015411822700846668,0.9300585552227543,0.00019416988334056669,0.062036272991669104,3.9069596746932334e-05,0.0002864836760452412,0.0067036738797221
3968,7,0.0012275926599386777,0.018811468881144735,0.003947280892801315,0.00040954328343932226,0.0007772375720420952,0.00016523137275248754,0.9741254205056434,0.0005362260767475001
3972,3,0.0029867295746707663,0.0010710381207557,0.9249284024126104,0.0001195801436326456,0.0570852291179521,8.013123621611284e-05,0.0021867725959293332,0.011542096750307143
3975,3,0.0012184753155018316,0.0006852535790952976,0.914195562909114,0.03821079347957207,0.030841420671275665,0.0005197250997340088,0.010257304566643399,0.004071426366405634
3978,3,0.00034600798989326665,5.4343427598082266e-05,0.9791190695839439,0.00035405748980093333,0.013518375652118733,9.810277245237e-05,0.00020478546774819998,0.006305227274522711
3980,3,0.09530243361990064,0.011645684028195801,0.8136349860350861,0.0017747916328175071,0.03774896473677483,0.007755903741702367,0.023500861280985826,0.008636365274646915
3981,3,0.0030578786089969,0.0009917079833488263,0.9844587866832263,0.0006440075949791,0.004607310122420633,0.00020907206954173333,0.0015400829891890335,0.004491154481245833
3983,6,0.0015718064094470332,0.00016650842473071566,0.13304599444308762,0.0002608093197206324,0.00022343868738528886,0.8642684087511668,0.0002761100727540412,0.0001869366500361092
3984,3,0.0034375187464494666,0.0018668122269854667,0.9349305117889087,9.773580529524508e-05,0.013265331162846833,4.98342360323756e-05,0.042427033708430734,0.003925216000537566
3989,6,0.003558574104224067,0.002216224084080467,0.025237784294520713,0.0004119343560353441,0.0004731038543517535,0.9673688759447421,0.0004039731019488746,0.00032949856326767963
3992,6,0.0080926202776549,0.0016999529035675,0.00027857866685750615,0.0003319560995237766,0.0009111202015817665,0.9883086958744234,0.00019700975759090128,0.00018007537625609437
3993,3,0.0018868715495475332,4.449481708753551e-05,0.9695671989586337,0.0024816535650979,0.01713063673333222,7.954765951134402e-05,0.0009263501386154666,0.007883235182985567
3994,3,0.0006072610558525,9.455259273893851e-05,0.9551086934846529,0.0012481948488888334,0.020646305100791133,2.9553464611891396e-05,0.019586342788710333,0.002679069336519967
3995,6,0.16327675877126513,0.2866512103656229,0.07775598254424926,0.0012066980932672947,0.0017034482283196,0.45119018364665914,0.016695321880252266,0.0015204055725215732
3998,7,0.0002366056315009958,0.03329363579763567,0.0010571617064891335,0.00041482142743194125,0.03219980977012953,6.66440929484294e-05,0.9314304921579275,0.0013007902035794667
4000,3,0.00012980457093531646,4.642365503687373e-05,0.9529717193987984,0.0012178659401195335,0.03462210714001947,6.712903563315947e-05,0.002047952987906033,0.008896953659278601
4004,7,0.0014567703113403665,0.0003065507200452971,0.0005369808863914077,0.0019111673217576668,0.0012684433729036302,7.973246347102896e-05,0.9940945385729942,0.0003458333879128408
4007,3,0.002260929576650881,0.0005377681385285697,0.8747945938606295,0.0006148260050215559,0.09920677239075122,0.00037691358819334965,0.0015624668000685665,0.020645724668993268
4013,3,0.00013725026885958466,7.751865001517253e-05,0.7272298857691059,0.0010809005040072334,0.13481836878004824,9.000798406971228e-05,0.0009309638675699334,0.13563510726595293
4016,3,0.0005421168274089,0.00012424413980537756,0.9603947752140946,0.0023179115968420335,0.023468167699218497,0.00018508759291800304,0.00047477000010449997,0.012492943416509701
4022,3,0.0002107006869398539,5.318363238471596e-05,0.9775158304383734,0.0017564109519041333,0.0163234060273097,1.8874725016804076e-05,0.0006931633494364999,0.003428421294892802
4024,3,0.0011880525170631668,0.0004907971192300095,0.9836247305729798,0.0003136479877991,0.008164440075541334,0.00010978565145862479,0.0003055002741412333,0.005803061104537524
4026,3,0.0005609510192965667,0.0001028457200867379,0.9422450067478807,0.0010908014585143666,0.05091445492016441,5.2494119930798625e-05,0.0003603020420120308,0.004673159496677133
4029,7,0.0036419698211636003,0.0009383550567352334,0.0033566108149338837,0.020611345849198163,0.005064144936344154,0.0007522765276890062,0.9642513138316665,0.0013839930893126664
4030,3,0.0039976931305201,0.006568668553630134,0.8788072945234359,0.0007759082802019727,0.0890565487161365,0.00012288525787955832,0.017840604302272633,0.0028303897125896006
4031,6,0.015927256968642698,0.05155162243622947,0.0021017269116592216,0.0004019749650628387,0.0008696859628232,0.927261758442336,0.0014996747626806288,0.00038631254196322347
4033,3,0.00015984082491423332,9.35031676565987e-05,0.9858538759415425,0.0009727456185992667,0.009293936284461466,5.571219995928645e-05,0.0015470354912592665,0.0020233482138113184
4035,3,0.0022241222126825333,0.00198402028916381,0.976729603021187,0.0033592415886958,0.011009386874373,0.0009375140122019565,0.0026642987710150004,0.0010918371699417681
4038,7,0.04013182612497867,0.0008919229247051009,0.009668276797691966,0.037748637030822235,0.002755408814938253,0.0004356720335008,0.9074877796824236,0.000880517049826822
4041,3,0.0002442295840269667,4.5598454327719285e-05,0.9488303880947795,0.0036093527613185327,0.033491695022627464,7.746466918292952e-05,0.0007957437462779,0.012905535225808265
4045,7,0.001546212328594335,0.0007156937234040813,0.0031394100023373335,0.021953184890128402,0.007808599767608701,0.0004644776497510073,0.9634896623995529,0.0008827551842390556
4047,7,0.00024816534198223605,0.0005638669611282666,0.03589439426875792,0.00023535332949996667,0.0014485689562040334,0.00039272911888533054,0.9604003444323929,0.0008165613139502165
4048,6,0.009969237119279434,0.07402588859235494,0.002955157353144887,0.00038991838618324874,0.0005910966730242667,0.9111027383257994,0.0006473603200088349,0.00031856640953512825
4050,3,0.00033867272480786665,4.562630402352972e-05,0.9666008356414645,0.0029190126326031998,0.0219041830908888,7.525166315886513e-05,0.0013604245437073333,0.006755959605174174
4051,6,0.0035977573963400663,0.0016529956452262335,0.00033946458192622665,0.001277530459323483,0.0010639931350866333,0.9917376130568805,0.0001492457785379202,0.00018137184355599998
4053,3,0.0021453315473313667,0.00042144384117143337,0.9926520715841263,0.0004834504268829666,0.002146932600329867,0.0002383086141092333,0.0008026153306154668,0.0011098679882247785
4055,3,0.0005751376471459666,0.0002054271029182503,0.9119369544748404,0.0017113133730120664,0.0694571757666928,3.779579082159756e-05,0.004794342760213834,0.011281898340481905
4057,2,0.008696668218049099,0.9652406736708067,0.0011996178953027432,0.00031354634666160437,0.0004543648088607667,0.0005867838215866667,0.023152777858317698,0.00035555188768653
4060,3,0.0020570265453733667,0.00024250998418253865,0.9799477644533052,0.0006409989754382666,0.011867504305936067,7.922166732993981e-05,0.0010232412389152333,0.004141719095742197
4061,3,0.0003604277402776278,6.9208345973825e-05,0.9830981562771882,0.0007843118906257334,0.009045251412188501,0.00013923704740623002,0.00015330479617919998,0.006350057637756534
4062,3,0.03243563802346163,0.0008053179577306334,0.9069717054986155,0.009093978361794068,0.0315957171021852,9.47375675980865e-05,0.006173108063731901,0.012829751572139234
4064,6,0.0009366980963837001,0.0015621768231123547,0.0030868100358176754,0.00037134279190150003,0.00030487270832658036,0.9933274830934852,0.00016392488527632945,0.0002466934347575146
4065,7,0.005450916788841367,0.0004056177288931633,0.003412195832988838,0.0022185605925773336,0.0027786650748745333,0.0001045245597517996,0.9854607994071481,0.00016871531365023353
4067,3,0.00029391133071886175,9.2947113987973e-05,0.898949556457196,0.012351754628209435,0.07320887377874051,0.00010148776895579151,0.00042761938271933334,0.014573868086953998
4068,7,0.00018211010062090002,6.84907809590219e-05,0.17006512893369374,0.022945017127657966,0.0004947370034715748,9.255163383273143e-05,0.806058975841785,9.298282832805191e-05
4069,3,0.00012221618729327255,0.0001903010697263,0.5261740887626604,0.0015868361166312334,0.46322019108986173,0.00012069734200243333,0.001278556745274,0.007307125386217066
4072,3,0.0017296373675870335,0.00020652048675948913,0.9871380902922547,0.0020184437433813335,0.0059284536440455,0.0007888839508473667,0.00038090549203636663,0.0018090480074612388
4074,7,0.0006703884475592666,0.00020235186365131377,0.040362558910027664,0.014492043384849267,0.0078306848620827,4.975111759867418e-05,0.9362577204854254,0.00013449164172179084
4075,2,0.0009144409700550033,0.6691904876701985,0.0023669026303886997,0.0006162788939011735,0.0033989449460758996,0.00015477610357466945,0.318441394339067,0.004916767864253667
4077,3,0.0009876259928022666,0.0001930531243873716,0.7818821911517473,0.0011516220899726668,0.2054647251890225,9.408130472611666e-05,0.00031130569729176665,0.0099154077389908
4079,3,0.00019113381056801244,0.00011253021673949154,0.9755446371021071,0.0023238321377053667,0.016719756921789935,6.944124129439098e-05,0.0004167498426534146,0.004621929913098955
4082,7,0.00011064801201031795,7.612313946847934e-05,0.011244596727364197,0.036234680239947664,0.0016723394469884331,0.00012467089847676023,0.9503649142788299,0.00017202772897103753
4086,3,0.0003275850363456,0.00010196187957736765,0.978308272396648,0.0003357235816304099,0.015953571949206536,2.917740679192058e-05,0.0002282668046770333,0.004715444841084801
4087,3,0.0009241640644152921,0.00020843441495446206,0.9694743460903075,0.0004613209820812333,0.016355840235767367,6.263998651315487e-05,0.01194682291608607,0.0005664511348972018
4089,3,0.0009566052193410666,0.00012821325644386762,0.6008462495429164,0.006764186334145266,0.3657820069731317,0.0001517725801925459,0.011093803028817767,0.014277161769883868
4090,3,0.00029322598931813857,0.00010593474911820618,0.9437955794310257,0.0017191016634315666,0.03356143800656907,0.00012617670422871729,0.0006657306408029334,0.019732794246192367
4091,7,0.0055149004960387,0.0010514704715581333,0.0010099348310735152,0.0011158203441678333,0.0030117360387364,0.0003673033264670811,0.9872266921197262,0.0007021469554013417
4092,6,0.0006952587052214999,0.0023489454303055666,0.03635168128185024,0.00020532674205655157,0.00022897452658701388,0.958636960513337,0.0013609011013203667,0.0001719399696689357
4097,3,0.004395515109975933,0.0008173490902074359,0.984928540553546,0.00040038414601606674,0.003452540248042167,0.00013800477056513332,0.003750288616942467,0.002117344817161067
4100,6,0.004266166749469233,0.08651055037314707,0.0020133691577217667,0.0002962843472791035,0.0019738723600449,0.9024921103496495,0.0006417212378604188,0.001805912348054867
4102,3,0.0006872910945894334,9.433167110046494e-05,0.9745631915897457,0.00012393454086653333,0.018252793691524365,4.7320746498277656e-05,0.00031483033401790003,0.005916286750246166
4104,3,0.0007053083079712332,0.00014209784687930482,0.9556387969749781,0.0003188059009097,0.0330804672136538,5.8705770596848764e-05,0.0004501057090345333,0.0096057139915974
4105,3,0.054462262974212,0.0040212608340130665,0.8864155133503854,0.0002526943320162228,0.0015325573669391134,0.00022685011895326665,0.052367557202362226,0.0007213173449635247
4108,3,0.0012289850731999666,0.0005092944679578108,0.9846890840358654,0.0003275770057625667,0.0070601297280106995,0.00027819299438693,0.0007683528661004999,0.005138350712333866
4113,6,0.022928940782278598,0.010623022975462934,0.0020161481665654747,0.0005961161097976879,0.0008234892064373666,0.9619267417833735,0.0007064778514079954,0.00037904066947303444
4115,3,0.0005259172668488,0.00011445476237133003,0.9795392619404587,0.00023758095602103332,0.014335941664772098,3.7214934827590236e-05,0.00028763985079033333,0.004921971716023207
4117,2,0.0029330722274466333,0.9692489095254126,0.0001760271385778274,0.0001750851568565763,0.003980112150959233,0.010240115808416635,0.008936399572927033,0.00431026930026292
4123,3,0.0006093743853471,0.0002465481980017333,0.9704974358496076,0.0002154013525844,0.02576895123295723,1.6198297167216425e-05,0.0003599229653840699,0.0022861793706605
4127,5,0.0005282336489045516,0.00017981155117350938,0.2963785344145809,0.008368903652943132,0.6767800293837486,0.0001018690151059684,0.015357605068879133,0.0023050389207841
4136,3,0.0013681178253540666,0.00019071362730108566,0.9649563205360782,9.808967506508635e-05,0.028972223027305535,9.170884183787514e-05,0.0007642751138738666,0.00355853067012765
4144,8,0.0008408511487965666,0.0005543704982828001,0.28634193003174696,0.0013657929356287,0.20014294882833614,0.0001838926105548134,0.0011082575941986,0.5094619678061535
4152,3,0.0005108034391423861,0.0007975552421617166,0.656149044995876,0.005883591170222634,0.22209701568071685,0.00036735792189612884,0.09302342576885765,0.021171243983345234
4153,3,0.0008485211076274666,0.00024401702903536885,0.9906681283461736,0.0016530304643843999,0.0036025266298144332,3.4281670120825095e-05,0.0007820338267088001,0.0021674463400426116
4155,3,0.002296013131018785,0.000769241868526145,0.6302381084538431,0.0016899973582400354,0.15803142765424652,0.0005150579737889867,0.0020277062822524,0.20443241557794412
4156,7,0.011970967430253448,0.07853968056846614,0.0005705750018800556,0.002488516807634688,0.009930033987616034,0.0009373294525357244,0.8935133970790602,0.002049501056471679
4157,3,0.00047702042396270005,0.0002040297978083,0.9461517478991474,0.00016480237987121868,0.04321197150648134,2.6060636650667075e-05,0.004620425662333033,0.005143908768715766
4159,3,0.00034490579573190003,0.000127587124402981,0.7683286841359468,0.0083897860606613,0.21201407890891036,4.886590964427274e-05,0.00039468014567863334,0.010351412213731
4160,3,0.003655481555363167,7.362022169173373e-05,0.9450759992847882,0.0010277804680592,0.0165249588049084,2.1929412381008427e-05,0.03167102756524556,0.001949220320055634
4161,6,0.002964115011560967,0.0005727396371702667,0.0006760537513517215,0.0006255119344054141,0.0007335986925628333,0.9918315394211209,0.0021250922116333,0.0004713507506066017
4164,3,0.00048267372619491267,0.0006514124801232218,0.942864119243256,0.0011745796905283,0.046449619514839835,0.0001806860688545,0.0010753320125399654,0.007121595356503754
4165,3,0.0011254399969497333,0.0010920475798987335,0.834906065418291,0.0021027267852332,0.1496794895794149,2.7288270883422962e-05,0.0043503476457143675,0.006716604247614401
4166,3,0.0014582960835444001,0.0006177826641299879,0.9691347039890269,0.00031408059176520997,0.014581703137203299,0.00011720717479263237,0.0007570336220997978,0.013019211949554542
4167,7,0.0016830302962101103,0.00496495923300667,0.03388555153532908,0.0020889131748826665,0.005225619606994195,0.0007279450299830405,0.9499483858699929,0.0014756092940023627
4173,3,0.0006499338626036339,0.0018048334185985608,0.8472797358042375,0.0058166282209457685,0.0161675516590707,0.0004325373866983775,0.1261288272630706,0.0017199610324280144
4175,3,0.00014400665405223332,4.3412102792602545e-05,0.9706323116254484,0.0049219002135554996,0.0153388894610405,4.787279478675132e-05,0.005221844877631367,0.003649764222708475
4178,2,0.0017839025306443665,0.9830176847007784,0.00010133996539962783,0.00017644644900463775,0.0063331601848866,0.0009115904466128667,0.006866463175133272,0.0008093980976009776
4179,7,0.007579255228240134,0.0007833715861284667,0.0042097711948648,0.0017923963245814664,0.005789741674180434,0.000343708300721,0.9790133810537731,0.0004883659380299131
4181,3,0.0027092444916578273,0.0016799873562991666,0.9746660051429971,9.118799665463753e-05,0.015501946766181668,0.00014630188647833336,0.002030182063478433,0.0031751276351461
4182,4,0.0003238190123993298,0.00016073290655311837,0.007528497388428433,0.921443675412307,0.0014302820727829998,0.0004408023796933347,0.06829777133800823,0.0003744317010249258
4183,3,0.00022556654756643738,0.0001506214920186615,0.9661127745833484,0.0006606414274485667,0.024042012597732403,2.4114059639667062e-05,0.006473862829250034,0.0023104243312595334
4186,6,0.008052133964496234,0.0006696464320230332,0.1575112913811597,0.00022775903528792865,0.0003526260162425667,0.8324454827433719,0.00045297636580200106,0.0002880784183620061
4194,3,0.00034331991462867176,0.00010013538194487411,0.9853917231715146,0.0002943515888147666,0.009678781497671233,2.8922850679020263e-05,0.0002318398327367,0.003930950775945592
4197,5,0.0008383440156331666,0.0007974004755541667,0.22958203056049345,0.0083042604213701,0.6810189098661575,0.00022731900364030176,0.05651784265659487,0.022713905205774598
4198,6,0.0006714816110965667,0.0098156222935556,0.000877842928099035,0.00016434858484367366,0.000188622311745912,0.987865427992686,0.0002521857713085,0.00016449258762789689
4204,6,0.10321980766666695,0.0007865239353245113,7.25218090605939e-05,0.00025973380596778194,0.0001463228434897512,0.894697385586752,0.0006719236951687,0.00014576890044748828
4206,8,9.887996676433905e-05,0.00012978840332026665,0.3280737628701739,0.012125644915685699,0.15505118044523117,9.726952315690985e-05,0.0010739306358728,0.5033495520308179
4207,5,0.002272695869987433,0.0016022478181708002,0.32425342283616415,0.0005908404641418633,0.47811828021478303,0.0004760598361785028,0.0012501181345272066,0.1914363586222886
4208,3,0.0002529521324798358,9.142801153662636e-05,0.9283827408086447,0.0003752092910947,0.04658152419588396,0.00014092633743311754,0.0016278792729800332,0.02254734147601133
4209,3,0.003306658066865,0.0004619292453540667,0.974363939634001,0.00018826428644513337,0.011874064707158934,7.613304621040236e-05,0.001370888246384867,0.008358103259655797
4213,8,0.0016705213957893172,0.0012883685755144352,0.35776370319765616,0.001994795090486867,0.08158788493604827,0.0006368722833514383,0.004734019128116132,0.5503238429356584
4214,3,0.0008447669854193667,0.0003569039542063075,0.9876184311890931,0.0005829145097298,0.0055377431081428665,5.13459998890316e-05,0.0022501384512891,0.0027577666057119333
4215,3,0.0006614208767168837,0.0006845940502426001,0.9622236510709333,0.0009358990732575667,0.0220395580042979,7.374091739722578e-05,0.000276050228863283,0.013105104995132835
4218,3,0.0006314099928521667,0.00029751573247129996,0.9452663374608238,0.00011744867754036228,0.04378065737242607,2.8675806379875965e-05,0.0033421172414903996,0.0065358361837617
4221,7,0.0017479605961636102,0.0008670539527499333,0.12191413982587052,0.009295889926928133,0.0052507337322398005,0.0005841628284933108,0.8593046291899432,0.0010354137284412817
4222,7,1.3007054124206039e-05,0.0026398857686624005,0.017546396963106253,2.0273643029543638e-05,0.0008853152458018,4.036232951112404e-05,0.9786195947782611,0.00023515954403432746
4223,3,0.0022291218819652336,0.004011490814425134,0.6461613768376703,0.0065332622149997,0.22789242697487896,0.0011025944663654,0.09181570114314959,0.02025402824101263
4224,3,0.019452618151560866,0.00037273593148328153,0.968796730230347,0.0008502002372736666,0.0060679619315252,6.723761838082477e-05,0.0010621366667223668,0.0033303530189400334
4225,3,0.00019386460436188335,6.657036616265045e-05,0.9659954994367489,0.0007303024113444667,0.023016529537196836,7.369091566801363e-05,0.0003136069495800333,0.009609922170400825
4229,6,0.00017054168373991773,0.00019237004077962,0.021011410585289932,0.0002400184673581484,0.004510282859800433,0.9734836422068217,0.00021530459403113769,0.0001764119798368509
4231,6,0.04192564305070696,0.0004701816286373334,0.0176937395722213,0.0002769122688419484,0.002504110898306967,0.9363495278825679,0.0005777831591043304,0.00020208981603638736
4232,2,0.02377057930078443,0.9590352094076006,0.00016595781003650697,0.0004228025353729232,0.0049950003194305665,0.0034517870592599663,0.007760013951219434,0.0003986709111870234
4233,2,0.012884861355145867,0.855196571113214,0.017004933837970533,0.00012052615745999691,0.0016405728704932336,0.10591390198081667,0.0070178667107321365,0.00022072964207171046
4237,5,0.00039841522869383,0.00039597894937241115,0.18758950694095342,0.0072215310857877335,0.7832260519785256,0.00018559682694587907,0.0011627160815915257,0.01982022197997727
4243,6,0.1029489811579225,0.00016762924456180001,0.00023898891247496165,0.00021502363443091335,0.0002986994922099558,0.8905441569435767,0.005361125281033666,0.00022536656517366848
4246,4,0.00037861600672813505,0.0003218647415357166,0.013882689454757331,0.9610530241156257,0.0016991076188828333,0.002434813503619119,0.018782817101216636,0.0014470845527558929
4249,3,0.0004021409854854,0.00021683226807448354,0.93689035715768,0.021578453075727897,0.017528958999558534,0.00016635495758267208,0.013676173910707232,0.009540697552765232
4250,6,0.0030015372546253667,0.0002043053116571338,0.058422449332205785,0.0004372305882771765,0.000482931303836729,0.9365706913702104,0.0005364614611924667,0.0003443659359396146
4252,3,0.0006311871961676086,0.0009111352776531,0.8183706534940999,0.00016492401935605376,0.12066980822940876,7.96899564840079e-05,0.0571554621920197,0.0020171037566825
4253,3,0.0002658494606579635,0.00014468852594406667,0.9661576284144452,0.00016708308900423332,0.02429319051077637,3.4506258786499775e-05,0.0005617480407050334,0.008375342027924566
4256,3,0.00016840960940053647,9.431334694199743e-05,0.7885315844178246,0.026910464226529235,0.06600880267701327,9.281095828556298e-05,0.0004897850418240666,0.11770379939550853
4264,3,0.0028680369410606,0.00047653986516242006,0.9866167138870466,0.0004812568559480333,0.004666082622321867,0.00012509522783643896,0.0004746806512706667,0.004291607476405896
4269,3,0.00027862413452196664,0.0027062244214144334,0.8830703090496724,0.0018193918439679331,0.08534104309067166,9.145716970446985e-05,0.0013230795471701395,0.025369901867026767
4274,2,0.0076383560144713675,0.980924353319029,0.0006852128333486007,0.00033569409091489593,0.0009149029822088,0.00047530945789599997,0.008516533624484167,0.0005096513896425037
4275,3,0.0004090242900177342,0.00010122321896866708,0.9762702260740787,0.0013447087474149331,0.011312281381249968,0.00012584776308897314,0.00025406145638130035,0.010182659977857765
4276,7,0.010539672858508932,0.0055453760304082665,0.005320568688788632,0.28110910681846574,0.015401774397080735,0.005289421355591834,0.6698927121474845,0.00690133671656333
4278,3,0.0037276787984357,0.0005358656633724333,0.990743090369565,0.000217945483775509,0.0025387932611547,0.000134450645032,0.0012121600945181,0.0008900293175309153
4280,5,0.004343152379032967,0.0007165767698266001,0.3851627756848832,0.0016489495652270336,0.5781649317334051,0.00013662185422904117,0.018049860323425235,0.011777110606617265
4283,3,0.0006211620909803334,8.368387458141404e-05,0.9644132375016278,0.0037964208902641003,0.0245976858162379,0.00023471948902833333,0.0002511397089483333,0.006001932581754733
4284,3,0.0002834111477377131,8.856910025050917e-05,0.982315125258447,0.0014256769857552002,0.011613768962002733,2.255586654822375e-05,0.0008521216578258,0.0033987569441175595
4286,3,0.42708655515010463,0.0428741028538099,0.5210222484025983,0.00021485020020403333,0.006700262718826667,0.0003577078228588334,0.001040680438294649,0.0007036087531074622
4288,3,0.018577827044353765,6.895498623153404e-05,0.9579670745985706,0.00025740175064506665,0.012364499200130467,5.7789726924343756e-05,0.0063744671037651995,0.004331977941460467
4294,2,0.0014716879108223424,0.8564136372947576,0.00037320508381706867,0.0007431772619541983,0.0013367132461056333,0.0011508779585301,0.13762401993038745,0.0008866848316361674
4296,3,0.0010616003914349001,0.00015219005345226274,0.9813027080722311,0.0014163838331252999,0.0035808859982099333,0.000308160811545,0.0037449763510672665,0.008433086986602533
4298,3,0.0016678922422778332,0.0011048637492808895,0.9643143222543937,0.0124390685113004,0.010468377513093166,0.00010543288216994857,0.008355997649484167,0.0015440531187580519
4300,6,0.00036481581494336246,0.00012992362876186668,0.15132412081229352,0.00024290660037616361,0.0002972827180956393,0.8470718012108588,0.0003395077657126218,0.00022964454785961104
4304,6,0.006905752849091566,0.00011863386630759998,0.005260227305002051,0.00023228551792959045,0.0009674541074392333,0.9861348282976374,0.0002231081224956168,0.00015770176476689228
4309,7,0.00011048719700521371,2.7931735929466998e-05,0.13945691231091856,0.0033278514560432667,9.150164249577333e-05,0.00011556944360593941,0.8568240420198908,4.569048783838092e-05
4312,3,0.0005292706109037,0.00010846661959832039,0.9623519601689074,0.0001454376380659,0.024952807470928734,3.829076797365164e-05,0.0006380716762192,0.011235695024659697
4314,3,0.0008630504516497334,0.0028789347734834,0.7322855784395799,0.0006912625391506666,0.011764687468782025,0.0001285505322107165,0.2504874375628919,0.0009005283943989668
4319,3,0.0018189445669540485,0.0015458857572048978,0.7826968760054708,0.15645539197420405,0.042424125698924064,0.0012132797437767063,0.0047772870134144005,0.009068229452411532
4322,6,0.008021170497915734,0.0033700933144648667,0.014359794244914728,0.0003704255122008786,0.00026158094073899996,0.9730967742192304,0.000307711818036021,0.00021244801444699979
4323,3,0.03866249157576936,0.008037860485379833,0.6591195495825096,0.0031506605003719453,0.1736878266501123,0.0014862017541733,0.09011818342738333,0.02573718680682083
4324,3,0.0011104996180015666,0.0001227891710230543,0.9740541337662852,0.0019342653384520332,0.012813374477637201,4.822796308192796e-05,0.003639417557062234,0.0062772507051096
4326,7,0.0015668485244304533,0.0006409575448200634,0.02677045921734834,0.0005189199798497,0.0025032282499023607,0.00017172478548447894,0.9675340919765644,0.0002937822693237904
4327,6,0.00023367406461966665,0.01858639026969163,0.00048582591635549236,0.00015526621117727983,0.00019831501642244645,0.9800103360016935,0.00017246246348233334,0.0001577287953563712
4328,7,0.005693221691234655,0.0025702299642463666,0.010885089559926134,0.00040745168843797706,0.0012319875108307333,0.00025626147642593335,0.9786198250366458,0.0003359072681334433
4330,8,0.002849659952950967,0.0021458419645642435,0.1671033325909109,0.004817166257673167,0.4064126736059995,0.0011420388510271974,0.006362991206422359,0.40916630953778516
4331,2,0.0044307921030759334,0.9858914200354524,0.00020022757528447984,0.0002832252926412813,0.0030070014200627667,0.0023015519711596,0.0034258062217445207,0.0004599774367142528
4332,3,0.000283536076996727,0.00019920625994077144,0.9789519698471664,0.008691907337651334,0.008960146011508333,0.0001906142432194,0.0003895839750023395,0.0023330653075244335
4333,3,0.013635543824525467,0.0010156411436391332,0.9476784801750586,0.003619871453195867,0.0035064008479580217,0.018372599009066466,0.010647545114562833,0.0015239277774992564
4336,4,0.0010598653435852001,0.00031621327917442856,0.021408377345739135,0.7480034197124956,0.0019132248148486335,0.0008830679438508026,0.2255660729724235,0.0008497450236809304
4340,4,0.003969586262430667,0.0003628470050173352,0.08114879049800729,0.7975158246282423,0.002355456001303867,0.0015424955069827332,0.11224230849909579,0.0008626838437220797
4342,3,0.09994791379085242,0.0007733030729315335,0.8650309792723174,0.0002562486286138689,0.022935682779969168,0.00025419965511499766,0.0029463121113944336,0.007855336920327733
4344,7,0.001296906055204526,0.14870578274964644,0.0009279576462115999,0.0005245233136520128,0.0014863786497116309,0.000517958573312536,0.8460332400168055,0.0005072375425785381
4345,3,0.0009400662916284334,9.163200587580774e-05,0.9706797981834434,0.00040635471678009995,0.012669082513572365,9.011388219359419e-05,0.0117575997568837,0.0033653667394073334
4346,3,0.0008252422771577655,0.00023040269252826238,0.9517653014223262,0.0015542717439872668,0.030074752295481132,0.00017199203123491726,0.0030060270889737,0.012372034061118267
4350,3,0.0008495587757271,0.00016276530758765675,0.9602089376454486,0.00019524278562826666,0.03086370449480293,6.872848883999746e-05,0.0003388160285008,0.007312251875153966
4351,3,0.0034087315830223335,0.0005190545131413,0.9841652196160028,0.00018783336168783335,0.004978577651249334,5.142344283549651e-05,0.004827417049977267,0.0018617341704718112
4353,3,0.00043443678940959657,0.00010172004805687636,0.9579530555695932,0.0005691209235259,0.027337934495230934,6.135255932872196e-05,0.0016044479899629,0.01193790573957683
4354,2,0.1563415441603387,0.7915801683994482,0.044050475277146256,0.0001419688243172242,0.0012322750432731666,0.002296458399560567,0.003910974273063541,0.00044614373272569346
4356,6,0.022486748533956668,0.0011166573124872,0.11348136116025809,0.0005109661147627852,0.0041225613317534,0.8561275700711134,0.0013243821128207421,0.0008297557812532507
4358,3,0.0004926171300167667,8.328528598063697e-05,0.9878922748139863,0.00017720564664816668,0.009044743667916499,1.6091493167387816e-05,0.000410607870333,0.0018831568582419625
4361,4,0.0003533853792259667,0.00020652389715248597,0.26486117504821327,0.6761990512336814,0.000445457715375,0.0005269475842084127,0.054296507162358065,0.003110954466876233
4362,4,0.0002839965691113549,0.0004482153926814711,0.0162508211658801,0.9330009996582252,0.0017722611165077668,0.000826917507181586,0.04697492043979163,0.000441878530657185
4369,3,0.0020457459200805667,0.0003426856380881846,0.9915842519216754,0.00032412627776523333,0.003097113060732033,3.3217451972365645e-05,0.0012041813001016,0.0013687028747510802
4372,7,0.0003161298400118037,0.0004279968469374433,0.09645662731587477,0.0009272023837534,0.002462326139382388,0.0004047106755780771,0.898671811371079,0.0003332005575042258
4375,3,0.0002553521334966943,0.00011808250292116558,0.9435320563899285,0.0022999154133114,0.04143357511628427,3.8204212500812325e-05,0.0035770161768848333,0.008745782104598301
4383,6,0.0008736604623267068,0.0339648534269988,0.0012424905281573236,0.00016803879460675056,0.00019618778666404013,0.9631164845702563,0.00024933908324564373,0.00018896403931173335
4390,3,0.0043411349252425,0.0008031432135485,0.9881773613528241,0.00028636503949443746,0.0034853228053081,0.00018603791700429998,0.0015570953147143669,0.0011635679325546426
4394,7,0.00118583529295721,0.0008100140757799666,0.08363813502312094,0.0019195009387481664,0.005307439207018819,0.0004920355350037398,0.9058850054273228,0.00076203780749989
4395,6,0.006209334915337767,0.006819286967759499,0.10828257899497029,0.0005056766567906197,0.0004397235786912079,0.8764037088471883,0.0010299240529633334,0.00030977026824670914
4396,7,0.0010204014871156334,0.006847415390135833,0.31028523022022797,0.006372206245980287,0.02499009750930317,0.0005471506833882688,0.64844639586828,0.0014911218307188
4398,3,0.0003488472673232403,0.0003921656107514333,0.9648059951315903,0.00010570739510750404,0.024015397552702433,2.239625612779815e-05,0.007646251733432499,0.002663268695029867
4402,7,0.0110963350303075,0.0009963591166055,0.0009398653832656552,0.00043264225396793334,0.0026182855625689564,0.00016015651971336734,0.9835065501484834,0.00024979238547485823
4405,3,0.0003740711117406368,0.0001764245374115876,0.944269150471809,0.0007026456110172001,0.030619211711348366,0.00011016298553562035,0.0009931214157618666,0.022755254121682833
4407,3,0.0009941972872857799,0.00037261739702959936,0.9913318534241866,0.0004385808327918333,0.003846298733307,0.00013429890271660666,0.00044693780971113333,0.002435211994259831
4408,3,0.0008243665942236047,0.0006147742227116666,0.987870221054667,0.0001952273319643388,0.006654776323957767,5.038421637623937e-05,0.0015516289634763666,0.0022386253400595666
4409,6,0.005123064288692333,0.011793366530931298,0.015872081018477566,0.00035779956747037734,0.0020284325723458666,0.9630952846397375,0.0007911400929015333,0.0009388161233974237
4414,6,0.004166213829315333,0.004375020516903854,0.0032880788925875276,0.0001889769478985425,0.00017235470909252555,0.9875649635570286,9.896248252154684e-05,0.00014542898357079257
4415,8,0.0036092027895438003,0.005082368468899377,0.10644445805734774,0.04194728638485756,0.12093361688805505,0.0036270260910013473,0.11442150095050552,0.6039344990360033
4418,3,0.004242777470143567,0.00011992621702039818,0.9573791213275764,0.0003967056485185667,0.008913816771438089,1.2920480565835176e-05,0.02795382434677943,0.000980917135942054
4420,2,0.0020575421525006,0.9705073248044872,0.00021831109336971997,0.00031603494703466497,0.002298343326454767,0.00021822885810428378,0.023925688312255233,0.00045855135201984504
4422,4,0.01867139623687163,0.0009093147864390575,0.007770317923563967,0.8918581887227668,0.002535669976367967,0.00032927120386422873,0.07653631242949387,0.0013895289738567844
4423,3,0.0003880033050021,0.0002403143508128064,0.9816660107101409,0.0031121009247907,0.010089494802789634,0.00011387769311001667,0.0024881422137661667,0.001902040206286525
4424,3,0.0006433475672103,7.329030547766947e-05,0.983380155431158,0.00011855816091770001,0.013476532936319965,2.1148153936632767e-05,0.0005810745375324334,0.0017058921124713635
4425,5,0.006821533109029066,0.0008721632329842666,0.23260664619307983,0.19051733140766883,0.3063788361090241,0.00040380803503675076,0.25570812228324324,0.0066915621250397
4427,3,0.0026948389544472332,0.0009848698900429668,0.9890340029685215,0.0018528131448724196,0.0013231690121144333,0.0008063324718029667,0.0015442180520506,0.0017597832889900506
4429,3,0.0014384939685026757,0.0041938801345213,0.7857783254255457,0.0013990081488664313,0.0123876542678704,0.00024400374850649213,0.19349959780237444,0.0010590589083197854
4432,3,0.004296827573700649,0.000245867751998659,0.9834516061392327,0.002309759005436367,0.004249145871020333,0.0016044620019690665,0.0006766933286504667,0.003165666622562277
4433,3,0.00026561668514770413,6.319359199070513e-05,0.9718664207830404,0.0012711655702661,0.016819736037640066,9.50921781029892e-05,0.00015318371469219514,0.009465582955668985
4438,3,0.00017558529412600363,0.0001479575596771546,0.9414345618575813,0.0015428454227510476,0.0400816494394904,0.00014312500937055687,0.009196109119075402,0.007278177369312599
4440,7,0.0001092875849157043,0.00014931023415420443,0.14908798521703237,0.299949133089644,0.0005465091969668281,0.00016593273590563074,0.5498954523029407,9.639325770875589e-05
4447,7,0.0017282394982887335,0.0011916404145466332,0.0030323949140463667,0.009142535441627093,0.02454380327401863,0.0003880549430050406,0.959187537776304,0.0007858505857163654
4448,3,0.0037622968098917,0.00035007720738386666,0.9763553875048054,0.0026112544632761673,0.011911214315852734,9.115455392473333e-05,0.0002568058458334,0.004661786105276867
4449,3,0.00017036940604333334,4.50989395458989e-05,0.9514585208808173,0.007962172183762899,0.03163114233982987,0.00013904717486100667,0.0012252753721745666,0.007368381251024667
4450,4,0.0011876040179899597,0.000951185746622766,0.06451502825976142,0.5864467837045702,0.031568781383683936,0.0009211356388150396,0.3100814298004866,0.004328054246553403
4452,6,0.00021690768144148277,0.00017034147747681998,0.015072496430589867,0.00039649637409027366,0.0024587079919192,0.9811531993950903,0.0002995275427289762,0.00023232306728252113
4454,7,0.0011726440000049668,0.0002947745383678029,0.00978038527206071,0.19241606752644214,0.0030204373993433214,0.000339328988655501,0.7922674232546689,0.0007089473577996818
4457,3,0.0012429243612295862,0.0008271635867437298,0.98448859193251,0.0019599645900084,0.0024402702960946,0.004218905361939733,0.0018608753419983668,0.002961289436072464
4459,3,0.0003331049460717148,9.479412961346666e-05,0.978527340141977,9.617569000433334e-05,0.017919756844078264,1.8433109124161118e-05,0.0014779441873794333,0.0015324379486329
4460,3,0.0032053091897667335,0.0003227315605200497,0.9865167195719519,0.0006501820565916,0.004551095300656267,6.532764060771156e-05,0.0020451696504222333,0.0026435017439441926
4464,3,0.00037122567930173334,0.00010108499185136666,0.9670379053226661,0.0004147901531327334,0.0295337961684852,1.6166127646270463e-05,0.00019711679559199092,0.002327908085665367
4467,3,0.0014234065799856334,0.00027505195484723866,0.9565649188534597,0.003465901634268667,0.022025356570100667,0.00018893391302766025,0.002924092313646667,0.013132348229082132
4468,6,0.0007253997211255334,0.00010443436853216778,0.09233928641883306,0.00021606847329707062,0.0001809733628409109,0.9060776520320548,0.00019493679835169022,0.00016124733598073046
4472,6,0.0005589487225274667,0.0101457190855448,0.0016342351786509332,0.00017121479764520397,0.00033194599298716666,0.9863239137452058,0.0006430308924765667,0.00019098151097771113
4473,3,0.0005257556061285666,0.000368565922137749,0.9046105071986577,0.0261705349113259,0.023662465829688065,0.00024189569035490993,0.03199536760650383,0.0124249086607622
4477,3,0.0004816340674051334,0.0006210121984018001,0.5773276389540737,6.370564441235914e-05,0.3715453722584517,2.4664268004051236e-05,0.0004910078247373,0.04944500227293044
4479,3,0.02906736509152487,0.0003594301145733667,0.9187362339755497,0.00011894128847403113,0.01090503192960056,2.3693237048513216e-05,0.03962224775566354,0.0011670725581546602
4486,3,0.0014874325647402668,0.0006723754914980487,0.9877667307869595,0.004079596187262627,0.0020735630179506332,0.00046910980810311334,0.0003694972982440988,0.003081700710839994
4488,3,0.0017788035249912367,0.0007787173050824242,0.9613337123097292,0.0032268876987593,0.012263924414156168,0.0005911339818544867,0.0028139903294264,0.017212787530523434
4489,3,0.017601607847201873,0.004878894991431167,0.8569315741814877,0.0006311241563791,0.10949877599178322,0.0011302954644152666,0.00803868278133953,0.0012890228344019563
4490,3,0.0009502103127477001,0.0011083471141229279,0.9659870243761025,0.0022110384111444664,0.021830931620391267,8.669328387231569e-05,0.0029897966391433336,0.004835963536987048
4493,3,0.0002835593867585621,9.111681925211524e-05,0.7091007163682287,0.001603509151342367,0.2853216249639256,2.771038722848271e-05,0.0021866978405893933,0.001385083620896816
4495,3,7.605000812453913e-05,4.466774590896057e-05,0.941004107333482,0.0035887975934420333,0.0463789667226872,5.962419653733541e-05,0.0008415936466426667,0.008006208938543148
4498,6,0.00032908415167916667,9.703983565207198e-05,0.007665697798890058,0.00034421892373716676,0.0003441590782200607,0.9906841317483658,0.00030854996184746336,0.00022712738356033693
4499,3,0.003962862343906434,0.0011580903299247,0.9829135070408875,0.00014063369140376666,0.006749458179869067,0.00024166843186983333,0.0020652499163998,0.002768516945434866
4501,7,0.002076375837767533,0.0003373422654521524,0.04978703981023407,0.45410830770400495,0.0036030118017144337,0.0003116901341894609,0.48908776558323175,0.0006884594819380942
4502,3,0.0001506803263109284,7.243864176574749e-05,0.9817371436798586,0.000140954808757,0.013225691950476232,2.3495215829533774e-05,0.0009145976325009001,0.0037350284304602
4503,3,0.0008494997223809668,0.00041256119504332246,0.8758942854788098,0.011724372527236899,0.07388150082500063,0.0002169155674406955,0.0015685240441808666,0.0354523549255694
4504,6,0.00027475318156703336,0.002364782265345667,0.03458808183600889,0.0002661240777717667,0.00031124630757574,0.9614462291220128,0.0003590681622886173,0.0003897074117399667
4505,3,0.00016918555612425358,9.158551742942876e-05,0.9865078032081739,0.0031898390714229998,0.006551112109864,0.00011614742344024998,0.00042277616116969996,0.002951545400572667
4509,3,0.0005172594459773851,0.00011085934887112679,0.9682333178273449,0.0004986080325658333,0.0223565781911335,4.649473165865525e-05,0.0028239782025085668,0.0054129242767338645
4510,3,0.0002918014292974327,0.00035483552791516006,0.9741160987919254,0.00020973767596826667,0.018379803777229097,2.6004137082429948e-05,0.0033358972862447002,0.0032858621626672764
4512,3,0.0011877339622584334,0.001674516198190051,0.9567135650335162,0.0024208859326115334,0.0270713389355936,0.00012919510085988902,0.0012222097606954,0.009580592734998849
4516,3,0.00013315898753380002,6.416303765144659e-05,0.9392798267814139,0.0056454800035615335,0.04699532720471916,6.982303224299015e-05,0.0023261924387686997,0.005486056073980772
4520,3,0.0011676529648298668,0.0003369242127640876,0.9689113214730706,0.0042653119885783,0.006411006656847763,0.0004495586815955,0.012808321271639602,0.0056499151643007
4523,3,0.013435794434469565,0.00013382503775347134,0.9170920142646487,0.05059086058517037,0.012578827384042193,0.0001276821988799167,0.0010536285967196332,0.004987380181173367
4524,6,0.013765504865754367,0.0006227994857471333,0.0005452369092818031,0.00042985054734814235,0.0017106718978823002,0.9824866405607704,0.00023635753009584358,0.0002029188641906618
4525,6,0.0002966203639804667,0.004503666808391367,0.01865927911818637,0.0002974942170224334,0.0002735854630508667,0.9753249368527163,0.00027744500840098376,0.00036699788083956663
4528,7,0.0020335425189087,0.0004738870891848012,0.003087042854350167,0.014690906601675,0.007546481408508401,0.0002520618730091737,0.9714110514986681,0.0005050531068835766
4532,3,0.0005733572657157666,0.00018369314139360347,0.8027125357080486,0.01802389864407587,0.1538658539323328,0.00015591164421537877,0.0031786743924445662,0.021306072219979367
4535,1,0.9519597579205019,0.019108187851729568,0.018730072753008722,0.0005402188285004486,0.0023903594520909,0.0028039570943691,0.0023647027511069277,0.0021027112618332254
4536,4,0.0117767313131496,0.00012282357344306667,0.2567141352776797,0.7227399051783515,0.004797616806083667,0.00012077666516096777,0.001055445641875081,0.0026725982908211
4537,7,0.004580027454069266,0.0004334896691544333,0.0025991586733781,0.02421128469980253,0.0019469749105371118,0.04404950524187673,0.9205225441667272,0.0016570518369287818
4541,3,0.0017015727585358,0.00021625195257826395,0.9861147800955786,0.0009468945250416001,0.0045753302718733665,0.0012689196698643334,0.00020502245084766664,0.004971227084479498
4542,6,0.0176417005457612,0.011129010186605498,0.000548651758670807,0.00036046442663661515,0.0006812803252015867,0.9690323556563999,0.00032508126590398645,0.0002814396279934112
4546,1,0.8775816152449442,0.03108908532275237,0.04258280023121907,0.0004911126641379053,0.001620453055748855,0.0389614954237203,0.006169107084566844,0.001504314091416336
4548,3,0.001348663108332233,0.0033581066408143335,0.9731635403348357,0.0004163638387118,0.015472879691507901,0.00023217963525623336,0.0011321929715854,0.004876096024222867
4554,7,2.7893353061436324e-05,0.0006762563787734246,0.10433851001201137,0.0006581337955619548,0.0021697544389895334,0.00011465854997604595,0.8917564688799944,0.0002583247418814451
4555,5,0.002283410368358867,0.03833891996314317,0.0028469910045817,0.0014226130007644509,0.6696284826330752,0.0008050951750368233,0.26644497823949437,0.018229483556053867
4556,3,0.0005028778970456333,0.00011607387446541134,0.9386398864510667,0.00016887259578729998,0.05585181504339126,0.00012198579847024295,0.00025094370793455185,0.004347554884541901
4565,8,0.003114711048366399,0.0016800970722954,0.3246258601184941,0.0025272579184038003,0.10626356622829618,0.0008412895348948895,0.0038775378868937086,0.5570697073430718
4567,3,0.0005368034715756333,0.000297697833407564,0.9739915932522504,0.001278602037098,0.015420091024716165,6.107461353449967e-05,0.0005264780798984,0.007887674339025043
4568,3,0.0016250460423246668,0.002739952298923133,0.9161188479115111,0.0016220275625161665,0.005122058558478533,0.0007586850138325,0.07031604923218089,0.0016973476753993817
4570,5,0.0011745118259457621,0.006373714123999567,0.11779502991650648,0.006480338896438404,0.3974949396665897,0.0008581818618337906,0.35137298850454474,0.11845028266357156
4575,3,0.00064328272895216,0.00023418819598263708,0.945056722109023,0.004413440446280633,0.029631227318870097,0.00017351836884575353,0.0011656228316687335,0.018682013963235402
4577,2,0.0020787605783300946,0.9206469344890573,0.0006912171029920911,0.0009926800362260416,0.0013474858940848123,0.0014411395762147,0.07187772535717774,0.0009240832859721443
4578,3,0.0008089540295977784,8.3281385968349e-05,0.9797714632752103,0.002295002532057233,0.0090456668683186,5.23323573346856e-05,0.006936551519697932,0.0010067185723538275
4579,1,0.841323454067446,0.03439703789226343,0.09513901919487107,0.001555618710772667,0.006445076662242266,0.007232056028153767,0.010121375580398034,0.00378636267925926
4584,3,0.00032667204074158016,0.0003467552020702263,0.8729545303925512,0.028658282181514033,0.07485793037755593,0.0002760611882774024,0.0027490670289476,0.019830722942843167
4585,6,0.00022768379239916666,0.006580167651539497,0.0028514230055903434,0.0004432741878560554,0.00047328208013808085,0.988777184937789,0.0002973283095069973,0.0003496547533561627
4590,3,0.0006345898969439,0.0005318733194898982,0.984631047388453,0.0009847631860605533,0.0065117590242733,0.000122504733042898,0.00041519000265483486,0.006168253463298822
4591,2,0.19608611775781493,0.6156551420131723,0.010357520159988134,0.0002446594266900405,0.0019126526644071332,0.17337136136245765,0.001821395724769469,0.0005511669885619484
4592,3,0.00034214345934941207,0.00025142267239472617,0.9614219014852287,0.0152155854959422,0.015051013851906632,0.0003581173568449083,0.0007848050485758333,0.006575006291739466
4596,7,0.0007669391684123234,0.00018094445874946666,0.009322472849996566,0.0005839224757817667,0.002201621775177433,0.0001358098309445786,0.9849289233871401,0.0018793743326807402
4597,3,0.00041285693929309997,8.539466620652854e-05,0.9087045400282426,0.0004915094121894667,0.08362053235343776,5.3788174188179946e-05,0.0003274081666067077,0.006303936625940701
4598,3,0.001842696175625179,0.0008771335385605929,0.9132585544881225,0.0007620279498343546,0.0564948028294834,0.0005562047721323055,0.0023083762300491334,0.02390022850247073
4601,3,0.0026455867366770667,0.000887056728212,0.9882956825543752,0.00016409705334759672,0.0050186271529809,0.0001409158023325,0.0014590444273657333,0.0013890147393681978
4602,7,0.028924632497754163,0.015389227087150334,0.07008864374931746,0.0014843992806800501,0.005056400512396833,0.003043425836706667,0.8744096963263713,0.001603576135517016
4603,7,0.0653768586781877,0.1657401490699483,0.0011998280050539334,0.00011039446294998355,0.0015590170000992665,8.771693789173579e-05,0.7656078865527082,0.00031809587082753173
4607,3,0.0009629073943757817,0.0006408637857387667,0.987447630156697,0.0019363968012298665,0.0032431462545451334,6.439056260989326e-05,0.004814663007948433,0.0008900216465829275
4612,3,0.0018071300169098335,0.0023946451056646666,0.9808035811885635,0.00020420256961933736,0.009768112144483034,0.00010260147216753333,0.003689714561916866,0.001230062458958402
4613,7,0.0033622260071030003,0.0005898101646361666,0.0005786911919030487,0.0006947090195691001,0.0013581046520634115,0.00010888484368588684,0.9929806408666956,0.0003269156782889811
4615,6,0.0009585108488567468,0.008472367209978333,0.0005969208817148199,0.0002990357398070733,0.0017983475698320336,0.9871159419906262,0.0004931568640183873,0.00026573769964927503
4616,7,0.0037199856095400663,0.00018453364947097525,0.013299378115502166,0.007940122302324033,0.0014879986999266667,5.349319585077572e-05,0.9730426787480176,0.00027181601742055635
4619,7,0.0001207751199305,0.013376136182166267,0.0458804841867301,5.5204013799245325e-05,0.0023445030136488333,3.323195450308078e-05,0.9381204797137364,6.915580279240453e-05
4620,7,0.003908060543764466,0.4780511941661232,0.0009316593902835073,0.0008194634423754066,0.0032691115732188,0.0015719044744877334,0.5102876255338172,0.0011609734122493896
4621,7,7.464855294729339e-05,0.09851253439372411,0.0028033174792912664,7.638699065450255e-05,0.0043540179533294,6.468482800684754e-05,0.8938680888177797,0.00024633007162783334
4625,4,0.0024324101341180668,0.00044923196223432984,0.007512849175666067,0.4992125127150752,0.0025741385480349266,0.0008469276682744087,0.4855952035893883,0.0013767082460328876
4629,3,0.0006466091552911667,0.00027686889199701135,0.9824874116370377,0.0013839059508809332,0.008949766460692633,5.126139195075507e-05,0.0005135314669615334,0.005690636847888945
4630,6,0.014114165757059635,0.0005993802320064999,0.00045548527884930215,0.00036121008515413894,0.0020021917628687664,0.9819758273705941,0.0002550651667737337,0.0002366543576888631
4632,3,0.0007109258608435667,0.010904146030435234,0.9132164060089787,0.003960255638769533,0.05596492059436347,3.185321938476311e-05,0.0053275332018113,0.0098839320766665
4634,6,0.009517398501162634,0.0022712076871106665,9.997908417180703e-05,0.0002357276810992936,0.022808797664029365,0.9634599690839644,0.00033734165490856266,0.0012695981111896669
4636,3,0.0004202589520484333,0.000207420156486148,0.9717615085727157,0.0007416801453704667,0.019920540908120166,3.748112048717026e-05,0.0009978657183089667,0.00591325509491819
4646,6,0.054493650831305834,0.0073318072694572335,0.0030131448707206437,0.0006818513971041941,0.0025769178662366668,0.9304827859940222,0.0010592520931619654,0.00036055673746026727
4650,3,0.00042106797287256664,0.0005892539830337,0.9407727195805489,0.00010676043985546667,0.05253425267964864,2.8886924064968957e-05,0.0017952203869764998,0.003751798430899067
4654,6,0.0073314434376245,0.00018625666734949997,0.006693283772726013,0.00029310364142065163,0.001082827802035,0.9838403358336175,0.0003527874972009722,0.00021997737288483553
4656,3,0.003237730840502865,0.0009790274662684333,0.985090780849096,0.0002770221239782775,0.0057347165384373,5.9004766427596985e-05,0.0036902830979999995,0.0009314282120380667
4660,7,0.002820283526845367,0.0008665870179903,0.017992141625402032,0.0199133712448136,0.004275887111631766,0.00034532281131416663,0.9531436819805584,0.0006427255975107199
4664,4,0.046523285917300296,0.0028822125531446593,0.047056975019125834,0.562548384128592,0.006526321274317601,0.009218834591113733,0.32209715283958573,0.003146856259054738
4670,1,0.5737806382387528,0.018624380410939268,0.31220201566946415,0.0018509243724958333,0.0028393762632157333,0.0743008330490642,0.006017052372461892,0.010384769625305433
4672,3,0.022153929217459734,0.002785949402009333,0.441102763632405,0.06617626135351933,0.08498044068616524,0.0006791512613225667,0.3809343635627614,0.0011871370506238495
4676,3,0.00034154924005416667,6.502286449190015e-05,0.9810966049127546,0.0036866702812973335,0.0073813815978254335,0.000606535106751068,0.00030092483417583333,0.0065212919260163
4678,7,0.0004623088367962667,0.04101575095220623,0.0001368566795981312,0.00029997226046116665,0.0132165047913898,7.104409656677399e-05,0.9445938545851433,0.00020370811875878493
4679,7,0.0112535639274142,0.004433877290638066,0.0025469672269249066,0.006898165715750131,0.008475403300564142,0.11171834433055187,0.8494022969394552,0.005271372045157436
4683,3,0.0005886839374758,8.719961705503056e-05,0.9723838770082494,0.0005146673355602,0.0215035274285741,3.327143842535351e-05,0.0003681959872087667,0.0045205667166958565
4686,3,0.006976866952201652,0.0019711253903759544,0.8494746133840808,0.027762385840548232,0.009170170539063067,0.09594019873385012,0.004033806741407467,0.004670792372306642
4687,5,0.0020608983569231332,0.1361799064927774,0.017064418540638834,0.0009688007614454506,0.7054330766949487,0.0009469599628432857,0.00537929062246767,0.13196665807196725
4688,3,0.10419345522071295,0.003195439055742167,0.7619031940785241,0.016011433198172505,0.0059374655322224955,0.07769080415693014,0.026223280711030198,0.004844899102667638
4690,3,0.0028972222803081006,0.0008210167409103667,0.9437414841209094,0.0198722436911964,0.0099805959947022,0.0176571421644477,0.0016193952838802197,0.003410914879900362
4691,3,0.0002298129998519418,8.995902525821865e-05,0.9278136670983775,0.0007755689704419333,0.05563852696064331,0.00011021962204865449,0.0016029525441242,0.0137392809088217
4693,2,0.0044992888307560635,0.8818970024312258,0.0015569697193801274,0.0019722835002814053,0.0022877264441563366,0.002660209366932733,0.10369158565326381,0.001434937088055975
4694,2,0.0034562489313779,0.9563966042962884,0.0007051799333428801,0.00018095849393261564,0.0063313607900406,0.013648162215991433,0.0106669629905264,0.008614527641858579
4696,6,0.0002479847981789333,0.004294962950674533,0.021457551236202826,0.00019829409658505528,0.00028557784215242334,0.9729804139876852,0.00019971544155129774,0.0003355254954375333
4701,3,0.03408942906331044,0.01677852587781323,0.7833648633268799,0.0006146359224398875,0.008182845286074518,0.00031490261263576426,0.15556009198170426,0.0010947236844791326
4703,3,0.0010187852978505707,0.0006028389400843144,0.9417361319908856,0.0008146682244402668,0.03821891922957643,0.0002729259014824638,0.0012982366888845667,0.01603751667221937
4704,4,0.00011555686727430187,0.0001574449309338714,0.3156926327254393,0.6411275789519432,0.034801436758353406,0.0002123234066266923,0.007494675938688268,0.00039833870233268624
4707,7,0.0018422888867579597,0.0011535605868940666,0.0005246217395576054,0.0021388494564868665,0.00521402086653821,0.0007720800192389446,0.9862921128182657,0.0020624623673673923
4710,7,0.00017961690505211006,0.0012207762279925125,0.10129112512491097,7.343971577251474e-05,0.0015159591938700334,0.00011822811229844345,0.895398906505617,0.0002019410685302
4712,7,3.3308428832767385e-05,0.0011609835672336014,0.004060953209179128,0.0186245396800177,0.006514509931434299,0.0001312314964339843,0.9693013102836261,0.0001731740537342746
4713,7,0.0003938340497443,0.0006383980702962035,0.0446660756985519,0.025462956613590697,0.007745606253183767,0.0002789406703881262,0.9203144371603837,0.0004997900393382277
4714,2,0.0010104784512239356,0.8900657130978672,0.00019638379572727602,0.00039543654533952174,0.0008645385274896667,0.0006060046883971667,0.10620030953081605,0.0006611322036954012
4715,6,0.00019607276218215915,0.0006133376307159532,0.05486013421370806,0.0002787143956673015,0.00026492205507741426,0.9433706991056785,0.00020907612086340543,0.00020704085189565365
4722,7,0.00027995485257406664,0.00018035125838816428,0.024346472892474613,0.015524497010540365,0.004400826279512601,0.00013619398243986124,0.954995525850307,0.00013619541400107627
4723,3,0.0018344635434363,0.0006238084737945666,0.903532396278119,0.0389488627978755,0.005906151984543101,0.018004667231806933,0.03019927195863027,0.0009503766573073619
4724,6,0.004628528179633433,0.034466561348636994,0.006088681818907912,0.0005072026758783373,0.0004687032430351558,0.952128589757358,0.0013601219103749217,0.0003516190139514854
4726,1,0.7832490755225581,0.0038715541303827004,0.0044821578271143,0.002639170431795533,0.003936212415236367,0.16214766403351832,0.0020804621487491254,0.03759369273891925
4730,5,0.001817710974082133,0.05529094261899334,0.13419708421732288,0.0004359195024237034,0.5263979830613451,0.00039609920375574087,0.003836191185903283,0.27762804154427173
4732,6,0.11074760803528626,6.064523487857459e-05,0.00036080438907082997,0.00031753740868429664,0.00020313210084818816,0.8847728101016349,0.0033710310570089336,0.00016643255761506306
4735,1,0.6074081090314354,0.24784188300120322,0.1029073275111659,0.001034900005569772,0.004415029725622666,0.03236436026252517,0.0032393414886678195,0.0007890673804777593
4736,3,0.0003715014328359333,8.805682474687255e-05,0.9679849397633599,0.0007597639162135334,0.019350986008067703,9.448960514249985e-05,0.0002703651495673,0.011079909442802967
4737,7,6.90726187744277e-05,8.166392914660417e-05,0.0013805728390139033,0.0011490692788525,0.018374733194524432,0.00010645661406378344,0.9786569233945301,0.00018149349666557617
4745,5,0.0005608316352954424,0.00016364903540125024,0.41529372052305874,0.0004391625569807333,0.5477834289774998,0.00014148432198785924,0.0003501684796601657,0.03526756804365291
4747,3,0.0005053238761766666,5.16165214859046e-05,0.9819417919369701,7.971505283226666e-05,0.015156853846188034,1.9096575056672146e-05,0.0006320294039976666,0.0016135793191888615
4752,4,0.007974815158840333,0.0007222273540032244,0.0014809570292033999,0.919433955082765,0.0019752922610065285,0.0016795933411162614,0.0647023588747467,0.0020308172777892155
4753,3,0.00017949630211138923,0.00012213208072964934,0.9443396953697278,0.0103567469507827,0.03219213314327087,9.358924469991794e-05,0.0041621259017091666,0.008554102855707825
4754,3,0.0010499821404125157,0.0005769743182179259,0.9380790416689598,0.0005526849319359667,0.036099486934016,0.00023138742043633427,0.001416623103207033,0.021993803244475533
4757,3,0.0005389920784532333,0.00015631956498029666,0.9746646152474475,0.00010677646859433088,0.019789197246942634,1.763073619100946e-05,0.0017358035020383332,0.002990678575715096
4758,3,0.0011066277954936332,0.00045464772437786664,0.8557563171560489,0.0002278287809752837,0.12187906906125046,0.00014329143544369793,0.0014474356457938493,0.018984779097853136
4761,7,0.0003546687895636267,0.0003385724209236667,0.006401247369491124,0.0051473044710994,0.016516942454305867,0.0002519170122648689,0.9706948468963471,0.0002944918555403916
4762,2,0.17512138582109585,0.8188876833979308,0.0009424045521840991,3.7121870220923444e-05,0.0005759753895509333,7.528927677308122e-05,0.004120484283020094,0.00023965259671691704
4766,3,0.0014425437866940668,0.00025587322888764337,0.9122613726412858,0.0009003010163214667,0.06590093312242933,0.00044146898600873336,0.0016509735237526032,0.017146551933404766
4767,2,0.005547396263976417,0.9327205162849185,0.0007408172894681977,0.0006589149033396504,0.0023127307964228004,0.0016095599728014002,0.05556944872997627,0.0008406391522012397
4768,4,0.00047422468403317936,0.00017090471424595536,0.0551997530840615,0.7800562891653592,0.0011807478630032,0.00042157534321578667,0.16208713835992306,0.00040934288779087406
4772,6,0.0003084827464871999,0.00011665760687840001,0.1455408662584415,0.0004308430781205096,0.00042321408910049336,0.8523639640127367,0.0004770838602695486,0.0003389040324975234
4773,7,0.0021869265004631874,0.0008404032616926667,0.0024129695421492466,0.004768919775274133,0.005520051353275366,0.000682726214327745,0.982278745071548,0.00130929036833182
4775,5,0.0036963388775037333,0.0037594510871423533,0.16575800698530557,0.07195725298154877,0.48218174645260437,0.0021227638242686474,0.008758568810740872,0.26176583646723695
4777,7,0.006734347580854633,0.002841814612025867,0.010465645930362734,0.00016902547001978836,0.048083892319395104,8.888182754609055e-05,0.9303320672023596,0.0012843256171401467
4784,5,0.003817337052638275,0.0030299762021696497,0.41020674447222233,0.003070737457115865,0.5236486641231463,0.0014115972560954362,0.00959963941964722,0.045215332465836124
4786,3,0.0002178134573659,0.00012531201681733334,0.9578074033055816,0.00021516178350633334,0.0377485769139862,1.3857100048650808e-05,0.0005073982057836333,0.0033645022022183667
4790,3,0.00014215993336416319,8.984776927990269e-05,0.9608258929761334,0.0020648533282609,0.021465113031299,6.0242899006409996e-05,0.007665106975553733,0.007686766646612699
4792,6,0.0007574437961057667,0.0051028466517548,0.007561283497393906,0.0002904524428326643,0.00036304536683860636,0.9844484993626982,0.0011964061643741331,0.0002800270994955376
4796,5,0.0010729067025178089,0.0018232507412141335,0.0123519298475957,0.003935123002229237,0.863123735384901,0.0008801980915092117,0.0398767320630526,0.07693612439095364
4798,3,0.00014858868990874955,0.0001640671571910239,0.9126952733379664,0.0018466640199840667,0.07538651701892243,3.684249257622596e-05,0.0014818245312571666,0.00824022690078643
4799,6,0.00216294124533853,0.004821012091994133,0.002186379954706126,0.000368123350437526,0.0005331400771809937,0.988892992094237,0.0006426473097893267,0.0003927603242834644
