incident_id,predicted_killer,p_killer_1,p_killer_2,p_killer_3,p_killer_4,p_killer_5,p_killer_6,p_killer_7,p_killer_8
0,5,8.649970749499232e-07,2.324370018722793e-32,6.237780442400182e-06,1.649226026785229e-25,0.9999915653142006,0.0,8.001557037144192e-07,5.317525783371703e-07
1,7,1.0755109319502901e-44,2.4326262017847592e-40,2.4272813347219806e-36,2.2095760961361885e-21,1.987626210081515e-14,0.0,0.9999999999999801,4.0759216019682573e-129
2,3,8.680299752946954e-27,6.846233880532945e-81,0.671935086559463,1.3353540334168228e-11,0.005546414561757818,0.0,2.614550283386417e-13,0.32251849886516415
3,7,6.564164222229109e-63,2.459087064660492e-76,1.13582316950779e-19,3.086035572411115e-10,2.7413670594752753e-10,0.0,0.9999999994172597,1.2131576775125994e-60
4,3,2.364448277304954e-18,2.714154568924618e-63,0.7224238263875726,3.897741291556893e-10,0.15710967364753453,0.0,5.093573673083464e-14,0.12046649957506775
5,3,2.0081195169205987e-08,1.5700737213852818e-37,0.9886081834798504,5.081951516576041e-09,0.008526621478310077,0.0,3.512625820742149e-11,0.002865169843566786
6,3,3.7874072105630285e-10,2.028002092954105e-28,0.9890029701019916,4.0589803388816473e-08,0.009940276076241506,0.0,1.5482157376524246e-05,0.001041230695846207
7,4,7.379955577572133e-18,1.4337271664854276e-44,5.665164925987067e-12,0.9398115374493418,1.321879416609336e-07,0.0,0.06018833035705134,1.764302338069833e-20
8,6,5.6802478393927106e-08,2.2354367771750315e-11,1.8299402490703685e-12,3.3585692178330045e-45,9.22209268822627e-23,0.9999999431544463,1.889096154989608e-11,1.8342121952053903e-30
11,3,0.1990876324801552,5.923893284357571e-07,0.8008522996135784,3.9334067525359004e-17,3.17250023389116e-07,0.0,5.915826197494538e-05,4.939833108845532e-12
13,3,1.7967233940544243e-12,1.5252308828378502e-38,0.9874539734077318,0.0001040609129919825,0.012325535169679106,0.0,6.260249390699741e-05,5.382801389336705e-05
17,6,2.903216663220543e-07,4.815557828473337e-06,6.483996456448564e-08,2.6140109622316064e-42,1.1596557465924513e-17,0.9999948292151398,6.540092839840516e-11,3.865150692818109e-21
20,3,2.1300312442779225e-11,1.3457110921154307e-27,0.7620610202690425,9.913492145611462e-09,0.15244083427260877,0.0,4.1896202892928334e-08,0.08549809362735321
21,4,1.0768831162313018e-09,2.5175962415046346e-53,1.767916174540456e-10,0.9628075867603682,2.3810407262320914e-09,0.0,0.03719240960491643,5.479698401551051e-22
23,4,4.833416107813805e-62,6.997542446256079e-109,5.46932911820693e-46,0.9975466958657403,1.5832301705800164e-27,0.0,0.0024533041342597005,9.078922629698969e-37
26,7,3.95428966894457e-10,2.5968851512937844e-05,6.360266835193708e-07,5.344341578303055e-23,2.0090734735751124e-05,0.0,0.9999533039916388,6.488209296811482e-37
27,7,3.9079285470765403e-54,2.1893177421808427e-43,1.972266850412526e-24,5.015676972893756e-19,2.9122383182177355e-08,0.0,0.9999999708776167,4.199463934789279e-83
28,3,2.337395072739411e-09,9.698761032024082e-56,0.8898234363102288,5.306302395788358e-05,0.10985286799940808,0.0,2.583710941116899e-06,0.00026804661806910645
29,7,1.5070288189581392e-35,1.7213238991966393e-59,0.00010071240205436519,0.0044706068808960135,0.0036619068431213947,0.0,0.9917667738739282,1.578946223676838e-17
33,3,5.0946203927165157e-23,6.603240802575406e-59,0.9366528956688002,7.974208322355484e-07,0.02325566963008923,0.0,5.355453898452648e-07,0.040090101734888535
35,7,1.2347693223085466e-05,6.893372498768899e-65,3.3969978578551785e-25,1.0760349339750282e-08,7.148433580463247e-20,0.0,0.9999876415464276,1.2589731931184622e-94
36,3,8.59775931051577e-14,1.3620447996898275e-45,0.6640859528786929,3.3801411317608904e-11,0.3108791805533105,0.0,2.3815565158876757e-09,0.025034864152552645
38,3,1.7530855321461572e-05,8.305286403464855e-19,0.9996798448483343,2.9115911874868416e-07,0.00018694540516122544,0.0,0.00011223904637063393,3.1486856936294333e-06
39,3,4.253878359351106e-12,6.93672995619593e-32,0.9776268937008168,3.7192113615664375e-08,0.016942627957162185,0.0,5.2655362161133504e-05,0.005377785783492439
40,2,0.1197411191046767,0.8802539040868136,8.434112558228931e-07,1.4208781409065248e-43,1.8527161923442348e-07,3.929081604336791e-06,1.9043977177550008e-08,5.310416160706991e-14
42,3,5.085043972825852e-07,2.1480788380445166e-19,0.9998226496644439,3.512610652216021e-08,0.0001637596714917169,0.0,1.2012541236690883e-05,1.034492323868393e-06
44,4,1.4075558807233445e-09,3.5104296830182956e-40,0.00027856467839706115,0.9978757325873266,8.700077597963396e-07,0.0,0.0018448313188294185,1.3117376826246471e-13
45,3,1.0866166641416845e-19,1.2543634313960519e-58,0.9907927603194053,0.0003726913175453805,0.008019697705982834,0.0,0.0006039952209849053,0.00021085543608148987
48,3,1.1442898763438784e-05,4.8207300710710125e-27,0.9996577820659934,5.883507213435995e-07,0.00029313981753771465,0.0,1.0249696971570107e-07,3.694437001430883e-05
49,3,3.0247432372255467e-06,1.3978055313239852e-21,0.9988637426690826,7.470032332770638e-09,0.001121138729278228,0.0,2.0649337062163953e-06,1.0021454663301118e-05
51,3,3.7274478621456354e-24,1.1160615802907175e-48,0.8873411614389067,1.680814192405979e-05,0.07591439565377868,0.0,1.5036879675539164e-05,0.036712597885714966
54,3,1.486005479557215e-13,2.9301257070490086e-47,0.9756341495148314,1.1601360269163598e-06,0.018300969388463564,0.0,2.6585811396738688e-08,0.006063694374718286
55,3,1.6548212432710327e-11,8.26940018906188e-51,0.96108504810729,0.000685980441130963,0.03803851389427353,0.0,4.839298033571134e-05,0.00014206456042151476
56,3,2.497880522058983e-09,5.828602485448785e-25,0.987684822830739,1.2133658008530062e-09,0.012039439326549545,0.0,0.00010311347611268912,0.00017262065535239712
58,3,0.00015734507828645428,4.999343276043458e-20,0.999812311055992,2.5799467661042587e-09,2.5018278288669435e-05,0.0,1.7419245900926882e-07,5.148815027116765e-06
60,7,1.8502454197077356e-14,3.567413448940519e-48,8.989396466681233e-06,0.037928679685522895,7.927319915779544e-05,0.0,0.961983057718834,5.910747425950965e-26
61,3,8.582821467721814e-07,5.433515565627859e-21,0.9674136066064616,5.280484579065801e-06,0.0034539737154618377,0.0,0.029126280862953855,4.8396871506927394e-11
62,7,1.2137496304179794e-09,8.107411493080323e-52,3.3087933545242522e-15,1.1624477304928753e-05,8.150824464937211e-12,0.0,0.9999883743007912,5.914196993939593e-55
64,6,8.99304036333447e-14,4.589974459573433e-13,2.3717151631561656e-26,1.596742734663749e-44,3.3379094983686407e-29,0.9999999996753304,3.241205938645075e-10,4.5200478099077435e-63
67,6,1.7743972518427532e-14,3.682317649657974e-20,9.44407642556711e-34,7.296967192820494e-51,3.655090130055601e-34,0.9999749174067122,2.5082593270103716e-05,4.372678854881758e-103
69,2,1.0550112309875728e-19,0.9953901354240219,2.860857685532515e-47,8.417614331455403e-65,1.0806365883357354e-20,9.558449865374238e-22,0.004609864575978197,8.693226661077924e-147
73,3,3.589995842389751e-15,6.089375653818883e-60,0.8830015283865905,7.229499932981386e-05,0.11209509024735825,0.0,1.449773460467735e-05,0.004816588632113234
75,6,3.0709916872960684e-11,6.522353009567941e-10,2.425396257847644e-16,1.002819704919758e-42,1.3667458884248643e-23,0.9999999993034557,1.3598860878402226e-11,3.0699968562494324e-37
76,2,1.048083792485515e-22,0.9780942511845866,1.055379923386705e-36,7.406741021579714e-58,1.1030464235330933e-15,4.109832909987075e-29,0.021905748815412313,9.078600345909773e-107
77,7,7.035552989776559e-22,1.5908363864703252e-44,5.96925197723118e-10,0.015441503190300677,2.827268745747308e-06,0.0,0.9845556689440284,2.060062535231997e-27
80,3,2.937982707146075e-09,9.395154579283305e-23,0.9972735289856806,6.779271831718708e-09,0.002644898625345569,0.0,4.387045313029904e-07,8.112396718811096e-05
81,3,2.5473567108674995e-14,1.2820066561045402e-63,0.8900875214126459,8.700158499267356e-12,0.0984966381047978,0.0,1.303516478989588e-12,0.011415840472527028
82,1,0.9938112229945312,2.732181437494123e-08,1.0126698703907272e-06,1.8672767174943157e-31,0.006187736711527705,0.0,8.553620572899718e-11,2.1672014895865734e-10
85,7,4.391627924046007e-15,3.760710349022088e-24,1.785231896357753e-12,7.202680149437894e-10,3.3324914244510153e-07,0.0,0.9999996660287999,5.595232757730419e-54
88,3,7.011486865263161e-26,1.7978450142933047e-63,0.9432205361434134,6.852861719643901e-05,0.02472627374365673,0.0,9.309104702608315e-05,0.03189157044870724
90,2,4.311592238388001e-29,0.999956468588147,2.0797304169469232e-82,1.796279750610304e-61,1.9167515003069477e-32,1.7940780167604486e-10,4.353123244522092e-05,2.963544307491722e-209
91,7,3.1168484535278653e-09,5.471666520462305e-23,2.9272847143084414e-14,4.094889008634535e-08,6.538179962848873e-08,0.0,0.9999998905524325,1.3429831076334449e-59
94,6,2.394170374610216e-07,3.2123021592496263e-09,6.3460854275264e-10,3.581665610165367e-43,1.9885733960374607e-20,0.9999997517912487,4.944803176732427e-09,2.1580055515792676e-28
96,3,3.9004785964046815e-17,8.129029124356346e-59,0.9536479482957414,9.958288528385213e-08,0.025284917956826827,0.0,1.0408391102367452e-09,0.021067033123707446
99,3,1.2463622418785606e-15,3.1111179439571404e-49,0.9796669534416741,3.653272134800518e-06,0.017336634399287173,0.0,1.0511877757658103e-09,0.0029927578357149035
101,3,4.795953356080081e-11,3.5264554074759103e-44,0.9884202318164149,1.78392230407487e-05,0.011161224805566474,0.0,1.0558666955518925e-06,0.0003996482403227659
102,2,3.258388976894381e-41,0.9980915396078576,2.438272109006785e-90,1.07618663016096e-80,3.859383549868212e-36,6.250263335332297e-29,0.0019084603921424785,2.8785682040084422e-270
106,2,4.1313862461626736e-10,0.9639931661054456,6.346836134440994e-11,2.255141902446838e-37,4.1995287420444696e-07,0.0,0.03600641346507312,5.5260508537890155e-45
108,3,1.514156990943322e-08,2.380037473491166e-36,0.9863130499641333,4.559798717532421e-08,0.009990612692561962,0.0,3.8215294289596974e-09,0.003696272782218215
109,6,6.698174973947123e-11,1.1678224947862499e-10,8.909579572006322e-07,5.926226321457254e-42,4.628323140905237e-19,0.9999991086965051,1.617736470336418e-10,1.4632743791421414e-21
110,7,7.458263337549984e-98,2.244044664654771e-43,1.557617457714359e-43,6.500493833915099e-18,1.1461187527783761e-11,0.0,0.9999999999885387,3.016462899748365e-49
112,3,1.0654555075943586e-17,1.736711146672226e-44,0.7440834888311049,3.896276633143415e-08,0.13355291426270255,0.0,5.414018896496717e-07,0.1223630165415365
113,3,2.2884852052190568e-24,8.411473395440025e-80,0.7965530976334534,1.0902829033351334e-12,0.006327702995928539,0.0,5.1724909788858266e-14,0.1971191993694761
116,1,0.9935221718894242,0.006469101849144255,8.589275825905114e-06,8.674455706106994e-36,1.2225375680484858e-07,0.0,1.4725749516218489e-08,6.099162599779156e-12
117,3,6.26543953197312e-12,2.784739511750175e-38,0.9323690726089757,0.000260025737658818,0.06683104132273905,0.0,2.035512840559307e-06,0.0005378248115204873
119,2,1.892837786902487e-37,0.9898441752287114,9.791046142292714e-83,8.2352234908987e-76,4.7718208411568536e-35,1.3774985582346532e-18,0.010155824771288563,4.071432747063515e-242
120,3,1.8859392571701654e-12,1.8722424766828502e-32,0.9758649748715543,2.8688742945434927e-06,0.02054284830846269,0.0,0.0001712325558981392,0.0034180753879042756
121,3,1.6824837272939302e-08,3.473699189678745e-13,0.9951029215856133,8.716773645860826e-14,0.0005036498546230399,0.0,0.004393376845453691,3.488903798450175e-08
122,6,4.420111788095056e-05,0.0009202171158092259,4.450936212020605e-09,4.625726934755674e-42,5.563411617564759e-16,0.9990355743601013,2.955271734152681e-09,4.416943562432457e-21
126,5,2.9976891418391797e-06,8.289506102882095e-37,0.3300567791103047,3.410006509191473e-13,0.668156084527023,0.0,2.623865902092892e-14,0.0017841386731632326
127,5,4.266439012721654e-17,5.577020576622895e-51,0.20946926182328532,1.7513176691340933e-09,0.7428047638658756,0.0,1.3615711826381692e-13,0.04772597255938513
128,6,3.0788528989999574e-05,9.653577324906976e-05,1.7706946177292878e-09,5.2188052816187406e-42,1.1777472489672877e-14,0.9998726739211307,5.923816314492678e-12,5.27977509484898e-22
132,2,1.8216700622072493e-14,0.9990211568871424,1.1274915144155286e-28,3.2761630760229397e-54,4.437674374574295e-17,2.728110432878537e-20,0.0009788431128392866,2.1224273215569253e-82
135,4,1.8513355568276935e-57,4.2788527569463624e-83,3.182157781315474e-30,0.9564747000676017,2.4155564444247466e-10,0.0,0.043525299690842637,5.955974238406183e-20
139,1,0.9012055674212527,0.09857258313193552,8.282920879199475e-05,7.398693634794568e-43,5.874836716387778e-08,2.8448299762395516e-07,0.000138677004741307,1.9137915945113705e-12
141,3,7.223769636828872e-20,1.9440907487704085e-62,0.9801499033897685,4.411213601339902e-08,0.01051404912253617,0.0,1.0237675298224306e-09,0.009336002351791833
145,3,3.832470188055904e-06,3.1593867026049843e-19,0.999701204950339,2.0202641962996722e-10,0.0002578841990484576,0.0,4.690647033694954e-08,3.7031271927732845e-05
147,3,6.139244094973344e-06,1.8974375938596165e-24,0.9988054280129037,1.3762675952028065e-09,0.0009415106668764402,0.0,1.2511740182782429e-06,0.0002456695258390002
148,3,1.2780579112601539e-06,3.798753066956711e-26,0.9891155142754345,5.0114930285406215e-11,0.009717032913369388,0.0,3.186800501757125e-06,0.0011629879026681283
149,3,7.438184695080531e-10,3.8872156522428014e-29,0.9964513999485818,5.7966166821295405e-08,0.003237267365066688,0.0,3.4625216711715947e-06,0.00030781145469500844
151,7,0.0018606784713725052,3.606457038450896e-41,2.6194774590578814e-07,5.2587911336181205e-05,4.0556404886859336e-10,0.0,0.9980864712639814,1.29472533372223e-40
154,6,5.233079934918896e-08,0.020698833036664203,1.5883133732405935e-17,2.3293237060053545e-40,3.4887860683065988e-15,0.9793011090205406,5.611992302275004e-09,2.1172805188940562e-32
156,3,2.676933108223973e-11,3.3964155925241818e-22,0.9863553299636286,2.985368928874395e-09,0.013330823846786832,0.0,0.0002917037705543821,2.2139406891827712e-05
157,3,1.775649291912099e-06,1.441543842240164e-21,0.9997456560713788,1.0733898719513188e-07,0.0002492347500845798,0.0,2.809257551566497e-06,4.169327058981946e-07
161,7,3.170777551689215e-29,1.570448471467971e-36,0.00024429360553427276,1.6621810734209478e-05,0.036420963691854186,0.0,0.9633181208918774,3.2071557472236517e-20
165,4,6.824018385231475e-21,1.636592665479906e-47,1.0549291912935058e-10,0.9838713357415289,8.661770202229888e-07,0.0,0.016127797975948734,9.316617643657549e-15
166,3,3.2572593681735086e-08,2.533305454887834e-18,0.973461485465518,7.211978802047571e-14,0.025609194231574473,0.0,0.00012039372275114003,0.0008088940074906485
169,7,6.074163668219997e-30,1.6644922692090623e-57,9.46349651156477e-07,0.0002825061343062535,0.00022784092936561277,0.0,0.999488706586677,1.0636094563424678e-28
171,3,0.025445758528340263,3.5261835274628464e-13,0.9723078609419558,2.1507888111593055e-12,3.174226795227782e-07,0.0,0.002246063087714898,1.680599655978408e-11
173,3,7.439111662522807e-24,7.667318335428836e-57,0.9700131303853946,0.00022977681353757525,0.02958756986002694,0.0,2.7422008669715153e-05,0.00014210093237132623
177,3,4.834651322330715e-22,2.428667395208848e-68,0.9034046650793057,1.7915527779664106e-09,0.034925533011542276,0.0,1.921544328294025e-09,0.06166979819605493
178,3,5.251120812884334e-29,1.8421186590066137e-64,0.9554037407107818,3.0570037364458086e-05,0.04216756429930946,0.0,0.00011342650322277196,0.0022846984493214103
180,3,1.6080302286708912e-06,3.292261393315532e-38,0.994811993956641,4.391108392189911e-05,0.0049226693270732255,0.0,3.979720972465275e-05,0.00018002039241049025
182,6,1.092263253113113e-08,2.901728176605279e-07,1.6658474295871645e-15,8.599360152252164e-43,3.491661183045804e-21,0.9999996985401837,3.6436449064919395e-10,4.2264199582514755e-37
183,3,5.984187661546069e-10,1.375033703015255e-41,0.9200601935311734,4.849247422610061e-06,0.07985118028249227,0.0,6.4791954710838444e-09,8.376986129741214e-05
184,6,2.736581537154065e-05,0.00015682728436134313,4.721022456397993e-10,3.264218821654943e-44,3.6159914523835147e-17,0.9998158064226412,5.523567822370739e-12,8.006843037150316e-22
185,7,1.8733674548083933e-11,1.1253862376270465e-48,7.818096606894981e-05,0.32679973627882614,6.132378525858298e-05,0.0,0.6730607589511126,1.1061210208253563e-21
186,3,1.1641180051531696e-18,4.841993475454976e-64,0.9254475713234751,3.114895817151887e-09,0.03163016475431581,0.0,6.49387567149958e-11,0.04292226074237443
191,3,1.0324591700711077e-09,4.112142611374867e-31,0.9871185381437305,1.5850299283193315e-07,0.012277807133125774,0.0,2.387596294763579e-05,0.0005796192247440533
194,3,1.3049477833847326e-17,2.4040206779649592e-67,0.9337674149391323,2.6527164219395125e-08,0.03171040686986266,0.0,1.1914859608546614e-09,0.034522150472354886
195,3,1.174208590763177e-05,3.3455774011439745e-20,0.9992415806395649,3.249966092129544e-10,0.0007288936729379543,0.0,1.874626717561239e-06,1.59086498751985e-05
197,2,1.653750854193166e-25,0.9997597618581202,4.982486863524795e-72,2.038203538628537e-71,4.0018006598708455e-29,1.6002504202075437e-22,0.00024023814187970445,1.037442649853646e-211
198,3,7.870621081213767e-20,1.5905198740564498e-39,0.9717879361593892,6.051881195366271e-05,0.027942344767453654,0.0,5.988189115598538e-06,0.00020321207208794432
200,3,3.4910269982450245e-11,1.2904497715012428e-42,0.9498119929220611,2.5521644682657463e-05,0.046717886984624486,0.0,6.6449331787708615e-09,0.003444591768788142
201,7,9.445133420565546e-42,2.6699743814235623e-33,4.3678709501255937e-17,1.1508884754018886e-26,0.10137211250699252,0.0,0.8986278874930074,2.683803715389778e-41
203,2,1.444413825449956e-15,0.9986585212878472,3.313346319477603e-42,4.33884270165659e-62,3.2660216801112414e-21,1.2421206995112568e-19,0.0013414787121514176,2.85329079123835e-131
207,3,8.661223800751393e-06,2.9068148479986317e-09,0.9888527716140831,7.388648521516153e-13,0.000179576597778016,0.0,0.010958905123445552,8.253333890961237e-08
209,7,7.145089402820156e-31,6.495875012764309e-48,3.3733040280013494e-27,8.602202620841873e-15,2.1397785232396111e-13,0.0,0.9999999999997773,1.8674641772985052e-100
210,6,2.4768218967400283e-18,8.723896163574411e-15,9.614435691482016e-10,8.477275054566219e-42,6.23434471660567e-23,0.999999999037019,1.5286925452090057e-12,2.728400158299462e-25
211,3,4.263970274996719e-12,2.240845941489603e-52,0.9282069229518064,0.00013470999272528674,0.07097785974250367,0.0,1.118722852917893e-08,0.0006804961214720595
213,3,1.218090548386555e-13,6.99896148238006e-42,0.927612091133755,3.3072306203812e-08,0.04960541191253245,0.0,2.1422436477312043e-07,0.0227822496569198
214,4,9.85521662155923e-19,2.1107897161685278e-44,1.4223845299038098e-09,0.9972549558563732,2.2192282925208788e-05,0.0,0.002722850431534486,6.782526268036416e-12
217,7,1.5473770302776653e-19,2.8745424214138326e-43,1.085375852458457e-28,2.2770226257286673e-14,1.017264741494598e-13,0.0,0.9999999999998754,8.163461726652815e-110
220,3,1.0981524229897489e-12,2.862888865539002e-45,0.9550376977386504,9.451045651331328e-09,0.03148602309920334,0.0,2.553227290700851e-09,0.013476267156775027
221,3,7.186809595025212e-11,3.1450619218870763e-26,0.9928928281838615,8.925886015161407e-08,0.006629794741751941,0.0,8.348357647043222e-07,0.0004764529078937113
224,6,1.1713665642262816e-12,0.007924079505565685,1.8310292823834015e-38,3.9951492070497425e-45,3.9951452612555434e-22,0.992060585021082,1.5335472180933785e-05,1.4446764511552477e-99
229,3,2.1737934714657113e-09,1.4268659226127133e-21,0.9984241153820261,7.727608129988535e-05,0.0010614104379527126,0.0,0.00028513441924872453,0.00015206150567904586
231,3,1.823320530954982e-10,1.5511676504314204e-50,0.8722499647055256,0.0008725098971983316,0.12645476633827776,0.0,7.659658276170046e-06,0.00041509921839005684
232,7,3.825867570552344e-11,7.705380213677839e-49,5.554072129838757e-10,0.012291487733180518,3.689255236493406e-08,0.0,0.9877084747806012,2.5606831530540324e-36
234,7,2.0945481640256523e-15,4.740676234625018e-22,2.517020372293688e-16,1.2244628151979158e-12,1.951743301003891e-08,0.0,0.9999999804813402,3.6494975283782536e-67
235,7,2.4522673532124046e-40,6.029800967455266e-56,1.4188131716009217e-11,0.0026182620230823773,9.149826666794209e-06,0.0,0.9973725881360628,1.0492892108737777e-28
236,5,2.1528769065556275e-24,5.946140908145082e-76,0.0009550014961937083,4.0241411840870755e-23,0.9556219772703428,0.0,8.193618416608472e-26,0.04342302123346348
237,3,1.357015183363469e-08,7.285052281951167e-36,0.7494097854123676,0.18589347869532546,0.04398870768220731,0.0,0.02070801379532303,8.446248475429248e-10
240,3,2.3957232528748887e-06,5.796294246431182e-25,0.9930380878301984,1.0815845154724379e-09,0.005832457713688934,0.0,2.757517397254827e-07,0.0011267818995353985
244,3,3.888613850065513e-05,3.377350834880454e-26,0.9997616112573794,0.00017371056525479223,1.713056967874602e-05,0.0,8.550472269623737e-06,1.1099691667441467e-07
246,3,1.65887835881234e-07,4.078590986842629e-21,0.9992934235290769,1.683338773473316e-08,0.000678607904425083,0.0,7.958166930118601e-07,2.699002858137876e-05
247,3,1.1298965311312103e-22,9.984087326126268e-83,0.9551311514506869,3.8574073658742016e-10,0.024631846253001632,0.0,4.836914109503441e-10,0.0202370014268793
250,6,2.3247964931134988e-07,2.495475260112044e-07,4.86384823461366e-09,6.77813225618314e-42,5.370306234653107e-17,0.9999995130596935,4.928307930272742e-11,1.0628105116177887e-22
253,6,8.300063957473763e-27,8.48689165328562e-11,1.3254608818319403e-76,3.707499084620693e-55,3.982395318208789e-45,0.9999999188543356,8.106079565907158e-08,2.0360233318069487e-192
254,3,9.404151241446937e-15,7.191272944026355e-54,0.9208102152603681,3.392523659639431e-05,0.07852654568177174,0.0,2.496601172318058e-06,0.000626817220082015
255,3,8.7286786810374e-06,5.327556027694407e-18,0.9993510112018469,6.441810597289806e-11,0.0005492457649810389,0.0,9.022090049683099e-07,9.011208106798295e-05
256,6,6.90370134165451e-14,1.4133127698225784e-06,4.896720288867897e-19,3.565782586726272e-40,6.750069643329228e-22,0.9999985866815219,5.639202644891662e-12,1.599267974196957e-36
259,3,1.14266812009783e-07,1.5553969708241981e-27,0.9988497576017147,6.068094134532125e-06,0.001112467126334602,0.0,2.339579809079641e-06,2.9253331195123484e-05
260,3,1.143733786028908e-13,4.8659823710473116e-46,0.9739301389787011,3.957722695014299e-06,0.02247482042613993,0.0,4.168082083858663e-10,0.0035910824555414706
261,7,5.875570999378947e-15,1.8208823813805003e-19,8.153505030190009e-31,1.0434447146211878e-19,2.463715389646207e-15,0.0,0.9999999999999916,1.4417589546760798e-116
262,3,1.3166360623220856e-05,3.4727247581089266e-27,0.9999149251597934,1.4547223722458505e-05,5.321131076316788e-05,0.0,3.881054306315527e-06,2.688907913793117e-07
263,6,4.879355293724421e-07,5.3308209647105986e-11,1.4002214454917782e-08,3.025235860035565e-44,3.1099057015627704e-21,0.9999994979760756,3.287256215410531e-11,7.726458176650032e-27
265,6,3.7175138158757047e-13,2.425434096286377e-08,3.2540505662638725e-28,1.720612178523489e-44,1.9253925489236117e-23,0.9999999642875764,1.1457710797841515e-08,7.670580409695619e-70
269,3,9.281127298762515e-16,1.0958184095716444e-37,0.9436429570232541,0.0002931793970672239,0.05454840870761086,0.0,0.0014138017892447996,0.00010165308282221198
270,3,8.280430181901355e-25,2.0739908546718127e-67,0.9663001199866419,6.401685338537203e-06,0.026177974708538217,0.0,2.4993766457384547e-07,0.007515253681816666
275,7,4.696899652563547e-80,7.443439405091907e-79,6.334446674228793e-70,6.842519908878772e-18,7.266442177460781e-25,0.0,1.0,1.0977672237485212e-159
277,7,5.607096138171865e-08,3.949303458477847e-25,9.555515084130381e-34,1.0252098818950142e-18,1.368768951632446e-22,0.0,0.9999999439290386,4.34510961901832e-129
278,7,2.053911417484288e-71,5.401088486384005e-89,2.6519827157074687e-68,2.740188727093024e-19,3.733536505427299e-24,0.0,1.0,5.250470484682345e-164
279,3,5.309425993007008e-06,6.661523428914079e-26,0.9997265999895638,6.940371052370322e-07,0.0002317127369169207,0.0,3.305551375439083e-08,3.56507549070676e-05
280,2,7.9552465196701e-07,0.9997885775014612,2.144256874025562e-12,2.7950464268857644e-47,4.3653698983323064e-09,2.9687101518816246e-13,0.00021062260607572147,3.711307216882782e-29
283,3,7.788343946962956e-12,2.0254512400597945e-36,0.9966205443625775,3.5882729895736782e-06,0.0031371176400544383,0.0,2.4681116227012367e-10,0.00023874946977887944
285,7,3.525492102258548e-11,1.608622484463881e-28,1.7093895719523003e-19,2.9204454721897556e-12,3.2742918704660074e-12,0.0,0.9999999999585503,3.714014348632777e-82
287,7,3.466290473756087e-33,6.628839445982618e-48,5.3571700831981955e-12,1.9278781033786933e-06,2.8368512204049353e-07,0.0,0.9999977884314175,2.2817457850817065e-39
289,3,5.29376293737088e-26,7.599709280204365e-76,0.951033736081872,1.4958922405109336e-08,0.009438743386455615,0.0,4.2338796035036226e-10,0.03952750514936195
290,7,1.7763201621174796e-15,1.3018917961704134e-35,0.04077747988821829,0.019390273485325783,0.05982600991327836,0.0,0.8800062367131757,1.861404528615691e-16
291,2,9.362263676906475e-08,0.9482183183126425,1.1560756312428165e-23,1.843748968378417e-45,2.0023110569551068e-15,0.0,0.051781588064718845,1.4735914523005967e-82
297,3,2.9136278951821024e-08,3.672190927284624e-34,0.9867444723689603,7.255880947901481e-09,0.009656189242714438,0.0,3.812780575021031e-08,0.0035992638683594595
298,3,3.103850039255986e-05,3.0699019657827505e-15,0.9976478118807206,2.5870296897220825e-12,0.002101006314406987,0.0,2.865079037621176e-06,0.00021727822285218275
299,7,2.076164918891209e-20,4.298912885796081e-17,2.9731831771225113e-37,1.1803742424073874e-24,2.1053234099952643e-18,0.0,1.0,2.078824158690483e-140
303,6,1.4413137996447736e-14,2.72883368077583e-08,9.876398813237851e-43,2.3539697877854277e-46,4.319794716456084e-31,0.9999999712405445,1.4711044140358618e-09,3.068915452116013e-102
305,7,7.548344490378688e-32,2.4430983957892313e-51,1.0912251765540632e-20,2.21442000083989e-10,6.699237032625621e-10,0.0,0.9999999991086342,1.8525703725297618e-75
306,6,8.360407815971876e-12,1.2010804986339781e-11,1.0013611849336429e-10,1.8897392456026667e-42,1.3769948895488828e-22,0.9999999998574409,2.2051596022565307e-11,1.9916817851923355e-28
309,3,1.2159826430924168e-11,5.04597511552174e-49,0.7626202190064114,3.3441167104804627e-09,0.18073956759253007,0.0,1.3627841253218869e-12,0.05664021004341923
310,3,2.4123039660269656e-10,4.8788241494375886e-37,0.9693366918486204,0.00010955813619382302,0.02670241627740452,0.0,5.417006631824841e-06,0.003845916489919026
312,3,1.0137248350752468e-15,1.3393501462212504e-40,0.9701543802000111,4.6786243758034965e-05,0.02854474151501758,0.0,4.938041272312394e-06,0.0012491539999399857
313,2,0.05063181970417842,0.9493478416466975,1.2683595612724894e-05,1.9131890100440576e-44,5.492577641728811e-09,0.0,7.649560933512224e-06,5.314548277934862e-19
314,3,6.705771716434965e-08,6.066300599070364e-21,0.9989982223001428,5.53038124839741e-09,0.0009913288805689074,0.0,5.4580166606135745e-06,4.918214529519289e-06
315,3,0.0013148763015479886,2.872409243650853e-17,0.9876034292917867,1.295738900227722e-07,0.0014096303552600165,0.0,0.009671934375127261,1.0238791793251655e-10
317,3,4.245554435853929e-17,2.4897034041303857e-55,0.8408320261007328,1.5950492925499597e-07,0.07656343525423075,0.0,1.7315882964758893e-08,0.08260436182422422
321,3,4.730697947902215e-10,2.8420032423703305e-28,0.994777733347087,3.273334527674861e-07,0.004547474677369021,0.0,1.4822099311321169e-07,0.0006743159480284076
323,3,9.681163884520597e-34,8.543699075903194e-71,0.887038193497678,1.7308391279830515e-05,0.03189464884635661,0.0,5.882056237645371e-06,0.0810439672084479
326,3,2.2012920047374865e-13,8.718502965669344e-38,0.954005935193565,0.0003068031930594601,0.04423997489545951,0.0,1.2458483705081606e-05,0.0014348282339908093
328,3,0.0038397849516328677,4.28120087900637e-14,0.966906110840463,5.299367518395594e-10,3.0642475991316374e-07,0.0,0.02925379725197839,1.1863981544359081e-12
329,6,2.2216423753040135e-11,0.0007004815505304292,1.7293432068040765e-35,1.6307748161167767e-44,8.891811390112626e-24,0.9992994783733404,4.005391282619268e-08,5.1720952732638754e-79
330,3,5.1602850986367615e-12,2.2778317179062082e-42,0.987991845935595,2.354269538126751e-06,0.010813803358782199,0.0,1.8586459053624987e-08,0.0011919778444654185
332,3,1.126826732211724e-22,2.2426552116385377e-68,0.9363053241923989,2.0164147326963828e-08,0.015677309505954994,0.0,2.066635773249756e-10,0.04801734593083531
333,3,1.426315426513628e-17,2.5077885393207757e-29,0.8439618978935766,2.5572458627453786e-07,0.1556500178103135,0.0,0.0003795611573245142,8.267414199125818e-06
334,3,3.66273768318316e-15,1.7244360769156723e-46,0.9762947359041135,1.0151302087453812e-05,0.020539767276817115,0.0,1.319479286241166e-06,0.0031540260376920863
335,6,1.9737051333005352e-13,1.792421443090276e-14,8.318845788494625e-26,2.025758984136138e-44,3.8964355634075873e-25,0.9999999016877804,9.831200429614023e-08,1.1196011347945779e-69
337,3,4.222360363331674e-07,7.195884854162891e-13,0.9996764774083433,4.063886826496023e-13,0.00031072825397446935,0.0,7.1630703180668565e-06,5.209030201774326e-06
338,2,1.4674292228163876e-20,0.9996704576222764,5.6453607947982475e-53,1.0814439775506414e-59,5.003474268623795e-22,6.431982605283711e-19,0.00032954237772370274,6.355318121189435e-148
341,3,1.8404467647920553e-11,2.9183569640595097e-35,0.9940995704003622,1.688490602795775e-06,0.005436772963295196,0.0,3.426403436427852e-08,0.00046193386330079975
346,3,8.02479125912677e-11,5.838606858128445e-26,0.9820686117325556,2.18510423890247e-06,0.015437002561911389,0.0,7.672401028582506e-06,0.002484528120017733
348,3,9.721415244809573e-05,6.710284960079121e-17,0.9998721868532877,2.3305826363137418e-09,1.6164472469986105e-05,0.0,1.4430632936505588e-05,1.5582750297104571e-09
350,3,2.212925936014076e-10,1.9466543220527777e-30,0.9846205472437657,8.941062458484321e-07,0.015307271008427418,0.0,9.478750733424308e-07,7.03395451952753e-05
351,6,0.0005645810558377205,0.00819510314474995,1.2721677776810895e-09,1.1718204187013675e-42,2.6992202292154663e-13,0.9912403145266352,3.3938088147428713e-13,6.753419445089696e-19
353,7,6.993964443056645e-23,0.00012348496594654,5.739507429213333e-53,6.870089206659806e-42,1.0877105143787012e-22,0.0,0.9998765150340534,3.83230965269203e-185
354,6,2.9709368887768326e-07,2.951734927908349e-05,1.0002366303702075e-14,9.173309165901317e-43,3.858991013472913e-19,0.9999701855142104,4.2811667715175496e-11,2.04048460535361e-30
356,3,1.4634579900561926e-24,1.0697104958129068e-41,0.7374087392593006,1.4019408811178166e-07,0.1946637606620682,0.0,0.00035286521463949086,0.06757449466990371
357,2,3.6730970187622237e-87,0.9999981902916191,6.102381780326348e-219,2.5870571237628764e-113,1.1087951961801905e-77,8.027953193396212e-27,1.8097083808960039e-06,0.0
358,6,2.862013059728184e-11,3.6574634619978963e-06,7.716634761496041e-20,1.1718171040614116e-41,3.771495881392223e-22,0.9999963424243763,8.354159749543182e-11,8.583220690951189e-40
359,3,4.074241778859824e-12,1.058859147037867e-37,0.983899338969026,3.2134920905266956e-08,0.010999964857581212,0.0,2.2236750695343176e-08,0.00510064179764682
361,7,1.8892078015983035e-22,1.0220346806525205e-29,2.004141652297765e-60,1.5771924126237717e-29,2.6267765682395924e-29,0.0,1.0,3.5376895502950426e-218
363,1,0.9687925578385876,0.02626601705863913,1.7435096560367293e-10,3.2161782887018577e-42,6.596844823136805e-10,0.004941365785290755,5.848344713501777e-08,1.0079173065174651e-17
364,3,1.2153246414766217e-05,1.1001332361549861e-09,0.9999876761866087,3.447202622537592e-17,1.1335344724654681e-07,0.0,3.772422565731284e-11,5.60756719095491e-08
366,3,5.508465313509091e-16,1.385416932837012e-56,0.8894140643348581,2.2273751440826208e-05,0.10547187652633373,0.0,5.928755245861788e-07,0.005091192511842164
367,7,2.1120960902750936e-58,2.908567353854765e-63,9.124060248977794e-10,2.7448707293960866e-07,3.704956762439658e-05,0.0,0.9999626750328966,5.051937274783313e-34
368,5,5.223787314566841e-28,8.060536616875488e-26,0.00024898075825529746,5.4920082740782694e-21,0.9927058239532793,0.0,0.007035492948258459,9.702340206863328e-06
369,3,3.656410409377046e-12,5.372716268780428e-32,0.98899508453945,6.707960551182021e-06,0.009935105794494997,0.0,1.3396492296722248e-05,0.0010497052095507894
370,1,0.9605533651681746,0.03923409566513487,0.0002124951754414554,2.6769359715488638e-36,2.6485122826844365e-08,0.0,1.7492316628550636e-08,1.3809791120019452e-11
371,3,0.001046350903454624,2.2507677259868023e-13,0.9989378834381574,4.068254958517537e-12,1.366282604718151e-05,0.0,1.4450305229983879e-06,6.577975243637292e-07
372,3,3.7123689512523413e-07,2.1769793917503088e-23,0.9998464044382358,2.490538672601487e-07,0.00010398609007842133,0.0,4.8706942339269195e-05,2.822385840152277e-07
373,2,2.637138429505608e-24,0.9798274075421826,3.9920880037576184e-63,4.982524456566792e-58,2.2448363446455266e-26,0.0,0.020172592457817447,2.584645540156441e-199
374,2,5.969275505482527e-115,0.9999999893157577,1.8087636637774905e-306,3.9636695449638576e-141,1.112850523829956e-109,4.242162381106298e-30,1.068424233972492e-08,0.0
375,7,6.713830455351281e-19,1.2807954837270788e-19,1.0263442709291692e-22,4.651172081861556e-17,1.5086684815177461e-09,0.0,0.9999999984913315,3.016852596360039e-86
377,3,2.2316740622654328e-13,2.699107280602093e-38,0.8053234959627124,1.9830735735425226e-07,0.1367691693387955,0.0,1.958139705606597e-09,0.05790713443277191
378,7,1.3353309276820722e-09,9.726553352447714e-21,2.442036379974431e-18,1.0760111236703271e-15,5.597337716670713e-12,0.0,0.9999999986590706,3.440842297592511e-77
379,3,4.031117105320549e-16,5.695602549804214e-46,0.9425574013774444,4.852879261494672e-05,0.05679441950762275,0.0,2.9452147086299543e-05,0.0005701981752311817
380,6,2.5943810544701667e-12,6.762624381957104e-17,1.479258091851962e-13,3.333891833347959e-44,2.1952166344069184e-27,0.9999999999660621,3.11955591857746e-11,1.315366191676246e-38
381,3,6.990827568369072e-07,4.634737933660992e-14,0.9996750357907815,5.940813860616303e-13,0.0003036879224183231,0.0,1.8427383583894884e-05,2.1498198188142763e-06
382,3,4.299111463983411e-20,3.4637169314008757e-68,0.9449341150144452,1.1566812494635122e-06,0.03225139580873822,0.0,3.061187759168915e-07,0.02281302637679115
385,7,2.1262752171166752e-17,2.121866211571699e-47,4.283083625994945e-14,1.3529726947571272e-06,1.4557286208802763e-08,0.0,0.9999986324699761,8.675821837454236e-58
393,3,1.6837391432657875e-05,4.510238834346065e-22,0.9998940097862447,1.021451234134856e-07,8.060616482827346e-05,0.0,3.940541605343202e-06,4.503970765485255e-06
394,3,4.641349962414342e-18,3.0813460038179724e-56,0.9788008556131199,2.237900636991719e-06,0.018544813780955287,0.0,4.15069095607744e-07,0.0026516776361921535
395,4,8.512453247376455e-10,9.538209138973411e-57,1.5268215127993872e-09,0.9880360001649068,1.081575483786529e-09,0.0,0.011963996375450937,3.276931774628466e-20
397,6,1.9054092300766224e-10,1.4722349564131848e-09,2.1210427796579468e-06,1.1028642373112674e-43,3.1241637140585036e-19,0.9999978772925175,1.926992500202755e-12,6.814827302674273e-21
400,3,1.8065010869471757e-11,1.1578614532653621e-55,0.8739796475356718,1.7726439695723935e-10,0.09267691671661821,0.0,2.4373953309208447e-12,0.03334343554994313
401,7,5.708942326262219e-29,9.117875089512314e-56,3.036481660131983e-22,2.9601500360701176e-09,1.4545077893812585e-08,0.0,0.9999999824947722,2.9606294908494435e-80
402,3,5.295196071892516e-15,2.3732711026882988e-62,0.9305336612374774,2.5894112361154873e-09,0.03614292855945131,0.0,9.344388091928431e-11,0.03332340752021085
403,5,1.389351561903432e-26,1.6824348135023042e-24,0.000589948609999346,1.5181412241623319e-24,0.9693025841255882,0.0,0.0015172192477411412,0.028590248016671406
409,3,1.9353924655535043e-13,1.1853428174491083e-42,0.9798066013935754,0.00048091013109366644,0.019628123870774047,0.0,5.491205969211616e-05,2.9452544671166722e-05
411,3,6.548886540553771e-23,2.6830469555964486e-50,0.9708158055157335,4.933454611201712e-05,0.027515068789760816,0.0,1.6647375512159404e-05,0.0016031437728813269
414,2,1.931614463685205e-91,0.9999981303863051,5.642335207829678e-224,4.3982568142789874e-132,6.89682042330217e-80,2.9916991600586462e-37,1.8696136948837446e-06,0.0
415,3,1.554563874374759e-08,2.3039910779003637e-26,0.9841969574252522,1.8508411928740936e-10,0.013922397516602385,0.0,8.679186931396671e-08,0.0018805425355532437
418,4,9.3226612958354e-09,6.89868876079054e-56,2.983634144033215e-08,0.9760292776372587,5.130702723690559e-09,0.0,0.023970678073035774,1.300626721026302e-21
419,7,4.5350460758948333e-35,8.60180766269122e-27,2.053002517387493e-19,1.252003628977322e-16,5.837666982611915e-08,0.0,0.99999994162333,4.564561060832176e-74
422,7,3.3701593577587147e-16,1.2525661542377494e-48,3.388384953146141e-15,3.125743516784485e-07,1.2688394469829342e-09,0.0,0.999999686156805,8.326172138452794e-63
423,3,1.7445599703322604e-25,2.2648276510282563e-52,0.9295771493246192,6.457313963180646e-05,0.05367007221626742,0.0,0.00013413333385702128,0.01655407198562451
424,7,2.61710946291733e-14,0.00813270699646062,5.996467108241157e-15,6.489214789048249e-29,2.7111041066771173e-07,0.0,0.9918670218930965,2.783001357377324e-58
425,3,4.577619045327234e-15,3.504867482028881e-34,0.9831221344999641,9.908897845032648e-08,0.01581219275296955,0.0,4.799210268235425e-08,0.0010655256659805987
429,3,8.916888661489995e-23,1.2154370816222073e-61,0.8653719718243018,0.0005749933166297541,0.1302262603698959,0.0,4.7240198687372194e-05,0.003779534290485205
432,5,1.5687079884355735e-17,3.3507202875735463e-65,0.22030908912631514,1.8073135461720797e-12,0.6657507070407607,0.0,3.2620157054075394e-14,0.11394020383108418
433,3,2.0365980340120043e-14,8.886591578256376e-50,0.9441626555518312,1.3111712273175614e-08,0.03606527396276968,0.0,2.0844658529013507e-09,0.019772055289200466
436,3,5.4018966551792505e-21,5.231099674770156e-52,0.9760594559751838,4.1893691786957234e-05,0.023081136632790596,0.0,3.909106971611373e-09,0.0008175097911317207
437,3,1.1771854925290488e-19,6.275229899689236e-61,0.700395305265683,9.767863090392378e-10,0.09894123470821474,0.0,1.2728093899666382e-13,0.2006634590491886
438,6,6.650798955731257e-17,6.80050321400412e-13,7.622303519012085e-35,2.9191940301853765e-46,1.4322755476288934e-30,0.9994908067512762,0.0005091932480436072,4.051821148776374e-104
444,3,9.973940541571254e-08,2.27692536224449e-30,0.9983320888993283,8.133926696388359e-08,0.0012885065662903443,0.0,2.898911830241589e-08,0.0003791944665905714
445,3,4.137317213881949e-11,1.774679113298426e-39,0.9875006178626456,0.00010177694386182687,0.010795775520570539,0.0,1.9479647824089038e-07,0.0016016348350705574
446,6,1.7782946081936872e-14,1.1835593058265841e-18,6.1777526065161334e-21,1.6865593819157022e-44,5.7607510515113405e-30,0.9999999995761802,4.23801957592567e-10,4.361900670214043e-56
448,6,2.2668130702372004e-09,0.0003302543168833075,2.636766575202873e-22,3.476533107754455e-42,9.410347921695884e-20,0.999669740739744,2.6765597073747937e-09,1.0201841123020755e-46
453,7,5.3627294594896816e-17,4.1568179272022805e-46,7.561083870504197e-10,0.01148156186202279,2.743110175916898e-07,0.0,0.9885181630708513,1.1411343008685641e-29
454,3,8.771883990209492e-10,5.3716629640190195e-37,0.5695519985901443,9.8378379736074e-13,0.4178053040211524,0.0,4.582882130752342e-08,0.01264265068170986
455,3,0.013942913507237253,2.0287787884889822e-11,0.9751036123241444,6.835665509659414e-09,0.0007418542697035579,0.0,0.010211613042943492,1.7930315473560704e-14
456,7,8.781807878236711e-31,4.495676880909015e-53,1.7103337718174875e-06,0.0011177776254598915,0.0005542810215645243,0.0,0.9983262310192037,4.3810435319677437e-26
457,1,0.9999930531830626,2.4000850648121055e-10,3.197237064476808e-10,6.444736944808459e-44,5.686171985379274e-06,1.2600847184156584e-06,4.979050650580264e-13,3.3054532014653777e-15
458,3,3.608876948521192e-08,1.7313413502175642e-23,0.9993032051333064,4.823022065346513e-06,0.0006472556374558167,0.0,4.4278627091089124e-05,4.014913117635411e-07
464,3,0.29073069929131135,3.1004247768012574e-16,0.706652152558747,3.7506503315857623e-07,4.004394410220058e-06,0.0,0.002612768690495985,1.995898422150636e-15
468,7,1.4104418091815677e-10,6.564916855299694e-50,1.984347094746794e-09,0.0011453902467345911,9.03483509262365e-09,0.0,0.9988545985930392,5.0120516251619874e-43
469,2,1.2599893833528733e-09,0.8493509222226692,6.603595304877129e-18,1.5805132395270353e-36,5.323026339944088e-10,0.0,0.15064907598503885,9.580929104870178e-68
471,3,2.4608798895062617e-06,4.737218463926803e-25,0.9986839953764,4.3941749435849035e-08,0.0010486872684832653,0.0,5.082626816086093e-07,0.00026430427079610655
473,3,6.29646510340248e-16,3.494024667586498e-49,0.9329291395367676,4.9613079710297885e-08,0.040563085744349504,0.0,3.0080954664935854e-09,0.026507722097707086
477,3,4.94245493576403e-18,7.477637510694959e-69,0.8243685082047636,4.4980987497550876e-12,0.024290735282166808,0.0,1.5388602742680985e-14,0.1513407565085561
481,3,6.090121081536666e-09,9.832405140882986e-17,0.979544512037715,1.5274579516954768e-07,0.016862592621047945,0.0,0.0035890132350753904,3.7232702453144004e-06
483,2,6.870223438747196e-44,0.9930007785095447,7.888918906667427e-90,8.751859134012795e-78,7.871466650530643e-34,6.851194495074319e-32,0.006999221490455312,6.499960789537456e-270
484,2,4.609332029265464e-07,0.9999653511996498,3.0965274272562074e-20,5.6504389583096585e-49,1.0387243297522001e-13,2.317012426508405e-12,3.4187864726395574e-05,2.633511321439182e-58
489,3,4.818003468165133e-08,9.849833760382801e-29,0.9992579150431536,5.561758608192444e-06,0.0007272306225498972,0.0,1.1414608436016161e-07,9.130249569366826e-06
490,3,2.7270368077109894e-06,8.169934464086594e-20,0.9981831159446143,1.2627155166452192e-10,0.0016760718850232176,0.0,2.1962130831334326e-05,0.00011612287645186587
494,3,7.012063616409086e-11,3.2347133787207293e-33,0.9299801592760627,2.7302231146191637e-10,0.04685631031672002,0.0,9.835774101053186e-06,0.02315369428997326
496,7,4.567674509355515e-44,1.3954572789132702e-61,1.8127454646129317e-15,3.943101708415579e-08,3.822986579844541e-07,0.0,0.9999995782703232,5.960772366898236e-57
498,7,3.087475070158373e-25,4.518661189292751e-23,0.0018991513716244614,2.3450126403202644e-10,0.03651320001665473,0.0,0.9615876483772196,3.723843177651865e-20
501,1,0.9150756518368334,0.08488228740344451,2.1985349572598624e-06,4.08834631890975e-45,2.665323801486188e-12,3.955328189988795e-05,3.0894019969106945e-07,2.6430032542635818e-20
504,5,1.6073470304777858e-15,2.3436421651929674e-54,0.32433088007914734,0.0008848252178195839,0.643602820961897,0.0,2.1559825438091656e-06,0.03117931775859069
505,3,3.198144912062718e-14,7.733043070711117e-52,0.9530096457828575,3.935978605479104e-08,0.02762932673198316,0.0,2.719210554536884e-09,0.019360985406130862
507,7,1.0384568948942803e-14,1.965689948433288e-46,1.1012321019729499e-19,4.526192476643919e-08,2.6999335998596037e-11,0.0,0.9999999547110655,2.774085418874225e-76
511,3,1.2426363785909253e-08,2.9379389998350353e-27,0.9718455371431775,9.979716119767594e-11,0.021438352875814293,0.0,1.664403725632644e-06,0.00671443305112175
512,2,4.0091165652432735e-19,0.9994225753330641,3.752991654054215e-48,1.8248935249465732e-54,2.9455015043794755e-20,3.785897660730616e-14,0.0005774246668979981,1.5759011756778892e-128
515,5,2.0029605428872882e-22,1.996214057008929e-50,0.11842910479258408,8.173837902761773e-12,0.661951684181182,0.0,2.060026079209448e-06,0.21961715099198095
517,3,9.64356739071206e-21,4.7349886689491964e-76,0.9133012415982603,2.2567690766221608e-10,0.03524597178534532,0.0,1.1729099117114029e-11,0.051452786378988494
519,3,5.259141892770635e-09,3.3917820361227874e-41,0.9909049863937209,8.120387984436118e-08,0.006258750897923166,0.0,1.1423115771564563e-10,0.002836176131102907
521,3,4.161679386246335e-09,9.571618164607337e-30,0.9871079746422164,1.483606242953676e-08,0.010909567432459475,0.0,2.0445264927327446e-08,0.0019824184823171937
525,7,1.0898906514717326e-09,5.905372789202065e-54,1.951198076788826e-09,0.11767904991689153,4.612646610769267e-09,0.0,0.8823209424293732,3.324802750964434e-30
531,6,1.0766908106080948e-10,3.0540706139330035e-06,1.4579913054517033e-11,1.7339963548296761e-43,1.1345386272688777e-17,0.9999969458070994,3.7566687620376076e-14,3.392028515308294e-24
536,3,9.479005613797889e-05,6.639590225284736e-15,0.9993556436018377,7.991420920502623e-11,0.00026111147998750787,0.0,0.0002882997055486189,1.5507656726310736e-07
540,3,2.0207059805040316e-15,3.244524744423582e-46,0.9814205250735474,4.330537699981143e-06,0.018195307118788796,0.0,4.112575530152502e-08,0.00037979614420642014
541,5,3.836200338078863e-21,8.81279027326077e-36,0.09291452663264788,3.0905270853774086e-12,0.8011828386912919,0.0,3.4860210838310794e-05,0.10586777446213137
543,3,2.8543213491287702e-05,8.0738208405345605e-28,0.8915040211547883,0.0065533529140939725,0.0008179533960888387,0.0,0.1010961293215149,2.2616059857892e-14
544,3,7.936786852722032e-12,1.0703904701792798e-50,0.9544172302913104,7.749231311321577e-08,0.0325362890469095,0.0,6.799686041623833e-10,0.013046402481561576
553,4,1.198563085979021e-08,2.9611028400966585e-48,0.40035099809100877,0.502838239534083,0.09467165155191054,0.0,0.0021314941251889155,7.604712177868052e-06
555,3,1.2642701777951017e-10,3.4584547782339846e-39,0.9487524083089046,3.3286513454712896e-09,0.043559901171092714,0.0,1.2634551575242381e-09,0.007687685801469286
556,6,1.8381321138735495e-12,1.9012340892468388e-08,3.901591280944091e-10,8.996206833432809e-44,7.399579722995801e-20,0.9999999805955818,8.005928829237894e-14,8.423449135708684e-24
557,3,6.881590486749031e-10,1.4965841541952e-26,0.997038847995411,4.4647073466945685e-07,0.0028468031800621316,0.0,1.9052658634237768e-07,0.00011371113904689544
558,3,4.3863414083466747e-07,2.697380594984983e-24,0.965170860785102,2.7705474013391184e-12,0.03314381547726511,0.0,5.204831359369708e-12,0.0016848850955168192
559,6,1.511861053988954e-11,1.2878452139529696e-09,4.634316665607809e-10,4.156336504298571e-44,3.2075385535577713e-22,0.9999999982324121,1.1924770277308414e-12,6.223608007725472e-25
560,3,2.1890920535983616e-19,1.1148627450626113e-49,0.7795973221251835,7.994495360803815e-08,0.1306567344118942,0.0,1.1714536443990357e-05,0.08973414898152474
561,3,2.3639725364476117e-19,2.4717801378967362e-57,0.8931127615969433,3.7121082317243486e-07,0.04721465891116271,0.0,5.943233294440243e-08,0.05967214884873792
563,6,1.4265977687561077e-15,1.5366853297276637e-09,3.753638406070802e-26,9.574675982912157e-44,1.734609962880801e-24,0.9999999969847495,1.4785637044956357e-09,4.195382643232007e-67
566,3,5.292502593841504e-11,4.5580009865912e-29,0.9859044752064595,1.4362362726829006e-08,0.01243575918036038,0.0,3.023845760652042e-07,0.0016594488133163047
567,3,1.7382894739180997e-05,1.5690013659210407e-23,0.9978945721513791,4.140165316346406e-10,0.0019031075463006512,0.0,1.0840387659765416e-06,0.00018385295479851665
570,7,1.5773626800004471e-31,2.5549960810053318e-46,5.160798323528304e-19,2.113916840250533e-09,7.151842866458973e-10,0.0,0.9999999971708989,2.347637696717424e-68
572,3,4.868231725729078e-05,8.283394415781e-26,0.9995922513399527,5.750752184774172e-06,0.00014985140926626476,0.0,0.00014167967543388772,6.178450590506897e-05
574,2,6.26818496021213e-29,0.9991800341675793,7.670338001468784e-66,8.00163193970327e-68,1.002077053460377e-25,4.710096052748753e-23,0.0008199658324207093,1.2369429927447387e-190
576,3,0.0015127120121674379,2.124545202648708e-24,0.993652324147685,1.7910729390507133e-12,0.004614476402642921,0.0,1.99964174387299e-09,0.00022048543607180806
577,3,1.3246530111061627e-05,7.366865567754155e-22,0.9993571471743624,6.548224609569551e-10,0.000459384170762514,0.0,8.909485812508466e-08,0.00017013237508330993
584,3,5.8972056912929575e-12,2.711815300575839e-16,0.9513063596840284,2.093267567479141e-09,0.04427577956640105,0.0,0.0011419340008693992,0.003275924649535975
588,3,6.929937794476037e-12,3.557793895923397e-52,0.9341257490040421,8.345340184829476e-08,0.04555279970895707,0.0,1.6067568823062886e-11,0.020321367810601253
590,6,1.9394483866063512e-23,1.2583046565052209e-08,6.330181966849995e-68,1.0178991876992734e-52,8.387564378215797e-40,0.9999999794655596,7.95139394563917e-09,2.208146919039042e-172
591,3,4.3043860910831494e-11,8.898580459812876e-39,0.9599504875734101,9.332241393299825e-10,0.028036126867022074,0.0,3.8070206446491876e-09,0.01201338077627927
593,7,6.618776398488878e-21,3.4000488076257966e-35,6.780764356788345e-26,1.007564443598638e-13,1.6851169766025721e-13,0.0,0.9999999999997307,8.720093460263298e-102
601,3,0.4348396898022173,0.0025391730396476684,0.5626206885578793,1.112110143359583e-25,2.556643061969152e-09,0.0,4.4583945275221407e-07,2.0415992920957058e-10
605,3,1.0687343421525606e-20,7.185823202673824e-45,0.8303041757277603,0.0008934127675767197,0.15157665725508587,0.0,0.0011406378108288345,0.016085116438748392
606,4,6.089016645343646e-10,1.3492068430267954e-50,6.83790763732812e-08,0.992603497012376,2.0888284727743522e-07,0.0,0.007396225116796041,2.6035005460860592e-15
607,3,4.194862826749694e-12,5.474922473556521e-48,0.9511472465073871,1.1192939129774093e-09,0.03110206752662854,0.0,3.439786527689398e-12,0.01775068483905572
608,6,3.4814216410614474e-08,1.9521525316539488e-19,2.8464114627591053e-10,1.7757671846359567e-44,1.0674520902580738e-23,0.9999934060768516,6.558824290976579e-06,1.821005786051139e-36
610,3,1.3300977241510985e-09,1.703540476513524e-38,0.9895127379557431,1.030859070062681e-06,0.00884848235657633,0.0,5.310142825915765e-10,0.001637746967498665
611,4,5.004012223691164e-08,2.6076022686694352e-61,3.716675664216001e-08,0.986808206457492,1.71631347282745e-10,0.0,0.013191706163997747,3.682943281147334e-22
612,3,4.2283157470789246e-08,4.3179199475440835e-20,0.9994941255643385,2.614337782532003e-05,0.00043906681248297597,0.0,4.016589399887588e-05,4.560681968852852e-07
616,4,6.142137449353117e-07,1.5461098112920845e-59,2.0635063938696996e-08,0.9442175685562092,2.2487457403027617e-10,0.0,0.055781796370107384,2.8390121698407064e-26
617,8,5.167725897961074e-85,3.4021566537468174e-76,1.7758549203105268e-29,1.832037940572454e-05,1.9819943343310986e-06,0.0,2.2747967289706645e-08,0.9999796748782926
627,3,6.567635128667383e-36,1.2163341311152835e-65,0.4532927140703282,0.03625245883163983,0.17177510009301045,0.0,0.3386748156183389,4.91138668269484e-06
629,3,5.327411340680797e-33,1.1616655884538344e-58,0.9861101207705825,7.330951932994599e-05,0.013434451684617574,0.0,2.395268750063383e-07,0.0003818784985950106
631,3,8.425487714926038e-12,6.510140897848481e-29,0.8237408561314645,4.698347786840193e-05,0.17148653398035904,0.0,0.00472552225023654,1.0415164601708437e-07
633,3,2.1124457394692468e-07,3.2797708191354944e-38,0.9940621514117027,1.1306180170306055e-07,0.004724078242538673,0.0,1.1194792585346785e-07,0.0012133340914570554
637,3,0.0005304114739301148,6.909799739465388e-05,0.9624013617809929,6.025179331003291e-19,0.007232681206590542,0.0,0.029766447539090427,2.0014135067144937e-12
638,3,1.0925194133653955e-08,3.3851692675426765e-35,0.9608141674801275,4.5931523523237586e-10,0.0339568954490572,0.0,6.693875346726498e-10,0.005228925016918359
639,7,3.126936180406547e-21,7.489449754572941e-47,2.3430783759950734e-21,3.856839433476158e-11,3.0395026726876607e-12,0.0,0.9999999999583921,8.635087284559583e-80
640,3,1.8221828457762166e-11,6.9654914704382294e-37,0.9217045249108712,0.00022278250568052803,0.07402616039043244,0.0,7.639254337731973e-07,0.004045768249360141
645,7,1.941365782065069e-13,4.115277760613686e-44,5.607287776764703e-23,1.5862264739868813e-09,1.6934625806547957e-11,0.0,0.9999999983966447,3.478089003122373e-86
646,3,1.259681534563132e-29,1.9547083198225691e-75,0.9165750572862392,1.978062334940545e-05,0.04869698150624149,0.0,5.864474138792052e-07,0.03470759413675601
647,3,3.878218055937919e-21,3.4171164582076095e-59,0.45472889308967374,1.4017714450443178e-09,0.4382659356768554,0.0,1.1698738865866288e-08,0.10700515813296066
648,3,1.5642107243806544e-22,1.903747006291967e-65,0.9139733031813169,4.040692280068505e-09,0.01980748059297886,0.0,9.273359838062987e-12,0.06621921217573859
653,3,1.4155356885557832e-13,6.1053786201445864e-30,0.9580241304600586,1.5928728033092225e-06,0.040363338718370806,0.0,3.1933358153725326e-05,0.0015790045904721202
655,3,5.83853505884059e-09,4.843382981872542e-30,0.9805589143108496,6.414063750477055e-09,0.01744184222395422,0.0,1.9127526359681856e-08,0.001999212085071027
656,2,5.706117025323331e-33,0.9695125898156718,4.055043070254733e-57,9.355884222731525e-61,2.0839547444126083e-21,0.0,0.030487410184328285,8.926637903214921e-182
657,2,1.8626535282700812e-17,0.9957930516053591,2.873201684895126e-37,9.196737695750452e-56,7.678365863346689e-18,7.564390637993783e-20,0.004206948394640732,4.573699219314551e-109
658,2,0.07928359050690716,0.9207124868869047,2.204617951882939e-09,2.637907892875163e-44,7.603151805840119e-11,3.100729641370386e-08,3.889318242305407e-06,2.172380924766809e-25
660,4,3.8999876377526046e-09,3.834212431547411e-65,3.3822285184482653e-09,0.9266559407448235,3.7786507828938855e-11,0.0,0.07334405193517397,2.516194374909375e-28
668,3,1.4618777266005926e-10,8.326423791416542e-51,0.9541343421966058,1.0110814720221257e-07,0.03785599251169917,0.0,1.3472773233560878e-09,0.008009562690082713
671,2,2.176407901598223e-23,0.9966124318364207,1.012234991021431e-48,1.8489218139077864e-66,1.6881116393932253e-19,6.801273444423161e-32,0.003387568163579281,1.385608682605785e-150
672,3,3.962066982769657e-17,6.40328721218097e-59,0.8270513839436514,1.2305613403348753e-09,0.07532067553961273,0.0,6.733224961403621e-15,0.09762793928616775
673,3,1.3457802302879414e-16,1.3769442465157771e-43,0.9781426913558992,8.318877799856937e-06,0.020120762854940268,0.0,4.137996837492594e-09,0.0017282227733638343
675,3,0.0007680615485106307,1.5866681924850888e-18,0.6294615098082716,5.171418226902126e-05,8.143267917181013e-05,0.0,0.3696372817817766,2.6114676191606593e-16
676,3,1.230243253635174e-26,2.67353945851316e-97,0.9411668131447893,1.0901175159022158e-13,0.006541875696425698,0.0,3.377022654887411e-13,0.05229131115833828
678,4,5.913017610458492e-13,4.7413773497848544e-49,9.87466083194946e-09,0.9374279950246573,4.581145814819221e-08,0.0,0.06257194928863236,1.9686692350303823e-17
679,7,0.1148048041333829,2.8814974011447547e-13,0.008520094115051039,1.250350256021115e-13,1.5116056156940393e-07,0.0,0.8766749505905912,3.6273323875188016e-29
680,3,1.3602715484316132e-12,4.957034474839216e-50,0.9790787888493905,8.365869756012508e-07,0.014572365902472241,0.0,3.3745926546808265e-09,0.006348005285208854
681,3,5.468568163269479e-08,1.9767715225725862e-27,0.9961760321814195,5.7931677378396086e-08,0.0026640608578189797,0.0,2.1037328281883125e-08,0.0011597733060742614
682,3,1.957310447229611e-18,7.896688167366152e-75,0.7181029800280007,6.657727133779467e-10,0.08822736901544617,0.0,5.517708705764831e-11,0.19366965023560329
683,3,0.0002712292903015469,6.070157383266214e-17,0.9997140022232438,3.171518944687343e-10,9.568239088298922e-06,0.0,3.3887901120028246e-07,4.861051203166636e-06
684,3,7.217196911890584e-16,4.2125594689845265e-59,0.9507296764230346,8.726278362232625e-08,0.036820479166685606,0.0,1.7748534942188307e-10,0.012449756970010231
686,7,1.7708105649974413e-05,8.690038575784004e-56,7.342007942749563e-12,0.0014024141567829617,4.468545050666767e-11,0.0,0.9985798776855396,2.6519237271400475e-50
689,7,9.411725047101953e-26,3.084645270322974e-50,6.805403407074881e-16,3.339798529000992e-10,1.338547239041059e-09,0.0,0.9999999983274721,1.9605112578347002e-63
690,4,1.9302584850878782e-08,1.6844078058322425e-49,7.349003023045521e-06,0.7552182525581832,3.11134658537569e-06,0.0,0.24477126778962344,8.36280304705018e-21
691,2,2.8120717773361074e-41,0.9990556023457536,4.748210555346061e-100,8.238726005806486e-80,7.799770668317638e-39,7.854687580094737e-21,0.0009443976542463491,1.675494369482301e-287
692,5,5.705336383562116e-15,1.207722975977213e-23,0.019130031345746316,7.546006859028073e-19,0.9626706422605423,0.0,0.0013803534504146643,0.016818972943290947
693,4,6.74374858467935e-17,2.750945911714529e-47,2.6470152880010656e-10,0.9950852218240451,9.670950713675672e-07,0.0,0.004913810816146294,3.5580361361351997e-14
694,3,3.0844542626404365e-08,2.09923453288094e-37,0.9972515998575985,5.642848723376016e-06,0.002284932736684501,0.0,9.973531520661623e-09,0.0004577837389195
699,3,4.78350055304237e-10,1.0324255990773006e-31,0.9702916164340807,5.763395126606877e-07,0.02175444332695059,0.0,3.313633575416075e-06,0.007950049787530507
701,7,3.2323573622376266e-37,6.2150184604060935e-55,5.8861740019743996e-30,6.421786458448287e-17,1.5212988278085303e-13,0.0,0.9999999999998479,7.592133831198108e-111
705,6,1.752383245058198e-10,1.8567040714086476e-09,4.166017415038557e-09,9.429454106550401e-42,5.1302163449438766e-18,0.9999999936490047,1.5303545580827803e-10,3.4591746799087766e-21
706,3,1.6887630630480342e-19,5.06032837496355e-47,0.9716073674907524,1.1365110952521465e-05,0.022468216923760626,0.0,9.503822260625046e-07,0.005912100092308413
709,2,2.477912507940958e-47,0.9991558856250958,1.9605214675138681e-97,2.5214258188731508e-83,1.936461572902305e-36,7.106004897130222e-32,0.0008441143749042699,2.0814431954003726e-287
711,2,2.3363107484816833e-40,0.9993831620303637,2.3597104222992173e-90,3.2108669375818436e-79,1.4015697261939696e-34,4.559804310605845e-33,0.0006168379696362497,4.898752728898701e-271
712,3,0.0034109113041744265,7.236955636023021e-11,0.9944098733356463,5.171002213067057e-16,0.0021685982839872095,0.0,5.689668409872496e-06,4.927335412090276e-06
713,6,8.007823879852411e-05,0.00076924762284762,9.73909990569765e-10,5.845405390658935e-43,1.3733568449517843e-14,0.9991506731641024,3.2783961892116977e-13,4.8368392884791254e-20
715,3,5.8253124126303734e-15,1.9956095788595462e-47,0.968817332138435,3.676979015448599e-05,0.0288939153499934,0.0,2.8162976891741606e-06,0.002249166423722165
718,3,4.907622231351643e-10,3.903609089206792e-32,0.9932496543415691,5.304360943849947e-06,0.006644979493333184,0.0,6.635468328942056e-05,3.370663010236741e-05
720,3,7.094292539437466e-22,6.458334288306549e-71,0.9124993207106957,2.278824959802898e-08,0.02325582999630481,0.0,1.9415753608350912e-08,0.06424480708899633
722,2,2.0617337891960466e-17,0.9935550168961895,7.853964657780261e-47,3.3296977951293754e-53,1.9364356979192786e-21,4.1585672446420314e-11,0.006444983062224834,4.844574890880894e-121
725,3,8.180374970075177e-07,2.993775251432948e-27,0.9996359000818937,0.00010616929695104166,0.00023160737413109773,0.0,2.515035332525145e-05,3.5485620192580513e-07
726,3,4.138036182125698e-14,5.026925388957245e-56,0.6904869091415335,4.40977371630443e-05,0.30299619880039597,0.0,7.768770293944283e-08,0.006472716633162976
727,2,7.319862191781558e-46,0.9999603522732365,4.295977057191594e-129,1.6643091602198634e-82,2.1582943843283263e-48,7.729962572368375e-19,3.964772676349066e-05,0.0
730,7,1.0177292480122103e-09,2.8906288837492356e-21,2.3198829883892926e-31,2.229974046730344e-20,3.7589734542685237e-19,0.0,0.9999999989822708,2.288931655924091e-114
732,7,6.55846684727781e-24,1.8811605347589465e-29,1.2863832752668341e-22,2.6880841830378208e-14,1.1180316913370317e-10,0.0,0.9999999998881701,6.69275639253777e-89
733,6,0.001997502294453902,0.006863811388527235,9.715783411873586e-11,3.782090532705817e-42,3.042715500365466e-13,0.9911386862070336,1.2523126804405024e-11,1.9334508742241293e-20
736,4,1.901661179307593e-09,1.0448139734288593e-50,0.038191888145343814,0.9577358724106683,0.00122094736365398,0.0,0.0028512898536573214,3.250153580286002e-10
737,2,3.58925489201933e-21,0.9995618718256674,1.4554228121053638e-49,5.711905695438932e-64,2.881255353051281e-21,4.467220134984357e-24,0.0004381281743326263,4.976600419835983e-146
738,7,2.0340158364728674e-30,6.21086970377513e-57,2.427630403138161e-07,0.0004615669070250843,0.0006635952837531014,0.0,0.9988745950461815,3.806034171774846e-31
739,3,2.8522727445699844e-10,8.847986569262935e-40,0.986958657996195,1.2072275051841474e-07,0.009958398590357404,0.0,2.900575286957545e-11,0.0030828223764642645
740,3,2.2140964881941548e-18,1.0761996304286366e-64,0.906995838178559,2.8470593533922546e-08,0.058657647680115624,0.0,1.4065381174035305e-10,0.034346485530078005
741,7,1.742451715273419e-36,2.363308931213301e-09,4.1351328323783115e-47,2.5423023555711516e-44,1.3931646286856916e-12,0.0,0.9999999976352979,1.3803134917618e-138
743,3,0.004823986844697159,1.8731205434406894e-09,0.9951759296392945,1.25143709157343e-15,1.984810553843558e-08,0.0,6.104813075615539e-08,7.466503895377278e-10
746,7,0.00022935455832891313,5.4622228233510366e-12,0.34638315087892174,2.5341840916158255e-11,0.0004465648252403713,0.0,0.6529409297067047,2.2203110864925162e-16
747,3,2.8105944846117796e-22,1.592796903673756e-66,0.9334974906000436,4.805466180907438e-07,0.022214429316869046,0.0,1.1150442567588214e-07,0.04428748803204352
749,3,6.100809038292042e-09,5.465841956862905e-37,0.9814681041853431,6.585003656320097e-06,0.018343695494089866,0.0,2.7611277528728585e-07,0.00018133310332658884
750,3,2.4247830869398812e-05,1.5377099745688257e-15,0.9994862722025817,3.334481804910019e-10,4.998359877087557e-05,0.0,0.0004387543332537213,7.417010746160959e-07
752,3,0.015713347005964072,5.49566687861544e-14,0.9836101152363163,5.382428739322417e-13,5.195618391823771e-10,0.0,0.0006765372372875236,2.771355077989689e-13
753,7,3.6680708227133644e-05,2.5379518784508083e-46,9.025117592367988e-23,2.4063726478288507e-10,1.8729423651140693e-18,0.0,0.9999633190511357,1.5544649722841652e-93
754,3,1.5827018623813792e-06,3.4992586778943767e-29,0.9995615288252795,8.571327354230775e-05,0.000264381124654167,0.0,8.16991906878357e-05,5.094883973686336e-06
755,6,2.2268010845578498e-10,2.772182014834645e-15,7.250477005854287e-09,1.3419145816673706e-43,5.053886348129162e-23,0.9999999920183972,5.084429670959261e-10,6.210715850829134e-28
758,3,2.7921297985361776e-09,1.3042270732188893e-30,0.996729377491443,3.613750511824144e-05,0.0027035535991600515,0.0,4.484531724568215e-08,0.000530883766831884
759,3,9.408104690219907e-08,3.0062182082613044e-27,0.990816075109233,6.698115218658048e-10,0.0077552490648879835,0.0,8.083818606969783e-08,0.0014285002368347255
760,6,3.0086224126301867e-09,2.1250426128135997e-06,3.807864761759104e-12,5.0243098623201295e-42,2.2804643510266944e-19,0.9999978719390112,5.945762435076137e-12,8.537976196170734e-28
763,6,5.950310663621457e-15,1.1045888700849188e-08,3.040155422731637e-10,3.3679487994796e-43,3.1264219953733124e-20,0.999999988650017,7.276112921092073e-14,4.8243885339502583e-23
766,3,1.2807496352544602e-07,7.631966693582703e-35,0.9953674726270761,1.1983301158331061e-07,0.003492095361920078,0.0,5.740286486024123e-08,0.001140126700163747
771,3,9.301523811481636e-12,2.4436681832811114e-36,0.9814283752317583,0.0029555928430839524,0.01379654846404887,0.0,0.0018163112048670267,3.172246940365137e-06
773,3,1.2821434314626303e-16,1.8256898623199575e-60,0.9313778705181006,8.11105093437589e-09,0.03470688600307268,0.0,2.0685155556287676e-11,0.03391523534709053
774,6,1.1336578137219602e-22,2.3454424525782738e-07,2.2498496860425586e-68,1.0675529267408984e-54,3.263599964588129e-38,0.9999844196912805,1.534576447425554e-05,1.0236045317647029e-179
780,3,3.327437474921696e-13,1.460344805718275e-18,0.9892951350681559,1.1216374494338785e-09,0.010073417877583207,0.0,0.0005072477473497816,0.00012419818494064885
783,3,9.851904414801986e-12,1.3817836095218045e-38,0.90077296198469,4.061112617703547e-10,0.07986493155867665,0.0,4.4896202366112105e-09,0.01936210155105001
785,6,2.788981730425622e-07,7.630316395182308e-09,1.564065347383694e-16,6.611994150591881e-44,5.632080320817644e-21,0.9999997133640022,1.0750820833436068e-10,5.3347951352727437e-39
788,3,2.2420039384996116e-12,3.0875992659502593e-33,0.9767613795112597,8.527290048109917e-08,0.020384085829509617,0.0,1.5691151730606798e-06,0.002852880268915226
789,3,5.3581349077311916e-14,3.590095980521662e-49,0.5863734965701098,2.7722324787044404e-10,0.3305460657748471,0.0,5.2791578529866865e-14,0.08308043737771353
790,3,2.13679573530149e-06,2.7540633333163946e-28,0.9983627788261038,4.580571363936605e-05,0.0014207851567124145,0.0,7.821570852330643e-06,0.0001606719369567406
791,3,1.561922255315161e-15,4.561984346826868e-34,0.887390432772537,1.5049745472209768e-06,0.09744229831976636,0.0,0.00022529201577884463,0.014940471917368942
792,7,7.99941251764988e-17,1.089673828766359e-46,1.6361823881153649e-10,7.155573921463207e-05,1.412601841305646e-07,0.0,0.999928302836983,8.500918510136597e-45
793,7,5.1718968532338755e-51,8.356555595379942e-60,1.7162121782285988e-18,4.8523519576227e-10,2.78234393294152e-09,0.0,0.9999999967324209,7.980023667553895e-61
794,3,1.2348914684607201e-15,6.245515380613605e-55,0.6513837451349979,7.711836569759984e-11,0.2692489079267028,0.0,5.426595584548754e-16,0.07936734686117917
797,2,2.5136388505414506e-05,0.9998505242354193,8.506477800179057e-05,9.143891154057888e-45,2.137859970865855e-09,0.0,3.9272455482203494e-05,4.731564283398619e-12
800,3,2.337336102591239e-14,4.492690805759505e-62,0.783834084132549,1.7609587757038488e-06,0.18610483982127865,0.0,2.6475939593465643e-09,0.030059312439779294
801,3,1.8434910835667698e-08,1.1262438983623239e-21,0.9902236966707819,2.2583867926552877e-11,0.009354734151003071,0.0,5.493052359089011e-08,0.0004214957901967821
808,3,3.440331958407102e-21,3.648517645174985e-57,0.8433571363017782,3.4843630029941715e-05,0.10306054753841058,0.0,1.070957210882032e-06,0.053546401572570276
810,4,2.146393889096479e-17,2.5338816322922897e-52,6.76324927751275e-16,0.9957844174253762,6.677082481703514e-11,0.0,0.004215582507852368,3.081648994067359e-22
813,3,7.787561127454009e-14,4.4724801853708763e-13,0.9607436912851667,2.929150815509854e-14,0.024914130142825563,0.0,0.014326552581440572,1.562599001271645e-05
818,3,9.124285483930984e-13,5.749424555065981e-36,0.9248321209795268,1.2235277594813896e-08,0.04804985246605891,0.0,2.354061320660379e-06,0.027115660256903557
820,2,2.0685711886702724e-68,0.9999795453811469,1.6464377868348609e-164,2.7103614355585153e-103,1.607262238470382e-59,2.692186466622817e-25,2.045461885321228e-05,0.0
822,3,3.019769994099166e-10,8.436741218175616e-36,0.9886001495984611,3.1749465953334656e-05,0.010912181323708331,0.0,2.6338980374824607e-05,0.000429580329525344
823,3,3.1675479800109325e-22,1.3941296631505875e-74,0.7747473771272863,2.5927571604640842e-05,0.15762535798067245,0.0,1.6159916141497658e-05,0.06758517740429515
827,6,7.178035477149959e-08,1.0793682886539308e-05,6.491599584928011e-11,8.766540216591837e-43,6.588191278714693e-17,0.9999891344715311,3.1136801286584065e-13,2.897575219769406e-22
828,3,0.2732328117277778,1.5712644227876448e-19,0.3638035065064016,0.008208815819993765,0.0012556604928078137,0.0,0.35349920545301894,1.1064296028017493e-19
829,3,3.6761951074376335e-07,3.39787164501755e-30,0.9937165306983756,5.070800368935585e-09,0.005533930317458853,0.0,7.503785837581312e-07,0.000748415915270508
831,4,8.68468570911293e-55,2.147957474002251e-90,8.876375370488938e-32,0.9619289304699845,2.1244552427666247e-10,0.0,0.038071069317569955,7.182036829275393e-21
832,4,6.700575207839178e-31,2.3474840144901398e-45,1.2606212365658432e-19,0.9811674186236532,1.1081400556062091e-11,0.0,0.018832581365265413,4.8842180408917227e-23
833,3,2.4837156621387676e-05,1.5034090975200822e-10,0.9999316540253523,2.449642268287406e-13,3.5560832761255135e-05,0.0,7.936934028491244e-06,1.0900650687492813e-08
834,3,6.2141638476539234e-09,2.9779067557095727e-35,0.9958263865459918,0.00018194824896712095,0.0038854683816227924,0.0,5.045451552262232e-07,0.0001056860640990336
836,3,4.018803439344778e-06,1.201549787507225e-21,0.9964411387463203,3.3786236637563514e-06,0.0035172565538649516,0.0,3.419432667815176e-05,1.2946033544790889e-08
838,6,7.831621028302273e-09,3.177275994456465e-08,5.33323843849741e-15,1.2111347574608001e-42,4.562321494052266e-22,0.999999947147032,1.3248581714027356e-08,1.0726371393814398e-33
839,3,1.593271459316536e-19,6.131018386762494e-55,0.9171576658908921,0.0003301022387812579,0.0545018253842376,0.0,1.996953212487202e-05,0.027990436953964064
841,6,5.746349138541049e-09,7.48424114224465e-10,1.9310306177067843e-13,5.134141749349999e-44,2.7554830426510967e-23,0.999999993502377,2.6567482089645797e-12,1.5679231071265376e-31
843,6,7.466087963720995e-08,4.305295792253542e-08,1.8772768727292608e-09,2.494323898213246e-43,2.0502133592412515e-17,0.9999998800792289,3.2965656054388113e-10,8.48802341361375e-23
844,3,6.171185746774672e-13,3.708006275719415e-37,0.9491170036030465,3.750271724641769e-07,0.034908524538997336,0.0,1.6553594021893984e-06,0.01597244147076427
851,6,1.1321850766612388e-12,1.2936080388782305e-14,1.6363331776928949e-18,2.6296118644019543e-43,1.5021475559231278e-25,0.9999999999889242,9.930646735203455e-12,9.661754759253058e-47
853,6,3.05655850227975e-09,4.912501128517522e-10,1.0791674564977247e-11,7.318789369917797e-45,1.078142607373295e-23,0.9999999963639223,7.747733361859066e-11,2.3808288418850095e-28
854,5,4.023612870025283e-29,3.0193036383134416e-56,0.10392549561320397,0.0009312939758534093,0.6896905455476459,0.0,0.20545266479336588,6.993086595487717e-11
855,2,1.4948498774758055e-64,0.9997242602164775,1.923297911562264e-143,5.38337176485866e-97,4.863992689058034e-51,3.682886921645462e-27,0.0002757397835225172,0.0
856,3,0.041552775202401936,9.110243468346877e-14,0.955120491854271,1.3694934937498912e-08,0.00046725255880840426,0.0,0.0028594666869670516,2.525648434125232e-12
858,3,1.1526194202505285e-37,2.4053819589918775e-68,0.7402504514332844,0.003195391781458471,0.1867478684141604,0.0,0.06975885426447123,4.743410662541052e-05
863,3,3.216298406958799e-09,2.277943052511776e-34,0.9948569180053907,4.200153292742306e-06,0.004921224232040797,0.0,1.8362171592886464e-07,0.00021747077126158567
867,3,0.00036581940206901456,8.045466810157582e-20,0.9994679980257978,2.2155552135898372e-07,1.6847195934260954e-07,0.0,0.0001657855906378511,6.954014539029106e-09
869,3,7.709232939672004e-19,9.832658958006174e-73,0.9171252722244659,1.635245907813886e-11,0.0159073509142133,0.0,4.5495458913627176e-12,0.06696737684041874
872,3,9.323574371366345e-08,1.0183855091399056e-32,0.9960834155279977,9.47292258183906e-09,0.002745501078856992,0.0,4.484951072706886e-09,0.0011709761995281173
874,3,3.600565048013463e-08,4.924230197488703e-17,0.8898986565235681,6.184110330934556e-14,0.1087457714503456,0.0,9.625955918904957e-05,0.0012592764611848994
878,4,2.417248013380031e-15,1.0622966002860038e-59,6.384434693652209e-07,0.9984013468444091,2.231051212560621e-08,0.0,0.0015979924015730614,3.41228125155124e-14
883,6,4.4121149086720125e-11,8.006179224031876e-11,1.6966691175508024e-24,1.2343247476864532e-45,3.1114118461581794e-26,0.9999999792788483,2.0596968739811793e-08,5.631462512655886e-62
884,3,0.00024654634068010494,1.4885554102789273e-13,0.9985594111739975,8.516270551931613e-13,0.0010803939839857252,0.0,0.00011231583474047977,1.3326655958714565e-06
885,3,3.40704342204332e-23,3.87082657202517e-69,0.9280158031439023,2.7133679276782633e-06,0.041237567377120435,0.0,1.6994207385615011e-06,0.030742216690311092
890,3,3.1012344723550027e-18,4.936665513822303e-48,0.9356115453088655,2.0617052000939932e-07,0.03778182154508636,0.0,2.1369572489257792e-08,0.026606405605955633
895,3,1.1505303926473372e-11,4.4859931215513166e-29,0.9952876224344417,5.694686481191481e-07,0.0046020728708656145,0.0,7.225847837864677e-06,0.00010250936670136268
897,3,6.682639044527148e-22,3.8388875822805295e-54,0.9507946110660928,1.3754350747315669e-06,0.028666530687006517,0.0,2.1126520035001897e-06,0.020535370159822527
898,1,0.9796908170125789,0.0038802125610215127,4.4181664368200796e-05,1.5637105562985024e-21,5.358293757695889e-08,0.0,0.01638473517909369,1.9001049924671546e-23
899,3,1.2183490394925961e-11,9.139892640888736e-35,0.9911129333345997,1.052667429771978e-05,0.0012952568900683023,0.0,1.1058358120806576e-09,0.007581281983015043
901,3,8.192949783390268e-09,9.295636892542523e-30,0.9936980032564972,9.112662335302182e-10,0.004984788092820634,0.0,8.708945127502799e-08,0.001317112457014858
904,3,9.90036582309084e-06,9.689987136065172e-25,0.999932463371747,1.0333252860358084e-07,4.73695309736728e-05,0.0,6.271716869781093e-07,9.536227240573777e-06
906,3,1.2367183530648332e-07,9.262814344524327e-34,0.9611514242164442,4.129104664852614e-08,0.03257739812992625,0.0,6.849628193377262e-09,0.00627100584111937
907,6,7.78842388635821e-09,3.074228747113159e-06,1.5223866691696569e-12,2.760272686023668e-42,7.273446514284323e-19,0.9999969179749307,6.3758288564753646e-12,1.2108647417767205e-26
910,6,9.038449323271996e-14,7.734501031422185e-08,4.927740583915993e-38,1.4160089115296664e-48,4.6962443067617106e-27,0.9998727137781374,0.00012720887676197486,3.417365181549095e-107
914,2,7.005400495984607e-36,0.9992214778895914,1.1689714352568315e-76,1.030019909218114e-73,8.028267216636551e-29,1.6034087777666852e-28,0.0007785221104086303,8.095388380851485e-225
916,3,5.422183140200471e-09,1.4797709831452512e-18,0.9989905011952999,1.357716531818919e-11,0.0008775354960075496,0.0,5.6595041177778014e-05,7.536283175448034e-05
918,3,2.693744965658391e-06,1.1966358508836794e-19,0.9986560017115403,1.315856541743733e-10,0.0011565087264090548,0.0,6.744719326143771e-07,0.00018412121356648043
919,3,1.8638601728913128e-08,1.505464646628646e-10,0.9981382243203555,3.70461253371911e-15,0.0017208830875993532,0.0,1.0164004339687494e-05,0.000130709798553712
920,7,1.0582540649230218e-19,1.6760775475915302e-48,7.929548945215175e-10,9.126206949454646e-05,2.8731855737969864e-06,0.0,0.9999058639519768,4.609155916318753e-41
922,3,1.9329555923362891e-10,2.4689190480065406e-43,0.9372294269185768,0.004316842191025142,0.056704225175688225,0.0,1.2267153463729219e-05,0.0017372383679504807
923,3,0.00032546407614825586,6.182285215212283e-23,0.9994331048610117,5.20752622907806e-06,8.874420293781542e-06,0.0,0.00022734740970758473,1.706609546609248e-09
925,2,4.5392088997629407e-07,0.9999666690481243,1.7353264420640105e-19,5.680963367649697e-48,3.86926869979906e-12,5.737602330788408e-13,3.287702654263308e-05,6.476122683784573e-52
926,3,3.0110586782676375e-06,1.3646750601567394e-28,0.9984932660524285,5.5642043166354664e-08,0.0012797112788114973,0.0,5.026638350555986e-07,0.00022345330420351465
927,8,4.367147361146827e-70,1.210835645436232e-56,4.386028045419903e-21,0.005253344759548949,0.0004945593085384154,0.0,5.472868281976856e-07,0.9942515486450844
929,3,1.3878760960729173e-12,5.290355444183921e-55,0.5939030021808388,1.1835929196021797e-06,0.3922880248379402,0.0,9.609048851632287e-09,0.01380777977786467
932,3,8.349859952264599e-17,9.114201495757222e-58,0.825799599408069,0.00042048424808321846,0.170535051989495,0.0,1.4247763527954926e-05,0.0032306165908247524
935,3,6.605506436482658e-08,9.63897757815253e-26,0.9340505137870052,5.47222939527072e-09,0.06521180763513387,0.0,7.174934078483755e-07,0.0007368895571594122
936,3,0.0006549643869648757,1.019070337171425e-15,0.9988459176021108,1.9530814742036485e-12,0.00046843219941962065,0.0,6.7057311760739405e-06,2.398007837455988e-05
938,6,3.633719400729975e-11,6.216488179566658e-10,5.131472872664028e-08,3.861352354070331e-43,7.86169822201861e-21,0.9999999472263552,8.00930070730048e-10,8.210842096775981e-23
939,3,5.183629886985621e-09,8.460044404780338e-33,0.9901535827512027,0.00030778754219592017,0.008130912381442406,0.0,0.0014066064956715797,1.105645857473402e-06
941,6,1.0861131522852883e-15,2.122219179909495e-16,6.82790741272064e-20,3.2560475201729722e-43,9.339583138646258e-27,0.9999999974582172,2.541781512730488e-09,3.818505451706823e-51
942,3,1.7619164989276189e-16,2.505242846336965e-41,0.9670461126969305,1.0115583701916266e-05,0.030371392427832225,0.0,3.0082838377613503e-06,0.0025693710076974186
947,3,1.7261722887892318e-15,5.728813110531983e-46,0.968170546702459,7.031500055441143e-07,0.021740423418379222,0.0,1.4598480910057565e-10,0.010088326583169677
948,3,7.497563367408175e-06,6.517122944847827e-19,0.999187849170251,8.31308582508452e-11,0.0007800483617012715,0.0,1.2536681070099013e-07,2.447945473870284e-05
949,3,4.533016055246454e-15,2.0955983702377236e-36,0.981467083401367,7.731319432717744e-06,0.01677738439725289,0.0,3.4075140302496824e-07,0.0017474601305397628
951,4,9.521104452105747e-41,2.461565991865486e-84,2.2804175884850535e-22,0.9250140683750153,4.374049360438637e-07,0.0,0.07498546671332114,2.750672755792533e-08
953,7,9.594793207702346e-10,3.1670166142078715e-31,0.3804547504858294,0.0040024306993691515,0.0451946029309233,0.0,0.5703482149243964,2.4698209323331857e-15
954,1,0.9999770117106451,3.695901614714494e-11,1.0876305372722912e-11,1.5157613342191506e-44,6.190004612096591e-08,2.2926341471048486e-05,2.387180748440722e-15,1.6351319570961504e-17
959,7,8.627379503092046e-09,5.584598740528418e-37,5.9800038517756235e-05,0.44857275561129095,8.667202651825039e-06,0.0,0.5513587685201601,6.202447199549192e-20
965,3,2.8948713167110956e-22,7.511629865641605e-72,0.8400962565684361,2.3828919103211046e-08,0.05347874618766123,0.0,3.562815519653202e-09,0.1064249698521679
966,3,1.1411856185373422e-13,1.3942836057776955e-34,0.9765686047805581,1.9741555550285033e-09,0.01886999371529426,0.0,5.746086753459104e-07,0.004560824921202577
967,6,2.2166562731067094e-09,2.764724253796836e-12,9.610931175683353e-14,1.1832452193240805e-44,4.381120054172218e-25,0.9999999974409202,3.3956261511423155e-10,1.627207164403617e-36
968,7,6.583020029993218e-37,4.147310991627204e-45,1.1850209578842534e-09,1.1491477307853544e-08,0.003647782544240057,0.0,0.9963522047792617,2.1126640125312346e-36
970,6,2.23800495925192e-05,0.0014911894352800381,3.2409692125975955e-10,3.824387057632309e-45,5.353476219659646e-18,0.9984864301781858,1.2844766530564436e-11,1.2322261960541487e-22
971,2,2.431036945975591e-50,0.9996978173712904,9.869058764729604e-136,2.03091208721235e-87,1.0191258108545694e-49,3.0456795795308084e-26,0.0003021826287095685,0.0
974,6,3.538752037495418e-12,4.748418602167361e-08,4.487548738969314e-10,6.2199334388495515e-43,1.8666473921117533e-19,0.9999999520634119,1.0844570032577649e-13,1.2363594191728661e-22
975,3,2.4338761961510585e-07,2.4856569901636955e-29,0.9881030439057117,6.796175575314995e-10,0.00979262970823348,0.0,1.4854330500169562e-08,0.0021040674644870467
976,4,1.37802358818595e-09,2.2888238403431167e-54,2.3425401496521416e-07,0.8457388576216388,1.0214581748221024e-07,0.0,0.15426080460050523,1.6147855883933376e-22
977,3,4.050019688792202e-12,6.246719352321651e-39,0.9821454864510941,2.1907004760732162e-07,0.015493051569594418,0.0,1.6123575568469002e-07,0.002361081669458129
978,5,1.175412522657001e-21,1.8509005774171628e-51,0.3058090688609075,3.0642973916600386e-10,0.42712437565705963,0.0,1.5907087642037581e-06,0.2670649644668389
982,6,5.165672785984644e-08,1.2355177788410438e-10,3.613011212234591e-14,1.652032124186446e-44,1.8292753802991757e-22,0.9999999477150576,5.046264682655915e-10,7.05026203539931e-34
983,3,4.6604589526373876e-09,8.595313036967324e-38,0.9924891574971558,5.314208348692375e-06,0.0072667714904930784,0.0,4.4248216953205655e-07,0.0002383096613739568
986,3,0.0001535976140527399,7.319410551249525e-21,0.9998131130668456,9.433624966876126e-07,2.563287037188087e-05,0.0,4.9098205860822375e-06,1.8032656468790326e-06
988,3,2.6981662411597533e-16,7.221051547352922e-58,0.9076481926091252,1.530404988055724e-08,0.053056429880687574,0.0,1.713145343930136e-11,0.039295362189005645
989,3,3.3761944539619387e-22,1.1306708673501768e-50,0.7803660944798101,7.526160425609342e-06,0.11452982377262105,0.0,2.1203461381603605e-08,0.10509653438368187
990,3,7.446756646649142e-18,7.957118712862835e-68,0.9460130395850292,5.130909072949144e-08,0.0375146176328202,0.0,3.56009419214749e-08,0.016472255872117855
996,3,5.077858693418989e-07,9.851930169408645e-24,0.9990738967231013,4.0523272616804416e-07,0.0008745610031718211,0.0,1.0828848683583156e-05,3.980040644769502e-05
998,2,9.899930521027549e-45,0.9967093473145686,8.697438145784627e-113,9.36569271934699e-92,2.3188806458597195e-43,8.813096941978491e-30,0.003290652685431461,0.0
999,3,7.856966657329168e-06,9.068119985004116e-23,0.9997233459746246,1.9599179243060587e-06,0.00015323905065314867,0.0,0.00011274344740969462,8.546427308284552e-07
1001,3,4.287950559194573e-09,3.8754840991839366e-39,0.9876793705383374,1.0551173860781756e-08,0.007130801433733873,0.0,8.596409921026506e-09,0.005189804592394321
1002,3,1.6229388487173128e-13,2.1561600169497282e-44,0.9416189892700468,8.313132034223183e-07,0.05573473333485711,0.0,1.8293628326213582e-07,0.0026452631454470512
1009,3,1.7763286937863522e-27,1.02806445390995e-74,0.844058174234955,6.634027906425629e-10,0.013017349285330397,0.0,2.8181016870065505e-14,0.14292447581628365
1010,3,2.357869826151289e-10,1.0547933259296252e-32,0.9920256930591299,3.137565883581485e-05,0.007615534503684089,0.0,1.0039159814848521e-06,0.00032639262658175713
1011,7,6.497858347122671e-13,2.0267549284304863e-49,3.4423177074490314e-25,4.38522967255617e-12,4.641017244043902e-15,0.0,0.9999999999949604,1.3700853077860904e-100
1012,3,9.135097512251945e-06,9.890701616928059e-25,0.9993740814921849,4.0017856771913144e-08,0.0005493976377459433,0.0,2.4776927091450228e-06,6.486806199086511e-05
1017,3,2.969247319454494e-17,3.915145254871524e-58,0.9393388820310854,3.930074229349788e-06,0.046358554051527556,0.0,3.8693099597641675e-07,0.014298246912161689
1020,6,2.735187421054185e-07,1.826998415677532e-06,4.6488409952551865e-06,2.907367589106953e-41,3.096120519544001e-14,0.999993247377546,3.2642699560150315e-09,1.1939263916937476e-17
1022,3,0.008040362199223598,1.0179971690658696e-05,0.9915419560448235,7.615799205227866e-20,0.00023762917953008554,0.0,0.00016543666686946208,4.435937862674038e-06
1025,3,1.6455388228779346e-05,3.6861622304650764e-30,0.9986099924813436,0.0005972290310961773,0.000732309656107716,0.0,4.396203394388616e-05,5.140927990217094e-08
1029,6,4.107078047899667e-08,8.718245837604924e-06,5.894510751734086e-11,4.2380109515551445e-42,4.836722880508401e-16,0.9999912406243509,8.55133174503455e-14,9.385443011883706e-22
1030,3,1.0261013265140856e-11,3.550805008498238e-29,0.9934512487174662,4.564261673786957e-06,0.0064455220589451955,0.0,9.191650702774232e-05,6.7484446262717785e-06
1031,6,1.3840009533673374e-07,2.2723280112260832e-05,3.7332873550441736e-14,1.0583864326657937e-41,2.110886510771985e-18,0.9999771383190956,6.594993748746052e-13,9.575966732153745e-25
1034,3,7.598326474309034e-13,1.2344665831757178e-51,0.9299767370677411,1.1641396736634197e-06,0.05717159494489591,0.0,5.3194656820428156e-08,0.012850450652272626
1035,3,2.519329361198202e-18,3.1375683488375676e-74,0.8827639522314826,2.2021567443625352e-10,0.024138528434859727,0.0,2.872378558830023e-10,0.09309751882620418
1037,6,3.360919288840005e-06,0.003352824945142061,8.904085871197347e-14,4.128753908334629e-42,1.940255431287639e-16,0.9966438139324115,2.030682627206029e-10,1.0873585954149128e-24
1038,4,1.3524147269851892e-20,7.659796598984068e-48,1.9758554062714167e-15,0.9939355539803616,3.102350385604502e-08,0.0,0.006064414996132478,2.2919509806566224e-18
1041,3,9.561080470226973e-08,6.83812633010523e-32,0.9914150478013829,1.3623802237603973e-07,0.007929556781609427,0.0,2.978017681151233e-07,0.0006548657664124474
1042,3,1.5380185062681432e-06,1.8070533407542795e-24,0.9535560305586726,1.3813511261030934e-12,0.04229005169219722,0.0,2.3259071977851998e-06,0.004150053822044739
1043,7,3.087114250883538e-26,5.306953736037709e-27,3.6472191754410017e-10,8.524101095856705e-12,0.004649460963156101,0.0,0.9953505386635979,5.659923628231171e-37
1044,7,9.05408575589926e-14,1.1913367423572982e-37,0.0032211133583411313,0.24602993609321946,0.0012084580965780866,0.0,0.7495404924517707,1.3223183929054968e-18
1045,1,0.7505719475324327,0.00015726516340342845,0.24720723198014163,1.2542892142330707e-21,1.1380879414275247e-07,0.0,0.0020634415152278283,2.0151262883793012e-16
1046,7,0.049367479375200085,2.769420835380453e-19,8.088378202129723e-07,1.9358871796577726e-10,5.3162191275930384e-11,0.0,0.9506317115402287,8.998638075197659e-41
1047,3,7.276119872093032e-21,3.916453703108118e-81,0.6911177208869109,9.560222654959847e-12,0.13075458195910486,0.0,4.7264293020634615e-14,0.17812769714437665
1050,4,1.3508980810252658e-21,9.410163071440867e-47,4.4654999191656075e-07,0.7772012477848181,4.4308820643368056e-05,0.0,0.22275399684450234,4.41849304074059e-14
1051,2,5.669436181564751e-10,0.9982314949784491,1.63528005196571e-23,3.2136483791033055e-47,5.040977833596314e-12,1.5882399293389083e-15,0.0017685044495645969,1.498914687450381e-62
1053,6,0.014864907180583817,0.0015652961359089678,1.1041747759848128e-07,9.287511072164294e-42,1.4554003070408487e-14,0.9835696463083419,3.995767310131722e-08,2.8050779542837903e-21
1055,4,1.8754105792596208e-09,1.8297598815633073e-47,0.0005736399560415927,0.9623151619836194,8.40934638499796e-05,0.0,0.037027102703253184,1.7825305512391417e-11
1058,1,0.7917917229654475,0.20820548399117922,1.3036981984400206e-06,7.480014506355337e-44,3.7635488052823386e-07,7.685864143163532e-07,3.444026436469651e-07,1.2362719239551558e-12
1061,3,0.0009853916073794475,2.5741546838865716e-07,0.9989020531125105,1.1060726275250781e-17,9.859562331855268e-06,0.0,0.00010242071165858875,1.759065118914441e-08
1062,4,3.7344088447708217e-19,6.377066710221208e-44,0.177655701646238,0.5189739306574891,0.2523459817335754,0.0,0.04995206577049054,0.0010723201922068586
1069,3,3.65129596839544e-11,5.168165319464296e-31,0.9931457172247978,4.076237671458227e-07,0.005323505039005866,0.0,3.612929558492051e-06,0.0015267571463577372
1070,3,3.5500320786986787e-13,8.02482534107599e-44,0.8308606813614293,1.0272253252570719e-10,0.14553817295207233,0.0,2.954589019735631e-08,0.023601116037530637
1071,3,1.1547796145705484e-12,1.5959086125736613e-34,0.9787172583334148,0.005235066740523603,0.0159426310665091,0.0,7.056552018592802e-05,3.447833821177068e-05
1073,7,1.6140404205305119e-28,3.2213889629130675e-34,1.5447528402173646e-30,9.721020164083928e-17,8.031581628232335e-13,0.0,0.9999999999991965,1.2465554421552577e-113
1076,3,7.520311827436666e-19,8.128880357012771e-47,0.9798838093172094,1.7685331626235215e-05,0.019074925842489595,0.0,2.4433983315090958e-06,0.0010211361103433243
1078,7,1.8759296856154615e-12,1.3927880226458326e-45,6.329352371975875e-07,0.3138463029190301,6.8769634999635155e-06,0.0,0.6861461871803568,1.1050806255762091e-23
1079,3,2.9051465199849814e-06,1.0835774453635033e-16,0.9997761909484851,3.3927267689010613e-10,0.00021346827911077415,0.0,6.138437423505476e-06,1.2968491877032267e-06
1083,3,1.7795870966198195e-16,5.922717993749593e-57,0.9323535318924675,1.3376370967262161e-08,0.029922172829727155,0.0,2.518608721758073e-10,0.037724281649573255
1089,3,6.271784646990086e-08,5.0632693050996727e-20,0.9999526184901825,2.536076914551775e-07,4.547147562290264e-05,0.0,1.5936203934421032e-06,8.82632564023941e-11
1090,3,0.1629638646416815,0.00010582176051067629,0.8369209663596592,2.1697560537514536e-23,2.8890840285293457e-09,0.0,9.344187103755782e-06,1.6196078852823766e-10
1092,3,4.627868236390007e-12,1.3527082518563762e-45,0.9787410215563151,1.9832873627090757e-05,0.021091505861335406,0.0,1.6949860734065604e-06,0.00014594471802103443
1094,4,2.055746802810701e-13,2.922046954024534e-47,3.393847944503779e-08,0.8158593503743273,3.954090437926003e-06,0.0,0.18413666159654982,1.7489239540215e-22
1095,6,4.734639096471952e-09,4.900597230584827e-15,2.9106011187226572e-09,7.773046689489089e-45,4.8450965195747665e-23,0.9999999922907185,6.403644729088595e-11,1.0298905850564656e-28
1096,4,7.183832251820238e-15,3.450536053963479e-61,3.537097846576132e-09,0.9994510340728818,2.9942812076271126e-10,0.0,0.0005489620905852461,1.255842381119549e-25
1097,3,1.859068972186974e-20,3.8213286167505154e-79,0.927764579050205,8.250831258110603e-11,0.021146678546363908,0.0,1.038194336135696e-10,0.05108874221710342
1098,3,2.940184635371363e-16,1.638280218535129e-66,0.9377254403323793,2.04682397677683e-08,0.04273785228315407,0.0,3.458849893093572e-09,0.019536683457376733
1100,3,3.1053824456007098e-30,3.11596958305428e-84,0.9368859645589854,5.335059670258435e-07,0.01129118681597377,0.0,3.5344404207469535e-07,0.051821961675031766
1101,3,1.4895600815696836e-05,3.3292201986307937e-28,0.9964318427409999,2.083268199743012e-09,0.002734590640446073,0.0,1.403849205361463e-08,0.0008186548959780693
1103,3,1.3133975840189492e-13,5.109811275709409e-43,0.9861066999577788,6.16350457649047e-07,0.011519709593870494,0.0,2.6997808073788327e-10,0.0023729738277835856
1105,7,1.2183878874835044e-10,1.1092927580152257e-53,3.6031960936482266e-13,6.365896396514087e-05,1.8001255134592658e-10,0.0,0.9999363407338232,1.6206583686970413e-51
1108,7,1.2144617850026738e-17,3.317233489204629e-49,4.591580654541176e-19,8.027289882239591e-10,3.141415230691665e-11,0.0,0.9999999991658569,3.34944972524227e-78
1113,3,0.00040672202276844423,7.488209100043182e-19,0.8865339444633638,3.696134584253563e-05,0.00013353542126494854,0.0,0.11288883674672036,3.9916086634845816e-14
1119,3,6.0586613088450476e-05,1.8998150278217257e-07,0.9981980188771397,4.5941726947334025e-17,3.2432654774236803e-06,0.0,0.0017379612537521425,9.03961352781397e-12
1122,7,2.4238479207841262e-17,2.912210891392419e-30,4.773693436760307e-59,2.6905680365655007e-35,8.709817750749344e-37,0.0,1.0,2.8377283298248183e-208
1125,7,1.0460425847797435e-14,2.640406255306664e-16,0.07207609645107504,1.035207070429744e-10,0.02676467583210923,0.0,0.9011592276132843,2.92344829856865e-18
1133,2,1.040919572202992e-61,0.9998538237956381,1.5718643954002776e-159,1.865317049786969e-99,1.1579796823876031e-60,1.2226544643595649e-26,0.00014617620436184852,0.0
1139,4,3.697003088756394e-15,2.8668443890312564e-45,2.61955067965705e-07,0.798403521852806,2.2047864851736942e-05,0.0,0.20157416832727057,7.250386709913792e-18
1140,3,3.5513804208345037e-15,3.28872934100392e-39,0.8343031022718863,0.01144743032631092,0.1520527119168571,0.0,0.0011932047078475408,0.0010035507770946076
1145,6,1.2480307374362798e-13,1.4297680888576518e-12,1.1947515604426017e-08,2.0148451334663147e-43,7.40625299945488e-21,0.9999999880480672,2.8626656182632293e-12,1.2700845851844876e-23
1148,2,4.642293558640248e-18,0.9090667584042085,2.8808151603855105e-41,4.430233751170121e-43,1.1743016748028115e-16,0.0,0.09093324159579141,2.0764408168686865e-128
1149,3,7.344249951707964e-20,4.7489608853252856e-27,0.514311769622644,1.0357319143067139e-10,0.3066391715215501,0.0,0.006314066960941796,0.1727349917912909
1150,3,5.790386904755324e-25,6.5242029983630266e-77,0.938972792161833,5.413336967116415e-10,0.01698440110718297,0.0,1.1674081353177573e-10,0.044042806072909474
1151,3,2.2205351129424463e-08,1.380837633995714e-22,0.994847494506018,2.085434462715442e-09,0.004795771089378659,0.0,4.766899976447396e-06,0.00035194321384125234
1155,3,8.644134447443099e-13,2.248492539185717e-50,0.9023616397541252,3.9910743698927646e-07,0.08876548572715971,0.0,2.1054221419957895e-07,0.008872264868199515
1157,3,7.872991205381823e-09,2.6716366633210377e-16,0.9878116207339475,1.4086807824810444e-09,0.011906495303567185,0.0,0.0002684919209367203,1.3382759876342428e-05
1160,3,2.1109355805244838e-21,4.553642169275816e-74,0.9354109253467917,2.220944994087799e-09,0.025616919503024655,0.0,8.797158028323912e-11,0.03897215284126703
1161,1,0.8881499376257944,9.544061034063406e-17,0.10854488951000574,1.1156130573232564e-06,8.79724728155944e-07,0.0,0.0033031775264143392,1.8159081627319039e-19
1163,3,1.2683666433565057e-11,4.189264194303062e-45,0.983153316939507,0.00026508947914307253,0.01648427897648771,0.0,1.254548497432622e-05,8.476910720410714e-05
1165,3,1.0514779503511725e-27,3.6207870487671586e-83,0.8593651602176713,6.1376076406703655e-09,0.013620331875737154,0.0,1.1975985395735662e-08,0.12701448979299843
1166,3,0.00235701606811842,1.5074459481678624e-13,0.9927614405900735,1.2707663785477665e-09,1.3346516658636623e-06,0.0,0.004880207417535524,1.6894689753444138e-12
1167,7,3.8347016793175465e-43,2.876275042283763e-54,1.6742303652327817e-11,1.2741647190035027e-06,2.958012521602062e-06,0.0,0.9999957678060171,8.578160987282396e-40
1169,4,1.711701710258493e-08,7.4087114496384e-52,1.2693880809749377e-05,0.9420768571876597,3.099897542817618e-06,0.0,0.05790733191697075,2.965646080011584e-17
1170,1,0.9985510493530638,0.001448083192892206,2.985931944007978e-08,4.383081602568654e-43,3.5597278960848145e-07,4.7266552452195e-07,8.956074556090986e-09,3.3571222477433435e-13
1171,3,6.069822234911897e-16,7.3195281716386045e-59,0.8310934944017601,0.0023523260181394483,0.16632107161076648,0.0,0.00022540927507035965,7.698694263021367e-06
1173,3,4.5470819336040184e-17,4.788701923093415e-75,0.8907303130494484,2.821134932827307e-12,0.08859465733397014,0.0,2.36162880062827e-13,0.020675029613524225
1174,6,2.229056121101876e-10,1.3098323167848776e-08,8.16109784960963e-21,7.150396903821289e-43,4.1843722851714425e-21,0.9999999866682779,1.0493178314733197e-11,8.981167051393933e-50
1175,3,3.2990202907348708e-06,3.85675610956876e-32,0.9941693146434396,1.0538986165522739e-09,0.004860365903016467,0.0,9.101626127959761e-08,0.0009669283630932419
1177,7,2.498511049374986e-05,5.1246490455257566e-54,1.0214227400128504e-15,0.0003861219702510817,2.3252556633657084e-12,0.0,0.9995888929169289,2.9437053122007545e-59
1179,3,1.2769334369386155e-24,1.3531533895806662e-55,0.8863519092058859,3.481647476017097e-05,0.07085389824843692,0.0,1.0853465826505154e-05,0.04274852260509048
1184,3,3.818463492151529e-10,2.5262059356364413e-25,0.9962489337397542,4.9433493876273085e-08,0.0033549925911690193,0.0,1.5463852977911056e-07,0.0003958692152068289
1189,3,9.485729247781251e-15,4.725417546376068e-39,0.9690745966788307,2.252651015970495e-06,0.028492363822691515,0.0,1.9285704430100347e-05,0.0024115011430223075
1192,5,1.2693476906193237e-32,3.355690132780835e-51,0.08755010849188384,1.552358405123864e-07,0.7435906428473397,0.0,0.008127908448601028,0.16073118497633487
1193,7,1.7422289383641724e-11,1.9730787405594322e-29,4.374627948293415e-34,1.1298659263089554e-15,4.301545579498192e-18,0.0,0.9999999999825765,1.2551055317537235e-127
1194,3,0.0002949638840571299,6.575842420017426e-20,0.9996662016720977,1.7033879382035876e-07,1.0838166661084127e-05,0.0,2.781569121069152e-05,1.0247179710044645e-08
1195,3,9.441585631945159e-20,4.626166866108968e-73,0.9265554149073649,1.3541428127249122e-09,0.03390739338941509,0.0,5.828639209061493e-10,0.03953718976621329
1197,3,1.307833707180385e-11,1.8612156046313817e-28,0.9944104411456428,3.406241149864029e-08,0.005435305056469792,0.0,1.2964865393441779e-05,0.0001412548570041201
1201,3,1.625541060743215e-17,1.7013855486548971e-53,0.9404580386236977,8.946909735759826e-07,0.03447844113137736,0.0,1.3842929049589895e-07,0.025062487124660898
1202,1,0.9485912971011229,0.04228731126181496,0.009118090684277469,7.188091694732522e-31,7.95031000694406e-09,0.0,3.292787822461544e-06,2.1465225940691242e-10
1204,3,0.10966409715531755,1.0157610667350106e-12,0.8881271039742847,8.069416693119559e-13,2.963820002330289e-09,0.0,0.002208795903863864,8.910798544683441e-13
1205,3,7.494840759950009e-05,5.335826656074675e-16,0.9990193281905755,3.5790487125176705e-10,6.194451376992704e-06,0.0,0.0008995283481668889,2.443755893380234e-10
1207,3,3.174503125119698e-15,5.188175483436033e-47,0.7254879914308022,0.0001813512022012921,0.2390774494000694,0.0,6.197403665198932e-05,0.0351912339302719
1208,3,3.370307534967296e-10,1.361134853224896e-34,0.9954056989227476,3.85440020124583e-05,0.004406722414686234,0.0,8.093989462998984e-08,0.00014895338362827233
1211,2,1.918483821471062e-27,0.999866624397766,1.4873824305086197e-80,5.5442402811461695e-70,6.791371868782185e-35,1.1609800347246204e-16,0.00013337560223393856,7.064166981845351e-226
1213,3,1.5685405103525228e-12,2.399248560178165e-51,0.9218708855680465,3.3359482002818933e-10,0.06281977438471188,0.0,3.8616738948164484e-11,0.015309339673461528
1215,3,0.0002205261103532688,1.4414153186203307e-22,0.9996365368342321,6.175957918671091e-05,3.097023994644123e-05,0.0,5.020322453602824e-05,4.011745495420728e-09
1219,3,1.813156165281799e-17,1.8259927413152028e-67,0.5464078852679263,7.486894741452536e-14,0.32614799156256186,0.0,4.305221060357256e-19,0.12744412316943707
1220,2,1.1354860917221462e-57,0.9999588434867575,9.509112778400612e-143,2.0129602695354557e-88,6.187336486007993e-50,1.974264939458307e-20,4.1156513242635997e-05,0.0
1221,7,9.347387052099274e-06,3.3796023550147974e-66,1.529183123408849e-25,5.5223029732721495e-12,1.5608235457383525e-19,0.0,0.9999906526074256,1.0212373246323807e-103
1223,6,6.356012244223332e-07,2.576686903230672e-06,2.230498173064009e-11,1.8661976789860046e-43,2.6636718924052665e-20,0.9999967756833044,1.2006262888410274e-08,1.7553204325653367e-27
1224,6,8.362704488867519e-20,3.136839443100284e-19,5.1626900451856945e-42,1.9975459205681136e-47,1.6159336315368162e-35,0.9999999950961583,4.903841598577572e-09,3.2678496608123437e-106
1227,2,6.1757810575885315e-12,0.9999304101212465,9.857800282202519e-33,6.826286159598715e-52,6.616012501772736e-17,5.7238831987952616e-09,6.958414869447155e-05,1.0178729868532234e-86
1232,6,3.665145009558835e-14,5.92824804760449e-07,2.4567684671202573e-26,7.0324366353046494e-43,3.103759955528159e-23,0.9999993993347408,7.840417827908995e-09,6.413476620770587e-60
1234,7,1.9128649852027861e-10,2.680775700051591e-26,5.7716452294228045e-06,8.979969618597313e-06,7.3739781401821e-06,0.0,0.9999778742157253,1.2513398806473227e-31
1235,3,3.2492960455966446e-12,7.146785918040431e-40,0.9712987349085335,0.00048581022924275443,0.02561215147596199,0.0,6.221472702997119e-05,0.00254108865598253
1237,7,9.287514754701082e-30,3.8873257960790156e-50,2.1098444722309904e-14,1.4934096189187596e-07,8.738515630843158e-08,0.0,0.9999997632738606,3.884060496384947e-58
1240,3,2.263179071089412e-23,2.0791231861912483e-46,0.9395595941403242,1.695050407156765e-05,0.05183051205763833,0.0,7.210388297194894e-05,0.00852083941499406
1241,3,2.6563694344730295e-16,3.160519490516804e-60,0.9587618006553478,3.811106147315013e-06,0.038177371527964785,0.0,7.802469963670381e-07,0.00305623646354341
1242,3,1.0269724569579198e-21,6.398155673647501e-65,0.9531075004230264,4.179309048806385e-06,0.04109292757336494,0.0,1.7262845383776519e-06,0.005793666410021546
1244,3,0.00019039279194861127,2.5979476787153984e-16,0.9991699761669228,1.0727107210704645e-08,2.5546511021525377e-05,0.0,0.0006140735083593737,2.9464030608412084e-10
1245,5,2.5957880330042904e-21,1.782994113851517e-21,0.335250926275385,2.2605482995225623e-05,0.6548638559700671,0.0,0.00597764666050361,0.003884965611048959
1246,3,7.795750288411877e-08,5.2911993112309446e-34,0.9700166976525264,5.33826627810898e-10,0.02602950622563462,0.0,1.1195197255760146e-07,0.003953605678536948
1247,4,1.0572935804232665e-21,1.4131836025839635e-45,3.233579614881529e-11,0.8585593221757057,2.788800881088466e-06,0.0,0.14143788899107737,8.876845082265845e-18
1248,3,4.7456309712630724e-15,2.059828482736529e-34,0.9846219549012603,2.112958706325198e-06,0.01184429661480296,0.0,9.136148526689699e-07,0.003530721910373099
1249,7,1.1100120671121229e-70,3.0478580108852605e-76,1.5338573030240848e-57,5.251085925141584e-08,4.0982537650767095e-22,0.0,0.9999999474891407,1.3129391483170818e-104
1251,3,3.510487224090352e-11,7.328282456785202e-44,0.9575820667251543,1.0584086741580367e-09,0.019811587463777203,0.0,2.2307413571972686e-11,0.022606344695247544
1261,2,1.0158849157139357e-21,0.9968515059347531,5.287508595542422e-40,2.7137967570157497e-58,8.891694864569513e-19,9.024993668674766e-23,0.003148494065246901,3.275955211878678e-115
1266,3,2.640788006225476e-08,1.360438638457507e-30,0.9950575314412514,2.0220386122301784e-06,0.004642161645200756,0.0,1.2371044532087825e-06,0.0002970213626021946
1268,3,9.997008915806101e-16,9.718753025866811e-57,0.9325228460706366,0.0006452384125800038,0.06667865868082631,0.0,2.9712326926287992e-05,0.00012354450902975512
1270,7,3.058688808241943e-14,1.4005415390862234e-49,8.824643219694158e-07,0.022641739442639777,1.349045921599145e-06,0.0,0.9773560290470861,2.1456673314168528e-24
1273,3,3.182171283490575e-05,3.2682201588409094e-24,0.9998387782993043,7.954105587647894e-06,0.0001068327522578456,0.0,1.4384344320977461e-05,2.2878569435652723e-07
1277,7,7.76077881234861e-12,8.100887166231465e-51,3.0504856422029355e-18,6.911182744043806e-09,7.861906814842622e-13,0.0,0.9999999930802703,5.307670799871211e-75
1283,6,1.33615669468201e-20,5.0727661499803694e-23,1.3080218798944804e-08,1.5806133042491087e-42,1.546214228124136e-28,0.999999985177971,1.7418101497341072e-09,8.492752322817295e-30
1284,5,2.8086746081374934e-15,1.0986833538160462e-07,2.7990903836568023e-05,5.894060093546816e-28,0.5913621259748523,0.0,0.4086097732529715,1.2759195295334234e-15
1285,3,1.1732537832906473e-09,2.1553581945657896e-27,0.9581582893484092,1.1485557398771475e-07,0.03461558111358022,0.0,6.946363095601885e-08,0.007225944045551853
1286,6,0.00019875095664262133,0.0035399311711554193,1.8379195233095907e-09,5.287667784725626e-42,2.5650311121519187e-16,0.9962611889444024,1.2708987966577636e-07,9.196673312189998e-24
1287,1,0.9908447206987167,0.0036214325019035118,0.005533700624083679,1.3948126489574833e-28,1.4520085193475726e-07,0.0,7.265095121757519e-10,2.4793467769735784e-10
1289,3,5.180583213430058e-23,9.257668944197024e-70,0.9356740994745492,5.138057501111792e-08,0.020429333461593095,0.0,3.6055371006978127e-09,0.0438965120777455
1292,3,1.2368797784101493e-06,3.25448712188623e-37,0.9969138238962271,0.001090113534990862,0.001972074587072729,0.0,1.9467730555938937e-05,3.2833713749835576e-06
1294,3,6.53437616218685e-16,9.390376243433304e-53,0.9627013014845538,1.1244908461967668e-06,0.026045879470775673,0.0,1.667566728407049e-07,0.011251527797150601
1299,7,1.8040842017053066e-11,5.872252480884808e-49,5.30144351360461e-11,0.4481888824208224,1.5431347756465348e-08,0.0,0.5518111020767745,2.4547343225587466e-26
1305,3,9.92144047876617e-07,7.450347346237155e-18,0.9923843788126343,4.724294701385217e-11,0.007500090963922176,0.0,0.00010327900198390212,1.125903016879036e-05
1306,3,3.24981485112571e-08,3.035118272244583e-38,0.9944936771878092,3.1998308068700723e-07,0.0039468548002771844,0.0,3.7939004038541535e-08,0.001559077591680391
1307,3,2.495352103530449e-07,4.7070797655109715e-29,0.9992702139245457,0.00011018992959627346,0.00018160794682071447,0.0,0.0004377000789870528,3.8584839858339536e-08
1310,3,3.569643153271326e-12,1.788164947727357e-39,0.9877025260055253,1.334649183596097e-06,0.01076011999153116,0.0,9.667425489719402e-09,0.0015360096827647762
1312,3,1.1157971781438391e-15,4.402936522580937e-67,0.8364327694001645,1.8067273050475338e-11,0.12923688206708622,0.0,6.721615543944745e-13,0.0343303485140087
1315,7,3.6933178889459387e-16,5.101869995675295e-09,1.9398338379411442e-20,4.649110182758975e-23,1.4604834877994613e-09,0.0,0.9999999934376462,7.835546100165114e-77
1316,6,1.694343374062378e-11,3.331165287165419e-14,4.178234302787101e-24,1.465646428660191e-45,1.77266103420329e-28,0.9999999997397034,2.4331991502336075e-10,6.6576359417121796e-59
1317,3,1.0280907746660536e-11,9.55337450264407e-54,0.9638612197372831,1.3962621276926411e-08,0.02669740485639011,0.0,9.546365938259862e-10,0.00944136047878801
1318,1,0.9999824123962064,2.184364141658686e-08,4.874200699728034e-10,5.167198338589009e-42,5.245560611453488e-07,1.7040636392530368e-05,8.02716829215727e-11,6.870816017334956e-15
1323,6,3.734898810927747e-18,1.4851232186691525e-19,4.5672481432794015e-10,5.465094307847022e-42,2.865009639250079e-26,0.9999999995173747,2.590043426746142e-11,8.356414094022352e-29
1324,3,1.94176605311546e-18,5.160811278329225e-61,0.8154334586225995,1.0838909976277363e-10,0.15119843383809292,0.0,4.339888432515108e-14,0.033368107430875205
1328,4,3.172283587766766e-09,4.015894039835947e-55,1.1120812631782287e-06,0.9978635852783697,1.1052697107273428e-11,0.0,0.0021352994570308145,2.8024181062589073e-25
1331,3,5.007292712254385e-11,1.4121232559601482e-31,0.9971913563389639,0.00024191909960166307,0.002517624579947734,0.0,2.142648733327983e-08,4.90785049263375e-05
1334,7,1.1711614175077093e-12,0.0020444788017858952,7.846096883277414e-27,6.507505005903448e-33,2.504532785215241e-12,0.0,0.9979555211945385,4.914730930342332e-98
1336,7,1.4230805776299207e-16,2.831169472977349e-22,2.475312606252004e-17,3.289421557218096e-13,5.487368282007177e-07,0.0,0.9999994512628427,4.360593942201627e-68
1338,2,0.0012906359216173727,0.9950504058886918,2.627113217426275e-18,3.0180961343287796e-43,2.3160350770121e-14,0.003653290998839369,5.667190828398589e-06,5.469979452829662e-47
1341,3,6.850280113870663e-05,7.683480661019547e-12,0.9995175921141788,2.9516548853010353e-15,0.0003793756456435681,0.0,3.785414830145684e-06,3.0744016522252624e-05
1345,7,2.0605692188019424e-07,5.137238151770376e-10,7.361020564843141e-07,7.429686241586681e-14,0.00046428177507239996,0.0,0.9995347755521512,1.6426092807462335e-33
1346,3,4.412441150417028e-09,1.1986842560816199e-29,0.9875031996817784,1.1149354033597464e-07,0.012201426643696191,0.0,7.378604668094487e-06,0.0002878791638758466
1347,2,5.803387973326962e-16,0.9973455882593697,1.8939052839113652e-23,4.3260133347175926e-58,3.372924023169708e-11,3.6427060202358538e-31,0.002654411706900524,1.6929132228764918e-75
1352,4,2.6533468615733408e-48,1.2277211041184225e-96,6.196957553568186e-39,0.8510635665799534,1.931798010217556e-20,0.0,0.14893643342004662,2.4837745824031785e-34
1355,3,6.878857632258074e-09,1.325361355130105e-25,0.9983600314158206,1.405001426268204e-06,0.00162325745424392,0.0,9.792409132367085e-06,5.506840518997966e-06
1356,6,3.435019596435436e-09,4.1270044486848615e-09,2.6231003661049964e-21,4.5605178799926926e-45,6.953104085895604e-24,0.9999999540142638,3.842371205787279e-08,5.5499552477027515e-58
1359,7,1.689873179898295e-09,2.7451415988593777e-58,2.3049163405665603e-33,5.18767667345687e-13,1.3133837034965612e-20,0.0,0.9999999983096081,1.8451689221743113e-122
1362,3,5.899354582883617e-31,6.416911666800744e-93,0.9145489094077803,2.1995524461450686e-09,0.005271614754947689,0.0,7.459164054406973e-09,0.08017946617855541
1363,2,8.829718892543584e-46,0.9997479428739716,5.185837871972173e-110,3.710200602491683e-75,2.2128376863525083e-43,8.563216944362501e-17,0.0002520571260282241,2.8070858746650957e-295
1365,7,1.595964533437904e-16,6.073327273909936e-45,1.193037154987989e-10,0.0007152543808708433,4.397768343454496e-07,0.0,0.9992843057229911,4.796096738055161e-40
1366,3,1.295558770339111e-17,4.620047493764671e-57,0.9029141011552465,1.7387936337266546e-08,0.027062807540052622,0.0,9.787090568480316e-08,0.07002297604585896
1367,3,0.14028079040387587,1.019212518959017e-07,0.85965326392501,2.498425727293494e-17,1.7286388146082887e-06,0.0,6.404778859334273e-05,6.732245445975764e-08
1368,3,8.75979879124137e-14,7.737633688463855e-36,0.9284971896851503,6.687321857578565e-09,0.045570339476355845,0.0,1.6252548025708831e-06,0.025930838896281914
1372,3,4.414695748312629e-06,1.987394289984867e-21,0.9994673728326608,8.93280861348012e-08,0.00039354345932374326,0.0,0.00010435359183737937,3.02260923436749e-05
1376,3,2.0483507093253761e-16,2.6845027250568193e-56,0.9858056871339389,4.4202065337648753e-07,0.010017793886987625,0.0,6.020344522623046e-08,0.004176016754974693
1379,3,2.9321154330402893e-15,1.7750180396120368e-29,0.9928410602109108,0.00011391125687539957,0.006838281198391323,0.0,0.00020656415098257246,1.8318283711760782e-07
1381,7,3.555299790165559e-46,7.897195159728244e-55,8.881099210609468e-10,2.313314181887257e-06,1.6099795989179558e-05,0.0,0.9999815860017189,2.310394448279185e-34
1383,3,1.6472717113305917e-22,1.8076460427808023e-76,0.9685519859958737,2.848764831693709e-08,0.012889624477728383,0.0,2.257700959782406e-08,0.018558338461739973
1384,7,3.8772323758671786e-29,3.6024804225121653e-31,4.2885135010491816e-26,2.1467182068152478e-20,3.977324026908243e-13,0.0,0.9999999999996022,1.0276515349803938e-107
1385,3,1.793468369089075e-16,6.63128266688806e-64,0.6747890885157535,1.2415355840835122e-11,0.1671880063233258,0.0,1.577501038602988e-15,0.15802290514850373
1391,7,6.897750034985726e-11,3.776717556446095e-17,5.557852381026937e-10,1.7076091733409775e-10,1.99821442833303e-06,0.0,0.999998000990048,3.927338447565254e-45
1394,6,0.002126016740561795,0.00025366734279629174,4.2393267330436576e-09,2.2219999691864103e-43,7.010763680485021e-16,0.9976203108263174,8.509969924433554e-10,6.843441110609897e-23
1399,4,2.600555313989061e-10,3.0794476843293246e-50,6.242464430161473e-05,0.9939254052192938,3.696575604648899e-11,0.0,0.006012169839383206,2.30085455422011e-19
1400,3,2.3112930359300487e-07,1.1741150754981839e-26,0.9978516488979563,3.100609977792532e-07,0.00208070291638151,0.0,8.198153386492232e-06,5.890884197429108e-05
1407,3,5.577544846454144e-13,1.5410326641370859e-30,0.9669438903855919,1.1942448586726263e-09,0.03138676430430573,0.0,2.7257155822042733e-08,0.0016693168581439187
1408,7,7.808440656313292e-27,4.1174726285173886e-16,1.432532201101172e-46,7.176672881577951e-28,7.50574482089438e-20,0.0,0.9999999999999996,3.437075249883497e-166
1409,3,2.968502262163579e-12,2.9286244421099294e-36,0.9786283824538234,3.0394019747506387e-06,0.01796078423347432,0.0,7.396172967095676e-07,0.0034070542904621752
1416,7,5.9440135972448725e-65,1.9422022242836272e-71,3.013733782067349e-22,4.110007702190796e-13,3.8040301050049375e-09,0.0,0.9999999961955588,9.472182214271785e-74
1417,2,9.873492027788036e-35,0.9999789907144903,2.656413174010993e-93,1.4429628541359142e-70,3.3057492212275235e-35,1.474057285467262e-14,2.1009285494993885e-05,3.5571020845369303e-250
1422,3,8.815420645890403e-17,2.854065687830675e-47,0.8240613248104313,6.592894428454379e-09,0.07277485570220568,0.0,4.663092214383026e-08,0.10316376626354629
1423,6,0.0002675805389983624,0.004084663377307898,2.4319262582852645e-14,1.8605094824300005e-41,1.1172457394329907e-14,0.9956477560801972,3.4612127960074972e-12,2.298452939086079e-26
1425,5,3.8130585247047504e-16,5.05868658071795e-40,0.13533916985453934,0.021943951400353212,0.6760935586382943,0.0,0.16662332010631672,4.958781390509535e-13
1426,3,6.210302075392167e-20,1.4355456921659514e-53,0.5956069340622898,4.02225156805651e-09,0.20439969339854405,0.0,1.5801199682237038e-07,0.19999321050491775
1431,7,1.9244051431169142e-66,9.128233663441877e-69,1.2698261346239585e-42,7.029387229982639e-06,5.197415886955277e-20,0.0,0.99999297061277,1.2234628085814943e-41
1433,2,4.299103732601824e-56,0.999494756934208,3.4751424664149505e-147,8.056407944634581e-91,6.184314053031803e-57,4.1431307859352246e-24,0.0005052430657920289,0.0
1434,7,7.15970020190163e-41,5.885184982654364e-50,7.710663137318073e-28,5.295922801814424e-13,2.6881573442048455e-11,0.0,0.9999999999725888,3.859240734761506e-96
1436,7,6.599087511424069e-60,1.4472673486733187e-55,3.9337175913232988e-59,2.6403003303163544e-15,6.606501912393793e-25,0.0,0.9999999999999974,1.6888850425381237e-119
1439,3,2.2182528500189568e-08,6.334273182609106e-36,0.9954765385654557,5.082862642383154e-07,0.003727785773222943,0.0,7.810198690194221e-09,0.0007951373823299071
1440,2,1.1210138076065682e-24,0.9984046383330522,2.802953858087871e-54,2.9279557205229462e-58,5.679029518727064e-24,3.001752778650708e-16,0.0015953616669476078,1.2704525812016975e-148
1442,7,1.438678360855033e-36,4.7040784870646135e-53,3.1096673175529377e-09,0.00019280054278796193,3.5619019487920526e-05,0.0,0.9997715773280568,5.413817309185077e-31
1443,6,1.0270857282014873e-09,1.114254160741138e-07,1.1842216121283698e-09,1.1233966455571108e-42,9.326742070158739e-17,0.9999998863631432,1.3320465558154513e-13,4.998233525654681e-21
1444,2,6.524272735704487e-07,0.9995719345010813,1.5821027660810103e-13,1.155988939588772e-46,3.6180243204946825e-12,6.466035868230291e-14,0.0004274130678041687,5.152887169740473e-38
1445,7,8.019261960446582e-48,3.6677706087362013e-09,1.8025367525314134e-80,8.730572958162097e-52,1.4368251216336602e-24,0.0,0.9999999963322295,3.818185925104071e-241
1446,3,5.879497969154066e-16,6.47834127824705e-37,0.9688924792359918,3.1405781590676056e-06,0.02650503523912739,0.0,5.537900684143664e-06,0.004593807046037149
1447,3,1.8291995900951226e-11,9.646082266387066e-44,0.9734170557963381,2.0671967098117664e-08,0.017462411974356513,0.0,1.2612880669919078e-10,0.009120511412917469
1448,6,3.551006524634775e-05,0.0012737145145161077,6.865179392201736e-14,2.514258062221579e-43,1.3307185616649912e-18,0.9986907749724414,4.4772745694520997e-10,1.6843680358170064e-29
1449,4,3.136502681246121e-14,3.0989996572049146e-58,4.526613529461016e-16,0.9771920083047333,1.2635703407100933e-12,0.0,0.022807991693971456,3.822981379378107e-28
1451,3,3.0448405822853347e-05,1.339327236439208e-23,0.999705367924328,8.69015395610035e-06,0.00018265709992151065,0.0,7.233794128339167e-05,4.984746881781262e-07
1459,6,1.2561871310251467e-16,1.130384017461227e-08,5.515737485220698e-47,1.6414302205750568e-47,3.903508771824486e-35,0.9999999878628381,8.333216956223261e-10,1.931529712753581e-109
1461,3,8.151414430731356e-06,7.100611272777268e-20,0.9998684074714377,1.1718081960995545e-08,0.00010922903825763703,0.0,2.528405793145841e-07,1.3947517212681809e-05
1462,6,2.788181631780162e-11,4.0517783114871615e-10,2.0063085053502062e-10,4.315193626259457e-44,5.396723997706022e-22,0.9999999993654753,8.341470431292347e-13,1.0433611765574345e-25
1464,7,2.968500219830515e-38,1.519394886984258e-14,5.23623075610349e-50,3.0014442340228573e-34,1.1383573993266922e-18,0.0,0.9999999999999848,6.62222691827644e-170
1466,3,3.685234370753832e-15,4.228156918245872e-56,0.6087248484169067,1.8964828487602747e-07,0.35149314917118946,0.0,1.573700539260228e-10,0.03978181260624526
1467,3,3.474666546848172e-05,2.0958971800547828e-19,0.7969646730725035,0.0001252005905337019,0.0001813303486091197,0.0,0.20269404908016264,2.42722583331938e-10
1470,3,4.0383762120888435e-07,5.5997275508422195e-27,0.9995275549621773,6.651545977945414e-05,0.0003555375353203932,0.0,4.983187901648682e-05,1.5632608525780214e-07
1471,3,2.0024781068870632e-12,1.5662527383274266e-22,0.9685518955627009,3.561367846463169e-10,0.030919237895266145,0.0,0.0003255960759409865,0.0002032701079527676
1473,7,2.7694306386084246e-24,2.2178346266888272e-32,1.873018037443893e-06,3.0368597319162966e-07,0.0041203446452054,0.0,0.995877478650784,3.647269594103097e-31
1476,3,0.0008548226967785848,5.2999678400935436e-20,0.9991243222902421,2.2532857961760855e-08,1.4355781766034026e-05,0.0,5.826932515200791e-06,6.49765840156474e-07
1477,3,6.630367313882097e-18,9.395794244327794e-51,0.9304870706997643,5.590090906413547e-05,0.066428461179211,0.0,3.072797399156264e-05,0.002997839237968884
1478,7,3.7633339935426846e-12,3.455095047043261e-49,1.4834145499107102e-10,0.00033659110163362623,1.485676917233743e-05,0.0,0.9996485519770892,4.2729623937646437e-45
1479,3,4.4289888140247274e-08,5.610563943992249e-40,0.5588647195486262,0.42728417791624107,0.010316105877397896,0.0,0.003534951969621547,3.982250195710112e-10
1480,7,4.758797345495837e-13,2.029905991372346e-07,1.2278495948465953e-33,7.875554482247081e-28,1.075240961557712e-15,0.0,0.9999997970089238,2.2687307193585258e-123
1481,3,2.7561835402152365e-10,1.3968678884089241e-40,0.9884339565527086,0.0001346528535760938,0.010811537146896363,0.0,2.7562241153882723e-05,0.0005922909300467652
1487,6,2.9506286762332353e-33,4.4991959703736315e-16,2.123461206236028e-84,1.867768005696804e-55,3.733869418205255e-48,0.9999880686294548,1.1931370544850252e-05,3.898562398972209e-223
1490,7,3.020005087610932e-20,1.6478218560417272e-48,2.4990060042345315e-18,4.538883113213199e-09,9.791345689668822e-11,0.0,0.9999999953632034,3.1910105596010605e-75
1491,7,7.55643056632294e-05,2.004889400047186e-37,0.0005040551576483439,0.00892616369735061,1.8298235456198204e-07,0.0,0.9904940338569832,2.438658642904501e-27
1492,7,1.7683441252218014e-22,1.666856574403939e-47,1.274548192766056e-05,0.0005487312179690313,0.0028609282813351626,0.0,0.9965775950187682,2.468635798572686e-28
1494,5,5.4079548364649555e-17,9.048827222206847e-34,0.1456329359823939,0.00026196622684738883,0.822589312484412,0.0,0.03151578529810651,8.24010913620238e-12
1495,3,4.8595919015534845e-06,2.9288166930896047e-17,0.999829363653409,2.0507719048565107e-09,0.00012972574838684986,0.0,3.496008296178108e-05,1.0888725687695215e-06
1498,7,5.341031078369069e-05,2.6698955934695094e-35,1.5110845822409665e-06,0.0009371720159896258,1.255502222695356e-09,0.0,0.9990079053331422,2.9974329494801275e-29
1500,6,1.6295134722342045e-11,5.324650461634046e-08,5.1011578777759627e-26,1.3702342867662553e-44,1.0201686439619446e-23,0.9999931341619918,6.812575208515466e-06,9.156293964735495e-69
1504,7,1.4292431766847898e-11,4.031119940325702e-11,3.410985992687301e-12,6.893866144122215e-17,3.945426446519872e-08,0.0,0.9999999604877208,4.4297775277810974e-54
1509,7,7.016627479633114e-16,1.4486964090989026e-33,2.214671238766951e-27,3.6023170399188447e-13,1.4824248647494713e-13,0.0,0.999999999999491,1.0981527932290035e-105
1514,3,1.336960584199273e-17,8.79092986401048e-53,0.9585959718322423,1.1268825929684641e-05,0.033708334323418014,0.0,2.5306028333828763e-07,0.007684171958126677
1517,3,3.220592481196979e-16,5.762419491763135e-67,0.8949064992828266,6.095036002684977e-10,0.025455323122754125,0.0,4.350408898389988e-11,0.07963817694141131
1519,7,3.386399807135581e-05,5.421409578843023e-33,1.3331443092438248e-09,0.00024250895098391776,3.2421652408058907e-09,0.0,0.9997236224756352,6.881810263690726e-44
1520,3,1.0476049049890831e-16,4.5961679039441804e-55,0.7244025885783308,1.1751933918518326e-09,0.20983232766045146,0.0,7.753922882777721e-11,0.06576508250848506
1521,3,8.972268212121312e-12,3.7957251389635156e-38,0.9676942995866804,9.659969362846346e-09,0.02397954929329592,0.0,1.4900656483693697e-10,0.008326141302075638
1522,3,1.90397194286598e-09,3.431202489599651e-42,0.9855776739739647,1.8959694631778335e-07,0.0129867851478386,0.0,8.649514550418199e-09,0.0014353407277639216
1526,6,1.0114064761528766e-05,0.0008019413946000718,4.118343325241963e-15,1.3827904779952813e-42,3.4518749361448955e-17,0.9991879445391391,1.4952263845935563e-12,1.820647220600818e-28
1528,7,2.867598165330401e-19,4.206886286586084e-47,1.5947164813799692e-14,5.658477951727544e-07,8.930960455565073e-09,0.0,0.9999994252212284,5.069930269535627e-60
1529,3,4.7256023843430346e-05,6.0713644696496824e-21,0.99990221253893,4.338673611588033e-09,3.6893290337932956e-05,0.0,2.0308968983281327e-08,1.3613499246045078e-05
1530,6,4.727719730152273e-07,1.6823054509667702e-05,8.894817082992065e-21,1.846817150590851e-44,3.985693585778697e-19,0.9999827040177743,1.5574304743611627e-10,9.218308962756243e-48
1534,3,8.064792543503218e-17,1.5345431351773206e-65,0.9314591266937393,6.825941404805311e-07,0.06431719983294112,0.0,6.916953483782567e-07,0.004222299183830591
1536,3,2.5059197915805264e-11,2.6287256178507004e-44,0.9855528232299579,2.333276264796644e-06,0.012534954353552872,0.0,9.232084259895033e-09,0.0019098798830810032
1538,6,7.039507703380473e-15,7.324663743042446e-15,6.215976020932134e-20,1.5790015877133485e-42,1.165153514156092e-24,0.9999999719012397,2.809874587028389e-08,3.510587676532276e-48
1539,3,2.3931861065010238e-24,7.632002782690764e-45,0.885081965554528,0.0003689423676610725,0.09692773679714642,0.0,0.017621168329116768,1.8695154778221536e-07
1540,7,2.446165382034882e-07,4.5893506153795044e-48,6.117778845087155e-11,0.029160674528172323,2.029660493479606e-09,0.0,0.9708390787644512,3.004906513820511e-39
1541,3,0.0004277473061140454,5.327872706047328e-15,0.9995655953325512,4.17148717858444e-10,6.193598716930249e-06,0.0,3.285609215015052e-07,1.34784542327942e-07
1542,3,1.4662261955936316e-11,2.237120633305833e-34,0.9953152880817038,4.300862153025051e-05,0.004567461315583579,0.0,2.2317884066839658e-07,7.401878767955724e-05
1543,6,0.00010924941730420088,0.00033562493017119573,3.651453830990321e-08,8.90172751121656e-44,6.131372574719958e-17,0.9995550819836475,7.1543388271887885e-09,2.7356285295365305e-21
1544,6,3.4811984184822406e-08,4.500464793401948e-12,8.090006015631632e-17,2.786658490688861e-45,3.1111071530624845e-24,0.9999999610822222,4.1012930578176415e-09,3.5040799577141556e-48
1546,6,4.4349513770688304e-07,0.02604269060315292,1.6335319459082598e-16,1.1419946971245995e-40,6.252501847275163e-16,0.9739568658355342,6.61742579583735e-11,3.8957500673683314e-31
1548,3,3.7033724239254775e-06,1.1145380302587363e-26,0.7587981719934906,0.002679639846510337,0.18881309383628636,0.0,0.049705390950727166,5.617367695285265e-13
1551,3,3.2975384627558246e-06,1.548530397389859e-20,0.9998424580087582,9.75167366964581e-10,0.00012585680629687192,0.0,1.8608409925052975e-09,2.8384810473946234e-05
1553,7,2.0856119072376685e-16,8.882295820684479e-49,2.8422019117331095e-06,0.002641725359218621,1.1115013568421612e-05,0.0,0.9973443174253009,1.4757291745917918e-28
1554,6,2.9481450331882298e-06,4.1896174051222355e-05,2.844847919639676e-18,3.645407569444932e-43,8.123574842118506e-20,0.999955013710031,1.4197088457527214e-07,1.0772104522949416e-40
1557,3,8.255978187604837e-18,5.129865585712921e-68,0.9516872981198186,6.192263430656444e-08,0.036539454601282405,0.0,3.5599742330861076e-09,0.01177318179629052
1558,3,7.64881818395948e-07,5.433629847768354e-30,0.9949500001177912,6.064329364621843e-10,0.004211507433619346,0.0,8.128009663325955e-11,0.0008377268790579809
1559,7,4.616635182008661e-31,4.254389851963177e-40,1.0488028578934443e-12,8.229777411780098e-09,3.8348251671788735e-05,0.0,0.9999616435175019,5.238183896669407e-50
1563,3,3.1427166407664617e-16,2.2467155392379052e-35,0.7379701142407394,5.669858911492747e-09,0.25141996992548554,0.0,5.104085836264598e-05,0.010558869305553099
1564,6,1.3870219440860494e-07,8.191513860692363e-07,2.865236233384849e-17,6.114832286335284e-44,3.653866437140197e-22,0.9999990420824632,6.395643592187674e-11,3.005293349339808e-39
1565,3,6.314812100651304e-20,2.4790932663175776e-57,0.8547275324201549,2.480118854902699e-10,0.04713278556523278,0.0,2.0352908456459046e-14,0.09813968176658014
1567,6,6.724213953611803e-09,6.734293343273322e-15,7.273834758474326e-15,4.767180574844588e-45,5.536088588152727e-25,0.999999993131978,1.4379402689082698e-10,3.187867802981385e-44
1568,7,3.1068121395463486e-07,3.208150853065975e-53,3.5993218705560874e-11,0.015147996096038589,4.5806215864525044e-10,0.0,0.9848516927286921,3.460783664899262e-41
1569,8,1.0798479854233164e-62,9.763979397725023e-54,7.88465589813888e-23,1.6572197589093754e-08,2.9641154533349106e-05,0.0,1.193122631911541e-08,0.9999703303420429
1571,3,3.46794112077067e-23,4.467245379139324e-64,0.9112377109982724,3.763337506940035e-08,0.02319915383404124,0.0,3.8991176119751473e-10,0.06556309714439937
1573,3,7.939087488177063e-26,6.1872085695688944e-43,0.6076872332995861,5.468406176404994e-08,0.1881359833926562,0.0,0.00024266408884698242,0.20393406453484905
1582,6,9.835733170229632e-12,3.362908417814084e-11,3.350667434881574e-20,1.6011357009273324e-43,7.510211382408138e-25,0.9999999783509138,2.1605621328141057e-08,2.893790665322793e-48
1585,4,1.6113443144852108e-17,1.0651993183949746e-45,1.3459620705192007e-08,0.9925815197083523,1.0969254705021678e-05,0.0,0.007407497576063305,1.2586961954045594e-12
1586,6,5.872073762260096e-13,2.1009750062432256e-06,5.844316474713004e-33,4.5679496350201285e-46,6.106889156133629e-26,0.9999978008025057,9.822190069272205e-08,2.2173400123791213e-79
1591,3,5.259069843718437e-05,4.1014939491211714e-20,0.9999323729965759,6.298384335576731e-08,1.4670592811784802e-05,0.0,2.2669220372877351e-07,7.603612791208864e-08
1592,6,5.846975436508457e-05,0.000145543409394377,2.6429187700327967e-08,2.9221095845722864e-42,9.418244266854755e-16,0.9997959602825175,1.2453434089381863e-10,3.2198374348022486e-20
1597,6,0.004080022068469057,0.007640446710475947,1.0599005335485648e-09,4.203218504960951e-43,1.4629631517982445e-16,0.988260224178827,1.930598232727921e-05,1.9992148969464193e-26
1601,6,7.505451216998727e-16,1.1950141608078564e-13,4.1468264332650036e-24,2.255933589273724e-44,8.635094225754999e-26,0.9999991349512436,8.650486361622753e-07,2.1889373671206923e-70
1603,7,1.0282662418012504e-18,1.3556743138759747e-19,2.0361156148467675e-14,2.0867854651157546e-13,8.321072636520788e-07,0.0,0.9999991678925073,2.011235312356946e-58
1604,2,2.3874809696172082e-27,0.99204522862978,2.842295931214855e-50,6.316697541334743e-63,8.145715928218916e-20,2.2787812240142234e-30,0.007954771370220097,6.98576592640223e-147
1605,3,1.1026803584172312e-09,4.106732205739399e-35,0.9605295825442136,0.004524630317765147,0.033723938344922745,0.0,4.555034301292166e-05,0.001176297347405178
1606,3,7.439323114005166e-22,1.4115372738751586e-76,0.93621443629331,2.034761989338443e-11,0.03786655303613434,0.0,6.212054047720876e-13,0.025919010649586897
1612,7,2.0240548415687993e-39,4.634660026487445e-53,1.5163723436175567e-19,1.2888604846835096e-09,3.6064322127666152e-09,0.0,0.9999999951047073,1.5135605529916206e-69
1613,4,5.3283401465785195e-09,4.78959723661876e-67,8.725255292563354e-09,0.9841603661421422,3.514710838749357e-12,0.0,0.015839619800747537,3.872483211975348e-27
1617,3,7.373795808898906e-12,2.2566912030336633e-47,0.9582908978117638,1.4590081461125388e-08,0.03198992257243762,0.0,4.818669327640669e-09,0.00971916019967403
1618,3,6.331285562756457e-07,1.6221368898269811e-21,0.9990591115347577,2.8682443653736164e-07,0.0008365111152927064,0.0,9.890287187494527e-05,4.554525081871809e-06
1620,3,0.015138003098657994,6.909190562167338e-18,0.9838076951428353,7.109108476049032e-08,8.129355989215056e-08,0.0,0.00105414873740281,6.364591893811765e-10
1623,3,7.282659879334349e-11,5.303810880679238e-40,0.9745771924365761,3.401052849137867e-06,0.02132431449095676,0.0,2.7698863374905347e-09,0.004095089176904978
1624,3,0.009724227187971949,1.7477750189315344e-07,0.9902624057486203,3.8943769696254477e-20,4.02876925625093e-09,0.0,1.3188117730343969e-05,1.394061017254298e-10
1625,3,9.549569006089677e-14,1.8851218926064022e-48,0.965187652125272,2.0851191554847828e-07,0.023068887457873766,0.0,1.07225905973837e-09,0.011743250832584106
1627,3,9.153881152752202e-37,2.4264129272983743e-64,0.7852755635940164,2.87035648423933e-05,0.1838801390440946,0.0,0.0001895521676121757,0.030626041629434445
1628,7,7.060731364841871e-16,1.00225193728809e-49,2.4266411432877825e-08,0.00011714162481952069,4.012837453188743e-06,0.0,0.999878821271315,1.8980223873769736e-38
1634,3,6.153061656359325e-12,3.6410679618672643e-41,0.9843836371407623,0.0006177857541662834,0.014939682833995467,0.0,8.735177740811454e-06,5.0159087182203126e-05
1636,3,2.0702305423939328e-09,4.970879853336755e-41,0.9926374205378229,3.8029636057975652e-06,0.006928574329013354,0.0,9.024703242241428e-07,0.00042929762900310983
1639,3,4.777711113627058e-07,4.4713783368100644e-18,0.9984638575725144,2.4170992474017724e-11,0.0014877434123452599,0.0,5.3632063104075795e-06,4.2558013547446817e-05
1641,3,1.0901109077196459e-16,4.6424825344580696e-51,0.9684046868996317,1.9638663368674167e-07,0.01693049292248113,0.0,1.5436435700482042e-09,0.014664622247609635
1643,3,4.217940303391562e-18,1.632894912680407e-64,0.9347596386799419,3.143858174353601e-07,0.043810673775550486,0.0,2.3173875753108365e-08,0.021429349984814397
1647,6,3.464930352215881e-14,0.00019450054553828153,3.6164819501980673e-42,2.014208259503439e-46,1.704461527700486e-26,0.9998052306465827,2.688078443845285e-07,6.102571825675707e-98
1648,4,1.0268176589555659e-09,1.6343191171213806e-47,2.988221180791723e-05,0.8982113004308729,7.462670896733486e-05,0.0,0.10168418962153412,4.2269091005476014e-20
1649,3,3.1713486392370303e-16,1.713032071402632e-58,0.9698573012994574,1.920119347383737e-05,0.025905676209687974,0.0,7.233179297589368e-06,0.004210588118082877
1650,3,1.84048530063868e-11,7.681873669123517e-45,0.9729381634458822,2.2531073831231157e-06,0.02327996030756605,0.0,7.873759195179381e-09,0.003779615247004451
1653,6,1.0370509536920253e-09,1.3383757230125504e-16,3.2904887048456354e-07,2.262708955521651e-43,4.101516241191828e-21,0.9999993847412213,2.851728571444082e-07,6.473789520790059e-26
1655,3,1.762165237000566e-18,6.964209006617179e-60,0.8190672228802189,0.010403469023150366,0.16565187214293375,0.0,0.004773773436842373,0.00010366251685446561
1656,3,5.2949602519184395e-12,3.0867720044728454e-49,0.9236636836633763,6.779149956234755e-05,0.07609767675197542,0.0,1.622038136260911e-06,0.00016922604165464812
1657,3,2.5238889411278816e-05,2.0511146126383142e-20,0.9996790129874797,7.569313880863491e-10,0.00027977889983911794,0.0,5.8094961678747025e-08,1.5910371376852355e-05
1658,3,2.1620279700308248e-18,1.3769716777315966e-58,0.9272940345639099,7.02164580303198e-10,0.012744159498221129,0.0,1.3705122395297458e-12,0.05996180523433391
1660,3,3.195250233978574e-08,3.4478444487222366e-34,0.9931472730151043,6.6889064924926884e-06,0.006434054243030384,0.0,6.476118222781615e-07,0.0004113042710481335
1661,3,4.018443925252376e-09,5.555966836619183e-40,0.9507310458796364,0.03582739757618929,0.013108126057590536,0.0,0.00032962686333730536,3.7996048023444496e-06
1662,3,4.618179029911888e-23,4.786217692292713e-55,0.9125906814928749,6.6885552902940255e-06,0.07144768109060663,0.0,1.7685832033820945e-05,0.015937263029194446
1663,8,8.036429861483479e-57,1.248718603151241e-30,9.40791456753357e-29,1.0696605685828217e-31,0.001166507475045084,0.0,0.0004323456396109186,0.998401146885344
1664,3,3.640357134562881e-16,1.7942965252294998e-46,0.905875072393807,2.379471087440782e-08,0.0527412421464196,0.0,2.067013054088918e-08,0.041383640994931706
1665,7,1.269155217019989e-05,4.503411335812252e-29,3.868114608691621e-06,1.2559013481065232e-05,1.0360332038709456e-07,0.0,0.9999707777164196,3.755128509871386e-37
1667,3,1.5630206606206771e-10,2.248083529489669e-25,0.9941824885650385,7.52823583113759e-09,0.005180139936529184,0.0,9.876044344981413e-09,0.0006373539378499773
1668,3,5.5056208275215735e-05,2.6563162328256073e-21,0.9993299698760997,3.194601760073282e-09,0.0005906838601690765,0.0,3.0024231168837055e-06,2.1284437737502775e-05
1671,6,8.283874737059014e-08,1.7450489103797447e-08,5.742027633379405e-12,3.181931687892754e-44,1.8398564658187856e-21,0.999999899703653,1.3685953189570447e-12,1.035298001289634e-27
1672,2,1.5566304999415372e-14,0.9999976178069383,3.168657706230982e-47,2.009784592204748e-54,3.99436747155661e-22,6.126468406054418e-09,2.3760665779194667e-06,2.598750308135223e-120
1673,3,3.792461435566763e-08,1.119687318409594e-33,0.9984431478562626,3.379927265286371e-06,0.0012717788014847261,0.0,3.1583268643353093e-09,0.0002816523320461644
1674,3,1.0938328668905551e-19,1.3002222488640676e-63,0.9227725460870402,1.82228081566024e-07,0.033663545061796064,0.0,1.021256817714712e-07,0.04356362449740048
1675,3,1.487469455202614e-11,5.371304808665755e-22,0.5986717451496757,5.5436043634109866e-08,0.3754107611909769,0.0,0.02591743799890278,2.095261632508575e-10
1678,3,1.3620618678476474e-18,6.925678364476406e-40,0.8737810667827856,7.962382108809599e-08,0.07552590577302665,0.0,0.0003804974404603367,0.050312450379906386
1679,7,5.0310977786435694e-42,6.594126777822184e-48,2.1098204836519682e-13,0.0006137532897144718,1.3770301541696398e-06,0.0,0.9993848696799204,1.8939121782369037e-28
1681,3,1.4093155190373053e-11,3.897745244774888e-40,0.9887909864526243,0.00011389591686672075,0.010966173208742979,0.0,2.7541812758613075e-07,0.00012866898954526137
1682,3,7.552373471064997e-10,1.8425997051809861e-31,0.9670603138633964,0.009327669401323936,0.02082230419283318,0.0,0.0027286889984525064,6.102278875663526e-05
1684,7,2.3910420641628573e-75,1.151477739180866e-59,4.060815076712119e-33,5.803265328825784e-23,6.440928892322706e-09,0.0,0.9999999935590711,3.7849694842725694e-97
1686,3,2.0537108193571316e-09,1.26449153358576e-36,0.9918667663810946,5.601141772389076e-05,0.008048908560360406,0.0,2.823142807102969e-06,2.5488444303053344e-05
1691,6,5.511783510987797e-12,1.48402006508683e-06,5.855727905557146e-24,1.3689045678592816e-42,2.6189304182285e-22,0.9999984747716979,4.120272529001367e-08,5.632909609206022e-54
1694,3,0.04142304354894046,1.810683758727963e-06,0.9585653216913852,1.4903931419611195e-18,1.454641521641905e-06,0.0,8.311268515535189e-06,5.816587853681853e-08
1696,3,1.738817777113733e-16,2.3414006566309027e-59,0.9201191532991262,7.472755151488473e-07,0.0684267888509844,0.0,8.533628531814732e-09,0.011453302040745504
1698,3,9.100681221591454e-24,3.1551418616226902e-74,0.9674815029312033,6.257621316746172e-07,0.01933580378758612,0.0,1.750256125035844e-07,0.01318189249346638
1701,7,3.41103262194292e-05,1.3828527403931046e-10,6.311449591725957e-12,2.4976609901640593e-21,6.760974301526455e-11,0.0,0.999965889461574,4.5515875203490465e-58
1702,7,1.1399037334335827e-09,3.1146094404585205e-52,3.830335034466476e-22,1.876639662572141e-09,3.1126849183952595e-14,0.0,0.9999999969834255,8.175030392289305e-87
1703,3,2.6227560466982413e-09,5.7266362476833924e-42,0.9909576590934039,1.7631339689435154e-05,0.00829958012055138,0.0,4.9615981789598855e-08,0.0007250772076175582
1706,3,5.7559928612213674e-18,6.255281280249619e-59,0.919500677919074,6.831673441252411e-07,0.059797838539566106,0.0,8.213060336172787e-08,0.02070071824341246
1708,3,1.4937191763199285e-08,1.3260588407750417e-31,0.997960856801564,0.00027854872906689154,0.0017007165581186606,0.0,5.7895813861365156e-05,1.9671601975676e-06
1710,3,4.241848453725371e-11,2.598725121165966e-41,0.9718164359172691,1.56514370077806e-06,0.02192185904689838,0.0,9.176649882624507e-10,0.006260138932048325
1712,3,5.887297360334455e-05,1.417743146737051e-07,0.9907762399879596,2.1146375285159023e-16,0.008719149508183255,0.0,9.935109411404333e-06,0.0004356606465274163
1713,3,3.4889908725588594e-14,1.0107523058028732e-34,0.896676386955325,1.946486171736434e-05,0.10288498853889406,0.0,0.0001078000940411797,0.0003113595499875073
1715,3,0.004036676971295893,5.858035392911008e-13,0.9954979668947507,4.5471797083765966e-18,1.5582553865494067e-11,0.0,0.0004653561177785731,6.477265031841885e-15
1718,3,2.4066332679974344e-10,5.251093752236883e-30,0.9885650796794853,4.4994146264309746e-07,0.011024594454452684,0.0,8.842333495468418e-08,0.0004097872606011869
1719,7,1.0125280390232461e-19,3.550008283045823e-49,1.463969436548494e-11,1.647177221109887e-05,4.853240249646932e-07,0.0,0.9999830428891243,1.9055666966211338e-46
1720,7,5.890933344232747e-22,2.9845668847913604e-47,5.223309053549433e-32,7.487398657365152e-16,2.311585018149321e-16,0.0,0.9999999999999991,1.7605688468315675e-121
1721,3,1.1400783133464603e-09,3.7498536942277797e-25,0.9874164277486396,7.245993482221974e-10,0.01198146232369996,0.0,1.2407610535798448e-05,0.0005897004524470752
1722,7,2.5472741538858874e-59,3.065906616348366e-100,1.6548615327812422e-47,0.0056687011127212325,1.4267445106871226e-21,0.0,0.9943312988872788,5.304416002275682e-63
1731,7,6.1019806557840245e-30,2.376380589752383e-47,3.795193825770198e-11,1.1535890148829288e-05,1.6358999294241938e-06,0.0,0.9999868281719699,3.066137504364798e-39
1733,3,2.1024884513026876e-18,9.65674751397833e-51,0.9384706332879633,7.412283472843705e-08,0.03319915423445353,0.0,8.534838176921474e-14,0.028330138354663057
1735,2,3.321743447333782e-48,0.9977976685998858,5.860619370443735e-91,6.50129336829244e-87,2.13943416701894e-32,1.2870649741774345e-43,0.0022023314001141806,7.130573607932765e-279
1736,3,4.08547087471352e-27,1.4317965147762944e-72,0.5526141214560599,6.795207374534761e-07,0.07799108435278095,0.0,2.1833202276401858e-07,0.3693938963383989
1739,6,1.4671959244471661e-08,1.1218128625949719e-06,1.6576649213807358e-20,2.3295523901182288e-42,6.631865414890465e-22,0.9999988635032623,1.191591893543905e-11,5.62061355510375e-41
1740,3,9.115594798343627e-18,1.8894337299528863e-42,0.8966393096728448,5.69653344995947e-06,0.05927183519054372,0.0,2.897039811890991e-05,0.04405418820504256
1741,3,1.193808041331887e-16,1.5929219046409217e-60,0.8642806020648259,6.872764835459642e-05,0.1356361318713295,0.0,2.5782345959702885e-06,1.1960180893800514e-05
1742,3,4.367457633194032e-10,1.9478855031134946e-24,0.9950583141783752,1.2235927406751417e-07,0.004787167259544921,0.0,4.973620714718121e-05,0.00010465955891291697
1750,3,5.6770699932817905e-14,1.4712233410642965e-54,0.7382279093481748,0.027449131878485897,0.23170008629677277,0.0,0.002495993799026204,0.00012687867748355873
1752,6,1.351494467241485e-06,7.513555472510552e-08,1.11628336300089e-09,4.434470290308056e-43,1.12739252498915e-17,0.9999985721756692,7.802540555834488e-11,9.23049253428399e-25
1754,3,1.574321770701961e-08,2.8045276656404405e-26,0.9904421955822632,1.1532937876743789e-06,0.007646953108641793,0.0,2.88899072498821e-05,0.0018807923648396531
1755,4,8.356531588986811e-12,8.019231196584333e-53,8.425303860102301e-05,0.9986717704714242,7.209991598265863e-06,0.0,0.00123676648999729,2.2642115048233735e-14
1759,3,9.30698963086616e-09,1.786447311787809e-23,0.9996094853069843,1.1058973621632917e-06,0.0003691316147706703,0.0,5.221091580413915e-06,1.5046782312768795e-05
1763,3,7.83370202947239e-13,1.2275060749998565e-31,0.9943312837327417,1.9495030594695785e-05,0.005452968410933462,0.0,0.00019537010124661414,8.827237001451365e-07
1766,3,4.3014388809594186e-05,2.548151961413461e-21,0.9995971120106153,9.668608016705225e-09,0.00029871600422300924,0.0,2.77266391798816e-06,5.837526382604899e-05
1775,3,2.0144644360887506e-07,4.766201431133289e-29,0.9992869196865719,1.808828959438759e-06,0.0006769486126778936,0.0,1.6201124939570913e-08,3.4105224222080925e-05
1776,3,7.278604985745984e-08,7.783334051023103e-24,0.9989094412972049,1.2889648573358998e-08,0.0009691805694998179,0.0,1.2016464972155956e-07,0.00012117229294704787
1777,6,3.796393823431282e-05,2.5708044979150204e-05,5.740792224922817e-09,9.326599793097428e-43,1.007379170840824e-17,0.9999363148314057,7.444588700225986e-09,3.795637984453565e-24
1782,2,5.1597420244399964e-58,0.9996548944321829,8.73593911748288e-154,1.4212385002368972e-105,6.692459794489612e-58,6.603815337965751e-31,0.00034510556781706855,0.0
1785,7,2.0015731329172624e-09,5.76713814309529e-10,3.7736653563531734e-21,6.799139599294363e-28,4.979779161123446e-13,0.0,0.9999999974212149,1.5754950468405316e-89
1786,3,1.9680932103525458e-28,1.1215128037350504e-76,0.9614258293891687,1.9877634906524324e-07,0.01104807365559923,0.0,3.448315391152902e-07,0.02752555334734389
1788,3,4.606107568714892e-12,1.2178814869388872e-28,0.9376772356034975,0.00013753274804105577,0.00871633965272378,0.0,0.05346888536137896,6.629752619561211e-09
1789,3,2.0391031018557843e-16,1.0289398494724231e-55,0.9619184502014422,8.101065594267449e-07,0.02777149426583054,0.0,1.9003048097304006e-09,0.010309243525862885
1791,2,9.771248991137766e-26,0.94264038824631,2.307893290821138e-49,1.0114660949433971e-51,6.81240560956773e-19,0.0,0.057359611753690073,2.2980294339256328e-158
1797,3,3.715852162576191e-15,7.033619784583025e-42,0.9822507334001522,9.981556346498057e-06,0.01681207363191156,0.0,1.7171135309509664e-06,0.00092549429805506
1798,3,0.0015519569303050406,6.127411393541394e-12,0.9973854479726153,1.4167840907773984e-11,1.4294814645663814e-05,0.0,0.0010482993881774066,8.739616653025606e-10
1800,4,1.4568852099971298e-09,8.141342920262668e-48,1.79433890715658e-06,0.9970931563644797,2.4804723328536517e-05,0.0,0.0028802430675965744,4.8802912772786595e-11
1801,7,3.9284133218796564e-15,1.3549694485543497e-43,8.36060310088919e-07,0.3085027776334792,7.563364669590632e-05,0.0,0.6914207526595109,5.330813450543074e-23
1805,7,1.355266235740064e-19,6.125509606816744e-20,5.124110583675277e-77,4.239165861144654e-49,5.257160745386565e-40,0.0,1.0,2.544005855176807e-274
1808,7,2.3273760413399468e-14,5.643570966691425e-46,2.967554269566074e-09,0.38062137867606266,5.983172758282555e-07,0.0,0.6193780200390839,5.2415572209173105e-24
1809,3,6.667713738480047e-16,3.750828170504965e-52,0.9671263117821106,3.479668353033747e-08,0.01644628359688793,0.0,2.7014280954013527e-09,0.016427367122889027
1810,8,1.1191211337092232e-25,7.9404407496447615e-50,0.2896374737102194,1.015998274022281e-08,0.2208246462019935,0.0,0.00015255403014789192,0.4893853158976564
1811,3,1.0484928405850649e-15,5.123008802231935e-29,0.940023470632933,1.0739751088959344e-07,0.05911804074144436,0.0,0.0005727821942091715,0.0002855990339013969
1813,3,1.174468144387814e-27,1.5424205840867143e-42,0.8129195550838143,6.744812239730058e-05,0.16938902531976857,0.0,0.011052914118859879,0.0065710573551599075
1814,3,6.854967766796648e-16,2.7035642565495955e-36,0.8184232798898226,2.085677577879117e-09,0.10563723762004075,0.0,5.724635084388136e-08,0.07593942315810757
1819,3,3.163875084869561e-17,1.8132524367746826e-43,0.976380140389501,2.205086764528034e-06,0.022045823967551392,0.0,6.007035844292176e-07,0.0015712298525986123
1820,3,8.070874396794169e-14,1.9019026637292734e-50,0.9058452799438046,4.1666403898470405e-06,0.06383716415454713,0.0,2.0212237273685812e-07,0.030313187138804962
1821,7,4.0290869800343076e-08,6.852162843293383e-30,2.98952902895462e-25,1.964199622036725e-15,8.783523376849454e-18,0.0,0.9999999597091282,9.643484673153832e-107
1822,3,2.9215708168923523e-06,7.800502917354324e-22,0.980377766982448,7.214406229671533e-10,0.019464981555448006,0.0,4.602023617230835e-07,0.00015386896748466504
1826,6,8.880719654556976e-31,2.3775179107325e-19,3.190198040323394e-80,3.782962365339891e-59,1.0981829301922615e-49,0.9999882300973646,1.1769902635417155e-05,1.4899552901460432e-223
1827,6,2.279183670703423e-11,0.08824199387541519,3.7200189765269464e-39,2.324824587148982e-45,2.4092787158278918e-23,0.9117567621473278,1.2439544651641499e-06,1.0425607876728251e-89
1828,3,0.001623304248084025,3.3124533684801867e-15,0.998346024746556,3.008658126060492e-10,2.063314450132607e-07,0.0,3.0463587494687562e-05,7.855511082727749e-10
1831,7,5.411108937334505e-20,7.256661715106573e-13,6.830338535793479e-58,2.6266739115487266e-43,3.6635150231778886e-27,0.0,0.9999999999992744,4.0667925870483625e-211
1834,6,1.501249316210458e-11,1.4874721427165342e-08,1.2979835162961946e-22,2.177919791520558e-42,3.420608214091309e-21,0.999999985097287,1.2979049930747e-11,1.0743824949684914e-53
1836,3,3.6369958398615e-12,5.142036753735525e-52,0.9386061283458622,1.9315048448000915e-06,0.04981668941868686,0.0,8.316429154775815e-08,0.011575167562677586
1837,3,1.5964253177023778e-10,1.0725424674905112e-50,0.966971847863856,4.276508706261054e-07,0.023664833810908347,0.0,4.913929027377359e-09,0.009362885600793252
1839,3,4.814465265236807e-12,8.64355671898033e-34,0.9944930131216073,9.664412439213374e-07,0.004862862631987016,0.0,1.0423741142471847e-07,0.0006430535629356504
1840,3,2.071810720060362e-16,5.154590593335928e-31,0.9897107618965225,2.5629092532157495e-05,0.0102429570933008,0.0,1.4999902307772671e-05,5.652015336659868e-06
1844,4,5.620308784489245e-10,2.053315698842625e-46,0.00021271384494720629,0.984285482661098,0.0008318961224763041,0.0,0.014669906627236856,1.8221073548196247e-10
1851,3,2.759898674020881e-07,1.0036426250306088e-28,0.9976456883422867,2.0061018512591052e-07,0.0018205780396737504,0.0,5.25295545846144e-08,0.0005332044884323184
1856,3,0.0005664813037751634,4.1866830503269944e-27,0.9958468749047464,0.0014590064177595627,0.0006228154073827625,0.0,0.0015048217532967832,2.1303925276062812e-10
1858,3,1.528433110291276e-12,1.8550298039897207e-51,0.958951020559523,5.147388731733659e-09,0.030477616548737197,0.0,4.715969608720298e-10,0.010571357271225707
1861,3,4.4028100307321615e-19,6.250447964560667e-66,0.9595962362335089,1.3083718392351246e-06,0.03580235528194605,0.0,2.63809408512991e-08,0.004600073731765046
1862,3,4.803683061715063e-15,4.545632112858861e-55,0.8494707820076574,7.732866470664204e-09,0.08003416449732594,0.0,5.435249840145444e-12,0.0704950457567102
1863,4,1.2572275870506541e-11,4.103057188579626e-48,9.3539676697016e-05,0.9801800181096203,0.0002204914217194901,0.0,0.019505950752272964,2.7117952731877667e-11
1865,3,0.0009752339232934872,2.906647788469209e-17,0.994687707963351,1.0454279822868533e-13,0.004106376659686901,0.0,1.636121397539208e-05,0.00021432023958846834
1867,3,6.1826435210817945e-21,4.948460617624262e-69,0.9312203034940664,3.1420577196998855e-08,0.03108622919022993,0.0,1.88650568093918e-09,0.03769343400862074
1868,3,1.628492306214754e-25,2.7516008807584977e-62,0.9051407371116651,1.7543404607294573e-07,0.016904401063873607,0.0,2.188896239169755e-09,0.07795468420151896
1869,6,1.2321196646823963e-08,0.00028313931609093876,5.07814565377638e-22,4.688046172265873e-45,2.152535762695215e-22,0.9997168348000317,1.3562680747441637e-08,1.0394047656342447e-49
1871,3,9.672032989650316e-08,1.2800360031585417e-20,0.9991048290766629,8.203940121596867e-10,0.0007464090502805794,0.0,4.7744423251468226e-08,0.0001486165879094821
1874,3,0.001967818996705728,5.354265098801756e-13,0.9973132375169572,2.166640270564566e-11,0.0003573347300312926,0.0,0.0003615778032845423,3.0930819377266773e-08
1875,3,3.072443466580261e-22,1.8953592757169106e-64,0.955092857527543,8.828342269173979e-06,0.02339477670431498,0.0,3.292103055347256e-06,0.021500245322817486
1876,3,2.7539438352445084e-28,4.170634287608246e-58,0.7458024083406671,3.512984190951146e-06,0.05193309919338344,0.0,2.343209443026767e-05,0.20223754738732816
1879,6,6.480345967847467e-08,1.0917007763323303e-08,1.2051777578333864e-09,1.6852113383550523e-44,3.3208146209887997e-20,0.999999923069993,4.3618414402202436e-12,1.8075965950500518e-24
1880,3,1.0102061729775262e-09,4.2802269523489307e-45,0.9778715607252904,2.610752420661063e-07,0.02111697915985359,0.0,1.145267942180139e-08,0.0010111865767284233
1882,3,9.494887104974228e-09,7.481391175906381e-22,0.9973002659498598,2.924830926327958e-08,0.0025355620164222805,0.0,4.3019295427959037e-07,0.00016370309756724732
1885,7,3.207970673735373e-13,3.8329619402618704e-17,1.0916766470593883e-11,2.4033731307125707e-11,2.1061053914696135e-06,0.0,0.9999978938593371,4.622136214787771e-50
1886,3,4.251599673768081e-11,4.712353789792639e-14,0.9962580402342335,1.6544694462698466e-11,0.0010820687227826357,0.0,0.002659887876915499,3.1069606103368253e-09
1887,3,3.7075503104668185e-14,5.504280291309461e-60,0.907749135906789,3.364520632753402e-10,0.02347151809314357,0.0,8.658645902350215e-11,0.06877934557699186
1888,7,1.8244627935681076e-46,1.2339347179159924e-53,2.3719131287444733e-10,3.5479932746090474e-07,2.457903766098913e-05,0.0,0.9999750659258203,1.8565886435645888e-39
1893,3,1.5666825666164008e-07,1.977745958866515e-30,0.9991046588928661,1.2850559644987366e-05,0.0008601777967929782,0.0,8.142241228821552e-07,2.1341858316410663e-05
1894,3,8.39819056808878e-10,6.527948813263128e-32,0.9028680921782847,1.0009444204763958e-07,0.08167073152556395,0.0,2.401400643321741e-07,0.015460835221825958
1897,3,8.971387832499755e-17,2.9250384417196055e-42,0.9462647188219805,1.3117036213058417e-05,0.0469842149827153,0.0,2.6185981437854198e-05,0.006711763177653155
1898,6,2.013838001963493e-12,9.583024716733245e-10,1.4772740852389854e-09,4.725709562897959e-45,1.7213829608069985e-21,0.999999997560486,1.923520036455105e-12,7.520916830561595e-25
1900,1,0.9996892364759644,0.00028536445313775727,6.3068499272467e-08,1.4839831270063402e-43,1.0098292417198299e-07,2.5235018898495553e-05,4.970026965800553e-13,7.894971854785165e-14
1901,3,4.0989691755073385e-10,3.686447754333098e-20,0.9913749826338043,2.074390684405216e-10,0.008456547674794814,0.0,5.753326372671902e-06,0.00016271574769228855
1902,3,2.7160869866156785e-24,6.155875720973099e-68,0.9439611722492997,3.028004386428394e-08,0.016171811566303484,0.0,5.531807324141903e-10,0.03986698535117224
1903,6,7.343904556940929e-07,0.00012041940184309122,5.9396656392815546e-12,4.584084458228271e-43,2.326899320767347e-18,0.9998788461978604,3.901185697867487e-12,4.076740713469037e-24
1905,3,3.482054373410458e-13,8.374296336402809e-27,0.8390798315513796,2.62128314414009e-10,0.15909238002119624,0.0,2.075811531198803e-06,0.0018257123534163608
1906,7,0.0024610367813043843,1.0058505749089e-57,9.738205481252582e-13,5.429967050560016e-05,1.4143715769446539e-14,0.0,0.997484663547202,1.5088452340308766e-54
1909,6,3.7396440797815115e-07,6.75420232105481e-05,3.969695674275125e-18,1.5767491968338843e-42,4.882543240636559e-19,0.9999320512522536,3.276012790430639e-08,8.667673887393778e-43
1911,7,1.637460696301622e-26,4.513529032928103e-50,3.636075515918931e-06,0.46526720459584864,7.851657843052408e-05,0.0,0.5346506427484411,1.7637795648220254e-12
1912,2,1.7309035105464446e-27,0.7440109420142214,1.4092660989156694e-45,7.990840477928925e-50,2.871033868354394e-18,0.0,0.25598905798577876,2.095418545893497e-142
1913,3,0.0001582582852854878,2.09326349551113e-18,0.9985078929391036,2.6735790325811353e-08,0.001271513930660243,0.0,6.22536137244769e-05,5.4495435964926185e-08
1915,2,4.978118492703089e-19,0.9985743163172858,1.6300489886382435e-37,1.0322174755640889e-59,2.6594637512385212e-15,0.0,0.0014256836827115575,1.9982846988534778e-111
1918,4,5.848696669769005e-08,2.812761368679713e-51,5.066896702997311e-05,0.9697478435390269,3.6043987752297086e-06,0.0,0.030197824608201064,4.745007110667234e-17
1923,4,5.584273670306614e-20,1.705438769058023e-54,0.17568354645101483,0.47256930004691294,0.16865701489511276,0.0,0.18309013503095814,3.576001474449775e-09
1924,6,1.1381610698287017e-07,1.1822817780403627e-10,1.3951478857190354e-14,1.1453730442894232e-44,1.0783649052839033e-22,0.9999998860573537,8.297221924406192e-12,3.183090886151701e-37
1927,3,6.395467240262175e-08,1.0720236018406651e-24,0.9995347314805512,2.407147138107538e-07,0.0004396998283923672,0.0,2.9070459314025837e-09,2.5261114624358796e-05
1928,3,5.2861845511842105e-08,5.1363408782515954e-36,0.9766938916856768,0.020248304635719427,0.0029184754493139196,0.0,0.00013924103095275004,3.433649169010438e-08
1930,3,3.281664794047851e-11,4.2058914015943664e-27,0.911550395203374,4.993559525457253e-11,0.06449896512208356,0.0,4.617757869441037e-06,0.02394602183392078
1932,7,1.6127445387544093e-13,6.464353399745363e-46,1.186707857240774e-09,0.017721919482942192,2.2779734475426868e-06,0.0,0.9822758013567411,6.808339447445625e-36
1933,3,6.045744485588137e-07,8.55582613028401e-33,0.9983980365481204,0.0007259608744869168,0.0008612279499273835,0.0,1.3373760358732534e-05,7.962926580422439e-07
1934,4,1.436210514391721e-20,1.3491330439657839e-49,1.2428823908471032e-05,0.7575080977380572,0.00040432427963071123,0.0,0.2420751491582961,1.0764200662344163e-13
1940,3,3.808710612017941e-09,2.1103380286979564e-14,0.9952483986379244,3.979544167940444e-13,0.004549456166485745,0.0,1.0098787439525611e-06,0.0002011315077163582
1941,7,2.2387911056502328e-06,1.1203041884393972e-08,1.9132158119760227e-10,1.017677191827971e-18,1.1063109398595374e-08,0.0,0.9999977387514214,8.759526889007733e-52
1943,3,0.00597154585304577,3.84144272879425e-09,0.9939970511372245,1.6113279355308895e-15,1.6989019094081896e-05,0.0,1.4092347644878588e-05,3.1780154627662883e-07
1944,3,2.038375653909707e-08,4.401830071503915e-27,0.9955082496520096,3.81801580737084e-08,0.004076275743511821,0.0,3.901332226491815e-09,0.0004154121392317336
1946,3,1.1633995396622767e-21,1.0926530721039699e-48,0.95052402915882,0.00016953361200707493,0.0489491175314882,0.0,7.408141640668012e-05,0.00028323828127800897
1949,5,1.3941622396830117e-17,4.640114054397868e-65,0.27992789380044425,2.310007946187243e-10,0.7066527315933216,0.0,2.5616307065717256e-11,0.013419374349616925
1953,3,2.8448809988129067e-10,1.74994170907635e-28,0.9945461163552143,2.043434997915256e-06,0.004957797869816098,0.0,3.7401479831742365e-06,0.0004903019075004708
1954,6,4.202058981905978e-10,1.7347461676086833e-07,9.580700119230777e-24,6.60660680786329e-44,4.618776473338847e-24,0.9999998256576069,4.4757048186366993e-10,8.118670162628904e-57
1956,6,5.423997908591812e-07,2.5826813297784545e-13,3.98849586991666e-07,5.29706175751152e-45,2.7374967208433598e-21,0.9999990586899218,6.044212380407175e-11,3.7369082875788015e-26
1958,3,1.543820106457577e-14,2.3602608141330227e-52,0.965493681091565,1.8602209260967639e-06,0.028054510645815895,0.0,1.715233263161329e-08,0.006449930889345068
1960,3,1.4229494496065334e-07,7.52103443632775e-17,0.9827183976848174,4.671672403478079e-10,0.015133775523295347,0.0,3.453588486253315e-05,0.0021131481449124076
1962,3,8.835126468522542e-10,9.285930700757183e-37,0.8395374855464893,7.266612406144494e-11,0.1440357162506067,0.0,4.197748373441997e-09,0.016426793048976943
1967,3,2.23699676806315e-09,1.0475242896368693e-47,0.9627248224729257,0.00015157491573694571,0.03709262803121748,0.0,4.401547819270919e-06,2.6570795303899978e-05
1968,7,7.936653428832807e-09,2.1339768719545346e-57,9.815529805038345e-12,1.5828480757793782e-05,2.476269934208906e-11,0.0,0.9999841635480106,1.5327559982603809e-49
1975,6,1.0041289117778349e-14,5.449563815807193e-08,7.140445553917183e-12,2.6649675134518563e-43,6.496292143314778e-19,0.999999945497162,4.9394272501881865e-14,2.2563214296094168e-24
1976,3,1.9793774387091528e-25,4.9828161298987924e-57,0.7376055046075023,0.00026237155202588134,0.17204972182816802,0.0,0.0012065376911624792,0.08887586432114129
1979,3,0.00017904772029194737,2.43333194620067e-12,0.9998208789993349,8.518988006420983e-13,1.8583200412875575e-08,0.0,5.3740893078425074e-08,9.529942322058916e-10
1982,5,8.08115083672104e-22,3.4048306219520933e-48,0.16954758165074385,2.4826033342645565e-06,0.8301771508392201,0.0,0.00019992906343102617,7.28558432709415e-05
1983,7,2.3444825570672492e-18,3.246643990348003e-47,1.9703258398908066e-16,1.8582224661674176e-07,3.052425612257428e-09,0.0,0.9999998111253277,2.4208834230974186e-66
1986,7,1.3611769259494993e-15,9.400265186939098e-48,8.851953558921275e-13,4.722055901756776e-05,3.1404832755050687e-09,0.0,0.9999527762996127,7.392315001984917e-44
1991,3,1.0611338600164558e-26,3.306285175071041e-65,0.6470075164534552,3.347786433940917e-05,0.1057477047512618,0.0,2.640638294734801e-07,0.24721103686711404
1993,3,1.613104566612869e-13,2.0754506103128123e-38,0.8709055270359923,8.943574878298794e-06,0.10612644108975881,0.0,3.120864336572671e-07,0.02295877621277554
1994,2,2.902666154146977e-23,0.9933908277398371,1.461830462835556e-37,2.973293997938466e-62,2.9313817858405193e-13,2.1003090205465001e-38,0.006609172259869756,1.2737670533217351e-114
1996,3,1.1635617821750065e-13,2.3109261554458525e-46,0.9875440861866075,6.005800889416426e-06,0.010913965807426483,0.0,1.362894494084703e-07,0.0015358059155108964
1997,1,0.9999515418762819,4.5144342473422604e-12,1.5143391867445685e-12,2.4545801819939212e-43,8.910058429092344e-07,4.756711183587433e-05,1.0574802265284189e-14,1.2657236105792092e-17
1999,3,4.1771326483199846e-07,5.782947241680277e-21,0.9916093855920783,2.3388777479020268e-07,0.006016888590094083,0.0,0.00016194240493339217,0.002211131811854446
2001,6,1.4674502673907675e-05,0.06834368852335428,7.148840886415352e-21,2.3553739852177234e-42,1.9069349757511315e-16,0.9316416367934176,1.8055406180389708e-10,7.27549790313866e-39
2003,3,4.193775875791157e-05,1.6737477394289533e-20,0.999859508764045,1.1833913380029388e-09,6.292531156368991e-05,0.0,1.1528015269311444e-08,3.561545422673908e-05
2005,6,1.9749409467005967e-16,5.350965222778229e-18,2.549920180089457e-37,3.976914622239872e-49,3.118008986258896e-34,0.999999943913046,5.608695373201705e-08,6.0240917535875e-104
2006,7,1.3057234030807068e-51,3.7730335362344927e-51,1.1245991625717843e-25,1.2208578167147332e-15,1.5834631839020407e-08,0.0,0.9999999841653668,1.0189058178852131e-84
2011,3,3.1340669707652385e-07,5.6052012492476186e-28,0.9973664626207069,3.1291396914161824e-06,0.0026049449566590767,0.0,3.526646325943282e-06,2.162322991964251e-05
2012,6,5.079464424982801e-12,3.326242160256718e-14,1.3625502525770412e-12,1.1216635990718548e-42,2.0718574284398484e-24,0.9999999333862302,6.660729450955324e-08,7.259098696981027e-35
2015,6,0.00013494360315255725,5.0943796196936714e-06,3.760530046700345e-10,1.3459659188502806e-43,8.34425300170822e-18,0.9998599616022736,3.8901111471920735e-11,2.3036812449656357e-26
2020,3,0.0001837566570191274,4.712347600116481e-21,0.9996892012807719,1.7404378737994118e-09,9.650617388709072e-05,0.0,1.102277763996869e-07,3.042392010768273e-05
2022,3,7.648785164700698e-15,9.747666046316009e-33,0.9158526936349551,8.606357116172565e-09,0.07586164132117823,0.0,5.97424547027557e-08,0.008285596695047128
2025,6,1.5433037325386352e-09,1.3678716244159684e-06,4.949777172741368e-10,9.379600794023255e-44,1.2981488921565395e-18,0.9999986300899737,1.2038996877843384e-13,1.1143248904031908e-22
2027,3,2.4251508203696443e-15,3.5387505896226185e-33,0.8816423758764987,2.5284980036865853e-08,0.08147026079723052,0.0,0.00010353833305981104,0.03678379970822845
2029,6,4.669564577336588e-10,8.863304418943956e-06,2.7905627899085345e-11,2.769634991548092e-43,2.0322573464558725e-20,0.9999911360453222,1.553968043307294e-10,2.1443492462728547e-24
2031,3,1.4336167216979587e-08,8.850300956481906e-28,0.9956767790644612,1.389078037944365e-07,0.0035037928537469424,0.0,2.213423496305882e-05,0.0007971406028576512
2033,6,1.1898945147345653e-07,3.1856823228337683e-06,2.5303931336477333e-12,2.2408690128252843e-42,5.141860945057534e-18,0.9999966952026601,1.230352706666374e-10,7.640873787465057e-27
2034,3,0.038022572347614664,6.816527829223932e-09,0.9605154040945942,1.926958292641e-15,4.5661564657125165e-08,0.0,0.0014619707288356686,3.508610666998972e-10
2035,7,7.399527493393357e-20,3.630493400861905e-11,2.5448217690132835e-21,9.377140949029032e-46,0.034210722302735724,6.473657997916482e-28,0.9657892776609593,1.4704435100101552e-46
2036,7,1.0068171937601085e-17,1.3038897876723306e-39,7.432779554421066e-08,0.0007972986360119093,6.78806811956833e-05,0.0,0.9991347463549969,9.00680437906467e-32
2038,3,2.952523068107089e-12,1.1704866596658216e-46,0.9511771252342374,5.438977217118543e-07,0.03834609315597273,0.0,2.3873593462039293e-09,0.010476235321756244
2041,2,1.1529523055792825e-21,0.9966662685523101,2.0469562980719266e-52,2.8779673572337466e-57,4.922731917062413e-21,0.0,0.0033337314476898855,1.601689053667978e-159
2043,3,3.112298593326712e-08,6.358126109983494e-38,0.5643017375751661,3.68535145887604e-12,0.42270113535556575,0.0,1.006006930753099e-10,0.012997095841996093
2050,3,5.142219078396617e-19,6.321886434471462e-76,0.9064457661929719,8.058132549804448e-11,0.04522256514463837,0.0,3.672906520377642e-12,0.048331668578135506
2051,3,2.370963868311305e-17,6.367279601966636e-52,0.9317527366224091,4.557280322099814e-06,0.04024863844159445,0.0,3.517079954146206e-09,0.027994064138594437
2054,7,2.372799545895051e-11,9.713577674527259e-49,1.0641812588305274e-08,0.001890980133430075,6.351404866722065e-07,0.0,0.9981083740605428,8.790634572947865e-40
2055,6,3.3451159003311664e-09,3.147241831154581e-07,2.2996895747270373e-14,1.0834791568389539e-42,3.3562204308469935e-21,0.9999996819247681,5.909865863651749e-12,1.0545183977362931e-28
2057,7,2.9369763515704702e-36,6.98769879947017e-61,1.1141879027993216e-05,0.014599116452584044,0.0005506876444625373,0.0,0.9848390540239252,1.2468888218970557e-16
2059,3,3.552107280731766e-10,2.4400429460017675e-42,0.9858000794495736,2.5934205155290174e-06,0.01314285472855147,0.0,5.753809395932584e-07,0.0010538966652090384
2061,4,7.34206776990197e-32,5.345545415867493e-49,3.7681352675116485e-12,0.9812836662181748,4.5310497640486756e-07,0.0,0.01871588067103387,2.046769343876173e-12
2063,7,2.1160919145720723e-46,1.472880329763729e-30,1.6344211658603049e-52,1.377613486793423e-28,1.976749564960858e-18,0.0,1.0,5.6170619665091365e-171
2066,3,1.246031516091413e-05,2.3923756130506887e-20,0.9999851275630044,8.575806140254188e-08,1.6851771764966986e-06,0.0,5.6063021105459725e-08,5.851235757118027e-07
2069,3,2.5567494833697126e-09,1.5424951684619625e-31,0.9880693161037903,5.537256027557949e-08,0.008654562498255712,0.0,1.5676979516359408e-05,0.003260386489127897
2070,1,0.5935615113989301,4.5143525271699044e-14,3.619458483351513e-07,1.0341695733248342e-28,0.40643812605535656,0.0,3.4685513579645664e-11,5.651343253476128e-10
2072,3,1.9007635158863418e-07,6.891027172267447e-23,0.9991695383115481,4.4405082054915614e-08,0.0008074952923395138,0.0,9.272734473502627e-06,1.3459180205331654e-05
2074,3,2.4715250049250102e-14,9.175733899073641e-31,0.9891133800639129,5.163928379196472e-07,0.010762864367038062,0.0,4.6948259752044e-06,0.00011854435021131268
2078,7,5.603661497515351e-13,3.7074193616026084e-16,5.024010130838231e-13,1.1662065180215115e-15,3.792963147805223e-07,0.0,0.9999996207026208,6.505049707096001e-55
2080,3,8.633718203798097e-17,1.8836166469081287e-60,0.9421691029399422,3.048951897679387e-08,0.030445377284655475,0.0,1.043335918822978e-09,0.027385488242547402
2082,3,3.50641464852278e-10,3.7547543767556094e-47,0.97807146313374,0.00021771368552432147,0.021214866765736074,0.0,9.589233537255336e-07,0.0004949971410043765
2094,5,7.536726615233753e-23,4.607322588944819e-35,0.030691914431779682,4.653722266849737e-15,0.7713575309864955,0.0,0.0013958160899252621,0.19655473849179492
2095,3,2.1594003284714016e-05,8.988244246699401e-08,0.9998110168588481,4.5192281146607517e-17,0.00011741869677579405,0.0,4.983688088115211e-05,4.367776776488533e-08
2096,3,4.701398457854332e-09,6.53442599968943e-37,0.9743931460991094,3.0462784878652272e-09,0.020803976970946582,0.0,1.0148282325617197e-10,0.004802869080784085
2105,6,1.5115964317672264e-07,1.555644840676364e-07,3.3148664000842864e-10,2.410626587817347e-43,3.635685076474392e-19,0.9999996929425203,1.8656352842758546e-12,1.3820159794321276e-24
2108,3,4.1961733671069535e-14,1.4049975166159517e-42,0.9396249369792532,0.0032892873160961936,0.05691757673113856,0.0,1.0090963180400072e-05,0.00015810801028949255
2111,6,1.894095888082968e-16,2.137080504374104e-13,2.448554224098721e-08,5.2357005580420014e-43,8.244206830605276e-22,0.999999975511657,2.586810699621125e-12,2.668360043085712e-23
2114,3,1.2367835644910114e-19,5.724470577327562e-47,0.9736512689772543,1.9795654286152932e-06,0.020430157597534908,0.0,2.862772896082148e-06,0.005913731086886104
2115,3,2.8919623245309095e-08,2.430821592946658e-17,0.999612625246634,1.5225561887410555e-07,0.0003625831982788654,0.0,2.4586601725151796e-05,2.377811993687348e-08
2118,3,1.5658924549110884e-21,2.8149793290019387e-58,0.9266002391994583,0.00010393847596955024,0.05073401987879437,0.0,3.918357253347807e-05,0.02252261887324436
2119,2,0.0006235123365800973,0.999360147086294,6.62838508178438e-10,9.056942806080063e-47,1.625730880661766e-09,1.4566912441154793e-18,1.6338288556397315e-05,1.4785801263900112e-29
2120,3,2.452667711559068e-13,8.989115638091404e-48,0.9589558855675723,0.00034965600837991216,0.03702446151955876,0.0,8.292120334923095e-06,0.0036617047839088246
2128,3,7.491853930331379e-15,6.13574784257546e-44,0.9588894851285539,0.001368107245448926,0.03932766154033296,0.0,1.3095192077019064e-05,0.00040165089357966136
2130,6,1.9229840671871484e-09,6.194540443361122e-12,1.3308506709002135e-13,6.325835977169711e-44,8.902372469440997e-24,0.9999999978801483,1.9054012414030342e-10,3.822983143596447e-36
2132,2,2.05610400540474e-58,0.9985337261271299,8.060274464298483e-128,2.9359192467812822e-95,3.354565099213475e-43,9.848065670711057e-45,0.0014662738728701392,0.0
2133,7,2.405430710992847e-22,9.861926533766089e-05,3.220662469229408e-12,4.3596000821532474e-34,0.0002821852370614559,0.0,0.9996191954943802,3.561072422022324e-50
2134,3,7.033479455437987e-22,1.6748553092832454e-56,0.9472926658313539,1.1739299270255422e-05,0.04207753457990995,0.0,4.7296337906371487e-07,0.010617587326086843
2138,7,5.196580213530711e-22,1.5472798883795517e-41,7.85893567657374e-21,1.2812945777652431e-11,1.2936888893047608e-10,0.0,0.9999999998578181,7.751444005621164e-83
2139,5,1.1777145325984812e-40,1.4139865622409285e-56,0.01056992506038004,3.3114336021949096e-10,0.7942390282219055,0.0,0.00035654575419108783,0.19483450063238003
2142,3,4.2252807438136534e-19,3.1499145652835346e-66,0.9469457840302753,2.379874890017243e-08,0.02938230989746354,0.0,8.881052360633027e-10,0.023671881385406976
2143,3,1.2493547469742707e-13,2.4755748445648413e-42,0.6971985563590957,1.1723438077098998e-06,0.19632756295079468,0.0,1.95732088078153e-09,0.10647270638885604
2144,4,1.6919850529005055e-11,5.1719511871852835e-55,1.286636559551495e-09,0.9701226429037393,5.857671758662067e-09,0.0,0.029877349935032636,2.692815771883679e-20
2146,6,3.506614346098624e-12,0.002529292607250609,1.4368864727006442e-36,9.480954483117908e-47,9.073881516657181e-25,0.9974702551092269,4.5228001574093e-07,2.320930602044455e-85
2148,6,1.5665255032715992e-11,1.5693391023677056e-13,1.203841154907991e-15,8.993480270017122e-44,1.4626326074996254e-26,0.999999999953953,3.0223646265738374e-11,1.236558419935232e-37
2149,3,4.030919921736408e-12,6.725540416844944e-40,0.9929216320085691,9.311840188301183e-05,0.006776903504577585,0.0,1.1541362161776114e-07,0.00020823066731782386
2151,3,5.740998271384079e-07,4.4252962508485115e-08,0.9388940107221613,4.1299093417654637e-16,0.009605291974890996,0.0,0.05150007230863838,6.641519294230917e-09
2152,3,2.7055807550997228e-05,2.1827600776163216e-26,0.9996080086635456,0.00021750045685837635,0.00012368632086229506,0.0,2.3646189539081008e-05,1.0256164360933818e-07
2153,3,3.5161741275116804e-07,3.5805024936536205e-29,0.9992457306896201,1.8384457026721776e-06,0.0005764219021206394,0.0,4.329220427088632e-10,0.00017565691222187833
2154,7,2.7770954565326153e-11,4.352288580108532e-16,3.804459316540759e-11,1.9548295856319343e-11,8.728719376584936e-07,0.0,0.9999991270426981,7.961183408564989e-48
2155,3,4.398773917615441e-15,1.3469837980405455e-55,0.9440752931950861,3.6737422795252393e-09,0.025101930817083576,0.0,5.011032744745214e-12,0.030822772309072547
2158,7,1.4849541932052445e-16,1.0319043811431996e-44,0.0010407513673040935,0.3170548753208123,0.018722178004034393,0.0,0.6631821953078489,2.0094481977809135e-18
2159,3,1.0212894237233631e-25,2.0894372999982953e-40,0.7169194571549993,1.085310420566288e-06,0.25342220073310273,0.0,0.008102599093777328,0.02155465770770012
2160,6,1.5096244026682107e-08,9.899610873441508e-07,4.588785648798825e-10,9.528207359434397e-45,1.0818488931169029e-19,0.9999989944835145,2.7560079513262806e-13,1.650069714430551e-23
2161,3,1.8775510979295704e-06,2.857529510841105e-20,0.9974066881823078,1.2179984264174053e-10,0.0024322793905355716,0.0,1.3946694918213347e-06,0.00015776008476693203
2162,3,8.544679079526089e-19,9.557337221990718e-75,0.8957386142755117,5.419059762240769e-11,0.04450236324058273,0.0,2.0601247599993828e-12,0.05975902242765475
2163,3,2.3456964045425135e-13,3.547852098916459e-29,0.9940358833766537,9.26782939196629e-07,0.0059209347417282605,0.0,4.063337911272413e-05,1.6217193314823808e-06
2166,3,6.683279609138446e-10,1.423027623506192e-21,0.9950626404404821,1.3881117969161024e-07,0.0004764236512234383,0.0,0.004460793959424938,2.4693618617791144e-09
2169,6,3.9695174441240235e-10,5.518708379094463e-10,5.677190352560688e-09,1.4941659735932766e-43,3.31174821071668e-19,0.9999999933669438,7.0431037292284365e-12,6.407933807675994e-23
2171,6,7.761098331577741e-09,7.139913614857259e-08,1.7577096790359323e-10,4.666467393761789e-43,7.509429899719901e-21,0.9999999159665981,4.6973963557113575e-09,5.525623281735631e-25
2173,3,4.406155108346453e-11,1.9875106555140144e-38,0.9186368831125905,2.687563619890273e-09,0.07336683842019122,0.0,1.2157151989824438e-10,0.007996275614021619
2174,7,3.325967809119987e-95,2.360929124276455e-62,4.5243541798132574e-88,1.577837585571427e-27,6.668841205553019e-36,0.0,1.0,3.0158336122874174e-182
2175,7,2.33385705064145e-13,7.74039753542515e-46,1.871105194548151e-08,0.006894395401849085,6.111682922955391e-06,0.0,0.9930994742039426,3.1521336499254685e-38
2181,3,6.382720590628033e-12,9.06996425050257e-39,0.985922355408105,4.293108215444184e-05,0.013686769067999871,0.0,1.2090956802287639e-05,0.00033585347855561413
2185,7,9.183307959032387e-17,9.616492749760584e-40,3.5265775404529094e-62,3.194903444654529e-29,2.9829419219316774e-31,0.0,0.9999999999999999,6.883071328372765e-226
2188,3,1.1862823617039872e-17,1.1382379948353546e-38,0.9710165822334236,2.2310339827526903e-07,0.02792595677121764,0.0,1.3130558896528591e-11,0.0010572378788299768
2189,7,1.895301497798138e-32,1.3315970585764755e-44,1.4948250538748807e-38,1.189090920064663e-18,2.2268869327516827e-16,0.0,0.9999999999999998,3.720544665053537e-139
2191,2,2.292187255681164e-47,0.9999763533202342,3.0798794945874004e-132,1.2183486703611842e-82,8.375668878658433e-46,4.2233792788746556e-19,2.364667976579772e-05,0.0
2192,3,1.1446666941747175e-11,2.6899654638459546e-16,0.5409277730586706,1.0475340563130896e-09,0.21580147827026006,0.0,0.2432707464065666,1.2055217683671726e-09
2193,3,4.2102146175458894e-13,9.978324714376364e-45,0.9716162517648156,0.0001131651881442572,0.025616361192507806,0.0,4.1049856080687875e-06,0.002650116868503297
2195,3,1.3383162434037007e-25,6.530512388326663e-81,0.9563145088712015,2.9604144300320264e-08,0.021611981375680434,0.0,6.419925523554412e-09,0.02207347372904816
2196,3,5.119404805346029e-13,8.663353312777265e-38,0.989899015486026,2.265577107580612e-06,0.009908596196750311,0.0,1.5792434090812546e-08,0.00019010694717009949
2199,7,3.0209110003765625e-52,1.599232016711718e-32,2.957908443216763e-24,2.448161525649826e-34,0.004003237970820371,0.0,0.9959967620291797,4.014620346309122e-59
2200,8,3.140184308090282e-49,1.0260442252470695e-35,1.391803398546583e-22,8.475841214054855e-11,0.001138866229250584,0.0,1.2508716141923978e-05,0.9988486249698492
2201,3,2.4323583141618773e-19,1.4024654911018004e-43,0.8396439681047166,2.0590674931984698e-07,0.11233338264444101,0.0,2.3167365000247597e-05,0.04799927597909284
2202,3,1.3868492881324229e-15,3.487326846686431e-45,0.9822706199666,0.0001571972175080686,0.017451521178944433,0.0,8.5906573418449e-06,0.00011207097960421756
2204,2,5.702406693930562e-05,0.6728650444045258,4.729522759913155e-25,4.605471295396149e-53,4.0908955597208907e-16,7.090420164951615e-12,0.3270779315214441,7.020279408185096e-93
2205,3,7.100174043979688e-08,5.088440163326473e-29,0.9992279003268835,1.3073776804417911e-05,0.0007411888770958861,0.0,5.435977053727248e-06,1.233004042209928e-05
2208,6,2.802990876158265e-05,0.0005307605653747859,9.64634780174925e-12,4.612067079555143e-44,2.7094435163882945e-15,0.9994412095157709,4.437006290432687e-13,5.377089513010256e-23
2209,6,5.274923372055717e-08,1.455760000915092e-08,2.96770199873916e-11,4.930000380562394e-44,8.339008325800747e-21,0.9999999326612421,2.2470754316767393e-12,1.2152879904782905e-26
2210,1,0.9932039752387377,0.0067136808372387806,8.161068511914644e-06,1.011196167214017e-41,1.7342666156161087e-05,2.3535163977423574e-14,5.683990316915941e-05,2.861627400924774e-10
2211,1,0.975024687168209,0.020743272838012826,0.004231913354018962,2.018654014814775e-34,8.562951174617067e-11,0.0,1.265540866557602e-07,4.3183002622740955e-14
2216,3,1.3100681237154615e-24,2.5797407674404036e-56,0.956319660805626,0.0005901796466166384,0.04272875998090658,0.0,0.0001224555162874276,0.0002389440505632493
2217,6,0.4761699164329345,0.013328161437664991,4.607405486820141e-07,1.087562400733115e-43,9.026989980794208e-14,0.5105014123976248,4.8991136862896275e-08,4.509119647177894e-21
2218,7,6.1779749446687085e-21,1.0012049717022383e-14,2.028293914174953e-40,1.7248643525804905e-28,8.403306863119246e-20,0.0,0.99999999999999,1.8441966500121513e-148
2219,1,0.9215155131693604,0.07656209563961813,0.001889914260375635,8.73650489357492e-31,1.0370066781825958e-08,0.0,3.246656050699114e-05,7.201623607188517e-14
2220,6,1.7024281683743186e-09,7.503195240054412e-11,1.8508140218950703e-13,7.192901487758096e-45,5.076120061376388e-25,0.9999999982082536,1.4101285054107267e-11,8.93742677134855e-32
2221,6,5.556524647670913e-13,3.923689161540931e-07,2.7635957904225346e-11,2.399588511383472e-42,3.979816760161399e-17,0.9999996076028841,8.068080603872913e-15,1.0533399038545927e-22
2224,3,1.1423869230225606e-05,2.643109090085135e-31,0.9964810549709431,3.999802904249565e-09,0.0027874896859208845,0.0,4.6585105959646706e-09,0.0007200228155924046
2225,3,7.213141248637111e-06,5.764106054355078e-26,0.9972874561074662,6.966405486556852e-09,0.002437776156752555,0.0,1.021861307512269e-06,0.00026652576681975135
2226,3,6.258355421644269e-15,3.92320860425119e-64,0.8240470072290537,1.8143744117263455e-07,0.13742767276448625,0.0,1.4045902230808006e-09,0.03852513716442243
2230,3,1.6587432496765566e-26,4.7571434884234996e-88,0.9236827789579786,9.491713666688259e-12,0.003707394401920788,0.0,2.6656581275576797e-11,0.07260982660395239
2242,3,3.954450188494797e-14,1.4254853674743985e-51,0.9506697396760875,2.763199761181338e-06,0.0401618161667148,0.0,6.280382043478637e-08,0.009165618153576569
2244,3,9.523098717572318e-14,1.8062479348429053e-31,0.6868953593494923,3.001161648660981e-11,0.266691474545386,0.0,3.9881935160304855e-06,0.046409177881498856
2245,3,0.00020792141947323966,2.9365377735215483e-22,0.9982751300055018,1.0222272309842745e-06,6.109965310865833e-05,0.0,0.001454824549561355,2.1451238757641057e-09
2249,7,7.801325907956614e-07,2.9917061450386746e-23,0.39336857526182506,0.00219513278595529,0.00041981486980935206,0.0,0.6040156969498195,3.755751033057042e-17
2251,2,3.5404165624753156e-14,0.9983454206112246,2.1151049273822652e-24,9.929652771048067e-53,1.0415685914283572e-12,4.2881009429999957e-20,0.001654579387698497,5.802050356150991e-70
2252,3,8.566844670528165e-19,6.045161584729843e-62,0.9010148218564746,3.381284182632778e-09,0.038040133995514466,0.0,1.5678387438669596e-12,0.06094504076515888
2253,6,6.497131170479938e-07,6.342110268904593e-06,5.613205895031323e-10,6.269483796674809e-42,1.3541792248243993e-16,0.9999930076108711,4.422084275046377e-12,1.0358481466117536e-24
2256,6,1.463657301759868e-13,3.990359305416786e-15,3.372590433310822e-24,1.2719209676849284e-44,2.8690904149226482e-27,0.9999999980382834,1.961566164524469e-09,8.301043032116824e-65
2257,7,1.0713528214677268e-51,4.793597311896992e-12,3.726230319594112e-68,9.094013993564798e-47,9.722146356858931e-23,0.0,0.9999999999952065,8.781258573203168e-219
2259,6,2.857666157606925e-14,0.00010964552922516022,8.375470778643694e-45,2.0249938619673232e-45,1.4218292504072547e-27,0.9998903520987578,2.3719883777548288e-09,3.4867437658665765e-103
2262,6,1.6835705780018964e-06,0.0012327800206287623,3.6508373409270065e-14,2.539157466552381e-41,7.006283867533697e-15,0.9987655364085443,2.055490762135408e-13,2.19743889582917e-24
2263,3,2.442223323206898e-15,6.200462437425155e-35,0.9625234967213724,8.865399420970167e-07,0.03716924991541584,0.0,0.00017955707192013527,0.0001268097513472661
2266,6,5.07210924254832e-10,3.302188813895967e-05,1.2043513785402307e-26,6.21352679085723e-42,2.6803040321526358e-20,0.9999622891648025,4.6884398476472205e-06,2.710147028649695e-67
2268,3,1.2983583219075488e-09,1.7872327910104798e-41,0.9827939254222438,1.2884805553293458e-06,0.015921632988715382,0.0,1.7496986912441574e-09,0.0012831500604286573
2271,3,1.9768280450880893e-31,2.799027674751479e-70,0.9443539587321681,0.001276194803970805,0.05132594401491168,0.0,0.0029520038159895263,9.189863295979274e-05
2273,3,1.3761710415645542e-14,5.178930288436549e-59,0.9242709336533398,3.8430960550851954e-07,0.06823082355760099,0.0,7.239536017177494e-09,0.0074978512399040635
2275,3,4.4065947803473214e-20,1.1939635081671946e-58,0.8742017380133317,2.5142863377903615e-07,0.03336971466210707,0.0,2.437871328980708e-07,0.09242805210879462
2276,3,4.397411439151751e-10,1.0277658276504357e-37,0.9840205301854411,9.690126233101308e-08,0.012799149079892394,0.0,9.874087555046153e-09,0.0031802135195754962
2278,3,1.962110627656916e-20,9.002500316004534e-58,0.8786113564347576,0.00031292074131126097,0.1169734444324905,0.0,8.348608784937797e-06,0.004093929782655803
2279,3,9.85469133836332e-07,1.3338466275573203e-23,0.9997478919724917,3.7742620655053485e-07,0.00024521172768836427,0.0,3.2925327793818092e-06,2.2408717000486327e-06
2282,4,3.76679121038547e-09,3.7541314521607383e-53,2.2746556508995535e-05,0.9824300205299573,8.682482849699137e-07,0.0,0.017546360898457507,1.2641439251186906e-19
2283,3,1.0536042640764784e-24,6.781301176686466e-57,0.9505572562288354,7.3073680043453846e-06,0.027833357346201088,0.0,1.6268736296916892e-06,0.02160045218332952
2284,3,6.880885172721179e-08,2.2665010725154555e-27,0.9957148907901991,1.5003983441708456e-08,0.0036272239908449002,0.0,6.046254049810449e-07,0.0006571967807158442
2286,3,2.206883171887715e-12,3.769065734049008e-40,0.9713671932099532,1.1096273879389176e-08,0.02265898879278514,0.0,1.8505597577338322e-07,0.005973621842805053
2288,2,1.3325664888416976e-22,0.9991558633812249,4.013817729853116e-55,3.2032361547385504e-59,5.670828902767442e-23,3.008819478451645e-16,0.0008441366187747706,2.7091684722021354e-148
2289,7,3.8078969438225007e-56,8.847859113783867e-85,7.589124144441314e-33,0.00045290412654057144,3.8999573313153535e-10,0.0,0.9995470954834637,1.1441919726160293e-49
2290,3,3.0094161518014197e-07,2.7478021537580247e-19,0.9984242849722581,8.808679508195116e-10,0.0015176990870941806,0.0,3.380335485366189e-05,2.39107633111115e-05
2292,7,1.1259373635325447e-27,7.428590278271885e-49,0.00025470553329574977,0.0018182562945943798,0.001709136754991013,0.0,0.9962179014171189,7.77560647546344e-21
2293,7,1.279081774906694e-09,3.517669907912861e-50,1.4837541933561022e-16,6.934553728996063e-06,6.85491894044182e-12,0.0,0.9999930641603342,1.3419584109025885e-63
2298,3,2.0910688338103486e-09,2.9847002180892495e-38,0.9941009948566228,2.6639433816058305e-07,0.004448021032737209,0.0,1.8069590073479937e-08,0.0014506975556429086
2299,3,1.5773933097641088e-05,5.672337364407891e-18,0.9998784788879569,2.81406024534194e-09,0.00010162634407486161,0.0,1.4044859293109604e-06,2.7135348809542557e-06
2300,4,1.623684069672944e-17,2.7645910375873433e-46,1.2366303831248807e-05,0.9564184998488104,0.00039907679808535925,0.0,0.043170057046110176,3.1629219076971865e-12
2301,3,1.5661834981469807e-11,2.1560206341521843e-47,0.9220912760183502,1.3371473563934994e-10,0.06572980107634646,0.0,4.753914346137766e-13,0.01217892275545144
2305,3,4.996896703498693e-18,1.6897462214044446e-49,0.9628090881379947,6.109512499727815e-08,0.021295336473746783,0.0,7.58677621803548e-12,0.015895514285546704
2306,3,1.6320150385158998e-19,4.576932035692205e-75,0.9109433966650279,9.659572595954982e-10,0.03083840411396141,0.0,5.209024526257752e-11,0.058218198202963214
2311,3,5.087440892130315e-16,1.2880300514468865e-44,0.888243262493518,8.035622619681473e-08,0.09974388131619334,0.0,6.980444649596783e-08,0.012012706029615426
2312,7,2.324609317237957e-08,2.224189459063367e-45,3.3253063033358493e-06,0.029328613602822164,8.018814794232443e-07,0.0,0.970667235963302,3.5758978992335683e-31
2316,3,7.748064532832487e-06,8.222721243700594e-27,0.994573718518691,5.295818526650647e-10,0.004906603322832922,0.0,2.6419136797591578e-08,0.000511903145224631
2318,2,3.216518125448857e-18,0.9999195933413221,2.530549184829705e-47,5.830671126015573e-59,3.4891687342434903e-20,1.3143474575845666e-16,8.040665867781309e-05,3.450937541578762e-131
2319,3,6.667532293383434e-08,2.0388703934323698e-36,0.9935978621119688,9.398104357040997e-08,0.005963595721455268,0.0,3.922750865827929e-09,0.0004383775874587217
2321,8,5.034253990801307e-75,2.4171713445912032e-54,1.4912746917742306e-27,8.399888759038474e-10,5.736531243487724e-06,0.0,3.4125533652485756e-07,0.9999939213734313
2324,7,3.4004029410470276e-12,1.2916990169290108e-48,8.560216411050023e-19,3.339456964948127e-08,4.1132197870572835e-12,0.0,0.9999999665979167,3.7219488873910897e-73
2328,3,2.286894112017264e-05,2.7087966954388277e-13,0.9998804729715385,1.102609978524725e-11,8.850034185766121e-05,0.0,7.901090840921478e-06,2.566433459098533e-07
2329,3,1.1546607823016391e-17,1.1832424210429731e-63,0.9378369144625462,7.018222591187162e-09,0.030823169778876235,0.0,2.5699198105935035e-10,0.031339908483362995
2330,6,1.0142179885157314e-14,1.360855951896764e-20,2.9616409739394648e-21,1.1533163926569624e-44,4.3821168052070785e-30,0.9999999999360486,6.394127693215817e-11,3.2632423013964115e-59
2333,3,9.89057318365545e-09,7.63190989022833e-33,0.8188556871513889,6.646028203543013e-11,0.17127984724171533,0.0,2.5038611572891692e-08,0.00986443061125063
2334,3,9.732868242286702e-16,7.850965703012277e-41,0.9826298422949276,4.559170254638979e-06,0.016961112350550967,0.0,1.6686492497313556e-06,0.0004028175350161762
2336,7,3.44180587545496e-21,9.832806766106349e-46,3.1314834378910034e-17,9.397111552158773e-08,1.542480886163729e-10,0.0,0.9999999058746363,3.691863251652467e-57
2339,3,1.554101004714359e-23,1.4137349279795457e-69,0.9130631918749057,9.492768930264276e-09,0.01964517877475402,0.0,6.901338412841241e-10,0.06729161916743757
2342,7,2.2376388899362034e-20,4.136369244478091e-45,1.3843372485263687e-14,0.001213584534270304,1.0106441468765572e-08,0.0,0.9987864053592743,2.671391429460141e-39
2343,3,4.3852777307196844e-13,2.8049856663816507e-53,0.8756400290769683,2.519152869194376e-11,0.09911641986514218,0.0,2.7780229993646608e-14,0.025243551032231804
2345,3,1.848450263597588e-08,1.1661008921784556e-28,0.984932722129677,7.57096305607554e-11,0.01021700413281157,0.0,1.910854611622024e-09,0.004850253266444582
2346,7,3.046309256127659e-10,3.125135003339223e-51,2.7475188155241515e-15,8.812586721576205e-07,1.890993473441715e-11,0.0,0.9999991184177842,2.4571618459672616e-63
2349,3,0.24738612536020213,5.782253899697368e-09,0.751367754669103,2.7356042308975008e-17,4.825806881068962e-09,0.0,0.0012461093626078038,2.6315788446938602e-14
2350,3,8.899503485682713e-14,1.4476274960529675e-44,0.9267228667490186,0.0015510038124414002,0.07088229069494412,0.0,2.0675216035409665e-05,0.0008231635274715418
2352,3,2.391365694472684e-12,2.3879556176086556e-38,0.9920597309981719,0.00011102870254585269,0.007751689907623261,0.0,6.080645239274682e-06,7.1469744028401e-05
2355,7,1.0197024010204269e-44,9.915560670032243e-47,2.8457356175821684e-41,1.422566045826804e-23,2.44897057443625e-18,0.0,1.0,2.843747426800171e-147
2358,7,4.589304338364842e-17,3.7566852103598483e-48,7.12332956637135e-06,0.07630410991209924,0.00041233394204396294,0.0,0.9232764328162903,4.0361057017767856e-24
2360,3,1.2851747889140712e-18,7.383608500655575e-45,0.9291946305103707,4.1994759756223e-07,0.04052927765631686,0.0,2.2035590137572166e-09,0.030275669682155934
2362,7,1.0639643522747805e-28,4.0204426828608094e-58,0.0004872770944568482,0.3320866985156122,0.020989043522766263,0.0,0.6464369808669638,2.008994846498721e-13
2364,2,2.2239719296196216e-33,0.9992597513627344,8.589222668964148e-86,4.921514140964361e-71,2.819167487476279e-31,1.4286186860859017e-21,0.000740248637265604,2.515449934292184e-236
2365,3,0.0003110478100952075,3.3301415633771744e-16,0.9995742687122803,2.9335492851293653e-09,3.204492779433272e-07,0.0,0.00011435956788131828,5.269155655936462e-10
2367,3,3.3667929070385366e-13,1.6006775507269572e-39,0.9838627282968668,2.020650178773828e-07,0.013091868311615821,0.0,3.99701439509564e-08,0.0030451613560189272
2368,3,1.2230543832792808e-13,2.540287871718924e-42,0.962705851403079,0.0005559401740693314,0.03521420550745624,0.0,1.1915879959704744e-05,0.0015120870353133584
2369,3,4.0766622102545843e-19,4.5832875063491344e-66,0.6862839616828439,1.129459797548731e-11,0.23330186449016954,0.0,5.57075379760906e-14,0.0804141738156362
2370,2,9.077830519964231e-20,0.61259275840396,4.80802383870628e-47,5.247311255987399e-50,7.416401198503915e-20,0.0,0.38740724159604006,4.121454534846398e-161
2371,8,7.192555492021663e-53,2.278471745164024e-33,2.8942805635275097e-23,8.61605023056314e-06,0.0024613836970827484,0.0,0.033362672645021886,0.9641673276076649
2373,7,9.662101935932333e-08,2.2796485718701514e-48,5.789339620324235e-12,0.0014420054208469793,4.991983064797528e-09,0.0,0.9985578929603613,1.0100370952595253e-48
2374,3,2.0199347399628535e-26,2.694464793264958e-67,0.8608558982519925,5.4765655295534895e-09,0.017372232673438567,0.0,2.018292761641204e-09,0.12177186157971062
2377,3,8.289533728026333e-13,8.589329917859163e-37,0.6624838784627733,0.0028909612745882008,0.27428945825980167,0.0,0.060335701966848926,3.5158869552068093e-11
2378,3,9.516429952219142e-15,5.0758270160919835e-57,0.6593713458051472,2.135172569691979e-05,0.32446023877286667,0.0,3.7588784629012317e-07,0.01614668780843324
2379,1,0.9074969736110504,0.002629650070636665,0.08971036980443131,1.6432207257931355e-27,4.302641540035204e-08,0.0,0.00016296348166596692,5.8002007839776496e-12
2380,7,0.0002525759460160374,1.8489276843132088e-37,1.0652122405734636e-08,1.2026545186509212e-05,7.255000169502863e-12,0.0,0.9997353868494201,6.617309345762451e-42
2382,3,3.0343048014742744e-14,3.570262603591561e-43,0.9369105999934386,0.00010591173342984731,0.05969945402425751,0.0,1.0635897205412278e-06,0.003282970659123071
2384,3,3.5592889190063135e-11,5.549423114800775e-32,0.9901278399705707,1.229826623056989e-07,0.008738638174113295,0.0,2.0118390846309337e-08,0.001133378718670005
2387,3,7.051643970122914e-32,1.0385890475753565e-74,0.9797427510838739,4.759663656489079e-06,0.010738051751455183,0.0,4.091760874843597e-06,0.009510345740139528
2388,3,7.899772795691248e-11,2.1198470766721834e-46,0.9774786908638454,3.326117057262677e-05,0.020952888598036727,0.0,1.3072323674960464e-08,0.0015351462162237288
2393,1,0.7361705486354883,1.488074340926958e-05,0.2436085662573904,4.591026609417445e-16,3.613943778260472e-05,0.0,0.020169864925897056,3.20008184211711e-14
2394,8,2.853596475715602e-22,2.5906166620806e-41,0.31448253323455716,2.363812935952357e-10,0.3086244744162479,0.0,6.0786741032511426e-05,0.37683220537178114
2395,7,1.5855695752299801e-22,2.3421822489901337e-44,7.917267588362799e-14,0.00014907663299808745,3.2930266956808764e-08,0.0,0.9998508904366558,1.3313797718873307e-41
2397,7,9.979654125301812e-31,1.1324507536269e-52,4.1916268759908437e-11,0.00023989757025321616,5.790440582486374e-06,0.0,0.9997543119472481,1.620235283954391e-36
2398,6,1.7285069883740659e-10,4.0172292791872e-08,8.400422073118888e-12,1.894041183809201e-42,1.193686317578718e-19,0.9999999596453757,1.0803498200497892e-12,1.015584335451879e-24
2399,3,1.180804716944894e-11,6.1534202911129725e-22,0.9849520602783532,2.8950703130962537e-06,0.010993234578364333,0.0,0.003967373899758042,8.443616140329171e-05
2400,3,6.061209868251455e-24,4.872301107281712e-51,0.9736331538589391,1.944031656024509e-05,0.02510088111289385,0.0,1.3339628170891786e-06,0.0012451907487897116
2403,2,1.468835466355399e-09,0.9997356022931002,5.775506541495621e-22,5.028913846759624e-53,1.2801341336659218e-13,8.513483995073278e-17,0.0002643962379361687,1.2138062161102097e-65
2405,6,3.1652086257956906e-10,1.1094423639241128e-09,2.669850826774287e-13,4.4594040840128345e-43,9.369070065675935e-23,0.9999999985709837,2.7861390604499556e-12,2.4607282086063045e-30
2412,4,4.157614023725212e-10,2.3929540299159793e-48,5.558004711222513e-08,0.9718710961886188,3.021868623966243e-07,0.0,0.028128545628710436,6.708045893123403e-19
2413,2,0.0001574649512288081,0.9998401173322938,6.557520909273381e-19,1.843001772802196e-46,8.306484015397454e-14,3.2896150709756713e-08,2.3848202436505745e-06,3.2490606308116924e-50
2414,7,6.663143239452165e-30,1.9972882199842373e-56,1.0018922377660605e-13,1.3308113652601927e-06,1.906265703115406e-06,0.0,0.9999967629228314,6.898859405320292e-52
2416,7,1.4915733492526071e-10,1.2536806312760353e-39,4.2007994093300115e-30,2.8830797815977004e-15,4.6040730424676706e-18,0.0,0.9999999998508398,1.0740010411301278e-116
2418,6,2.1623590744173204e-10,3.0684361878065247e-05,2.6202572671956627e-23,6.6289700000183516e-43,8.87806714132441e-22,0.999969313116951,2.304935069571845e-09,1.3402878329750854e-50
2422,3,9.247402233645465e-23,1.337316942873614e-76,0.9584414543950898,6.034328744712727e-09,0.013143922890125991,0.0,2.5931576514425987e-09,0.028414614087297885
2423,7,1.1391618630734808e-14,2.0785834446357094e-31,1.6823942880396662e-12,1.3024098990579847e-07,3.2908864858459907e-07,0.0,0.9999995406686678,1.5480636748873815e-54
2424,3,9.459663583493618e-23,1.290753811761848e-57,0.746116412711315,2.8495199555385014e-05,0.1268707612449107,0.0,3.021706439999931e-07,0.12698402867357497
2425,3,5.852638327456155e-09,3.30260226380462e-28,0.9962990713384174,9.446755606443361e-08,0.0035197726734691203,0.0,1.444525869420769e-07,0.00018091121533221234
2426,4,4.5993026766479944e-11,2.8666445615160453e-48,0.007933659194406136,0.926516354800182,0.005931823292245342,0.0,0.05961816261258876,5.458463167834587e-11
2427,3,2.158633293882508e-20,8.907989096835517e-63,0.9625351374240775,8.743043263491465e-06,0.028906272566685962,0.0,1.0226680021205018e-06,0.008548824297970915
2428,3,1.1380031382527967e-06,1.0167478606963879e-11,0.9985952145465603,1.6390929656737803e-13,0.0013983968881589837,0.0,3.845955791039899e-06,1.404596020137221e-06
2430,7,5.889257443497802e-35,2.8557376690088003e-54,5.457532832558929e-06,0.17147059940599385,0.0018234477977532198,0.0,0.8267004952633888,3.15445295948071e-14
2431,6,1.8748365049285726e-05,0.00012198842117481614,7.375572811308183e-09,4.521919457566966e-44,2.722965578611403e-16,0.9998592558323276,5.875237673185308e-12,6.90735186391021e-21
2434,3,3.5325458675683047e-08,3.741733878189056e-26,0.9988726274939826,0.00014619307872074685,0.000622245415573229,0.0,0.0003587874743822919,1.1121188234502233e-07
2439,3,1.2991496750472319e-08,5.111030423616404e-19,0.9970401135091306,2.505499682881369e-09,0.0023391986082462886,0.0,0.0005258218793626887,9.485050626400248e-05
2443,3,2.4287763051459793e-10,1.2044037897916525e-38,0.993389660663632,0.002211916529954107,0.004101407570178595,0.0,0.00023465298984948687,6.236200350824077e-05
2447,2,3.592915270846955e-06,0.9801339381363627,2.1191619429892634e-05,4.556168557439544e-33,4.403154876101497e-06,0.0,0.019836874174060375,1.460947127344428e-22
2448,3,7.905255870574686e-16,5.9654293339651695e-56,0.9056812944347584,0.00047756739070855316,0.09365935017490482,0.0,1.386793331176709e-05,0.00016792006631567821
2449,3,5.585670803132052e-12,2.8697327220707145e-22,0.47076723282716837,8.902825743298239e-06,0.3416339653690723,0.0,0.0020310917654240554,0.18555880720700635
2450,3,1.6291911423569773e-13,6.366432285517752e-41,0.8181198668844949,1.5925556176044453e-07,0.17480851706308984,0.0,2.548786941814204e-05,0.007045968927272453
2453,3,3.5388950827148225e-17,1.5576818401914913e-39,0.9508491861099125,7.889756603399263e-05,0.048377946771139574,0.0,1.1609299144395657e-06,0.0006928086229994413
2454,3,1.31150377607631e-19,2.0438347078715426e-54,0.941947358721153,2.852668857431267e-06,0.03768980700246868,0.0,3.103170834897696e-08,0.020359950575812608
2456,5,1.2417557162865602e-19,1.15610381712238e-34,0.007070358415617231,5.505773509092414e-13,0.9922347233035431,0.0,0.0006638542572429681,3.106402304620111e-05
2457,3,3.964991235056458e-22,5.943108694064264e-74,0.7812263759832112,2.1348061987474347e-07,0.10107293157362927,0.0,4.5639229473663105e-09,0.1177004743986166
2460,3,1.2606089949061708e-08,5.969719629364878e-36,0.9974213265773046,2.576720890812739e-05,0.002500496646707478,0.0,7.474212491928312e-07,5.164953974049305e-05
2464,6,1.6587813921966833e-06,1.5580735036867482e-09,2.285950220183434e-13,3.723886447378183e-44,7.060050254134801e-21,0.9999982018357171,1.3782458861987493e-07,2.077416973253798e-36
2465,3,2.3356846326594617e-10,1.393226888362565e-28,0.9831525454225809,1.3485426720663464e-05,0.015493413449822807,0.0,6.377616370443527e-05,0.001276779303602727
2467,3,1.1436191418759144e-10,9.606619073931505e-30,0.980576002757988,1.706659749910313e-07,0.018699657291862133,0.0,1.8561523095833626e-08,0.0007241506082898906
2468,6,1.1472194380488403e-05,0.0014242853300240033,1.4021933433623062e-12,6.78050015228843e-41,6.257486205388517e-17,0.9985608873152239,3.3551589695732586e-06,6.163319235740114e-38
2471,3,3.913077752903792e-24,1.2809991132475464e-75,0.9176227049116821,2.9211759728366185e-08,0.017021116028313063,0.0,5.687035694696962e-09,0.06535614416120951
2474,3,3.534854922292552e-18,7.451163773084871e-57,0.6862745303180313,0.002090630694460303,0.2982192549473361,0.0,6.228174059229808e-05,0.013353302299579973
2476,1,0.999990556155688,5.86033605852829e-14,1.39896476788683e-12,3.404562958867473e-44,2.603859615789292e-07,9.18345678704302e-06,1.0583707917668235e-13,5.914038369894962e-18
2477,6,9.813624227202073e-11,8.719562042224141e-12,2.459431774242246e-11,1.3856919223760328e-43,1.1146661109709027e-22,0.9999999998599332,8.616787488335847e-12,2.014091516918235e-27
2478,6,3.8461895145674975e-11,1.9071429527620827e-11,7.400196608303336e-30,1.1776145934564705e-46,4.4765447905906694e-27,0.9999999992076374,7.348291223634251e-10,1.8674604424464686e-72
2479,6,1.1079400325804381e-07,1.6104706541102358e-06,1.0302985722069142e-09,1.7806420618590118e-44,3.723049790144126e-18,0.9999982777048483,1.957215964839829e-13,1.133785666849993e-22
2480,6,4.4528626988217767e-07,3.2754184792361675e-09,5.415022085355005e-14,1.4751347929664155e-43,5.818977819872506e-21,0.9999995499282888,1.50996886750638e-09,6.336478218280653e-38
2481,3,3.9671355325230814e-05,1.3772984815594852e-17,0.9986162202727267,3.3206841744925044e-12,0.0011474082951431052,0.0,1.8381033839754435e-06,0.00019486197010021742
2483,3,5.971219722320726e-08,1.2633115445018224e-26,0.9977732641311502,3.6120580720279494e-05,0.0016969093525781552,0.0,0.0004916436573306301,2.002566023548452e-06
2484,6,1.3262953933248246e-11,1.3146203228067793e-10,9.91473659862385e-24,2.946012453798581e-45,1.8726441240547332e-27,0.9999999975107816,2.344493312110517e-09,1.3771908015247118e-57
2485,3,6.122831118897281e-20,4.177949268396609e-66,0.9304492271706021,1.2796547634860222e-05,0.060276809443827885,0.0,4.971131258548285e-06,0.009256195706676573
2487,3,4.2257871523067776e-05,1.5142065561319213e-19,0.9999290766585865,1.6154864875197575e-08,1.450090399303275e-08,0.0,2.8634814117318374e-05,4.238859434253724e-15
2495,3,2.7394375029718125e-27,1.7713349533326192e-86,0.9662757385103274,4.5751867375766553e-10,0.004521774277958072,0.0,7.155823847956181e-11,0.029202486682637432
2497,3,8.955591146312446e-21,2.2460662965729467e-54,0.9568885228865301,0.0001322788151159081,0.04141878913828938,0.0,0.0001312953740667357,0.0014291137859978793
2498,3,0.00020539440247462916,5.7064460777700704e-24,0.9995487527407233,2.7013275188094863e-08,0.0001970794783012132,0.0,1.4605330273856118e-06,4.728583219825532e-05
2504,3,0.00013971547973950065,6.46022976336426e-13,0.999841024899038,4.2806966922341855e-12,1.610212243657693e-05,0.0,3.142535060103309e-06,1.495879899661228e-08
2505,3,4.463258354643304e-09,5.894262820424466e-36,0.9966814709588169,3.0011583634658243e-07,0.002536354956092403,0.0,3.9650245862473024e-09,0.0007818655409713427
2507,3,0.0032808412080230264,1.2427903656308068e-17,0.9924857209023432,1.2756947751680862e-14,0.004034467414443096,0.0,1.5646831729741228e-07,0.00019881400686061254
2509,7,1.6870151200686683e-40,6.775830903993886e-20,1.15492806446825e-25,1.2185487162912907e-28,7.628253071611347e-06,0.0,0.9999923717469283,7.19069874981953e-79
2515,2,8.120085648584236e-24,0.9953514553309889,9.824697816718557e-44,2.0632612501639663e-59,5.330281195472346e-19,2.6274945114508063e-21,0.004648544669011014,8.243943825442563e-124
2520,3,5.385395339317037e-26,8.693910636740489e-75,0.7712675215485375,2.803026159502483e-10,0.020344950903223143,0.0,1.53775417845025e-13,0.20838752726778284
2523,3,3.014163000114021e-08,1.6487393368847784e-26,0.9976336016633464,2.888430922915602e-08,0.002185764984250751,0.0,8.2155374834224e-09,0.00018056611092618643
2524,4,4.2723194791093314e-05,3.526853428818914e-55,1.4119452457531304e-08,0.5232223903601686,3.7035017065587244e-10,0.0,0.4767348719552377,1.1450044614855361e-31
2527,3,3.470557721043779e-27,1.952981892353447e-82,0.9348946354818357,2.736704774443178e-08,0.013612015484950045,0.0,2.1991982096924018e-08,0.05149329967418436
2528,3,5.855964397666117e-12,2.561079439610771e-51,0.9747796198574199,4.348421946597812e-07,0.019589067295044085,0.0,4.138509941360447e-09,0.005630873860975487
2529,2,4.2026837635502205e-18,0.9990332862976778,8.874899008528674e-41,1.2411682081424576e-57,5.704524650907342e-18,8.060266230365219e-23,0.0009667137023221477,1.2791851623245627e-117
2533,7,4.6135948224137794e-52,1.9551814173431117e-91,2.292117228511657e-30,0.26085477082977965,2.2971009919753457e-09,0.0,0.7391452268731195,2.7221345788803383e-22
2535,6,6.168336971120979e-13,1.7434649510408688e-12,4.196175002299597e-15,1.6646102567770572e-42,1.89195324839486e-24,0.9999999999749629,2.2672617343018035e-11,2.7550259078058e-36
2538,6,1.5649009061272073e-19,9.58110948492922e-20,1.2815916030206424e-31,1.1070009112587984e-44,2.1241895562160903e-32,0.9999999975456566,2.454343307167183e-09,3.4227348485568532e-81
2539,3,1.8725737921131644e-15,2.607374030558734e-60,0.9359935160350222,2.2767450969509493e-07,0.040215579596210096,0.0,4.669630273636617e-09,0.02379067202462578
2541,3,5.456709567100885e-30,3.499993121321494e-64,0.9779958590949235,0.0013582556226515298,0.02052244416417229,0.0,1.588538851391309e-05,0.00010755572973866354
2542,3,1.197641215402685e-26,1.0904012291177914e-80,0.947310081399882,2.7888799068349603e-09,0.00783560575082419,0.0,3.850951460017375e-09,0.044854306209462305
2545,6,5.807506727021726e-09,5.002548125069324e-07,3.5204499736661696e-28,4.4865153620264615e-48,1.2555493322334978e-26,0.9999994921573231,1.7803577201611815e-09,1.5176841272226503e-62
2546,3,3.8807851697039156e-11,7.467585491038197e-46,0.898109797774546,5.869396407450445e-11,0.09161669516270839,0.0,4.681848929121928e-13,0.01027350696477557
2548,3,4.540234385683124e-13,3.797376373834943e-39,0.9749351735924082,2.2170650967309513e-08,0.017779251449440366,0.0,1.1941042549771464e-10,0.007285552667636038
2550,7,1.8180216948060172e-08,9.473112968250961e-57,1.2850107472104668e-08,0.21286079717143513,2.615442156084884e-09,0.0,0.7871391691827984,1.5273526653201495e-30
2551,4,1.1911154886188069e-16,4.3580035785023497e-47,0.00015982807994624915,0.9012628808283981,0.0022192155585169897,0.0,0.09635807552917458,3.96379536335922e-12
2552,3,4.208928612638768e-17,6.633250063238031e-68,0.781178809505653,1.3911887371688556e-10,0.0694180149804106,0.0,2.8356623336494666e-13,0.1494031753745339
2553,3,3.1572308145850774e-15,1.2153584348565052e-48,0.9040052946412991,3.0634467700106805e-06,0.0635472799664635,0.0,2.539313983180468e-07,0.03244410801406585
2557,3,1.0522135424572621e-12,2.1286128401554835e-39,0.9869957363616462,9.370327886161867e-05,0.012867134676009232,0.0,3.579099805882632e-05,7.63468437196523e-06
2559,7,1.037710626251745e-36,6.442689110326923e-51,3.3800826570861145e-15,4.312310120774156e-07,9.792997020270163e-09,0.0,0.9999995589759876,2.3447653891363668e-45
2560,5,7.134441426960466e-15,1.0578646115905908e-64,0.3409786966447319,1.6095489176984173e-15,0.6528095205690655,0.0,2.3407111650751982e-18,0.006211782786193837
2565,7,8.25601138876034e-22,4.734916451135014e-48,2.0931532796268794e-21,9.687392411246425e-12,5.919992321474492e-12,0.0,0.9999999999843927,1.9131270294992285e-85
2566,3,0.2794544199096699,0.13431612164361337,0.5862104603364173,1.5524355302011614e-27,2.6510249001537003e-06,0.0,1.6335817756330596e-05,1.1267643079288786e-08
2568,7,8.162247085641786e-35,6.1804395143948214e-15,1.3419750084987697e-79,5.5775114155272484e-45,1.0113829186009788e-31,0.0,0.9999999999999938,8.442375154999258e-272
2569,7,0.00042885529086021814,1.6967656035951612e-50,8.326501337651184e-12,0.010288227311889204,6.789502237883198e-13,0.0,0.9892829173882453,2.943147887912533e-51
2570,3,4.483218811271338e-11,2.115607812685037e-30,0.9557989345174515,0.0004129329209875923,0.0416860725829267,0.0,0.0021019747973575857,8.513644446756854e-08
2571,3,9.068233315937129e-06,1.9337430002320621e-22,0.9998941509210749,1.4893553557414658e-06,8.960844772164429e-05,0.0,5.462788106893823e-06,2.202544247985743e-07
2573,3,1.5672829434313044e-10,3.426119619208885e-33,0.9602120422283393,9.044044528355185e-09,0.028916570215167095,0.0,1.1690355651190658e-08,0.010871366665365105
2576,3,5.583963945757688e-16,6.838371328103755e-42,0.9791214567466546,8.453597359364985e-05,0.02054739147251188,0.0,1.551872020885998e-06,0.0002450639352183309
2578,3,3.468721167211282e-10,2.8120850160369196e-42,0.9857246427010511,1.705243610213759e-05,0.013769616433377372,0.0,3.514155875181258e-06,0.00048517392672207775
2581,3,7.917029447834763e-13,2.7964639652740955e-55,0.6718521567805946,1.858641230284826e-06,0.31440534423819294,0.0,4.334135334333935e-09,0.013740636005055089
2587,6,1.342634367877643e-07,2.7262043185919093e-07,2.0085472025086586e-10,1.0039761299871711e-44,2.766816053845606e-19,0.9999995929147681,5.084159467313499e-13,7.567824202925949e-25
2591,3,2.0076117241083745e-18,4.901289465112951e-36,0.9543806662345979,8.937419797591453e-06,0.044900656082410825,0.0,9.903350799186029e-05,0.0006107067552016396
2595,3,7.766087406335656e-08,7.2050079653827755e-31,0.9924303864974869,1.6853518577118423e-08,0.006873104249698076,0.0,1.7596732508509797e-08,0.0006963971416897425
2598,2,1.3313596033489017e-07,0.9995987673365845,1.580641470570922e-20,3.9845541416933684e-50,1.7884289487868e-15,3.5673219878793824e-12,0.000401099523886135,6.337579694378568e-61
2599,3,1.81337028656072e-11,2.72220156666785e-45,0.9912471702922478,2.0609649271680933e-05,0.008363502363659077,0.0,1.6320840692975914e-07,0.00036855446828079397
2600,6,1.5362265903882835e-27,0.0015190827774726454,9.477995603499063e-83,8.190690004633937e-53,2.7260720250039392e-42,0.9984806310427592,2.861797682116682e-07,2.287698967750933e-201
2601,7,0.0001118600615846696,5.001824832310645e-62,5.450876438230632e-13,0.001231413541832178,2.719945632039336e-13,0.0,0.9986567263957661,5.90725089914141e-47
2604,3,1.2702014393607192e-17,1.2105187496889129e-57,0.9461191004708349,8.473761353641207e-07,0.03013468044662065,0.0,1.930668941398068e-07,0.023745178639514846
2605,3,0.0009782028889828852,4.508251833311296e-23,0.9825853494245979,6.871993537371731e-06,1.0636735662275527e-05,0.0,0.016418938918540005,3.867953288975575e-11
2609,4,8.354343457278135e-16,1.6634306019472703e-45,5.561775768403105e-12,0.9945082987673907,4.255475947255224e-08,0.0,0.005491658672287206,5.0615018044708856e-17
2611,6,4.365627995880816e-07,6.416482740164679e-06,1.6194073137130293e-08,7.943530942942496e-44,6.928384321527476e-16,0.9999931307596988,6.877283921043744e-13,1.528322980324092e-20
2614,3,6.619817484817055e-16,2.5444315323752014e-66,0.9052275383471566,4.958385458091562e-10,0.05227890989306213,0.0,6.383519777490729e-11,0.04249355120010692
2617,3,7.340963477503408e-11,1.8230820507042857e-34,0.9432931464258657,0.0024462862184863043,0.05190027819350007,0.0,0.002355843260482174,4.4458282560304795e-06
2620,2,1.5289208561307996e-10,0.999666359983161,2.885740650925206e-29,2.5968458924158094e-49,1.3216181866514417e-12,0.0,0.0003336398626253351,1.575108472696698e-83
2622,3,1.0878904584767423e-12,8.96141275025498e-44,0.9663683939860161,4.7585704690799746e-07,0.0260334723287397,0.0,5.183563586795752e-08,0.007597605991473557
2623,4,1.9333148708976013e-12,5.84167939570855e-48,0.00031127912911232324,0.9805277740355745,0.0019718942732531394,0.0,0.017189044206535907,8.353590859815344e-09
2626,3,3.05811243880832e-07,1.793281370747548e-39,0.9920594952608977,1.7274734862230187e-07,0.006138228857076018,0.0,3.176713659279517e-08,0.0018017655562972076
2628,3,2.8101879273145426e-22,6.753731463410898e-58,0.9605991988801221,1.1764887992178571e-05,0.03004871192828566,0.0,5.156544122701629e-08,0.00934027273815882
2629,6,4.519177070207527e-09,1.1122159092953336e-07,7.761643421882256e-14,1.9741304562392245e-42,6.1570781520014075e-19,0.9999998842564073,2.7471032461268978e-12,1.9748537657840655e-32
2636,4,1.916248752729302e-36,3.6755455361332135e-52,6.267584676265543e-10,0.7872681515958517,0.00012149148560843768,0.0,0.2126103562583176,3.3463760124488407e-11
2637,3,1.8015368862816249e-07,1.1403497406950045e-29,0.9983170499391797,3.3380922923935906e-06,0.0016275355798760502,0.0,8.470554590439699e-06,4.342568037282437e-05
2638,7,2.6866605750664345e-29,0.29207484851029264,6.1058626299362215e-53,6.894320039972757e-54,5.552297583668417e-20,0.0,0.7079251514897074,7.064326781314264e-176
2639,3,5.45652257954091e-23,1.922453122611232e-56,0.897810046787843,1.345264131414421e-06,0.051543810091256616,0.0,1.889939774520798e-07,0.05064460886279153
2640,3,3.504739981880024e-11,2.6594507812934033e-38,0.9754573488515247,3.714647175425704e-08,0.017986122357139128,0.0,7.660028708850124e-08,0.00655641500952984
2641,3,1.3124406178269932e-30,6.426644001658377e-76,0.9422375632491744,3.399221980105795e-05,0.029780315052481236,0.0,9.969151109063885e-07,0.027947132563432345
2647,3,2.0815078132238437e-28,1.755943911280343e-48,0.5538253378596354,0.0003600101819592435,0.4245269222632939,0.0,0.021260742279270564,2.6987415840960886e-05
2650,3,3.976773723577639e-05,9.873291856957911e-15,0.9984804562351778,5.981252667128209e-13,0.0014516059037889193,0.0,9.399877995818526e-06,1.8770245193740943e-05
2651,2,4.953373078491594e-07,0.8289959774702476,5.298238278968283e-06,5.157925037083715e-31,7.725523799350698e-06,0.0,0.1709905034303663,5.874658947736024e-26
2653,3,3.0296821152890256e-11,1.333746176849817e-29,0.9844634408455804,7.330852268706988e-06,0.014616213861852006,0.0,0.0002794848768931248,0.0006335295331089894
2655,3,1.380511261177987e-09,6.928832976750412e-43,0.9906517278200185,0.00024931414699986307,0.008968252865740907,0.0,2.069691025034092e-06,0.00012863409570442372
2659,8,1.2011488038167592e-92,5.545715126849465e-87,4.761656979506998e-34,2.6805317736621133e-06,2.3617536696568425e-07,0.0,1.9655958800997598e-07,0.9999968867332714
2660,3,0.00012233140680633877,2.3520673191160056e-18,0.9995492294088568,2.228775810138445e-09,0.00032373414851403993,0.0,3.1504673088940455e-06,1.5523397381409938e-06
2661,3,8.4318886340776e-08,5.748462004374086e-40,0.9910648703157162,5.9792122128854175e-05,0.008641754717306134,0.0,9.141947627857163e-07,0.00023258433119962958
2662,3,5.606766128018964e-18,1.2838649974769905e-41,0.9555703842030985,3.2985875188664735e-06,0.04310084508627713,0.0,8.923196807259641e-05,0.001236240155032986
2666,7,2.8453874572677725e-14,2.0162571505730782e-54,2.4738195025452657e-25,7.020766093505087e-13,1.0531255865839554e-15,0.0,0.9999999999992685,3.749144096278757e-98
2667,3,1.5655879365277296e-13,5.820548611893401e-35,0.9713554549940302,0.0006490635175299922,0.026996003850122463,0.0,0.0008758506388789975,0.00012362699928177926
2669,3,1.566651602650329e-07,5.483738838420411e-10,0.9984801484444096,4.945856709461445e-16,0.00042903661608222163,0.0,0.0010902895121019155,3.6821387174755295e-07
2671,3,1.9082034067763793e-08,3.4891688790280035e-15,0.9745014407771716,3.3647702085735044e-16,0.023969721182268106,0.0,0.00016421693713083435,0.0013646020213915868
2674,4,2.000233183318184e-25,5.3983794477292614e-48,3.6300057779442136e-08,0.7932196035275434,2.7449756083016868e-05,0.0,0.20675291041618407,1.316112380847154e-13
2676,3,3.3042325962974495e-13,1.3928142331130418e-44,0.9590935171343198,1.0464260117029599e-05,0.03671667007432189,0.0,7.664032484551805e-06,0.004171684498426327
2677,3,2.84828298349309e-17,2.9319269601960886e-33,0.9668228498968666,2.2577135049273785e-06,0.03203640400644451,0.0,0.0011377280038769495,7.603793069702462e-07
2679,3,1.482563115055028e-26,3.7016630381827563e-75,0.7320487106066278,9.074417601018848e-09,0.05664451023527592,0.0,1.386525759613825e-11,0.2113067700698134
2680,3,4.0580028536761306e-11,3.6912343062586853e-38,0.8834131490570072,3.824074938332554e-09,0.1006896170090019,0.0,5.5599200717664214e-08,0.015897174470135247
2683,3,1.3171425594569153e-16,4.234726551347403e-65,0.9343610104843155,1.1125984194813516e-08,0.040185346520830445,0.0,1.611329757863302e-08,0.02545361575557201
2684,3,4.0311747036338706e-10,7.011631776188689e-30,0.9979506568425633,3.64715890776238e-07,0.0018190410553095627,0.0,1.18577298151011e-10,0.0002299368645415976
2685,3,4.329278414158629e-12,5.075107167928584e-44,0.9791563920812518,8.202099594089576e-05,0.018970130765992063,0.0,2.0069927351511268e-07,0.0017912554532123022
2686,3,2.4021355416384495e-15,1.0040872032729869e-45,0.9618783965741203,8.371246277460111e-09,0.02313356792596773,0.0,3.1769074176565803e-12,0.014988027125486334
2688,2,1.1301873275026585e-18,0.9990983444591711,2.879324271788111e-40,2.903611689128527e-56,3.7034637700258656e-17,2.0494329023204602e-18,0.0009016555408287521,2.2868653076209774e-110
2690,7,4.883304218407722e-30,7.027077709057268e-30,1.0483635347668579e-32,1.7366751494657327e-19,1.8722229036374552e-13,0.0,0.9999999999998128,1.4591933075025524e-119
2691,6,3.8059251256402105e-09,2.93022243770574e-05,3.26940714498374e-13,8.032000946209894e-43,2.3359708504157244e-20,0.9999706939251104,4.4260471535263487e-11,4.7663783954414835e-25
2692,3,1.34560686968664e-12,5.9346463803396966e-33,0.9463618371962799,1.9144473585589972e-08,0.03855945417841609,0.0,1.3329862739849153e-05,0.015065359616744925
2697,3,6.555726056274435e-08,2.3437192887574183e-20,0.9993419268503514,9.416910855447535e-08,0.0006368342284839324,0.0,1.650632050844822e-05,4.572874287131819e-06
2699,3,2.3179137594333947e-15,2.667441124426638e-44,0.780591292472741,0.013053109481117995,0.20317345227724223,0.0,0.002534294904923706,0.0006478508639728132
2702,3,3.332269768935827e-06,9.646361327489798e-29,0.9990667819108291,3.7182301976140417e-10,0.0007384717032534586,0.0,2.402018247937457e-10,0.00019141350412364756
2703,1,0.9422213333174024,0.05730262689095142,0.0004752970728480412,4.977309616267377e-35,1.4652941707458757e-08,0.0,7.280645239515555e-07,1.332354795754008e-12
2704,6,1.1243070354346539e-05,8.79619216969686e-06,2.0495475257022353e-19,6.500943847160252e-46,5.2150987376097915e-20,0.9999799558766097,4.860866279260661e-09,2.745721952805346e-50
2708,3,3.218102596510892e-09,4.432720777780401e-20,0.9936705695221009,4.068135694023826e-08,0.00566060066793648,0.0,0.0001573667551305445,0.0005114191553726688
2709,7,6.262421672996879e-24,3.83082983704902e-51,5.041586341702359e-07,0.000331071972560853,0.00010895581711555824,0.0,0.9995594680516894,2.5445285956374346e-32
2711,3,1.793063496217856e-16,2.3597530506767525e-62,0.9213459593044416,2.8271306338837498e-06,0.07338118175583601,0.0,7.69541771708242e-07,0.005269262267316717
2712,3,3.782884867013491e-10,4.9623044412465556e-29,0.9970550623019319,3.4558283390472887e-07,0.002915647258978408,0.0,8.613080611969932e-08,2.8858347161252474e-05
2718,7,1.3489353419449657e-12,3.4928692520355156e-50,0.0005485898523311844,0.09876089413597469,0.0004889260525683551,0.0,0.9002015899577769,7.02259426991977e-22
2719,2,1.7321463500871581e-31,0.9981656044830786,2.125802770516376e-70,5.864505808810935e-67,5.53687457388693e-26,7.07677515472265e-22,0.0018343955169213952,7.427273667980502e-194
2723,7,2.727298514374731e-49,4.148674560712884e-64,3.5353638512355346e-07,4.43668299159905e-05,0.0006761166574534772,0.0,0.9992791629762454,1.2503785810784427e-23
2730,3,1.2990248744487181e-20,4.0232016877152745e-66,0.9029983644960722,3.453131582836463e-05,0.08921226961506948,0.0,2.3061614486416422e-06,0.007752528411581357
2733,7,1.2245631349839576e-05,1.5692120719218092e-62,3.718328676414427e-22,1.1599463828652078e-08,1.2381396105154906e-17,0.0,0.9999877427691863,1.025450141617134e-86
2736,3,1.8710050028746087e-07,1.4647110409729718e-25,0.9939734087870568,3.042535663426375e-09,0.0055277563133059315,0.0,1.4277853052226252e-08,0.0004986304787483269
2738,1,0.9915650151673587,0.00020216288307050068,3.1629303561087665e-09,2.875833272901964e-42,1.5185553418717857e-07,0.00823265690142376,1.0029673219429901e-08,9.301487037658693e-15
2739,6,3.7189221928390464e-11,2.7352510089995857e-17,1.1615230141623966e-10,2.186561288298404e-44,1.939109665902185e-26,0.9999999986419672,1.2046912653913398e-09,8.635288226285923e-34
2740,6,5.104656045449083e-14,1.5231847066507317e-14,9.927381553362355e-25,9.256161742747088e-44,5.598502500531207e-26,0.9999999999218883,7.80454098574177e-11,1.4105890796499384e-64
2741,7,1.5107492889005543e-09,1.2917877343481148e-43,9.997232166162906e-28,3.9048931702792987e-13,3.1635140031332046e-17,0.0,0.9999999984888602,6.384975734683047e-109
2742,2,2.5078668223018477e-17,0.9962257692326929,2.877068763532051e-39,5.496448194757522e-56,1.3942040712340652e-18,5.8639786479579894e-21,0.003774230767307102,3.013546250703578e-113
2744,3,1.3388317130982418e-10,6.030186433176917e-45,0.9633767633468865,6.308653712433016e-08,0.0331576384004487,0.0,2.3704764429929145e-09,0.0034655326617681905
2749,3,3.361979009903668e-13,3.9094017041434406e-38,0.9585554966643656,4.6471083387899365e-05,0.03243860096928797,0.0,4.1146022931583055e-06,0.008955316680329254
2751,7,1.922476298096199e-29,9.500822515740591e-11,6.885185111687943e-20,1.5403813294281983e-32,0.00011363267721591065,0.0,0.9998863672277759,4.09202764324054e-63
2752,3,9.891263468987092e-19,3.04294343157238e-68,0.9270508494857078,2.4295478389387065e-10,0.031107972639657276,0.0,5.389394988447737e-12,0.041841177626290714
2756,2,2.028799946446336e-11,0.9772526594365765,1.7180299707450571e-16,6.540241575482858e-52,2.5838803464489605e-09,2.2429567546175324e-24,0.022747337959255,6.962433184404086e-49
2757,2,4.636071024338095e-09,0.999668742768347,1.3006208168022788e-21,4.837656083394019e-48,4.9408410013412955e-14,6.587100950058909e-12,0.00033125258894535037,5.7735530766424964e-58
2758,3,1.0092610797352628e-11,2.6016905826999574e-44,0.9600752152672798,0.00012050330950130136,0.03965317878507963,0.0,1.1468431541911935e-05,0.00013963419650482356
2760,3,4.5509957287808265e-18,4.514478092034445e-73,0.716627711578149,5.825419383650232e-11,0.05028510279755505,0.0,3.9915675252287625e-11,0.233087185526126
2762,3,0.018383015324974605,4.8670994644299e-12,0.9813920960618949,7.385810122482675e-16,0.00021432634567356573,0.0,3.971666405790567e-09,1.0558290922733913e-05
2764,3,9.940324168612288e-16,1.5328766433802571e-55,0.944432123332992,1.5660179688545547e-06,0.04529042198783794,0.0,5.769631640374335e-08,0.010275830964883655
2766,3,4.080593740612545e-10,3.2243328801655633e-27,0.9976250622606456,7.311489653780917e-08,0.002350789498679188,0.0,8.914523878810554e-06,1.5160193840649719e-05
2769,3,2.529785229288627e-18,1.3692623045500965e-68,0.7369373253958285,2.721832897689228e-11,0.0898151325356213,0.0,6.240159445941291e-14,0.17324754204126946
2771,7,5.611213017416297e-15,1.4321444775757332e-26,5.741448567418215e-31,1.007799540923833e-19,1.2433727891666285e-16,0.0,0.9999999999999942,1.427477602165072e-121
2772,6,1.1129383309382297e-10,6.068636560987924e-07,1.2947372849023447e-30,6.958921299179395e-45,3.137170504476277e-25,0.9999993930071366,1.791339643327038e-11,2.7019119408377615e-72
2773,2,1.9122217368521872e-13,0.9991423677058774,7.774781852373786e-40,6.98474815530915e-49,2.986134662020804e-21,0.0008560505967537091,1.5816971777439372e-06,4.336576479012911e-91
2777,3,8.439004543296135e-12,6.375090593900888e-23,0.9982524747194902,3.068235616367298e-08,0.0016506083605025272,0.0,9.492534866543915e-05,1.960880546707382e-06
2780,2,0.025548277172120312,0.9744513851621348,6.370748533447058e-09,1.9563987355216738e-45,1.9361077536466406e-09,1.717453484631202e-08,3.121843536878124e-07,5.07338014105915e-21
2782,3,5.134395900974133e-05,1.3724366014868293e-11,0.9999403084727918,9.505595865219769e-14,7.770902790948869e-06,0.0,2.5752754923388216e-07,3.191240389256249e-07
2785,3,4.795465386379307e-14,1.4169059227736209e-39,0.9743243072753366,1.9505314112754444e-06,0.021671751378298833,0.0,2.3864170179437187e-06,0.003999604397887499
2788,6,3.005786539933856e-14,3.7620240546569034e-17,5.438704340665184e-23,4.159458890721048e-45,7.515733191965232e-32,0.9999999978482633,2.151706663507634e-09,9.150597409916891e-58
2792,7,1.150145807516925e-17,1.166452351264387e-36,3.672862054594393e-07,0.0003762837700893866,0.00034355273359820904,0.0,0.999279796210107,5.471910478956037e-33
2794,6,8.043293555107708e-10,6.203907568967954e-07,7.089431336843063e-11,1.807802221277423e-42,2.041521249462502e-20,0.9999993767035221,2.03049714127237e-09,4.39828996080018e-24
2795,3,1.5358405335888843e-15,1.7482398477609785e-58,0.7143468123711515,6.774284892127874e-10,0.08846930502112448,0.0,1.4529342708410128e-13,0.19718388193014874
2800,7,1.183832365164297e-19,4.436790629643524e-38,5.403148704230252e-06,0.0003733677370017916,0.0009266835702965525,0.0,0.9986945455439974,7.8111801382583e-29
2801,3,5.5412299237145744e-12,4.516623773633525e-53,0.954470947382507,6.079538651230649e-07,0.0404877276434962,0.0,8.957756660582501e-08,0.005040627437023736
2802,3,1.1949885166505053e-07,2.4289956376413175e-28,0.992087605860065,4.3107814651216585e-09,0.005722328918351818,0.0,7.914227391199211e-08,0.0021898622696761
2803,6,9.809096564198046e-13,1.0954763524833115e-09,3.2267062957159596e-09,1.7329993587158887e-43,3.400244862210885e-21,0.9999999956545749,2.2261656220780876e-11,1.914039891760352e-24
2805,3,3.489104380896736e-27,7.527093651425017e-52,0.9523163222764691,2.1526845632411666e-05,0.04431686661177393,0.0,3.4793867959928956e-05,0.0033104903981645488
2807,3,1.5904609126310848e-06,9.118889454369719e-19,0.999393602862845,5.270215419078332e-10,0.0005402515837214777,0.0,7.280286581150517e-07,6.382653684146718e-05
2808,3,9.12473836924776e-18,2.7127951918805674e-56,0.9583049405926382,1.7910576729317154e-06,0.029946506238453973,0.0,9.17537581046954e-07,0.01174584457365392
2810,3,5.2607640148981714e-15,1.669156303347728e-56,0.8312717966345692,8.649626465624833e-05,0.16517012471815046,0.0,1.8848361196268971e-06,0.0034696975464992928
2811,3,2.3992187356922444e-24,5.292480846939003e-71,0.960401407282544,5.734506459860746e-07,0.019398386491485228,0.0,9.153226921971974e-07,0.020198717452632513
2813,4,1.0957076583332687e-51,1.3614412584534811e-85,1.870642521184289e-30,0.9569899159209693,3.352174213842217e-10,0.0,0.043010083743811746,1.5714529699142157e-15
2814,4,1.5861577688328856e-17,3.669969743361272e-48,5.002775254865769e-07,0.9804074644543951,3.848756182699578e-05,0.0,0.01955354770543286,8.195497250170501e-13
2816,3,2.4648702116634738e-09,1.5260887359390282e-31,0.9878215801608252,1.625341566859498e-07,0.009732030351834451,0.0,2.3508529955274536e-09,0.002446222137460423
2817,3,2.4702756754253473e-08,1.0758901606200498e-31,0.9949451417256762,4.3750231181130084e-06,0.0042128397821731235,0.0,2.621615157830488e-06,0.000834997151118171
2818,3,6.148136503889833e-13,1.6406389661214847e-37,0.9845895926721709,9.414772995224841e-06,0.013539154362838198,0.0,2.1868272929854676e-06,0.0018596513640878043
2820,3,1.9816814640799777e-13,1.5387155942883975e-42,0.9692417926518445,0.0005654163013939051,0.02997779107962076,0.0,0.0002117871712427672,3.2127956998988414e-06
2821,7,9.651809612994175e-24,6.773235263094523e-45,3.8453297902720696e-27,1.0248224508531377e-13,7.490415702229561e-13,0.0,0.9999999999991486,6.994340485924427e-103
2824,3,2.7216701445606154e-05,1.6540499567077742e-05,0.9997105524399534,2.900808788943678e-18,0.000225181140412998,0.0,1.3773427187120852e-05,6.735791433681474e-06
2825,3,1.271840520964398e-15,2.2354647981951132e-51,0.9690246481661906,9.62390134279364e-06,0.023512697838429825,0.0,8.192570426196645e-07,0.007452210836992976
2826,3,5.148093872254125e-15,2.1260793816097463e-44,0.9798208458593034,2.6431920274087463e-05,0.018852170706289258,0.0,7.276747690940173e-07,0.0012998238393590205
2827,7,2.1103952012082763e-27,1.8118435475742216e-48,6.919134572214619e-19,1.9291269686899693e-10,2.6842179770836993e-10,0.0,0.9999999995386654,5.730470684234102e-71
2828,3,4.432969007432941e-08,2.1592819747043164e-41,0.9940345205053497,1.3874267402471112e-05,0.005571732607229967,0.0,5.972620426592974e-08,0.00037976856412352887
2829,3,2.637329632349932e-08,1.9751280150877157e-35,0.9950682330012354,0.0005894789957237153,0.004107146083935088,0.0,0.0002213280427012021,1.3787503108242313e-05
2831,5,2.3261893252677683e-26,9.347345753195587e-32,0.0003898416705183808,2.584803405876306e-16,0.9938265405209857,0.0,0.005774759723233974,8.85808526159709e-06
2832,6,2.452952513395759e-08,1.0901510398729752e-08,3.051844818925273e-15,2.24036513533376e-42,4.016229275417774e-21,0.9999999610798577,3.4891037167044e-09,3.8942054908892857e-35
2833,3,2.9522973955461943e-09,7.793022664867558e-17,0.9973188217735216,1.8668812855413133e-10,0.0003989441319443822,0.0,0.0022822076267755543,2.3328772929433523e-08
2835,3,6.0926139793358135e-12,1.7649651613190938e-54,0.877117335902848,4.2387355745710653e-10,0.0905465179860556,0.0,5.551227701531127e-10,0.032336145126007534
2837,3,5.991354581890641e-10,1.5933945671314672e-19,0.5841202776111233,3.4593915952121114e-12,0.35380568727041456,0.0,0.0017968392078982767,0.06027719530796903
2839,3,0.0016620844185706463,9.391287707222647e-14,0.9983183591411195,1.2310320449421315e-10,2.304790288329247e-07,0.0,1.932156948460637e-05,4.268599155075479e-09
2844,3,1.4933320239304073e-10,2.0779632600301945e-26,0.9793599711576165,4.7161261274031854e-09,0.014547229417166192,0.0,5.924310883796721e-05,0.006033551450919978
2849,3,1.2260111646030542e-07,4.949583001612346e-30,0.9969396927886099,5.274201386038383e-08,0.0027894800587778623,0.0,6.095651769472644e-09,0.00027064571383007444
2850,6,3.068725038925876e-12,9.330308322420183e-12,4.0805430981682616e-19,4.534423371835557e-43,1.0547168151559404e-26,0.9999999999565844,3.1016527695268936e-11,5.866757628845773e-44
2852,7,0.0005112293976348001,5.814089991836787e-12,9.091696074083696e-27,1.4975667757049435e-29,1.1346862587343024e-19,0.0,0.9994887705965511,2.340788068095707e-110
2854,3,5.801436461087024e-16,2.1677856595021977e-54,0.9355864249480099,6.188633757605933e-08,0.03576621524006625,0.0,2.3279927112627816e-09,0.02864729559759303
2855,6,1.9794623360992766e-07,2.579605397798759e-07,3.230490651506157e-10,4.669928088189782e-43,4.021965468039891e-19,0.999999543493091,2.7708656801525497e-10,1.5448289899710773e-22
2859,2,2.2117233203771556e-05,0.994726380826931,0.0003723472100815918,1.0637213638435998e-33,2.1809833752924523e-05,0.0,0.004857344896030686,1.2521452904748033e-16
2860,6,0.00024222726017399655,0.0017483999840765111,3.9389979732193203e-07,3.3599182469250364e-42,6.004789782572168e-15,0.998008976802733,2.0532130484200725e-09,7.165202568849213e-19
2862,3,3.795214441619238e-10,1.0864047545757717e-29,0.9905117565378099,2.330220001949028e-08,0.00772901051609897,0.0,1.8277997264433544e-08,0.0017591909863725352
2864,6,3.540480297681264e-05,5.359436177558436e-05,1.2665818924078057e-08,5.903916660407378e-41,5.869350792481135e-13,0.9999109765296691,1.1639172492690125e-08,1.508164700730651e-18
2865,3,0.0908189349850481,1.5534647080138538e-09,0.9091790154186492,3.1773887574199377e-15,7.056278962558853e-07,0.0,1.3004436651740102e-06,4.197127345241512e-08
2867,3,5.839639039643979e-15,2.699424415456364e-36,0.971178045100594,8.656968500981041e-08,0.02710942011087882,0.0,3.814150974867245e-06,0.0017086340678613811
2869,6,1.821448396538804e-10,2.0357237989293033e-13,2.1670158330138153e-18,3.898718715440011e-45,3.3286667483745514e-27,0.9999999996246227,1.930288704313722e-10,5.002613758827322e-48
2870,3,5.0653131294205885e-24,2.046202526806176e-58,0.6283405362012002,5.0829205173284466e-08,0.10554643407041835,0.0,2.6185198892065177e-06,0.2661103603792871
2871,3,7.745111492813884e-05,4.331775920019193e-16,0.9967714921651836,3.3294365180318874e-13,0.003134409673233132,0.0,5.715842069073648e-07,1.6075462114885686e-05
2873,2,5.1366335326688015e-27,0.9938470941675128,9.823907141667439e-48,1.895700809273874e-64,9.258824478715162e-19,4.8173595024606097e-29,0.006152905832487181,4.650536521543e-140
2874,3,8.760223479184381e-19,1.4899358133852196e-55,0.9236825400710504,4.915494652786743e-07,0.03540920786826093,0.0,9.301696794900811e-09,0.040907751209526645
2876,3,5.632612965697233e-10,1.855081939837567e-38,0.984235074483491,9.034234469055032e-07,0.013531210443360756,0.0,2.9453431278158385e-09,0.0022328081410968145
2877,3,1.7073651620081884e-22,1.2212667347845045e-67,0.9155449733689832,1.3069957736955889e-07,0.02260773783517537,0.0,7.249326488964333e-08,0.0618470856029991
2881,3,3.425381635626472e-20,5.64205647370155e-50,0.9426532339042328,8.960487433010467e-07,0.04873957219616488,0.0,5.500906093257959e-06,0.008600796944765622
2883,6,1.4270239347657725e-06,4.275385619270404e-07,7.459963947926009e-07,2.2611330280926064e-42,1.0391810140332339e-14,0.9999973993930211,4.807698588930422e-11,1.3121419146882867e-18
2884,6,3.5776571540765304e-08,1.0183318309542765e-05,5.772031412956635e-12,1.723558520054891e-43,8.840105646709597e-17,0.999989780899306,4.088022532265009e-14,3.851077350200902e-23
2887,3,5.611875944538849e-09,1.9438500096211212e-28,0.9976379763064545,1.4100977499191474e-05,0.002323040915576669,0.0,3.4733110303973553e-06,2.1402877563257095e-05
2891,6,5.351632465461135e-08,4.034712090889388e-11,5.50008106295984e-12,1.0271373090997972e-43,7.044724360091014e-22,0.9999999463462043,9.162380459416011e-11,5.4990225534689335e-33
2896,8,1.433662637059427e-26,4.253092808935654e-54,0.32412798420725075,0.00015658279722402028,0.1541809263682938,0.0,2.6330373750111438e-06,0.5215318735898564
2897,4,1.7741657973318812e-58,1.7071059024238442e-89,1.379953855246703e-31,0.7537639196787815,7.38588877990885e-10,0.0,0.24623607958262955,1.3380369794859072e-21
2899,7,1.613942131957067e-10,6.6440239884528524e-52,1.1502505616169099e-14,0.001383313097151623,2.2851416105453085e-11,0.0,0.9986166867185912,4.4644573831166225e-45
2903,3,3.6651770203914263e-16,1.1870600805191416e-45,0.9616760541717428,9.035493189209179e-07,0.022948422712211838,0.0,2.676257714240265e-07,0.015374351940954555
2906,3,0.024049800156512625,3.450291259829365e-12,0.9377713645144518,9.55495399825218e-12,6.21259353770995e-06,0.0,0.03817262272247917,1.3473284534512242e-14
2908,3,8.024667596094397e-16,3.49511779160165e-54,0.961187769302924,1.52110001250286e-05,0.03617235678302128,0.0,9.030589124800852e-10,0.002624662010869912
2909,3,2.8409282908241395e-08,1.002585961301672e-29,0.9922439834504035,0.001314803853465617,0.006001334421556911,0.0,0.00030768145539821385,0.00013216840989288913
2912,6,5.046315920683905e-13,1.3197018219370053e-15,2.1691691777014673e-08,2.8099557311252944e-43,9.897587175100576e-24,0.9999999782878789,1.992328219502393e-11,3.142465189460131e-26
2913,6,5.755888576581278e-10,7.252333334730333e-11,1.9651610985383696e-09,3.7584334662882855e-43,4.328491103154188e-20,0.9999999973603736,2.635309181635524e-11,1.868870739907413e-23
2917,6,4.783781777826576e-12,3.240574027401151e-11,8.52232661437508e-10,9.147284115665919e-43,4.0089627674574086e-21,0.9999999991096781,8.998445074649394e-13,1.2872976811606041e-24
2918,7,5.530657511572552e-18,6.153813221493604e-48,2.7240171771771127e-15,1.225081013531465e-07,3.6339508392805475e-09,0.0,0.9999998738579451,7.252446576051104e-62
2919,3,2.2155915846943866e-16,2.9771468134651767e-35,0.955958906108612,2.5054738652602507e-08,0.043366338082461195,0.0,2.206801019568591e-06,0.0006725239531683708
2921,3,1.3704615156468463e-12,4.34139963269537e-36,0.9802924048292225,0.003238949569435683,0.016290315664850962,0.0,0.00017753482170661364,7.951134136637457e-07
2922,7,7.167309895078453e-34,1.1887611746627634e-28,7.878228319193901e-20,1.610335811993033e-16,1.1228370261080415e-05,0.0,0.9999887716297388,3.0122100915355368e-64
2924,6,0.013012779186499762,0.005110077655301604,4.278182775225818e-09,1.087361628124178e-43,3.702917808926478e-15,0.981877138846335,3.367715931713684e-11,2.849139162506011e-22
2925,3,2.297273879715357e-17,3.0317761937776226e-55,0.49897342953408014,0.00011123334229602472,0.4668113551728456,0.0,9.390528940481605e-07,0.034103042897884205
2930,7,0.0008559576776978129,1.0683915765229754e-20,2.751943810513483e-19,2.1855422839895282e-17,2.872754670145021e-16,0.0,0.9991440423223019,6.425613202788003e-83
2931,3,9.540194047008333e-10,6.84206901888561e-38,0.9872051093730234,1.0040116219421848e-07,0.010391396236625673,0.0,3.2466809807429803e-09,0.002403389788488254
2932,3,2.0560037963050734e-10,5.182064316062674e-37,0.9758128492756776,1.6961582928631735e-07,0.019907582478022434,0.0,2.2709346413421396e-08,0.004279375715523992
2934,3,2.022706710237238e-11,3.583014612050888e-45,0.9566125440258637,1.5272571928257048e-06,0.03615927655136519,0.0,5.9283178175490866e-08,0.007226592862173148
2935,6,1.1984953768559217e-11,9.071764569815435e-06,6.832496376137005e-35,4.032486424542893e-45,2.085648040394885e-24,0.9999909272898672,9.335779490916907e-10,7.353750731999551e-77
2938,6,1.1457412108151246e-15,4.514902064163369e-15,1.7956320813031083e-17,6.624323863098396e-42,7.414183704017677e-26,0.9999999999818063,1.8187964032838652e-11,4.745017160983011e-42
2940,3,7.841199175711938e-22,1.494322383592826e-50,0.6411605025965086,2.6223979741197125e-09,0.23387132019395762,0.0,1.1363165022054184e-06,0.12496703827063356
2941,2,0.042812723593090074,0.956806614335479,8.361021742685418e-09,2.3745776859576913e-46,3.915314806590455e-12,1.0705271140525465e-11,0.0003806536957886673,1.993610499633226e-32
2952,3,8.891391380786242e-16,7.847883314326165e-45,0.9591098362433053,0.004429557015495566,0.03627856184187891,0.0,0.00018063308137733158,1.411817942062705e-06
2953,3,4.999222614869453e-07,1.8257347584017344e-28,0.9968617604669741,6.122549231571955e-07,0.0028954197824514983,0.0,8.666669621839367e-07,0.00024084090642758978
2954,3,5.571135119667989e-34,7.566405340852044e-87,0.9502606487816655,1.542806306842988e-08,0.0030208477364489952,0.0,1.2592590536899773e-10,0.04671848792789653
2959,3,3.55074474919935e-05,1.3316741040370898e-22,0.9998172159938198,3.7833552316350834e-08,0.00012387360291416633,0.0,2.415033480476298e-07,2.3123618873738875e-05
2962,3,0.0001850141825183413,1.7366198161618578e-10,0.9996652032634535,9.32987171624489e-15,3.286237569745849e-05,0.0,0.00011643433099231463,4.856736670418022e-07
2963,3,9.710322455576442e-24,4.035563140159456e-68,0.9437302058040858,7.362694309522593e-07,0.019386713737958996,0.0,5.627910793194212e-07,0.036881781397444906
2964,8,2.036060799969231e-20,9.385018972005476e-77,0.44021273268078837,6.170307670555121e-15,0.11152227694120125,0.0,4.425920364463944e-17,0.44826499037800405
2965,3,1.6996063703903859e-09,2.249884006411382e-37,0.9908698538772693,0.0027683345809412447,0.006316195901457699,0.0,4.277953009593419e-05,2.8344106294117464e-06
2967,3,4.939510857398472e-22,1.8028818930734138e-86,0.9599491554079149,2.2638373240099466e-12,0.01690932727941691,0.0,2.4396627158042066e-12,0.023141517307964647
2968,3,9.930099634335253e-18,5.3471407357124375e-40,0.9628016154364732,1.197745013014233e-06,0.035797927161292965,0.0,2.1527883116612907e-05,0.0013777317741041181
2969,7,2.3229477950128572e-08,3.485391063547053e-53,2.6555888259842506e-16,9.88056471999036e-07,1.5379689189556347e-12,0.0,0.9999989887125119,3.785731352934966e-65
2970,4,6.018471180149443e-06,1.497011899561733e-38,0.000461127902280493,0.9834428875952044,2.0445232875872826e-06,0.0,0.01608792148391655,2.4130671288511193e-11
2971,3,2.962616341506216e-06,4.312146378465153e-31,0.9992992726374111,5.77390399973236e-06,0.0006208850244638784,0.0,3.7824029587427796e-07,7.072757748782685e-05
2973,3,9.368271216222002e-16,1.2489826857760892e-53,0.9647620467055817,1.1762218353632011e-07,0.017801224915176685,0.0,3.8725833567517965e-11,0.017436610718331177
2974,3,2.0349505676125923e-16,2.8440927893840297e-35,0.9131345381859923,0.00062943077176608,0.05194595242963422,0.0,0.003262312204845956,0.031027766407761167
2975,6,2.1933492693789775e-08,1.1454950334490123e-07,1.1654298989355116e-20,2.360895553747742e-44,2.750725544737772e-22,0.9999998634650307,5.1973153804060126e-11,2.5044027435836625e-48
2977,3,1.6934238652732533e-12,2.5838606580898603e-49,0.7413795856795352,1.0406624836932679e-10,0.22733745628005597,0.0,7.114118805505324e-10,0.03128295722323728
2978,3,2.4003907349997114e-19,1.6244612316372252e-61,0.8711834207050353,1.484456635679471e-09,0.04260578578881423,0.0,8.723512814952338e-11,0.08621079193445881
2980,2,5.020236068544763e-16,0.9803046398410645,3.5725305302815123e-25,1.1878051879645442e-50,3.007134611227978e-09,0.0,0.019695357151800402,6.881723590883157e-72
2981,3,1.4702618780173952e-11,5.1125980348480935e-49,0.5115273109747751,5.5584065913690474e-11,0.42872590309686254,0.0,1.7310598826835507e-10,0.059746785684969765
2983,3,1.72151104089826e-14,2.3975360474006692e-52,0.8643624913261229,4.659951229473166e-10,0.07307744355975354,0.0,1.510593977767495e-10,0.06256006449705188
2984,2,0.0001944493546995181,0.9973800384009472,8.046551028951326e-10,2.560056185146951e-36,1.750283146923775e-09,0.0,0.002425509689415161,6.855034643268114e-34
2986,2,8.612148126170806e-34,0.9934294368396432,2.366909140076567e-66,4.188603733252847e-68,2.548217378528341e-25,2.583171208204329e-27,0.006570563160356676,6.573712650749615e-189
2990,6,1.4558813668785215e-11,5.7920090533284804e-08,2.896613988865633e-28,3.894080016429353e-45,4.6296755776199237e-23,0.9999999348289409,7.236409629086884e-09,8.404319099482571e-70
2996,3,6.295751627916343e-09,1.5141410267068234e-35,0.9921766639264757,3.223702632766098e-08,0.0066363958162525835,0.0,6.645516383445691e-10,0.0011869010599421072
2997,4,4.7109219912810926e-11,2.755968901505134e-48,1.2787628743034951e-05,0.9975878008774229,5.043654620494779e-06,0.0,0.0023943677921041753,1.3936642984768522e-16
3000,3,1.9005176234392356e-07,1.628035893786494e-20,0.9966906374723636,1.1465590698983463e-10,0.0030204799688862724,0.0,5.600237236284479e-07,0.000288132368608207
3002,3,1.9960872094344296e-06,2.8735202885467613e-16,0.9961382430522845,1.1530053019134792e-10,0.0033391607141861498,0.0,2.4994327542764963e-05,0.0004956057034763615
3004,3,7.312310611065249e-22,5.178718383142776e-72,0.9447428338696623,3.34671821023572e-08,0.022937513326362107,0.0,2.558697587987204e-10,0.03231961908092381
3005,6,1.4818262547762154e-11,8.170447659555015e-14,1.1982309806104517e-07,4.304316190201424e-43,1.8553915908150988e-21,0.9999998784056504,1.7563516176223124e-09,3.887932838844917e-24
3006,4,2.6673627680026534e-10,1.7690280601670614e-57,8.977882735212844e-09,0.9201579716314924,1.762181669783868e-09,0.0,0.07984201736170696,1.0684322585341706e-24
3012,7,3.1473513766919294e-07,3.368905581439126e-13,0.06434632248431313,4.261116763513034e-09,0.00860916847746795,0.0,0.9270441900416276,3.4161766860843218e-18
3015,3,4.912798231617677e-11,1.9505216705410367e-37,0.965288237590352,0.00042388996711358897,0.034252952102548626,0.0,2.9514391783838325e-05,5.405899073904148e-06
3016,3,8.897522574150295e-16,1.1597515925390597e-41,0.8356915572314935,8.082217736277071e-08,0.08091304665123292,0.0,2.4979853935559423e-08,0.08339529031524132
3017,6,9.993705215316782e-08,2.538873858417041e-06,2.9843162764606226e-09,1.9346564845699953e-44,2.6758753106159797e-15,0.9999973582047604,1.0086069621891466e-14,1.2734097077135437e-20
3022,2,9.027013846862769e-06,0.9984154161984914,1.5094065606425189e-22,1.621622975758332e-43,2.450756817994968e-15,0.0015489655572968647,2.6591230362385942e-05,8.794733811769933e-53
3023,3,2.5537990334165703e-11,1.3374852932577098e-29,0.9963252125669577,7.560094537453454e-05,0.003533778515265817,0.0,6.384115224170759e-05,1.5667946222323974e-06
3029,6,6.793046384445742e-08,7.549363259785953e-05,7.2216290741575055e-09,2.7604282383234387e-43,6.214848962602893e-16,0.9999244312152396,6.912318852447905e-14,4.923847618274064e-20
3032,4,2.7710343363447658e-12,3.3872459368412074e-47,2.034106443967285e-09,0.9915150241641169,7.224338536584175e-07,0.0,0.008484251365146201,5.786191788803391e-15
3035,3,2.4172132713209934e-18,6.422100662044717e-61,0.8448160487216757,7.070249781729608e-05,0.12892731888017686,0.0,1.894941568612515e-06,0.02618403495876148
3036,7,3.6537946219253565e-12,0.009078455062619882,1.659981656838414e-45,5.1710410017524615e-56,1.2379463219446161e-22,0.0,0.9909215449337263,1.9673559708229302e-162
3042,2,1.2532660076096624e-17,0.9900010834553998,3.237193817022203e-33,4.375766787489307e-55,2.88346388293587e-12,1.51400065755287e-28,0.009998916541716658,4.109206107224663e-96
3043,6,0.11278059044007648,0.06274196777724882,1.974225474251211e-10,2.048397885672556e-43,6.85330486443543e-14,0.8244770724345644,3.6915061927372856e-07,8.497982359803145e-23
3045,3,6.7290131625129045e-12,3.530015273945141e-33,0.9834016378829359,7.445305297810309e-08,0.013773089601523002,0.0,5.578795602355256e-07,0.002824640176198955
3048,3,1.5144515868992034e-11,8.252269143042552e-38,0.9331524966895249,3.7151414237133087e-09,0.05369128438761247,0.0,4.928676094376349e-08,0.01315616590581564
3054,3,1.2672435032661954e-18,5.32053049843784e-38,0.7497916075581974,0.016908289428292145,0.2192637678537972,0.0,0.013977845966781696,5.848919293153629e-05
3055,7,4.820945696232947e-09,2.342547678504496e-46,5.0476479168613664e-09,0.11874314300014963,6.619716926594518e-07,0.0,0.8812561851595642,7.534078130830881e-32
3057,3,7.183423042185517e-18,6.559240537385236e-61,0.93837312053712,7.035948663680726e-08,0.035732158160629295,0.0,1.1713058458864066e-08,0.025894639229705613
3059,6,2.364589843452369e-05,3.336696389897763e-06,7.019579604233045e-10,5.410509956513998e-43,6.2891332695281996e-18,0.9999730166702876,3.293000386568285e-11,1.2975824449998526e-25
3060,7,3.673804946969356e-23,5.661891858074183e-48,2.066934745465947e-05,0.022160528041869333,0.000818505383126762,0.0,0.9770002972275492,3.416681535321251e-21
3062,1,0.9994925067565984,5.604477922044725e-08,5.0582028448058686e-11,9.745351946831877e-43,1.8162250094860903e-07,0.0005072528115161218,2.7140219998838662e-09,1.1064384111187917e-15
3063,3,2.832821916800027e-10,5.823968710755756e-39,0.9741089100130351,3.42039743058731e-07,0.022098117788553886,0.0,5.0932251652201995e-08,0.003792578943134166
3064,7,2.6263668508379614e-06,1.9866131371557366e-59,1.2479171852484653e-12,4.613353413683987e-05,3.089575418192175e-12,0.0,0.9999512400946748,2.3146832342394353e-51
3065,3,7.849896542278545e-20,6.696438091892299e-42,0.9637426546200561,5.219376683190209e-06,0.033745250136799285,0.0,3.6065944274225595e-08,0.0025068398005170705
3066,3,1.8742516453959444e-20,1.645885211833186e-58,0.9264273745872895,1.2209930371780906e-05,0.06871948892954635,0.0,6.6706234090449145e-09,0.004840919882168979
3067,3,6.816085706496501e-10,5.238175683792105e-23,0.9774655782168787,2.373271164840013e-10,0.02171728107799211,0.0,5.392431581557188e-05,0.0007632154703778317
3069,7,2.8095059719640048e-49,3.422218669048229e-10,3.0039347903205e-75,1.9544681265293802e-52,2.9187117045910833e-24,0.0,0.9999999996577781,3.646195898365406e-247
3072,3,3.2211913200510643e-22,1.4640410777719916e-45,0.906437905853286,1.3242606780552226e-06,0.06669136416561637,0.0,1.0032576804641041e-05,0.026859373143614976
3073,3,5.017599766134084e-10,4.0352467400424515e-28,0.9872206425963653,5.1360201957365976e-08,0.010710948758003606,0.0,3.577037231941294e-08,0.0020683210132969093
3076,6,1.0651345641641314e-05,8.33558363703447e-07,7.784991490264983e-09,1.4748182671189977e-42,7.522409267887119e-17,0.9999885030652053,4.2457977678493405e-09,4.1266268297931355e-22
3077,3,6.06895790585238e-14,6.195334302085112e-47,0.9764884450758081,1.0393083186542233e-06,0.017301537932091382,0.0,5.9395837569089725e-09,0.006208971744137355
3081,3,5.746477703661691e-15,1.070983990150231e-46,0.9774076302082295,6.75798719386469e-05,0.02158090966168053,0.0,5.710514252846448e-09,0.0009438745476313428
3082,6,1.0781769032735276e-11,3.1792481383361767e-06,5.105526627255221e-11,8.18704995645325e-44,2.3264915236483896e-18,0.9999968206899482,7.651453728957128e-14,2.309620305853351e-23
3084,3,5.809083827331347e-14,4.175578730396765e-53,0.9290252855154945,0.01793414707122825,0.052346497966692426,0.0,0.0006895899944934706,4.4794520332874966e-06
3085,8,2.6229392091103582e-61,1.0188481829508667e-69,3.587505313139718e-20,0.03781774983843936,0.0346855847091741,0.0,0.00010047464806945525,0.927396190804317
3090,3,2.5619617228411485e-18,2.895634447764096e-55,0.9541149195264507,1.592504803520541e-07,0.02410512090415979,0.0,9.637375048701442e-10,0.021779799355171617
3092,8,2.7636429615522956e-75,2.542214993586723e-74,1.13145572219264e-25,3.74914396252355e-08,1.6366903950651584e-06,0.0,2.4370004569987298e-11,0.9999983257937952
3096,3,4.371480650421392e-08,3.8980476465062845e-12,0.9999466658877877,2.1262714572573632e-12,5.303059775771208e-05,0.0,7.245191657032025e-08,1.873417071453599e-07
3099,3,3.423477719176006e-16,8.880557513647174e-47,0.9202752696915775,0.0004876928199086042,0.07882120581822398,0.0,1.3701171510550882e-05,0.0004021304987790414
3101,3,4.2966552108416776e-08,1.785386936967113e-34,0.9908875735366578,8.247698417086805e-09,0.00681525866920555,0.0,2.165885660126178e-09,0.0022971144140003794
3102,6,3.62241718844311e-07,3.2127411511379754e-05,2.0163943986282918e-10,9.415737088738266e-43,3.9850764905703215e-15,0.9999675101449231,2.0318276485112445e-13,3.571246441333642e-21
3103,3,2.167011215710249e-25,2.6894892656570706e-71,0.8736501998531869,2.9503604581481336e-08,0.02081104449523589,0.0,1.517784509175316e-09,0.10553872463018824
3109,3,0.0649348797600947,8.28908252724115e-09,0.934955081739197,7.239838358427404e-16,1.2088876478842712e-08,0.0,0.0001100175056432338,6.171055597791163e-10
3112,3,3.013278912354422e-19,2.1337967125500285e-54,0.9285771693857523,2.8914071560719065e-07,0.024820574713216127,0.0,2.1735683083404037e-08,0.04660194502463286
3113,3,3.4906325889871807e-17,2.355064592863285e-43,0.9217535560262582,0.0006514549191838568,0.06614488623155595,0.0,0.0009648980807829603,0.010485204742218961
3117,3,0.036484772456253964,1.2066372592717806e-10,0.9629599169861061,2.0669711542679326e-16,0.0005423942192470767,0.0,2.1917926086799767e-09,1.2914025936484689e-05
3118,7,4.5202887285741116e-07,3.9680571244877154e-56,6.98855671974795e-08,0.08586220872997487,5.496634176937932e-09,0.0,0.9141372638589509,1.035545044092166e-30
3119,6,2.9536370485033982e-19,4.641511021816436e-17,1.8456473777086612e-36,2.9613344998776805e-46,2.7220430954076287e-33,0.9999999542038789,4.579612112388326e-08,1.7841115530536945e-96
3120,4,3.007050979134621e-10,4.959048843154811e-51,1.4055942138875156e-08,0.9807908972392619,1.1133300845445308e-07,0.0,0.019208977071082215,3.7717065222897555e-19
3123,6,8.164930381050546e-09,4.890081736274534e-11,5.944576958277763e-10,1.5720501248308906e-44,2.7849223386959984e-23,0.9999999910908777,1.0083337617308102e-10,5.093485670098625e-28
3129,3,8.441478926590474e-07,6.055465668829605e-38,0.9936966741332752,3.476437556138003e-11,0.006218290215389242,0.0,2.2849861155591718e-11,8.419144582869602e-05
3132,3,2.6007693322095523e-20,7.360530980312985e-56,0.8586744608705308,3.3766999875165044e-07,0.055560918261487756,0.0,4.02976167916234e-07,0.08576388022181487
3133,3,4.3261536496819585e-15,1.8495417906201533e-58,0.9611946437953983,2.456498052816485e-06,0.035489927491125374,0.0,7.227472263995396e-08,0.0033128999406964593
3139,4,1.966419517591765e-12,1.897038340071483e-48,0.0004968909360437318,0.9808562861911643,0.0018096037808371828,0.0,0.016837214393043316,4.6969451579973035e-09
3142,2,8.10145716415594e-28,0.9791955877959448,1.37933983958603e-72,9.225507965290556e-70,5.821517712434562e-32,9.959673459310177e-23,0.02080441220405505,4.2533843420230015e-224
3143,6,0.043038415730854235,0.058491935289402226,6.789843934018584e-11,2.9961940688627622e-43,5.619775364511209e-13,0.8984696489099727,1.3104167552528109e-12,1.1092054192603675e-19
3144,4,1.6421991646524298e-32,5.122312859805403e-47,3.721385087935188e-13,0.9257707233866055,8.791441181703108e-07,0.0,0.0742283974689026,1.5665190417736915e-15
3145,3,3.019739796167483e-13,1.980161636168984e-55,0.9505378220573176,1.0444671919422707e-07,0.03528768414550309,0.0,2.269019562336479e-08,0.014174366659962554
3148,3,2.7102285111011896e-15,6.604098129033059e-46,0.7343284340975827,2.3629098834503325e-06,0.14692889085374708,0.0,1.7931240853442917e-07,0.11874013282637548
3151,6,7.85539568392283e-27,6.359543672429532e-19,9.45919377133931e-71,2.1222926140302414e-53,2.0641413982026602e-45,0.9999999576254017,4.2374598297304897e-08,4.078492439171424e-189
3153,1,0.5056369538905973,0.4297747460728666,2.3147540256329434e-08,1.7760738388037167e-43,1.2458693373506845e-11,0.06458827639517042,4.813667490945212e-10,2.892719730773379e-17
3165,3,2.492611044323638e-09,6.444209202978982e-22,0.9936143199920833,1.98711935278802e-09,0.005835772360399902,0.0,3.344509884338767e-05,0.0005164580689429805
3167,3,4.813087681331994e-05,9.081531008077086e-23,0.9794012665823913,5.490400988722458e-12,0.02028476284690756,0.0,4.568779249063719e-10,0.00026583923151939754
3169,4,1.499865770806972e-08,4.8960798018891425e-51,4.743062967207434e-05,0.8492499942222913,2.621977893337645e-05,0.0,0.15067634037044544,1.5025257776337165e-16
3170,4,1.0351153614389013e-10,9.364301593197973e-54,2.3126791758116212e-11,0.7140504603875206,5.162006122065712e-10,0.0,0.2859495389696404,9.558990361921102e-28
3171,2,1.2935137827724514e-26,0.9380330852718366,1.715113309766075e-70,5.671611693225269e-71,4.064292868078534e-31,3.808068451156954e-21,0.06196691472816342,8.497314371604753e-219
3175,3,2.1808764512808342e-13,1.430782449392585e-57,0.9417493431299824,1.1532141439400359e-08,0.037739645706301096,0.0,1.7439670363930065e-10,0.020510999456960347
3176,3,3.173597293653052e-05,9.632256169953418e-21,0.999942296941409,5.222858505365331e-08,2.41518499549831e-05,0.0,1.0960599591118331e-08,1.7520465147161611e-06
3177,3,2.1610536940335372e-18,4.051202660458429e-61,0.646181044008197,1.155643046267497e-08,0.12214415532612621,0.0,9.464974429424408e-10,0.23167478816274892
3179,3,2.992533323611553e-08,5.70336879823368e-28,0.997905895038065,1.9944118779576057e-07,0.0017658125362116689,0.0,2.973547670854934e-09,0.00032806008565457927
3181,3,0.013187516575128608,2.55864485570972e-09,0.9867970668086815,1.4831502286419326e-15,9.725230197027624e-06,0.0,4.460444015543938e-06,1.2283833311998728e-06
3182,3,2.8712550971597526e-10,2.690681242327766e-45,0.9689637947930109,8.814466223763457e-06,0.025024626116515857,0.0,4.4038316336779083e-07,0.006002323953960502
3186,3,2.849624734573252e-19,9.93410295569726e-52,0.8640338661320908,9.112981939070428e-07,0.05406248718008789,0.0,4.1603662641248435e-07,0.08190231935300098
3188,7,1.507608329957127e-19,7.387069417392166e-49,1.5404068801284534e-17,1.6007960074770415e-09,1.5000973512413343e-10,0.0,0.9999999982491942,2.0831383168086016e-71
3190,3,4.336804342303225e-12,4.656416703580918e-29,0.9671444260651532,2.574920320917384e-09,0.03201791010197907,0.0,1.6401556999795463e-05,0.0008212596966108181
3192,7,1.0870826981249981e-45,1.4512020350381184e-56,7.575950057428357e-24,9.402392300573453e-13,3.2235654659417425e-09,0.0,0.9999999967754943,4.790302051764684e-83
3193,3,2.131276156104172e-07,2.7939724319262104e-34,0.99034839754838,4.870303846088775e-10,0.007433230168602709,0.0,2.555454826646632e-11,0.0022181586428167937
3198,7,9.634276466009761e-32,5.29707830843833e-49,1.1690651475116237e-41,1.1710679331490326e-20,1.4928163505257038e-18,0.0,1.0,4.384525747019842e-150
3202,3,4.02587228997982e-36,1.743553670039008e-87,0.9085108651268963,1.1581007292878766e-06,0.00911057463712708,0.0,9.2703954236492e-07,0.08237647509570498
3203,2,1.1033178167763246e-33,0.9987010070237091,6.118904643038837e-82,2.4882498065761756e-75,7.573854859222881e-32,2.309790409838528e-20,0.0012989929762909328,7.090390747158112e-239
3208,7,5.648729880320926e-09,8.918048955986857e-46,9.595966689713543e-10,0.001143605482539937,3.764196214258154e-08,0.0,0.9988563502671715,2.733772957179704e-44
3210,6,6.083659837012319e-09,3.770605056270166e-07,1.4282097103501248e-09,1.9713803609166027e-42,3.206244384084017e-18,0.9999996154266076,1.0172699096730613e-12,4.4790932777588226e-23
3211,6,0.0008780045049872771,5.697127339889597e-05,1.1609275935893863e-06,1.6508678713542282e-43,4.7532830640156003e-17,0.9990637883047815,7.498923879557906e-08,3.774406471779766e-20
3212,3,6.490634985977577e-09,1.0588537119837769e-33,0.9909980937554878,5.7177786725221307e-08,0.006412421040709318,0.0,7.722468382064165e-09,0.0025894138129127697
3213,6,1.5396844636051465e-08,4.902587342220875e-09,3.182613368245313e-22,1.1587355110652282e-46,9.269427259026698e-25,0.9999999648123262,1.4888241804254956e-08,9.437768449775431e-50
3219,7,1.280904875470002e-15,1.2703564121810518e-51,6.856520337871169e-06,0.39850379506318384,0.00020614707155859315,0.0,0.6012832013449185,1.869142700317453e-18
3220,3,2.690244814426127e-10,1.1548533579672982e-31,0.9662484022691369,2.149352997954819e-06,0.03126192160534827,0.0,6.185289853799968e-07,0.002486907974507015
3222,3,0.0006714864652647154,2.268072588217806e-16,0.9992988669353213,2.6791111416919654e-11,2.775871553888015e-05,0.0,1.1283625811337982e-07,1.7750208256360464e-06
3225,7,7.293180680197927e-12,9.1078372497553e-46,6.25531199401316e-16,0.00027774520364064285,1.8847268273925535e-10,0.0,0.9997222546005928,6.720614894910534e-52
3227,3,3.414914422820733e-14,1.2326931486067123e-31,0.9303256989121436,5.776764613609762e-09,0.06567941453348478,0.0,0.0001778968722169065,0.0038169839053559845
3230,2,1.2872601315579699e-24,0.998471854295301,5.1630363960963805e-56,2.223985200999985e-63,2.1555213402193217e-20,1.1649748763014673e-22,0.0015281457046989488,3.238948997189565e-160
3232,3,3.377212784232024e-17,5.331300501951879e-75,0.7961502709835633,1.6770960458831826e-12,0.1334306622063067,0.0,4.2215189975914225e-14,0.07041906680841073
3236,2,0.0013136361605459162,0.99381243124284,4.052858456898024e-05,1.6082821599454831e-34,2.5644849918545113e-05,0.0,0.004807759162124931,1.597876856334032e-15
3238,6,9.86955522791737e-12,3.2382749150848188e-12,4.909742434972807e-16,4.5365955143020286e-43,4.2862476118895374e-23,0.9999999992359597,7.509319965480885e-10,5.810255331800644e-39
3241,6,2.22697356648928e-13,1.1777780936617267e-08,4.299078161228915e-12,2.9976577131539466e-41,2.6239959521315928e-20,0.9999999880188005,1.9889675441492704e-10,5.545896870780982e-29
3242,6,2.4472134324263272e-08,8.323372433915617e-10,3.685216033598374e-10,2.3928445935031267e-45,1.2882633293049993e-21,0.9999999740765996,2.5040721368780195e-10,1.50885048380149e-26
3245,3,4.879402737643466e-05,4.75435177981419e-27,0.9998909569560774,8.732920904143766e-06,4.707321892321901e-05,0.0,3.2956433312767075e-06,1.1472333874460074e-06
3247,3,1.239760616595771e-25,3.62959072321865e-76,0.7362919133415124,3.834025936334187e-09,0.03132054811124535,0.0,1.324859867599537e-09,0.23238753338835638
3248,3,1.1484639489286712e-10,1.0882730054457856e-28,0.9960811982590961,0.0001982409949706632,0.0036742251865656906,0.0,4.057170816106711e-05,5.763736360085229e-06
3249,7,8.94458707786169e-07,0.0015745947692006265,5.421836605980407e-13,1.918319271977447e-26,1.880451130676334e-10,0.0,0.9984245105835045,1.7844830141306124e-59
3257,3,2.9606940678847847e-23,8.13086704930288e-73,0.9306658356931938,7.280600274622703e-08,0.024407695334150572,0.0,1.7469204098302594e-09,0.04492639441973238
3259,3,1.4990342413092628e-17,4.3528750537717156e-58,0.9730571805101262,1.4845441243880984e-07,0.010141581556017467,0.0,6.764998198754806e-08,0.016801021829461856
3261,3,1.5692147824674923e-08,1.0553426397463694e-28,0.9993034202322453,8.687970694039033e-05,0.0006017702291707507,0.0,6.890515267712266e-06,1.023624228012306e-06
3267,3,4.139151741194635e-17,1.2233488660833766e-71,0.8761923384076975,4.78208369112672e-12,0.09589810118140833,0.0,3.728533108888946e-14,0.02790956040607483
3269,3,4.136282736607782e-17,1.112182482994624e-31,0.8981230613778682,2.127724086424387e-09,0.09161171585859776,0.0,6.713332466410592e-09,0.0102652139224773
3274,7,1.1005434918293819e-14,2.195057398747735e-09,6.037212117123668e-36,4.213424867928467e-30,1.0473076641469401e-17,0.0,0.9999999978049315,1.3555438268702076e-133
3277,3,5.3734525803287255e-15,5.489053900437751e-28,0.6899902835338175,7.763571986031976e-11,0.2857824313997744,0.0,8.872958900544938e-06,0.02421841202986659
3278,7,1.0911332536003875e-10,2.208663973598955e-49,1.330108596087977e-06,0.023864513828384774,2.2473989307328347e-06,0.0,0.9761319085549751,5.318282024382503e-32
3279,6,6.697686953315305e-10,1.560287553861612e-13,4.200883463626558e-06,8.385786829629475e-44,9.627688953310229e-20,0.9999957984072765,3.933533662229191e-11,3.3172712922177445e-23
3282,3,2.7009932356628184e-09,2.747148274709301e-22,0.9983100414694904,2.6372114472077676e-08,0.0016792687702257467,0.0,1.1926937432930758e-06,9.467993432787799e-06
3283,3,1.7251568888626152e-17,4.6813701977550926e-58,0.9641260307767903,4.281764651114445e-05,0.035636098272777576,0.0,5.941479447366677e-07,0.0001944591559763522
3288,7,2.214800255278956e-06,3.25753133860796e-57,3.592877066398545e-11,0.001419356825574735,5.231086168022572e-11,0.0,0.9985784282859304,5.313709995993577e-44
3289,3,0.00014015060060642252,1.2448073994245633e-24,0.9996244679559552,3.08143739695445e-05,6.355068050406796e-05,0.0,0.00013638771210630548,4.628676858553597e-06
3290,3,1.2116313631049697e-06,7.703632299119239e-24,0.9989105825354886,3.722789273599156e-08,0.0010790621199216306,0.0,2.261463957010344e-07,8.880338938285478e-06
3291,3,2.0965982302852035e-10,3.743333607583587e-42,0.9883846918977502,1.071540577906611e-06,0.008712239904182984,0.0,4.828157848709041e-09,0.0029019916196712193
3294,6,2.7852248610576583e-10,4.8692171581442314e-08,2.3856783982718248e-19,9.62942442368138e-43,9.640956562608125e-21,0.9999994246881229,5.263411830817254e-07,8.22393196378645e-53
3297,3,3.4335041399125447e-07,3.1126467409084125e-25,0.9974939302173605,1.1069672929678837e-07,0.002132335668484359,0.0,3.1996156311843104e-05,0.0003412839106999616
3301,3,5.152151533768184e-08,4.803587190544765e-34,0.9928067950201342,5.186359548113157e-09,0.005743453776933002,0.0,4.389355589076931e-09,0.0014496901057022506
3302,7,1.3660614468914312e-50,2.4487139272261515e-64,1.3135740243606531e-12,2.9449821944209455e-07,1.457311359988167e-06,0.0,0.9999982481891071,5.061101485009524e-42
3305,3,0.00016019213111297012,5.647927683131188e-19,0.9853494933074102,1.2688458080824347e-05,0.0008867638717331197,0.0,0.013590862073754394,1.5790856876857009e-10
3306,3,2.060128223900221e-08,2.863131592706604e-20,0.9967542086636352,1.0206546109192467e-10,0.0031561793460029193,0.0,1.8834638378849354e-07,8.940294063027955e-05
3308,3,2.7923500710225842e-28,1.5656404771707222e-70,0.9579705025743656,0.00014166481758581847,0.035306512541597605,0.0,0.0002816127929932527,0.006299707273457798
3318,3,3.3255581432227e-22,3.763811913713175e-55,0.9027389522537914,1.4652642953623035e-05,0.0799736628713546,0.0,3.6166738847442773e-05,0.017236565493052875
3321,6,0.0003857361449812737,0.007521268946033988,1.9507120138736123e-10,5.833307248253867e-43,2.2454043913309588e-14,0.9920929944138838,3.0000735017502104e-10,6.267735421287416e-20
3323,7,2.151716499277584e-06,1.1949366711166422e-56,5.969351253043898e-10,0.3364641397895998,1.64899827641824e-10,0.0,0.6635337077320661,1.5317358989643126e-37
3326,3,8.457150690820243e-07,1.2775443298309438e-20,0.9943634951868193,4.7909816709218275e-11,0.005109494442415877,0.0,8.911948012325055e-05,0.0004370451276626469
3328,3,2.69063903360407e-14,4.292693092227764e-38,0.9876776220733697,5.748427479518072e-06,0.010513755380741278,0.0,3.594935606900364e-05,0.001766924762313602
3338,7,3.9594318192935936e-11,1.3498024486903387e-20,0.006532491587522042,4.7247226641787215e-08,0.03954857803053395,0.0,0.9539188830951231,9.156603747301695e-21
3339,3,2.759992369527443e-06,3.5034086731583366e-19,0.9992204556593354,1.5104973817355263e-10,0.0007052205887147213,0.0,7.977388580508035e-09,7.155563114208872e-05
3340,4,1.6805447971943914e-08,2.4086716531588547e-59,2.7286636017893154e-11,0.9618871103865498,1.5917954253989113e-11,0.0,0.03811287276479781,3.798828269131424e-25
3344,5,9.083554870291241e-12,2.3695478142036907e-22,0.03232488683816003,6.941463953321262e-09,0.7118943179696414,0.0,0.25578078824163947,1.155227948984489e-14
3348,2,7.613460214950208e-44,0.9980828901998174,9.583333643925013e-94,1.2813117536658827e-85,1.859646529680206e-36,6.1368894286215446e-30,0.0019171098001825398,1.4206998087530423e-281
3350,3,2.1432650047344492e-15,2.750233035350924e-47,0.8986963470005641,0.013928104479522384,0.08648284306873605,0.0,0.0008913231829427207,1.382268232618118e-06
3351,7,2.358430849166886e-15,1.7597229618772931e-37,0.11096063494732925,0.27376288079296357,0.045982045505170245,0.0,0.569294438511618,2.429167290684124e-10
3352,3,1.0587868417204306e-10,6.315490098296737e-37,0.993965071081193,1.337796444706961e-06,0.004704542933779488,0.0,1.8199382764727675e-06,0.0013272281444277547
3353,8,1.0654070515255221e-69,5.326493498933946e-37,6.427766405481655e-27,2.336680364290508e-13,4.1542551860200796e-05,0.0,7.407146718305764e-06,0.9999510503011878
3354,3,2.2392771028699346e-06,2.958961982609547e-11,0.9988072961405415,6.294023677090222e-14,8.050019339981417e-05,0.0,0.001109898505931804,6.58533714235814e-08
3355,3,5.4223116777914566e-11,4.432793086889919e-53,0.8987776825613188,0.001893694166841669,0.09929053233387729,0.0,2.3443449963299967e-06,3.574653874280424e-05
3357,6,1.277612790869743e-07,1.1073406707258684e-06,1.022532504234555e-17,1.0725234362473419e-42,5.4780555096944195e-21,0.9999987594554144,5.442635891569991e-09,7.562665857606282e-39
3358,3,4.523276642657891e-09,6.323743967335204e-33,0.9886375822699425,3.458104118562441e-08,0.008913666008105394,0.0,3.523963158656062e-08,0.0024486773780027305
3360,3,5.251414322947104e-26,1.4596725068469686e-65,0.9558995767187094,0.00012807070382295091,0.04243704650940252,0.0,7.290353393092686e-07,0.0015345770327257285
3361,7,4.6603015407416745e-08,4.247535458779949e-18,3.551234231668548e-17,1.1028195702729496e-14,5.54694267725759e-11,0.0,0.9999999533415043,1.3590409821066618e-72
3362,6,8.514902419006494e-05,8.453311488647116e-05,2.532818353489038e-08,6.694149643448198e-44,4.217812700864018e-16,0.9998302925312901,1.4493540698607382e-12,2.2573736867278932e-20
3369,6,1.819736044657661e-10,5.29058762327947e-10,1.0824681368767787e-09,1.2194258743302177e-43,3.4981196950850304e-21,0.9999999982043185,2.1808432831997187e-12,7.476317590296235e-24
3370,3,3.153550282193087e-35,1.557112184349574e-82,0.7181215731195395,8.03530070396838e-06,0.04227629988722885,0.0,6.01136304973407e-06,0.23958808032947804
3371,3,1.0199196205618222e-10,2.7314171198046907e-26,0.9947358633390065,9.413707107514058e-08,0.005009978136295275,0.0,3.1386944103289693e-06,0.0002509255912247845
3375,3,2.1954002493380854e-16,6.261864656611874e-51,0.4436068179395467,0.3670854086264099,0.187519191017673,0.0,0.0017806817810948877,7.900635275266446e-06
3376,3,1.7007383819934261e-18,2.1396685222252926e-53,0.9669065598526484,3.190599103396092e-06,0.02644600967496769,0.0,7.359404934543959e-08,0.006644166279231215
3377,3,1.2644280230780782e-09,9.911679113041153e-26,0.9922811896758041,7.370780743117949e-09,0.007463215324628103,0.0,0.00013131228579835107,0.00012427407856050474
3380,6,0.030891790431318927,0.27956144912901554,8.396476461230281e-06,2.200283957119788e-42,3.293196235929914e-13,0.6895383567912012,7.171673593908287e-09,1.9856297607004177e-16
3382,3,3.0173104306431356e-16,7.909237842056336e-43,0.9546062111490087,2.4835429080108185e-08,0.03645460335564557,0.0,1.1371102522023642e-08,0.00893914928881368
3384,3,2.7280028638582998e-12,6.781106384580539e-40,0.9808632122111711,0.0001973981937938896,0.018602391355357416,0.0,7.463307870587693e-06,0.0003295349290791825
3385,4,1.0874035784320532e-19,2.9396973653825413e-49,3.6347281780587266e-07,0.8260430739983843,2.609639697502028e-05,0.0,0.17393046613182256,1.964947260592329e-16
3386,3,4.138804888442425e-12,8.655333783609498e-44,0.9805953430672971,8.50240796924545e-08,0.01417778276083372,0.0,2.119688763611024e-08,0.005226767946763008
3389,7,6.58585252389814e-16,1.3599422428872248e-28,7.127731344002059e-16,7.476615813930157e-14,3.994658647555171e-10,0.0,0.999999999600458,1.1486826947501915e-72
3391,6,1.0896737160378047e-11,2.956387188217864e-10,7.232878569086305e-15,3.7973475355816974e-42,1.1867861540341444e-21,0.9999999995826936,1.1076364730046667e-10,1.7498210250145533e-34
3392,6,0.00042472555786288255,0.00033820441142810913,6.347194826902015e-08,1.411014223598276e-43,1.3107591911601575e-16,0.9992370024973302,4.061430430244035e-09,7.03009002110154e-21
3396,3,0.001367348393463057,1.2214443050356038e-13,0.9985293014059746,1.509797389469741e-12,0.00010118194142548786,0.0,1.8567172439926222e-07,1.9825857807418043e-06
3400,3,4.720905271399422e-13,2.0958612752877006e-64,0.8702406657759125,1.88269428609557e-07,0.1110404738008545,0.0,3.420131811072883e-08,0.018718637952014207
3402,3,0.0004145825716601937,4.151110108088745e-20,0.9995725257711826,1.829982868243502e-07,6.394574144615742e-06,0.0,5.693692495193266e-06,6.203922304535549e-07
3403,3,7.092884501976042e-07,3.813648510970291e-21,0.9967755254960716,1.3657947835982798e-09,0.003209043682685058,0.0,7.746386428141483e-07,1.3945528355507572e-05
3405,3,4.105585399974817e-13,3.441958616165831e-33,0.9737784238452641,1.0554936112204654e-07,0.02478393990222428,0.0,4.733482908140884e-05,0.0013901958736584055
3407,3,9.77286489047028e-12,8.162763843336085e-39,0.9930356245217674,6.270383235134352e-05,0.0067987113150657615,0.0,1.4236914263923008e-06,0.00010153662961633957
3408,3,6.43826671127083e-09,1.668733867164268e-43,0.9790541877984212,0.0005074670439688399,0.02021893290839364,0.0,3.6908961806130943e-07,0.00021903672133156843
3409,7,6.6885293254056494e-59,1.646003469941586e-39,2.690335941927683e-50,8.781571267147804e-23,1.1072102587569263e-23,0.0,1.0,2.5559019781662947e-102
3416,3,2.5206828776565376e-11,1.4397705000364e-33,0.9910875233688754,3.7164741458835448e-06,0.008298514161129701,0.0,3.462529016929429e-08,0.000610211345351882
3417,3,1.3490554644461049e-05,2.5138755414763e-27,0.9997624780670973,0.00010427879411757631,0.0001088601870820228,0.0,9.748880228147683e-06,1.1435168304336703e-06
3419,6,4.6727048297433705e-07,9.543038352637147e-11,1.289620671219587e-10,9.315700206918269e-42,1.7230699174083773e-19,0.9999992998383287,2.3266679591056952e-07,1.2287785784065081e-31
3420,6,2.5345700499062162e-08,4.500281498515678e-06,6.36186953770097e-16,6.904880179901909e-42,5.053497341166367e-19,0.9999954735181165,8.546838243704904e-10,1.60128504015629e-38
3421,7,5.63914453189157e-21,4.6750761352622674e-35,1.604841619385978e-09,1.8126326416475986e-06,6.278851006452115e-05,0.0,0.9999353972524523,7.112849594040141e-42
3422,3,0.00014807580951536748,1.7193256315407663e-17,0.9997674157515853,9.070281493514633e-09,5.8795460070995314e-05,0.0,2.568377618835782e-05,2.0132358473768357e-08
3424,2,3.43662740782763e-05,0.9999453867413463,2.960309035632605e-15,3.476316770857481e-46,1.0220427478322565e-10,1.5095200108841157e-09,2.024537284799809e-05,8.302633131480885e-36
3426,3,3.5832800012733863e-09,8.112556167814055e-26,0.9923432485439175,5.388275791918749e-09,0.0064254068708094565,0.0,1.1938658047341476e-06,0.0012301417479124825
3427,4,9.279527018161402e-12,5.001494909468277e-49,1.8811609025218733e-07,0.9519694209017993,1.1213821268494139e-06,0.0,0.0480292695907041,5.068483712833841e-17
3429,7,1.3130178727066644e-18,4.082245296104672e-05,7.325129741454366e-16,5.151110831456608e-31,0.00015795523050114138,0.0,0.999801222316537,9.372934367923044e-54
3430,2,1.442240654819188e-16,0.9963979738570913,4.349011607124461e-40,1.4878231534034803e-59,1.008518874152161e-18,3.382202682165417e-21,0.003602026142908504,8.774273657227452e-118
3431,7,1.764200054484463e-18,2.2101893258482146e-08,3.494325631791443e-58,1.0358247425797337e-46,1.2066823652073327e-29,0.0,0.9999999778981067,1.6185126536837017e-202
3434,6,7.724774885140494e-08,0.0026934469457990224,7.007280852845144e-18,2.237309714543932e-41,5.729434386443644e-17,0.9973064758040006,2.4515327427662334e-12,2.5752551320451457e-33
3435,3,3.2975164627773965e-07,2.258234782498079e-26,0.9974258334027479,6.37102790970843e-06,0.002220222334332698,0.0,9.142402603907318e-05,0.00025581945732440617
3436,6,4.302199400996097e-05,0.0012075672221340836,9.836513249570272e-07,2.339278252743273e-43,5.749334027499439e-15,0.9987484271287275,3.797694054758685e-12,1.2255380318413748e-18
3437,3,6.301828585822152e-19,2.4942088219776435e-62,0.6675493892083858,2.308839208680364e-09,0.18528826573564353,0.0,4.114127425568504e-13,0.14716234274672005
3438,3,6.3492703808651e-05,7.796770293573523e-19,0.9994556805164523,2.3734451901523766e-10,0.00038928183292629456,0.0,9.017941183384145e-05,1.3652976343522151e-06
3440,7,5.962521683611712e-25,2.098040565285624e-50,1.9518936863599247e-38,4.331465588056663e-20,3.2629412117929704e-18,0.0,1.0,7.416063362522187e-143
3441,5,0.00039532070434182375,9.260461807459852e-39,0.00042982068733481886,1.506486001157885e-19,0.9991745463089525,0.0,4.2837759459731096e-10,3.118709932567023e-07
3443,7,2.064863965916949e-14,3.5909432832455974e-49,3.4132459605107086e-14,1.02400604369276e-06,7.202087431871867e-09,0.0,0.9999989687918142,6.721661039096655e-58
3444,3,2.1349355831114716e-24,4.6416208536939024e-70,0.9635390351141245,8.245099091838529e-07,0.01478244887538228,0.0,8.500754406723537e-08,0.02167760649303987
3447,3,8.208447039802055e-13,3.2642254895886654e-59,0.884128914069558,5.255380486432121e-09,0.09883252750117388,0.0,1.0504708289586258e-10,0.017038553068019647
3449,3,0.00013096967271275831,8.143939917652689e-23,0.9990195714517948,1.147468708231716e-09,0.0007385307992108815,0.0,1.0776384493686487e-07,0.00011081916496801718
3452,6,8.263659501484188e-12,2.0213311268192097e-06,8.076908355452231e-13,8.582123727082978e-42,1.6843708016878293e-18,0.9999979786596109,1.909210724296959e-13,6.376050916833191e-25
3453,2,4.0754652394294914e-06,0.9999937424977433,2.11991370198747e-14,1.7005176208984604e-45,2.589584510634358e-10,1.9066611902791926e-06,2.751168472928881e-07,1.9342356091493476e-31
3456,3,1.7239463065140857e-19,7.150898669597849e-46,0.6559383373085209,7.918959992047767e-07,0.20094445423970814,0.0,9.392360097040461e-07,0.1431154773197621
3457,3,2.9364592830616216e-18,1.2835450301683964e-39,0.9433476121243861,2.697255800960614e-05,0.056027850018345926,0.0,4.5877271302448065e-05,0.0005516880279558555
3466,7,8.446544911715922e-45,3.8349607588404954e-50,3.728903022420672e-47,5.633616001182318e-23,6.906661404513035e-21,0.0,1.0,3.664353498888273e-167
3467,3,4.19169493839442e-08,6.271877364185854e-20,0.9999451282402367,1.5336561309272335e-06,5.20040803262496e-05,0.0,1.2494577455682329e-06,4.264861116526718e-08
3469,3,4.131703457613895e-15,2.453856333140669e-37,0.9187759092583248,1.3890807902474422e-05,0.07363436624234311,0.0,4.815516069442188e-05,0.007527678530731124
3471,3,8.505751751137475e-05,6.6715907626121954e-21,0.999357894525626,1.2821666236106645e-10,0.00047736403880543004,0.0,1.750830608486398e-06,7.793295923202096e-05
3473,2,6.029482576305138e-13,0.9991366124512477,1.2349365831326524e-24,4.708375762684209e-53,2.776576159477805e-12,4.0838151257949775e-25,0.0008633875453726541,1.4814035879182807e-72
3474,3,1.378391010035785e-16,6.764484681449376e-39,0.9418648980380401,1.0306336302412545e-05,0.04120542246651296,0.0,3.995150503577623e-07,0.016918973644094077
3478,2,5.99267239532211e-39,0.9851725008735911,4.116186909197585e-85,3.587764133786794e-70,1.13489913767245e-30,6.511372916017022e-28,0.014827499126408905,9.14610099756663e-241
3480,3,1.0286711667256256e-07,4.445124521437418e-28,0.998897567982545,4.302068240548433e-08,0.0009183041482963729,0.0,6.086176545899014e-11,0.0001839819204978099
3483,3,3.458260970972995e-13,1.10506980768857e-42,0.9837535538462177,0.00033689291398926116,0.015712442430588273,0.0,1.4276461347525012e-05,0.00018283434751140704
3484,3,2.1510096037209763e-09,3.7465697100175234e-36,0.9873943119936349,4.3042720833497796e-05,0.012402763513694506,0.0,3.1762713869913693e-07,0.00015956199368892017
3485,7,3.214827478807905e-78,1.0877197783990409e-88,3.55543985765771e-57,4.302711817460908e-13,1.2507930893832183e-18,0.0,0.9999999999995698,5.5447823208218454e-124
3486,3,3.029964213779402e-07,1.056560227059315e-33,0.9911230660354517,6.339985559976316e-08,0.008136666620981774,0.0,2.730899598395204e-08,0.0007398736382934204
3487,6,1.2550181486673503e-23,5.949124943908029e-12,4.93625669628869e-60,6.126398367551562e-52,4.14077856853334e-37,0.9999996862727797,3.137212712003109e-07,1.1219716971715721e-153
3490,3,4.457719133448626e-08,2.5830651358359417e-16,0.9999079715545731,2.91833434393143e-10,8.125753439454859e-05,0.0,1.0719245911102401e-05,6.796096360288278e-09
3494,3,8.208744583109591e-16,1.4207818049279604e-38,0.9170808233483887,2.7224943426012655e-07,0.07084444725001396,0.0,0.00013664662252046078,0.011937810529641966
3499,3,5.6268653220163574e-14,2.196671765878639e-39,0.9564382619058265,1.313243835096867e-08,0.030263189903011068,0.0,1.6712829567526823e-11,0.013298535041954926
3502,3,6.2320449912668e-36,1.009671932566736e-86,0.8924611050862126,7.87251441024449e-09,0.0019655775720018634,0.0,1.5045895791170454e-07,0.10557315901031336
3503,3,5.794613666302039e-05,1.2271930247550377e-17,0.9994244981307039,6.238943406698232e-11,0.0004775312600341764,0.0,9.615649038213035e-08,3.9928253719165775e-05
3506,2,1.209878913935284e-23,0.9963857553914047,1.3987510590625496e-49,5.71538431908687e-61,4.0992945576243204e-20,6.0063258702344115e-28,0.003614244608595277,7.130107477264225e-146
3509,4,3.8633505687247173e-11,5.147034361690968e-49,7.007396244690508e-10,0.7157837194510079,5.7942654830582026e-08,0.0,0.2842162218669641,3.9864271505613794e-24
3512,2,2.7067259657509934e-51,0.9994411140513209,2.0373188294259257e-119,1.4259283542321337e-90,3.467075201289528e-45,1.0501458128782078e-30,0.000558885948679182,0.0
3514,3,4.2090598026275767e-07,6.586758606910009e-22,0.9995625910411524,1.0542350277792569e-06,0.00015755894854127555,0.0,0.00027835790488070874,1.6964417568282705e-08
3517,7,0.00028617857039248015,2.947090136958044e-16,1.9584961614498237e-07,3.6403036711429513e-11,1.6622144332300033e-09,0.0,0.9997136238813735,2.330637389644007e-41
3520,6,2.5097775802359863e-14,2.5379990768894806e-13,5.811268133939668e-24,1.982655110167677e-43,3.711835837381423e-28,0.9999999933961353,6.603585792591003e-09,1.252765481126261e-57
3523,6,1.3488593747080714e-08,3.491514454845174e-07,2.625035939681715e-09,2.2319803677895246e-45,1.9187070873430329e-19,0.9999996347346177,3.071092266711421e-13,2.1702368120987603e-24
3524,7,5.905409085508706e-11,1.2516098893005564e-48,2.214767670943434e-11,0.0002693452511016568,1.0772204939031872e-08,0.0,0.9997306438954916,2.920850542416356e-47
3525,6,3.407713982973742e-05,0.0014635174434735297,3.2118406261456424e-13,6.661978552563664e-42,3.87395681276764e-15,0.9985024054143568,2.0148149438465445e-12,8.435121418580344e-27
3529,6,2.6585267462051535e-08,3.119289512980583e-07,2.015434213061543e-11,1.1482761306309691e-42,7.964164798252498e-19,0.9999996614637324,1.89458503314364e-12,8.126992882848468e-25
3533,3,3.3746883029477168e-15,2.4129257892469997e-48,0.9440969866356458,0.0001736650775939549,0.05317063364047901,0.0,4.068773981305047e-06,0.0025546458722965977
3535,4,1.3032145272654336e-29,1.8566435043219944e-55,0.00011509409157450334,0.6321219306333083,0.0017594541683538737,0.0,0.3660034883698103,3.273695293572028e-08
3540,3,1.8142460627235092e-13,4.0182268538001353e-51,0.9444179966238094,2.835151896932488e-09,0.02698598464274132,0.0,1.1595593793743719e-10,0.02859601578215998
3541,6,6.636787478091268e-09,1.8530100260119206e-08,1.8640731505537707e-10,3.4216511855206933e-43,1.5649197356621188e-19,0.9999999746457298,9.750952949833756e-13,2.1987928864149114e-24
3545,3,1.7093273791133565e-13,1.5906062174397772e-19,0.5996693990882621,1.4567874261548877e-13,0.3935282810837405,0.0,0.00651800650525732,0.0002843133224234032
3547,3,1.6670516259824962e-07,1.9759684954956105e-35,0.9911506468882293,1.772863959033028e-09,0.006845120815680352,0.0,3.0647267136511596e-09,0.002004060753337109
3549,3,3.5739836593853876e-05,2.3362020871665448e-18,0.999741507107691,1.4284431747993695e-09,0.0002132559787040976,0.0,1.2410365546048362e-07,9.3715449123305e-06
3551,3,9.523935831332249e-08,1.0111954749919451e-21,0.9991033293104241,6.320378471219595e-09,0.0008781879464312312,0.0,1.569870626461228e-05,2.6824771432734522e-06
3554,5,5.462514110531118e-08,2.0271487925811386e-37,0.023266960083640393,3.686334012138066e-14,0.9761982910352452,0.0,5.838188000273326e-14,0.0005346942558779967
3555,3,4.3321556413366325e-08,7.216275968569372e-39,0.9681143394841115,8.317493561398516e-10,0.028988322975877043,0.0,1.2091009634169505e-10,0.002897293265795655
3556,3,5.13369988662517e-15,1.457124983129474e-41,0.9696654952343065,6.296532739359066e-07,0.02678612156224055,0.0,1.7391567105659125e-05,0.003530361983068311
3557,4,3.0601734793803506e-10,4.0109054940443504e-48,3.822862431600724e-05,0.8709254298203295,5.615894312920791e-05,0.0,0.12898018230620797,3.778499222219398e-17
3558,3,1.4916326355168161e-19,2.2258889946583587e-37,0.40589765848816706,3.7313466172309203e-10,0.3897272832785942,0.0,0.0009308508933283232,0.20344420696677576
3559,3,5.0221967409792835e-12,2.1120695931103693e-42,0.9784770453950181,6.4361887145888326e-06,0.021285666154166608,0.0,8.779227843852199e-10,0.00023085137915572062
3563,3,1.4374464573094526e-07,8.124964601594653e-20,0.9997872051741886,2.839157829783956e-09,0.00019740658107268247,0.0,6.392114490592486e-10,1.5241021723859428e-05
3567,7,1.8124509000404324e-30,3.424934323160203e-58,0.0030834146835494684,0.2196358241280347,0.08168977899825569,0.0,0.695590982123014,6.714633059221954e-11
3568,3,1.190582448245563e-08,4.58517260005058e-45,0.935443149508356,4.810623781867061e-05,0.05467467700177964,0.0,3.884026418804382e-07,0.009833666943579346
3570,7,5.275280135971107e-53,2.9725898132817847e-58,8.376645661946265e-27,1.6448870819710233e-13,4.476481855288067e-12,0.0,0.999999999995359,3.363110181828135e-90
3571,6,4.585405325172402e-16,1.6109672090117185e-14,2.2639229195653076e-18,2.5450555023741112e-42,1.4956109490806415e-27,0.9999863578828864,1.3642117097023136e-05,2.009878359400322e-51
3576,7,8.789001357332813e-31,7.162936733430442e-53,6.653593902109376e-06,0.002660236260007197,0.0006209959516637454,0.0,0.996712114194427,7.324479368733149e-23
3578,7,1.0965940751453644e-11,1.962301823244863e-46,4.9052800228305275e-15,2.605552848258751e-05,8.197844838481786e-09,0.0,0.9999739362627016,9.167755071990092e-58
3580,7,1.828564416633806e-27,5.9160342693337e-48,3.416053957456089e-12,4.10213495376334e-06,4.5445924424870297e-07,0.0,0.9999954434023859,6.394700979979018e-45
3582,6,7.214829213856823e-13,4.302681532961251e-12,8.996620562218791e-14,7.906015771704139e-42,1.4870474495164399e-21,0.9999999998949455,9.994039415325492e-11,3.653173438102414e-34
3584,3,1.105361165196189e-12,4.5895344855114154e-46,0.9526404298048838,2.8175752587105754e-08,0.028332814120078518,0.0,6.088045971590446e-08,0.019026667017720055
3586,3,7.842141497588358e-15,5.630681397762803e-32,0.9442801648808505,0.0012674818822823164,0.04415810692492905,0.0,0.010279013017630647,1.5233294299524505e-05
3588,7,5.286739712043659e-16,3.1779539935150993e-35,3.590670685281057e-10,1.994044978742942e-06,1.8662890258416158e-07,0.0,0.9999978189670511,2.5850757588801387e-44
3589,4,5.2922479368948994e-15,2.5304934103549363e-48,4.160530720128143e-11,0.9350837730054269,1.2403136461168646e-08,0.0,0.064916214549826,2.6377256705684728e-20
3590,3,5.104552143070987e-17,1.327030378920889e-49,0.9717234481568657,1.7435902318228102e-05,0.02536622208037097,0.0,2.3607431240776986e-09,0.0028928914997019793
3591,3,0.0019270448383367108,4.3676062844779025e-14,0.9971460163603887,1.2239836160654033e-09,0.0002681315233091231,0.0,0.0006588057140634108,3.398748619555136e-10
3593,3,6.709998583865601e-15,1.4297181707053415e-69,0.90258167173995,9.430484080934088e-11,0.06570319240905044,0.0,3.7193302880894196e-11,0.03171513571949478
3596,3,1.533825677158526e-09,6.873417127894283e-39,0.9873451000145073,2.9216648811177332e-06,0.01058213279202042,0.0,3.245662024645534e-08,0.0020698115381454123
3598,3,2.4579450139638562e-08,1.5287189629520092e-35,0.992723908658395,3.8875802645057145e-06,0.005716668752201684,0.0,2.7699126989962225e-07,0.0015552334384187497
3601,7,3.506101002040841e-29,1.9994235558352014e-29,2.670632354191942e-11,6.024265154214796e-10,7.961699569422305e-05,0.0,0.999920382375173,7.683482827544996e-44
3602,3,2.1996147279575084e-08,1.961781960161998e-34,0.9985070474925682,0.00010512349468032024,0.0012583018960900837,0.0,0.00011403356110254335,1.547155941163223e-05
3606,7,7.045145570154193e-27,5.92288899650307e-49,1.1099948669238491e-42,2.0738078346410563e-22,4.234261949184492e-20,0.0,1.0,7.588209432124092e-157
3610,3,6.412505397233296e-11,1.3276454610775555e-48,0.9080619350640432,1.0438657970024075e-06,0.059743129998088174,0.0,6.823081873631583e-08,0.03219382277712774
3614,4,2.4349888420308887e-17,3.705726572873491e-47,2.5257419972726466e-12,0.9957409960967467,1.0003775678130036e-07,0.0,0.004258903862970459,2.3687121485367963e-16
3615,6,6.765294660064213e-12,6.079732460667911e-12,3.343227253677231e-32,6.028405581132644e-49,1.8823650959768377e-28,0.9999999737038224,2.6283332597276466e-08,5.6480638406575444e-86
3617,3,1.1485483099597436e-07,1.8594912994233896e-28,0.9973460944172713,6.397765801521956e-07,0.002242847341465427,0.0,1.1449806044269916e-06,0.0004091586292477739
3618,3,0.02242731371946799,7.927907359500414e-12,0.9775502945663339,7.766186074967257e-14,2.0246223566928424e-05,0.0,1.9014880982305973e-06,2.4399452736736074e-07
3620,3,3.2599319950093476e-14,2.0156430956157133e-58,0.889052203644837,3.24784442006186e-08,0.055903434093548636,0.0,1.604336712047148e-09,0.05504432817880078
3621,7,5.442588617181598e-31,3.246811610890565e-13,5.517569699352664e-36,9.91569141247012e-31,7.96409500906171e-11,0.0,0.9999999999200344,6.053376161825358e-108
3622,6,3.712322088882118e-05,0.00020107999847226296,1.5801745800224655e-09,3.538675005194495e-44,7.027486543062087e-17,0.9997617951997069,7.573508211383401e-13,7.814563671292016e-22
3623,3,7.481609578715841e-17,1.4245831047265057e-66,0.9072769143025669,1.49094032480365e-08,0.05805820201348106,0.0,1.30558491692974e-10,0.03466486864399017
3625,6,4.669976955321825e-25,2.510372299147219e-15,1.0986278242941872e-72,1.4995141678932152e-58,2.00351042553823e-43,0.9999571154402223,4.288455977521064e-05,2.9867890440584157e-203
3627,4,2.3317020151843854e-06,1.464645616467505e-56,8.301555547215031e-08,0.9615285840986956,1.4715798604570655e-09,0.0,0.0384689997121539,8.376452955621855e-28
3628,3,5.492714767758559e-25,2.688337122485954e-70,0.9305358778133639,4.310166341400656e-08,0.018432478967004392,0.0,1.0468658201670801e-10,0.05103160001328169
3629,3,0.0014182526693420953,9.377730472542506e-12,0.9985806374051425,2.6322749572476087e-14,9.395591613343567e-07,0.0,1.0390982364204758e-08,1.599659676483762e-07
3630,3,2.7656768380585615e-22,1.444873544161637e-58,0.896406797696297,2.1462023851402006e-05,0.09070841408626257,0.0,7.536770564157723e-05,0.012787958487947435
3632,6,7.213113921984514e-08,2.3330724897854666e-06,1.0409570086137985e-13,1.4432698995035484e-42,1.4390141361115521e-18,0.9999975947932491,3.017888505911175e-12,9.71498286211629e-28
3633,3,3.2554404438514787e-17,4.195539942250308e-54,0.9518081299534311,4.6071656696945393e-07,0.024951554908438624,0.0,4.881845913229082e-07,0.023239366236971957
3634,4,9.017926936373295e-09,3.530665666012807e-48,6.252309692586432e-05,0.9934840358468278,5.9174520996118e-05,0.0,0.006394257505681954,1.1641350718536045e-11
3635,3,4.533706248662845e-10,1.164679589386482e-37,0.9912886625082381,0.000963474606832616,0.007679897765212891,0.0,4.105595355550254e-06,6.385907099033457e-05
3636,3,8.442413323059417e-11,1.4947834364213842e-27,0.976790800550166,8.404417051913102e-08,0.02289764878059455,0.0,0.00010645126289961016,0.00020501527774530068
3640,6,2.6915491021055376e-10,8.154322302393908e-11,3.9567551025360035e-12,5.908590905541235e-43,5.538310080682096e-22,0.9999999996409452,4.399993898371856e-12,3.394473470030413e-30
3644,3,4.772441112439921e-13,1.8372496044400815e-40,0.9842506968295731,1.635238985732884e-06,0.010471412690741087,0.0,9.340908716103543e-07,0.005275321149351139
3647,3,3.628526114881233e-26,1.1662304901376707e-62,0.9437402701203266,2.5619642961151027e-06,0.02126487726877131,0.0,2.1139663059342258e-07,0.03499207924997541
3648,3,2.609824366794497e-09,1.9561321034011513e-23,0.9987272888106393,0.00010025230905775892,0.001162053678862059,0.0,4.9568559640308505e-06,5.445735652332075e-06
3649,6,0.0066388912382110195,0.005029579249891686,2.15530124166506e-11,1.6757840875118368e-42,1.7413983881073613e-12,0.9883315294031899,8.541292945605944e-11,4.8839300601410895e-20
3654,4,4.49212545868866e-12,2.712480341828392e-62,1.6477305635279327e-08,0.999272615436103,2.3326880621487077e-10,0.0,0.0007273678488305034,1.756753172721282e-19
3656,3,1.5157556114290366e-09,7.194720862367168e-35,0.9493967421990815,1.6641217813156993e-10,0.03964322497336337,0.0,6.377544057437805e-10,0.010960030507633075
3657,1,0.9911372050272149,1.0531883221311585e-06,0.008307005282292937,4.129533405649849e-24,0.0005542107025664213,0.0,5.074004096820239e-07,1.8399193768102715e-08
3659,3,3.6867437478862834e-14,3.135704785417045e-47,0.8720152023883786,2.902417746225378e-06,0.09304032611969396,0.0,2.7370076422295324e-10,0.03494156880044351
3661,2,6.228080731108932e-145,0.9999999984415405,0.0,3.6935529713920837e-178,2.6678270376003426e-126,4.075498436434053e-39,1.5584595035710446e-09,0.0
3663,3,3.1782613592956475e-13,9.534610463803567e-34,0.9842503186982209,6.860547978069466e-06,0.012778623233005581,0.0,1.0009090944112105e-07,0.0029640974295682193
3666,7,5.460196925230114e-30,8.160770838905955e-58,6.272360154745942e-05,0.0012845489625087332,0.004421483364728364,0.0,0.9942312440712153,2.8383100097148607e-22
3668,3,7.973636407787947e-26,4.538919824828873e-84,0.6859766719013823,8.322306298712271e-08,0.08458520375605193,0.0,6.57137893983984e-08,0.22943797540571337
3670,7,3.2398524892008264e-08,1.7952113898734335e-09,3.832324611906697e-05,1.4386431666530044e-15,8.46037980202211e-06,0.0,0.9999531821803412,6.020764944976692e-29
3671,3,4.8227967143950785e-11,7.844139117376795e-40,0.9836997842841179,9.28523610130778e-05,0.01589160757638924,0.0,6.583511691828029e-06,0.00030917221856008407
3673,3,1.2771227533321856e-10,3.302628388081266e-33,0.9773638946170383,6.811413350086638e-07,0.019925555866442672,0.0,1.3764479992621584e-05,0.002696103767479052
3675,2,6.869490748141529e-20,0.9910878222863798,2.875066686139418e-39,2.0954300824577854e-57,8.070591660304349e-15,6.897791549579708e-27,0.008912177713612055,9.338304577199127e-112
3676,6,2.6765998265687367e-12,1.623780591706645e-16,1.0072040883219413e-11,5.977269113966455e-44,1.6453001059765751e-26,0.9999999999582587,2.89925687472683e-11,1.9073223898044895e-33
3679,6,0.000891758851712245,0.010021716468758678,1.5252189004618723e-12,3.587107507212381e-42,2.2058659629975176e-15,0.9890865240249712,6.530303771469727e-10,2.8686699559603366e-25
3682,3,2.3868279636844454e-09,3.967703318301814e-40,0.9934163875620536,1.7989473228484197e-05,0.005855581386756242,0.0,6.117618784449883e-09,0.0007100330735148125
3683,3,2.044259880734103e-07,8.086626985389924e-22,0.9990484859992195,9.289622922604652e-09,0.0009253032770094025,0.0,9.140549203188138e-06,1.6856458956957873e-05
3685,3,1.6613751242673393e-16,8.864068930072874e-51,0.9773157018019079,2.302625221055841e-05,0.02143773449923352,0.0,2.601796305630719e-07,0.0012232772670174614
3687,6,3.2780996793562146e-08,4.749302371535798e-10,3.0613729579576457e-13,1.7890585967763316e-43,2.673422020105784e-21,0.9999999667364954,7.271505895534288e-12,1.7116342581181197e-34
3688,3,7.148132448855646e-13,1.1932631456928045e-31,0.95777566912805,1.9857258589776528e-08,0.03742772462761263,0.0,3.766772770484168e-05,0.004758918658659064
3693,4,9.976228884510209e-08,4.306399171813498e-57,3.035715727537463e-07,0.8117237413327292,2.5030066990462612e-08,0.0,0.1882758303033422,1.1736938815640555e-28
3695,3,4.92808507925769e-10,1.7804145515755727e-43,0.9774046102209613,3.007756192001759e-08,0.01835913011406476,0.0,6.915514250901056e-09,0.0042362221790893766
3697,3,1.876836409796936e-11,1.538977396991744e-41,0.9891714910634728,1.2722570583794413e-06,0.008479709391153577,0.0,7.048599322100706e-08,0.0023474567835537756
3703,3,3.1758350851576894e-19,1.0959801865668347e-70,0.890377415234529,1.9646232296465526e-08,0.041970650376987946,0.0,4.716339342357956e-09,0.06765191002591144
3708,3,4.1101332366961626e-18,7.380257305778263e-70,0.9368361362387588,1.4816423984808005e-08,0.03610829581111962,0.0,8.602817706823594e-09,0.027055544530879872
3710,2,5.26135219803326e-48,0.9993120728869791,9.387094306236e-105,6.654239633046109e-84,2.1078858620237274e-40,3.8250350075771224e-33,0.0006879271130208315,8.3172192883901e-310
3711,3,3.023827338173826e-05,3.992304157458485e-20,0.999964175553595,1.2587987689961954e-07,5.412083086943209e-07,0.0,4.917818953803448e-06,1.2658838428130931e-09
3713,3,2.435772685042733e-12,1.1245818072265655e-51,0.9232633826156184,1.708305272545901e-07,0.048974433485763066,0.0,2.1944497254601157e-08,0.027761991121158205
3717,3,4.260253692930638e-09,3.307104390368482e-34,0.9920216978171229,0.0008775122281209573,0.0069805983378237214,0.0,1.751821706129246e-05,0.00010266913961745426
3718,3,4.828677298164454e-05,3.736348610003236e-22,0.9997280646889182,4.471365106911375e-08,0.00021541408532575924,0.0,1.723543430882117e-07,8.017384780284346e-06
3719,3,1.626150652691423e-17,2.0970637957015473e-50,0.9704930245432735,2.1665659488279165e-05,0.02713240928323151,0.0,5.05828307507258e-07,0.002352394685699283
3726,3,3.726464194299335e-34,1.6338160168601147e-81,0.9150406785983346,7.4481906119277e-06,0.016374680950222514,0.0,2.0545376570461932e-07,0.06857698680706541
3728,5,2.7791660497741652e-11,1.7903850477723325e-27,0.33034006804529736,0.0026985864158804583,0.5962330872819231,0.0,0.070728258222791,6.316393357612378e-12
3729,2,3.519123709940227e-17,0.9999482217295782,7.220630173436678e-47,1.0175218369414353e-56,2.0222914753465785e-20,5.153043219639262e-12,5.177826526875236e-05,5.577258721642666e-124
3733,3,3.6976474556859535e-08,6.510870995548417e-25,0.9946335033334915,8.504987149553985e-09,0.005127976001042086,0.0,2.2369459819586296e-05,0.00021610572418501663
3737,3,1.6539977311369443e-15,1.2956807748652024e-43,0.9749078602031486,2.517812369321871e-06,0.024711890235562216,0.0,2.247647428619636e-08,0.0003777092724438375
3739,3,1.3029561372216077e-24,2.4603209357430915e-71,0.8101195288305768,1.0676682679845183e-07,0.03390768193721888,0.0,6.206759249830462e-07,0.1559720617894527
3740,7,4.5303019702637557e-32,0.0022361110316427564,1.19143431103434e-43,1.1248830636761366e-41,1.1026630091139392e-17,0.0,0.9977638889683572,1.1985515169042537e-145
3741,3,0.004400721594890314,1.0536925303149881e-13,0.9955931441285769,1.547816218532434e-11,5.640165731694933e-06,0.0,3.9533205779303675e-07,9.8763159877509e-08
3743,3,4.543594977703025e-14,1.0098419649051196e-35,0.9802742559152942,3.751275508586087e-05,0.01904449707098565,0.0,2.508076987675366e-06,0.0006412261816012305
3745,6,1.0966287088140677e-06,0.0001230697521980762,2.7235028092989893e-13,8.80526089755625e-42,1.789356133101747e-15,0.9998758334373347,1.8148420366870372e-10,2.1105137742851856e-27
3746,2,5.0802289546477005e-15,0.9990117655828581,1.6057046470472348e-48,8.835395620477631e-56,7.830750282367102e-22,0.0,0.0009882344171368517,3.4007273742836334e-144
3750,7,5.317319347794492e-17,7.784039396245679e-48,1.7658102435651683e-09,0.00044419338870540153,1.9624476734655106e-07,0.0,0.9995556086007169,2.396919682956939e-35
3751,3,2.6818351447831345e-20,5.08001193841181e-42,0.9602720264227719,9.88634016131528e-05,0.03796140448126479,0.0,3.9982053177366716e-05,0.001627723641172817
3753,7,4.562907184215231e-61,1.6001614239014909e-86,8.38704319079575e-38,0.002460659014129546,5.17078105874477e-13,0.0,0.9975393409853534,2.1046482013548858e-54
3759,3,2.0180050796810716e-26,1.26004875493562e-54,0.843489046490551,2.251163207335913e-05,0.09380773151704819,0.0,0.000295512615797019,0.062385197744530434
3764,3,2.78040376895999e-06,2.0062500505176057e-31,0.99958341422363,0.00022154029087241195,0.00018468647088427107,0.0,7.083245625528996e-06,4.953652188137863e-07
3766,3,1.5481949948184827e-08,1.6254998081313125e-21,0.994809939475608,6.028737428936613e-07,0.0008849366288678616,0.0,0.004304486514716403,1.902511493567023e-08
3767,7,1.4609414530035144e-26,0.01697634898474168,5.542506469464298e-41,1.5506880862379962e-44,3.249387446866302e-13,0.0,0.9830236510149334,4.384619307421386e-127
3769,7,3.0863744057897497e-12,6.2036213478600294e-49,6.0743368084534866e-09,0.017053667105551798,3.151962564888284e-07,0.0,0.9829460116207686,1.3885621427333806e-31
3773,6,1.5453773526098694e-07,2.6076030929911717e-10,1.7084496606761169e-12,3.051084086030164e-44,2.0923387700194992e-22,0.9999998448421258,3.576702041308299e-10,1.4599011271252842e-34
3775,6,6.80333506320761e-15,1.106887251120256e-08,7.466809721905052e-22,7.510636644146116e-43,1.4722481547078442e-22,0.999999394652901,5.942782196509991e-07,2.554552527239872e-57
3782,7,3.9713760765085716e-08,2.911117441514298e-63,1.5287172650683535e-13,0.37830413736261376,2.3128571987547053e-12,0.0,0.6216958229211597,3.5502117708881386e-33
3785,3,9.151077985430426e-17,2.591261488499327e-60,0.6197613560724591,0.003899384255755817,0.3688011239296248,0.0,0.0003403989570946205,0.007197736785065631
3790,3,4.630796672006221e-08,1.5414000198432886e-31,0.9963642421745341,0.0002332314764890403,0.0032094697741179975,0.0,0.0001644329387970054,2.857732809519494e-05
3793,1,0.9999828235863124,6.734734398473378e-08,1.0768921868752568e-09,2.6890019650445023e-43,2.179968225164005e-08,1.7086146944381317e-05,4.282220240317642e-11,2.5857785790281177e-15
3796,3,1.4944605612499606e-14,2.442506028660086e-43,0.9216822919987199,2.9055118657898712e-09,0.04345877413998946,0.0,2.7152948432824643e-13,0.03485893095549239
3797,5,1.0927424222378334e-20,4.694533689918992e-49,0.02012873868845969,8.875279655056813e-14,0.8457694836080559,0.0,2.5142809679109283e-05,0.13407663489371655
3799,2,8.958428918141492e-08,0.9999303597434624,7.070331097437049e-25,1.2986522924398504e-48,8.270769851709975e-16,1.0221279047564209e-09,6.954965011946845e-05,3.7243596520793725e-70
3803,3,3.618066712654106e-10,2.723785116415368e-38,0.9875301852732518,4.2848454143964127e-07,0.009602703733071672,0.0,3.7364420705622985e-08,0.002866644782907792
3804,3,9.403491263739061e-07,1.7837149366592232e-36,0.9988805297016548,4.435118551543199e-08,0.0008458254196194914,0.0,5.420158629124297e-09,0.0002726547582553251
3805,2,2.2417170397107082e-83,0.9999970415280465,1.2887136032142723e-224,7.854877686852671e-125,2.708832666295022e-81,6.813474713545814e-33,2.958471953552822e-06,0.0
3807,5,1.8514678880833768e-08,1.3643579522658646e-22,0.03994859542254499,2.781621825618214e-20,0.9591329153474857,0.0,3.3026086336447187e-07,0.0009181404544271443
3809,3,6.381982142679392e-12,5.529123991554096e-38,0.9836782666731412,8.873768891937803e-07,0.015652264292215418,0.0,5.371826805259293e-08,0.0006685279331042396
3812,7,1.2884006794428148e-26,1.2758692816333146e-09,2.1264755871961624e-23,7.758165354986695e-29,5.166953472906274e-07,0.0,0.9999994820287835,1.8286003802794714e-77
3813,2,2.3834393963515493e-10,0.9990467680492822,3.7277071159473935e-32,3.2084469653486724e-45,1.6350955958076971e-18,0.0005590578365946854,0.00039417387577913736,2.661064572928715e-78
3814,6,3.820094056955195e-12,2.776120463857838e-10,2.994701731799994e-27,6.145288096443488e-44,8.308399123508594e-25,0.9999999996896285,2.8939487630415994e-11,1.3887036228231615e-63
3815,3,2.288683224854497e-16,3.470539657835421e-36,0.6908443291097548,1.0754496784581385e-10,0.22111634780067926,0.0,1.2251333728395414e-06,0.0880380978486479
3816,3,1.2748394980304114e-12,1.3871590766021299e-42,0.9945410728708406,5.4720341779279365e-06,0.004208805005814247,0.0,2.2201424293551763e-07,0.0012444280736494755
3817,3,4.16267536420558e-06,5.246556906075301e-25,0.9980211630930036,9.77756886935518e-08,0.0016458465254493464,0.0,1.0106637206385187e-05,0.0003186232932877783
3818,3,2.0320875874513204e-19,7.901454552421232e-63,0.8327486424249957,1.514065641974236e-08,0.052549284125262136,0.0,1.664972660737189e-07,0.11470189181181968
3822,3,3.489497383660867e-05,5.065270143895768e-12,0.9218298589554753,1.6445775269887728e-12,0.05669097047218833,0.0,0.021444269268701195,6.3230888126854665e-09
3824,3,2.8747229243028353e-19,2.2958090411829338e-65,0.9188425460319184,6.683591905949031e-09,0.023234484375331335,0.0,5.4423792796685814e-11,0.05792296285473451
3827,3,0.055337991890717,2.2984231502353023e-11,0.9446172374352365,5.948229776746081e-17,9.780614821577135e-10,0.0,4.4769670474310496e-05,2.5264402641410634e-12
3828,7,3.066940439915247e-07,1.9016812463412702e-50,1.1398034811301667e-20,2.5053648325908666e-08,1.2336838837027448e-14,0.0,0.9999996682522954,9.750221591873858e-85
3830,6,1.2868836084552462e-07,0.0005461497373001583,5.3316299459000175e-11,1.30786066856604e-41,7.173521856574513e-18,0.9994536930211302,2.84998925383097e-08,5.771583464124633e-24
3833,3,7.805823445913038e-06,4.667837708722962e-21,0.9974269920300909,1.1977127502964795e-10,0.0024766797039178627,0.0,3.547827328659092e-08,8.84868445006884e-05
3834,5,1.2937839163210612e-27,5.468679360660947e-32,0.010500474445315265,4.922004474335644e-15,0.7631132626184097,0.0,0.00780454314836122,0.21858171978790886
3837,3,4.707335401830603e-11,3.3982111268201673e-41,0.9826563206488003,1.696597243040108e-05,0.015277396122918983,0.0,3.1871396273665206e-07,0.0020489984948143997
3838,3,1.769894911419788e-18,2.6574467332778798e-52,0.8593168582165553,0.0006890277831298943,0.13709571775772314,0.0,1.183529483403881e-06,0.0028972127131082054
3839,1,0.9965143282111971,3.5226720205660425e-08,3.14236850821003e-12,2.267754754241647e-42,1.0915062602322013e-07,0.0034855274081705186,1.437629807400406e-13,3.888013409669484e-18
3843,3,9.027197667259281e-07,1.5600255806287217e-31,0.996040968717126,5.611920096210123e-07,0.003743164337093104,0.0,6.227961032820665e-07,0.0002137802379012551
3845,7,1.0966029066423086e-19,1.2406183177600179e-39,2.5635976258066554e-23,4.251000330412702e-10,1.8967722757770928e-11,0.0,0.9999999995559322,6.400582823411815e-89
3847,2,0.006845806418115679,0.9931509570049181,7.5820248206301e-07,3.562120748917938e-46,3.169428605920652e-10,1.7154295336229686e-12,2.478055825968426e-06,3.3789252362956177e-18
3848,4,1.3273476143761424e-05,7.873982909053627e-34,0.003093527757726155,0.5123559807922206,2.8715130300185615e-06,0.0,0.484534346460879,5.009949984803282e-16
3850,3,1.5367794402904824e-09,1.5195854810102924e-38,0.9533363651756739,4.2309221460672e-09,0.02962236706191556,0.0,2.2831353185870714e-08,0.017041239163355874
3851,6,4.044947391891709e-12,1.3580915909949755e-06,1.8040895553933335e-27,2.9514516842465607e-44,1.0358324743604164e-24,0.9999985947638806,4.7140483431819364e-08,2.885802322993606e-64
3852,3,2.151472287771622e-07,9.239226198215242e-15,0.9987156699126163,2.6404924703251857e-11,0.00029321794385243736,0.0,0.0009908348224701808,6.214741815311031e-08
3855,3,0.2142907448861743,4.057187610215224e-05,0.7856448010246987,8.75774851678935e-20,1.8314828946880686e-05,0.0,5.547670802800639e-06,1.971327523332565e-08
3856,3,5.960330299051133e-10,2.3632253775738907e-34,0.9925348255648692,2.0300412887676125e-06,0.005539602873790458,0.0,6.864426780332031e-09,0.0019235340595917352
3857,3,5.601072564612005e-10,3.431491363968755e-45,0.9891109008261236,0.00012483029032835102,0.010373332063792352,0.0,1.0006745835072267e-06,0.00038993558506487984
3858,3,3.78954116250613e-20,1.0614856087889166e-61,0.8747032448294566,2.3890592279864396e-07,0.049445781679336366,0.0,1.1181411430830813e-08,0.07585072340387276
3860,3,1.694012537523102e-17,2.5078555746050893e-69,0.8483676050658727,1.127683810355586e-10,0.06629450300249103,0.0,2.4980914979802325e-12,0.08533789181636962
3866,6,2.1874215105991873e-08,2.9951343077153555e-05,1.1840457135963246e-09,7.0350375926179005e-43,1.0406670672369332e-16,0.9999700255985442,1.1777932185531659e-13,8.808062062310575e-21
3869,5,6.333401574424684e-16,7.191780674701416e-57,0.1670952763116834,9.847584684579111e-14,0.7760815042744492,0.0,5.1319481623144584e-17,0.05682321941376834
3871,3,2.024680960368269e-23,5.456858794599067e-67,0.9100702246920549,4.196745204302163e-07,0.026605417160304685,0.0,9.80122769340862e-08,0.06332384046084297
3873,3,7.618592092149686e-12,4.775175266577948e-36,0.9885019553848662,2.427058202539677e-09,0.009222311263859341,0.0,1.0821025944825748e-09,0.002275729834494954
3875,3,1.4116123784424602e-16,2.3134578097063387e-69,0.895422528221133,8.538074783274268e-10,0.052026136847042055,0.0,1.6555783462785797e-10,0.052551333912459634
3876,3,4.6561007185400394e-20,1.6273689624000698e-67,0.9406684874424311,5.7456999863783466e-08,0.026129583036513356,0.0,1.380472212017758e-09,0.03320187068358338
3878,6,3.766800037489132e-09,6.395027591289946e-07,1.1204748711382733e-18,7.661590405232387e-43,9.599563749133082e-22,0.9999993535107196,3.2197212828190986e-09,4.766817537674978e-41
3880,7,7.803965702480108e-06,1.2944191418254736e-34,0.0002609032523470227,0.008528392832784698,4.3283972633497836e-07,0.0,0.9912024671094395,3.0962174881314812e-24
3883,3,2.162832979478196e-25,4.660748819145586e-67,0.9650326013088174,1.1928584634206705e-06,0.015603506810331109,0.0,4.001723465998188e-07,0.01936229885004151
3885,3,3.0413199752834502e-15,2.0148357946536158e-52,0.9661157804269883,5.0881367828251205e-06,0.02405394208606003,0.0,1.1392253284155912e-06,0.00982405012483731
3886,7,8.130996137308639e-74,1.5912646793102614e-92,2.0129355574198034e-46,1.506436607072108e-08,6.9517476892673965e-15,0.0,0.999999984935627,1.5065095593178208e-81
3888,4,8.446737689807347e-10,1.544522982994653e-46,8.117151201490286e-07,0.985007093718138,4.30045012873538e-06,0.0,0.014987793271927475,1.186760500166353e-14
3889,3,1.1128664822990466e-23,4.007787521016814e-80,0.9437643784028424,5.355286173284656e-10,0.012898136289277325,0.0,4.1588706094020454e-10,0.04333748435646446
3890,6,6.183399470430497e-05,0.02866889924084554,9.076721303259273e-13,6.104172534069529e-42,1.1517172016617259e-15,0.9712689173010431,3.4946249822973473e-07,1.197646113015001e-28
3891,3,7.669491325767548e-17,2.5227927600890898e-57,0.9635186726394622,8.24850569990515e-07,0.02815684623786912,0.0,5.829755246315934e-09,0.0083236504423434
3892,7,1.0597785099766614e-14,3.907146972449044e-34,6.550674682311548e-11,8.521010120657793e-07,2.1237863245051304e-07,0.0,0.9999989354548381,8.467037006006001e-49
3895,6,0.006674031538628791,0.005457041023808135,2.0980514128527128e-09,4.718949028508508e-42,1.6635665163347667e-14,0.9878689122005646,1.313893037631073e-08,8.737989108013139e-20
3898,3,5.925227270092601e-16,4.116001010241807e-73,0.8640115565017785,3.2221291727252815e-11,0.10164503498421333,0.0,5.015536949781275e-12,0.034343408476770546
3899,3,2.5656402960990686e-13,4.157794801205265e-43,0.978820034433846,2.505015390753818e-05,0.019019362023547925,0.0,1.066556090955755e-05,0.0021248878275324104
3901,3,1.1257795866767415e-10,1.537063255203939e-42,0.9886000084627043,9.982633989914942e-06,0.010973095390297833,0.0,1.1258364905947176e-06,0.0004157875639393869
3902,2,1.0931312443599785e-55,0.9970314148327173,5.513591431409366e-105,4.293881758676813e-96,2.8950039492817235e-38,6.1409013493265065e-40,0.002968585167282783,0.0
3903,3,5.828689956735868e-17,2.260237462564496e-63,0.938488272097476,2.3150763605730444e-07,0.04048981940636525,0.0,1.6570286046768713e-07,0.021021511285662205
3904,3,7.50078649761109e-20,7.646290533511703e-71,0.8503649745966384,1.2128149668348006e-10,0.052412042818685056,0.0,3.90447687523137e-12,0.09722298245949045
3905,5,3.4684293066679563e-17,2.0838297432614674e-36,0.41878678623356647,2.938244656160489e-05,0.5687793801558356,0.0,0.012404387839692643,6.332434375006735e-08
3906,4,6.749313203253551e-15,1.0385251166477422e-51,2.694721133900575e-10,0.9981679894425377,4.774545005063412e-08,0.0,0.0018319625425195717,1.3884358503739429e-14
3907,3,1.4549408277653472e-21,1.6749554400277792e-69,0.9451375919993897,1.542933249999013e-05,0.039508480306689416,0.0,2.1464618707818026e-06,0.015336351899550047
3910,2,1.8597771710727045e-27,0.9987071827331061,6.517836994280527e-60,8.778374437990797e-63,1.2091751034984924e-25,6.231656564844613e-17,0.001292817266893841,4.459984335463436e-166
3912,7,5.605585977010794e-09,9.149593299294551e-52,1.202288009571455e-14,8.45560465386356e-06,1.5089514928696502e-11,0.0,0.9999915387746586,7.199941237068182e-60
3914,3,0.00847866202482472,4.4162605345724406e-11,0.991321375532609,2.0697305810046267e-15,0.00019315531887125154,0.0,2.47119079531831e-07,6.559960450755243e-06
3915,5,2.795667389637263e-51,5.989244179954987e-52,3.741217815941719e-07,1.0332666829147803e-20,0.8957133481223107,0.0,0.1042568457029753,2.943205293244226e-05
3920,4,2.2955728214428016e-16,1.7809079107236337e-53,1.1229167754149559e-08,0.9959847970967592,5.260695099651698e-07,0.0,0.004014665604562721,5.796392115948909e-17
3925,6,2.311287444649092e-12,3.1242891295065364e-20,1.6807359498210994e-08,2.9602433505005293e-43,1.0401185066348273e-24,0.9999999807616082,2.428721130053863e-09,7.0874259068273e-30
3926,6,3.727480478674481e-20,5.699827563074723e-15,4.052895132666402e-27,6.688494462005084e-43,1.3363369396633747e-28,0.9999999994063815,5.936128310222834e-10,1.1700153460429568e-68
3927,6,1.2245076857907595e-05,0.0044581417653894945,2.066244998700037e-14,2.9367532461718284e-42,4.366666378054313e-17,0.9955296079389584,5.218773459457522e-09,1.2584265126079731e-31
3928,2,3.6596147097849644e-20,0.9960535330395375,8.267466688937268e-52,1.556403532027462e-52,4.2420140303309184e-21,0.0,0.003946466960462516,1.7081193599743895e-156
3929,2,2.0899387736008823e-41,0.9997391154949501,8.0114616719105e-108,1.0826556444660113e-83,1.0232525169386457e-40,6.572028858150551e-27,0.00026088450504996953,6.858335651099e-311
3932,3,1.4049018539626e-10,3.958792441541042e-43,0.980473065207336,2.3373853879217417e-08,0.01594045031058327,0.0,2.0467935166690384e-08,0.0035864404998014053
3934,3,2.3376424730991836e-22,5.4338612063272824e-67,0.9452253309074032,3.0437322874173127e-07,0.028365194840060583,0.0,1.2502737603791915e-08,0.02640915737656996
3935,3,1.0212409986414715e-07,1.1258332753506653e-26,0.99860543654982,9.38513376902399e-07,0.0011660046213330798,0.0,0.0002274415881257511,7.660324440744038e-08
3936,2,4.428930647016655e-33,0.9975107469946148,5.5570275694641263e-70,6.742754152930656e-74,7.022587832060722e-26,4.6819259421246033e-33,0.0024892530053850707,5.445749841760624e-212
3938,3,2.557735898593198e-09,1.5501470172691822e-24,0.9999694932637379,8.013150694101077e-06,2.234004557577696e-05,0.0,1.1636306055584457e-07,3.461919585766728e-08
3940,7,0.15900593479999373,0.0012446806160784953,6.13809857302345e-10,1.6564293189750574e-23,1.8471239242511948e-10,0.0,0.8397493837854054,8.349402196114855e-48
3942,7,3.2335596570133144e-58,1.2937906775175533e-59,1.3002465089829445e-58,1.0481190891408884e-15,2.0901493113970743e-29,0.0,0.9999999999999989,9.90879319451169e-117
3946,3,2.497244147362671e-16,7.922885851061187e-44,0.9702880446643577,5.245803409601998e-07,0.027170848190672347,0.0,1.6665590673202883e-07,0.002540415908722038
3950,7,4.885384483261636e-42,1.7287726256049044e-54,3.397400171305366e-08,0.29123005744917174,6.250929446196755e-05,0.0,0.7087073991951236,8.724099656739807e-11
3956,6,1.5187225066604438e-05,0.005413443824093739,3.8495940392257505e-19,4.0477115775041055e-42,8.773399964299166e-17,0.9945713682273685,7.234710649869912e-10,9.797432792699545e-37
3957,7,5.689423101784821e-16,3.6643179541875255e-33,2.5323361530479666e-59,1.9302206246866756e-28,1.0892386996357831e-30,0.0,0.9999999999999994,4.0077613188594074e-210
3958,3,1.3185296211240304e-12,7.855638850299178e-37,0.978042465241656,2.5018472547088946e-06,0.01999622659785254,0.0,3.608004336018146e-06,0.001955198307582358
3960,6,1.4353500753182496e-11,1.266088002959773e-07,1.6964011052688883e-21,5.753020198386794e-43,1.5752708607418468e-22,0.9999998664644576,6.9123886286143445e-09,2.9251602198060732e-46
3961,2,2.0294873644807718e-05,0.8487098709605136,8.916241006610767e-11,9.490490562800501e-34,3.3074702479450756e-06,0.0,0.15126652660643133,1.6062434719670242e-35
3963,3,4.145268355848764e-07,1.2234813260563685e-35,0.9967557867254626,6.146979615337549e-07,0.0025319375835961065,0.0,1.824710088141213e-07,0.0007110639951353944
3967,3,1.533680319022486e-15,3.763804668550521e-45,0.9679467577193491,6.091785422318228e-07,0.020355822188882818,0.0,5.977442232115918e-09,0.011696804935782179
3968,7,8.610468276802497e-29,2.7876290253065612e-14,1.2382397543788466e-70,2.263912910330795e-34,9.132690044790597e-28,0.0,0.999999999999972,1.0736358675439863e-225
3972,3,3.848284744848295e-09,7.872346190621193e-22,0.9161290481006563,1.3661393423231578e-12,0.06655340934516159,0.0,5.7809203716299345e-05,0.017259729500814818
3975,3,1.7340914221459396e-06,7.104345058481698e-47,0.9395651411138737,0.024828129273880537,0.035119919112278464,0.0,0.00038800936948304543,9.706703906212312e-05
3978,3,1.3929743996944181e-09,2.1064636079717605e-28,0.9928279052275676,6.087920866327543e-08,0.006754160451600537,0.0,2.7417001335142176e-07,0.00041759787863544095
3980,1,0.7025796869400934,8.586077329016149e-09,0.2946172916490664,4.591389161504093e-18,0.0028006053459289876,0.0,2.1490755865665125e-07,2.1925712751420598e-06
3981,3,3.899702629640872e-06,5.1700275779410755e-19,0.9987469827534253,4.4343257649082734e-10,0.00106476631302317,0.0,3.0020032026756014e-08,0.00018432076745722177
3983,6,2.1317446405023546e-13,6.678023847994024e-14,1.9368223664159032e-11,5.34530702433621e-41,2.4161373304966068e-21,0.999999999371889,6.084627747384732e-10,2.0587680421356887e-27
3984,3,4.958932007948036e-06,9.889397964236105e-15,0.9827622867280273,7.93697010030832e-12,0.016477962058184335,0.0,0.0007540003359697325,7.919378638477443e-07
3989,6,1.8335004187907433e-11,2.4206765702965755e-16,1.2200809100926047e-11,1.3223161828575455e-44,1.5048019897112232e-25,0.9999999999447221,2.4741860851342676e-11,8.701606199146711e-32
3992,6,5.634993854552626e-08,3.570224064982822e-07,1.7529871262694778e-11,4.399759006498611e-43,7.865115820746996e-20,0.9999995849621166,1.648008554556468e-09,6.469835216509154e-26
3993,3,2.527397120739438e-12,5.273188447645662e-41,0.9884619050586968,1.0352852809654528e-06,0.010610871967843067,0.0,1.4787773135503588e-09,0.0009261862068744771
3994,3,4.384693063149351e-12,5.160896145990322e-49,0.9319083155510215,3.904086413584425e-05,0.06200208056134817,0.0,1.1592239612572864e-05,0.006038970779497311
3995,2,0.0007472589421570783,0.9989825636652786,2.3561395672433343e-10,2.4534586540765927e-46,4.495540785998928e-12,6.33527889883045e-15,0.0002701771524485695,1.1054447254925529e-34
3998,7,3.4359438078051684e-26,6.800410792002922e-10,2.2927135954315703e-14,1.37311949413847e-30,0.0038120528526304916,0.0,0.9961879464673055,6.118640640611253e-47
4000,3,8.455571207390903e-17,2.7201439185637908e-37,0.9702905011295633,1.948537638067156e-06,0.028154369466186893,0.0,7.4204698079726265e-06,0.0015457603968036244
4004,7,9.091844265278974e-12,1.757138139946743e-24,3.731543173140227e-25,3.7518139535503495e-17,7.803819474288873e-15,0.0,0.9999999999909003,3.1538931531634316e-105
4007,3,5.027079954020362e-13,4.74895504674419e-48,0.8003780001832815,7.709282978167057e-11,0.17436926697063035,0.0,2.0857285259750945e-09,0.02525273068276401
4013,3,3.517652629703547e-19,5.938450072440303e-63,0.9303069755773319,1.757452549234779e-07,0.052870627612424205,0.0,5.857583167536906e-10,0.01682222047923069
4016,3,2.6371972817398513e-10,2.6549879751143003e-44,0.932376894457806,9.01389216525885e-09,0.026327274303759165,0.0,4.817171661561098e-10,0.041295821479105745
4022,3,6.729359716756711e-13,4.73568100578418e-47,0.9773828767789862,1.4016254323518446e-06,0.01975312190617358,0.0,3.904313518598567e-08,0.002862560645599894
4024,3,1.4880496725512823e-06,8.91261293622968e-31,0.9995030434790321,6.75626616147923e-08,0.00041399395014865006,0.0,2.5423214218265952e-08,8.138153527087283e-05
4026,3,1.1444879048496307e-13,8.405677345531962e-43,0.9741800997695879,1.1029143001338987e-07,0.016907710175815185,0.0,1.8620661701975018e-10,0.008912079576845882
4029,7,1.7446036046699798e-07,1.9279354924032257e-60,3.205983549566841e-25,2.0198112724810117e-11,4.4441430104671834e-18,0.0,0.9999998255194416,2.395101310794792e-100
4030,3,6.423347043382809e-07,3.034769844581995e-21,0.9987725262945553,4.774921122268174e-07,0.00019428130594337098,0.0,0.001032071543917501,1.0287671697037717e-09
4031,6,8.832309038535396e-05,2.0058143495401373e-05,1.7509141715099583e-14,2.9302435819395906e-45,1.3708496600031958e-19,0.9998915990510401,1.9715061744887872e-08,3.6395749527581484e-34
4033,3,5.37220432615677e-09,1.476271879511329e-27,0.9937397917330616,1.7268815970166483e-05,0.006119360387466594,0.0,0.00012346056016177028,1.131311356970641e-07
4035,3,0.003914404169777941,7.194498847257504e-06,0.9862719613042872,6.947807887219923e-19,1.2405795024169438e-07,0.0,0.009806314823724847,1.1454125643542478e-09
4038,7,0.11403629362900597,1.7437551383116312e-29,7.641116600967665e-07,2.6998960431493183e-06,4.7186020427329866e-12,0.0,0.8859602423585721,3.486223596748683e-36
4041,3,3.3286496078861566e-17,5.078103373277569e-61,0.9388416508786428,4.7001719683119664e-08,0.03660480750177681,0.0,1.2538644623255288e-10,0.02455349449247444
4045,7,1.6564687948713575e-07,9.226069547939405e-54,4.042426939653629e-12,0.04199807074598742,8.156877049868007e-11,0.0,0.9580017635215219,2.8477201048999633e-40
4047,7,1.8502462286232994e-29,1.4291050281758963e-45,5.599175759972824e-26,2.6651030757040297e-13,2.1048419472454177e-13,0.0,0.999999999999523,8.357221453522522e-88
4048,6,1.7284409742034687e-05,3.8853283721358134e-07,7.16765943901837e-11,7.972581230645765e-45,1.7303701866416575e-20,0.9999823269575375,2.820664972058055e-11,9.055964798572515e-29
4050,3,2.1118225970102611e-10,5.970804390648004e-40,0.9897191935727049,1.4014838603738845e-06,0.00943931397725068,0.0,4.160873772421955e-08,0.0008400491462640745
4051,6,3.1894496275232775e-08,7.613464902038261e-06,1.13184237531628e-12,8.053801759624837e-43,8.446736287470883e-20,0.9999923546281588,1.1310917994004467e-11,6.18571933390611e-26
4053,3,0.000287591170921325,6.402895077787967e-17,0.9996673550818392,3.2979025284513457e-09,1.5823717406653815e-05,0.0,2.9114034096110534e-05,1.126978340502796e-07
4055,3,6.482824591067338e-16,6.15142681798216e-47,0.9358929171166808,0.0008612996092640788,0.062453776440045114,0.0,6.120250762754761e-07,0.0007913948089330915
4057,2,1.0763755382668407e-21,0.9984270435903319,5.043608302344586e-50,8.242531091048243e-67,4.146069072339392e-21,0.0,0.0015729564096681398,4.8819367433658244e-160
4060,3,1.5327821317970228e-07,6.10200165422197e-36,0.9952843666706351,3.7644135502063705e-07,0.0044157698826713995,0.0,6.336740719014463e-09,0.0002993273903845995
4061,3,1.4986101962138937e-06,3.2837867292147493e-28,0.9980961579651241,3.1546085089028596e-08,0.0016265197414192765,0.0,7.14906950333283e-08,0.0002757206464802422
4062,3,3.695559310363323e-13,5.0540165081486615e-24,0.9824164756475289,2.4236735756045325e-08,0.014908959573146809,0.0,0.0026120719571942185,6.246858502474048e-05
4064,6,1.1519562334058102e-14,1.1538788319681748e-16,6.4332218755866834e-18,1.0373265806188656e-42,3.510182894336239e-27,0.9999999999773207,2.2667656021395112e-11,1.0478522385594926e-44
4065,7,4.857366861145615e-15,1.5319138062075204e-30,3.686485140913184e-14,1.2023431887692727e-09,1.2703511367776002e-09,0.0,0.9999999975272639,2.420448117693073e-59
4067,3,4.3819820188217665e-18,2.5074212052339937e-67,0.9382268474812416,2.861144576457859e-09,0.027883279116489704,0.0,1.9016174594056868e-10,0.033889870350962324
4068,7,1.532430240716752e-13,2.4847968512064122e-48,2.0694850335012995e-08,0.007760742002114627,4.085321324564619e-06,0.0,0.9922351519815573,9.376524778039673e-34
4069,3,3.780396947840961e-11,2.2949344226319144e-27,0.9969147058858746,4.620250013075542e-06,0.003070481024261835,0.0,8.125459637001472e-06,2.0673424093744352e-06
4072,3,0.0015119513588548836,4.767085483922925e-17,0.9983638111042487,4.6562598511509645e-09,5.181985977126109e-06,0.0,0.00011849713195551466,5.537627040605546e-07
4074,7,6.297805049658514e-12,1.2005122477132825e-39,0.005393684947110781,0.05984003474602705,0.0006975620865886476,0.0,0.9340687182139757,6.204369710046746e-17
4075,2,1.846067802890943e-17,0.7657134344814795,2.125682812767011e-27,1.2292715148470355e-40,4.6429136595791325e-12,0.0,0.23428656551387753,3.97218716941906e-97
4077,3,4.424700753349298e-13,4.711876199232993e-59,0.9236467971028957,1.8233854672586516e-09,0.056487397349122156,0.0,1.3611978671409407e-10,0.01986580358803447
4079,3,1.6923141834047298e-08,1.871414575118372e-26,0.9965313152789725,4.077362904764254e-06,0.003171450843789874,0.0,7.709925153696258e-05,0.00021604033965389293
4082,7,6.380687136177325e-20,1.963069942235888e-47,1.4443826903600088e-12,6.658471542402913e-06,2.3718375141303712e-08,0.0,0.9999933178086381,9.715762320342541e-46
4086,3,1.7981274348844192e-10,3.2878908108904193e-44,0.9859283764309323,1.082589478388914e-06,0.011708967434465617,0.0,7.451219495925173e-09,0.002361565914091332
4087,3,6.843218769089733e-14,2.434198838123753e-38,0.9659851958146828,7.05623455808425e-05,0.0327922684750906,0.0,0.001130783074995511,2.119028958180183e-05
4089,3,1.4574328432136244e-21,1.0969048232318708e-58,0.9369272397953153,1.1937478910220757e-07,0.02662062267767358,0.0,6.912840606836377e-09,0.03645201123938136
4090,3,7.812945122264213e-21,2.084490751616637e-73,0.944022478373336,1.406808339915687e-07,0.030729953250644503,0.0,5.562626759541573e-08,0.025247372068917962
4091,7,8.895221353405209e-10,2.824637992453521e-30,1.35978499990514e-35,4.566013881020932e-21,2.2967656435978326e-22,0.0,0.9999999991104778,6.14093656719988e-139
4092,6,2.096094128142915e-15,1.6537557936993963e-05,7.5139734788743945e-37,3.2415742869342992e-46,2.3967077081987846e-28,0.9999812020143588,2.260427702168319e-06,2.219729015773e-90
4097,3,0.00018684731734772763,3.077428305869012e-17,0.999353108367168,7.654086423179012e-11,0.0004381851723918252,0.0,5.401205026043816e-07,2.1318946048988685e-05
4100,6,2.082161616286681e-05,0.000725980041991824,2.8075247209123427e-10,4.149334461026246e-44,9.118715009833234e-18,0.999253198057853,3.2399030532574184e-12,1.517512254726618e-22
4102,3,1.5516788062045803e-18,5.653681861795696e-54,0.9372925352622303,1.558982747936861e-07,0.02903717657194344,0.0,1.4612366340404732e-09,0.03367013080631466
4104,3,1.2475030690464175e-14,1.1170726240725938e-51,0.9439722483407782,2.221808897110613e-07,0.036705803811673376,0.0,2.7022030417671007e-10,0.019321725396426008
4105,1,0.9331968837570628,1.082819910095972e-08,0.011647571053039204,4.890741053182162e-13,1.0615761763835116e-06,0.0,0.05515447278503335,3.6809692894406454e-21
4108,3,2.5027281225847948e-08,2.8992541204249745e-24,0.9985062940367156,1.3205262595439033e-08,0.0013873390890859817,0.0,4.800856637456972e-09,0.00010632384079784151
4113,6,1.824076612012847e-06,5.212645040855794e-12,2.432413280407143e-11,4.089489144701341e-45,1.9240002587504985e-22,0.9999981755469857,3.4686546716156534e-10,1.0378235455461167e-34
4115,3,1.7616188473605932e-09,7.353499337643182e-44,0.9825882362203504,4.4066134513241077e-07,0.011579507398411275,0.0,5.9484756347976826e-08,0.005831754473517979
4117,2,1.1954081186072841e-18,0.9998849805773196,1.0894469887543352e-51,3.3942080461959067e-59,8.541783256471568e-23,3.4141958448663615e-16,0.00011501942268011029,4.688781058273931e-143
4123,3,4.2710922005090963e-11,7.722315682990706e-37,0.9943691979898399,1.3561733760701646e-06,0.004752149927859397,0.0,9.090455682834842e-07,0.0008763868206455204
4127,3,8.3146693228359595e-19,4.155359378777101e-59,0.865900328928932,0.00296207287131669,0.13009579128469073,0.0,0.0009390699557962364,0.00010273695926432685
4136,3,3.9419267974399624e-14,1.5936318046637214e-48,0.8945419318802543,6.48075613364959e-08,0.09093868337849192,0.0,1.3766150076579837e-06,0.014517943318645426
4144,3,2.1766140462537682e-21,1.51995126665144e-53,0.8023844702522036,8.177138969194014e-08,0.06016911859129341,0.0,6.805576761681972e-07,0.13744564882743723
4152,5,3.536963211050816e-27,3.179927077161535e-35,0.30130203184561577,4.445481584658156e-09,0.637823524242805,0.0,0.04956225289053295,0.011312186575564848
4153,3,4.1371415584918574e-07,2.452401565216031e-33,0.9989977309178426,8.918407499716084e-05,0.0007933252519442798,0.0,8.115104675822466e-06,0.00011123093638446433
4155,3,2.81371996206443e-16,4.355685285191234e-60,0.8349814045761891,1.7804473174703023e-10,0.12416113995590176,0.0,5.368689114043259e-13,0.04085745528932732
4156,7,3.271826509923523e-67,4.646515492264844e-13,1.826178579798481e-77,3.599200732745934e-77,2.354820855512684e-17,1.5234379560991812e-61,0.9999999999995354,1.0066206054678368e-216
4157,3,3.130736427586747e-11,8.16490383233049e-40,0.9781006586989441,5.189966586607416e-06,0.018763344744879246,0.0,1.798283998517163e-06,0.003129008274283959
4159,3,1.954724165198429e-14,6.762931283763659e-62,0.8737532196078373,6.562807139351304e-09,0.09794393129711063,0.0,5.576893639418888e-11,0.028302842476456452
4160,3,2.7035037873881742e-17,5.387438241955405e-44,0.9772099398647972,0.000597624960326878,0.020904018852941852,0.0,0.0002896110670980907,0.0009988052548360188
4161,6,8.841561954410464e-16,1.880752090738897e-14,6.85884287045721e-30,1.0633803702740558e-46,4.869330607572412e-28,0.9999999634647906,3.6535189723941716e-08,6.699477340791984e-78
4164,3,1.678943021393883e-12,9.78195500730827e-36,0.9954316479472898,0.00029167812252642083,0.004257647617344913,0.0,1.3024916651547304e-08,1.901328624333818e-05
4165,3,1.1735017990202737e-07,2.3499774475142563e-29,0.9980975972053187,5.692082591470972e-05,0.001645217112648523,0.0,0.00017528333892184196,2.48641670163451e-05
4166,3,2.239211658793363e-07,1.9514461108149484e-25,0.9748379009985363,1.0951266996224774e-09,0.019161402931843555,0.0,6.039938919617984e-08,0.006000410653938372
4167,7,4.21395496706886e-20,1.336507987043954e-25,2.4354757076862643e-56,1.3690795759200935e-31,4.5732500579606524e-29,0.0,1.0,4.057853420499984e-210
4173,7,1.2989125569796767e-12,2.9383175372816876e-17,0.0023063499212201814,3.0569466160811778e-09,0.014509968470079997,0.0,0.9831836785504542,7.617387182983213e-22
4175,3,3.2729723759247724e-10,8.75948755315624e-49,0.9230890926184744,0.000994140876370372,0.0759035725037239,0.0,9.894429015346788e-06,3.299245118656277e-06
4178,2,6.170718179569625e-20,0.9999421894653614,8.816058093591928e-52,5.7208921016052955e-58,1.7274164995111697e-22,3.562099955386827e-13,5.781053428237733e-05,2.358908148233311e-136
4179,7,0.0032727313565568687,2.2123977161201314e-27,6.739372593144343e-08,1.8414113740844925e-08,1.2378565319350035e-11,0.0,0.9967271828232249,1.4098505694180164e-45
4181,3,1.8602983444483732e-05,4.734051512624824e-14,0.9988417499824895,4.070673942969409e-13,0.0009994194750932571,0.0,0.00014008485053435007,1.427079839446668e-07
4182,4,4.957886926559022e-10,2.660775747760592e-52,2.938744456241699e-07,0.9648901913588436,1.0660910466927275e-07,0.0,0.03510940766181751,2.362922192010497e-21
4183,3,6.985408476162953e-16,1.0917225291590657e-47,0.9787549263027239,0.002256140955082316,0.018926163596245587,0.0,3.1522726362932564e-05,3.1246419584601295e-05
4186,6,0.0015873003018278262,0.00765025086783736,6.101684716188706e-11,3.2185036885096373e-43,7.829808499329973e-14,0.9907624487689791,2.6048326090011787e-13,3.0015635214600905e-20
4194,3,4.457618967274489e-09,1.6863605403951063e-39,0.987918825858264,2.995165405127018e-07,0.009970566623765552,0.0,9.203710791744995e-09,0.0021102943401002236
4197,3,2.204208049705273e-22,1.8558526738180052e-55,0.7983752905895645,0.09436052095514552,0.10685063300598294,0.0,0.00041298765611488087,5.677931921785406e-07
4198,6,1.1072007708810767e-13,1.4477933407119234e-10,6.5712257153831525e-34,4.890396040470539e-47,2.1772988795425174e-28,0.999999973768384,2.6086725833562565e-08,5.479376563089558e-83
4204,6,1.3696961121309321e-13,2.927425218576442e-13,9.975369805859294e-28,3.139361445235682e-44,3.259971644260698e-27,0.9999999622925058,3.770706461273903e-08,2.064868296469347e-67
4206,3,1.9064488095993564e-19,3.1847332541810488e-55,0.7973984008482687,0.00020534335279214153,0.19957467736364912,0.0,1.0622041632368907e-06,0.002820516231126767
4207,3,1.0757180060621822e-09,2.69227466698028e-31,0.9360943632303308,3.686917445630161e-09,0.06089029307321226,0.0,3.095733035790869e-11,0.0030153389028642987
4208,3,4.031783067718028e-22,1.5112016294855718e-57,0.9536207956285875,1.782480585219254e-06,0.032048912822731576,0.0,1.434521236539492e-06,0.014327074546859142
4209,3,1.85506819687501e-08,3.766285653693782e-22,0.9572572111781549,1.1605836556179748e-09,0.03209089491197903,0.0,3.523548444166461e-07,0.010651521843756149
4213,8,1.7803935701726166e-26,4.227710520386239e-78,0.26342822148419454,4.949241589135877e-12,0.006843243781021714,0.0,2.304294631708065e-14,0.7297285347298116
4214,3,1.2107883507544356e-07,1.3667069070578268e-24,0.9988941687111554,2.0644957818462253e-07,0.0009729431420991508,0.0,4.043624030280193e-06,0.00012851699430196302
4215,3,7.700318832170732e-09,6.497839676631682e-38,0.9883177700639555,9.297195635043158e-09,0.00848859389922202,0.0,1.4885892791808691e-09,0.003193617550718728
4218,3,4.956802479208882e-12,2.006186355724415e-37,0.9665532196140835,1.845204836376268e-06,0.025495462886010217,0.0,2.4757039333588472e-06,0.007946996586179722
4221,7,6.491804908118165e-08,2.7432199130583623e-55,3.276606414986433e-24,2.983218582926245e-10,1.3016222111696953e-16,0.0,0.9999999347836288,1.163659519237667e-93
4222,7,2.1155258781344974e-23,2.5755909225447397e-25,1.356405806998808e-27,5.4799494003494095e-17,1.646743892162324e-11,0.0,0.9999999999835326,2.3633580638189982e-101
4223,5,1.9834966569592075e-18,4.3304095693554617e-13,0.1450720245192143,1.3970238051600427e-22,0.7136671812953979,0.0,0.13257395676921388,0.008686837415740844
4224,3,2.988195493137001e-07,8.144605544109911e-26,0.9993485807401572,3.245443966589837e-07,0.0006381641286216203,0.0,3.156910749057066e-07,1.2316076200337575e-05
4225,3,4.8207210331584655e-15,6.089674144693103e-45,0.9457363750316135,1.7449353815679152e-06,0.03447292737748907,0.0,2.1191548006795186e-07,0.019788740740031067
4229,6,3.0460703133505347e-07,7.318861260875204e-06,6.077788928688755e-11,8.698475653631928e-45,1.0406043033314556e-19,0.9999923764701515,7.784490531270831e-13,7.115064049528968e-25
4231,6,1.466304641560779e-10,9.179015602535744e-07,3.8223873611227334e-11,4.584637299663038e-44,2.567087901658624e-19,0.9999990819135024,8.30785015737482e-14,3.0032820898426985e-24
4232,2,1.5079900892554348e-23,0.9989875761726298,3.9011815720238876e-57,9.401587044350549e-62,5.75618806900644e-25,1.7551564003862397e-12,0.0010124238256149665,8.939970389269835e-159
4233,2,0.0031461013093938223,0.9967481417978178,5.598243225576091e-07,1.936084174400624e-45,2.9534903709356385e-10,8.942789824487751e-14,0.00010519677302740641,1.598020804078921e-19
4237,3,1.675884470163722e-19,5.502818163388767e-71,0.6070286161550109,4.149717314612457e-12,0.25267034862728704,0.0,1.010425409580816e-13,0.14030103521345108
4243,6,1.9416006206572372e-07,4.706023927942789e-06,5.345528648854135e-19,3.5375865021341586e-44,9.843730738579882e-20,0.9999950994458567,3.70153275327105e-10,5.781850032282854e-42
4246,4,3.9800032941231917e-13,5.982587209086283e-58,6.367266824143466e-13,0.9975152957882221,1.0717526284203477e-11,0.0,0.002484704200025727,6.61683326963097e-23
4249,3,9.995535961984936e-10,2.1506210013013307e-41,0.9863194022926808,0.0007828153057414875,0.012607749239222782,0.0,7.651638242206493e-06,0.00028238052455903005
4250,6,2.774505780307239e-10,1.660673905403151e-16,7.183979751733031e-13,1.836769945968107e-44,7.638390807599299e-25,0.9999999997006302,2.1200656783788646e-11,7.443548302157113e-36
4252,5,1.265267751893733e-17,4.491279308302896e-37,0.32476395220302884,0.0004882786063164377,0.5885278247672888,0.0,0.08621993658101375,7.842352217458962e-09
4253,3,3.342730134717029e-13,4.25709682413566e-42,0.9807118573637372,8.882554164935261e-07,0.015064047939474638,0.0,5.686268050246591e-08,0.00422314957835689
4256,3,1.5557233134735888e-18,2.5498624252108564e-50,0.9437799350702862,3.40872137487383e-06,0.0374038424291644,0.0,1.9479869124462205e-09,0.018812811831187513
4264,3,1.1937229033007423e-05,5.14362655805559e-31,0.9966363177668333,4.151001517106939e-07,0.002131459664157445,0.0,3.254754850711054e-07,0.0012195447643394148
4269,3,9.080011737386603e-15,2.0825163225448842e-30,0.9607082281437526,1.92143232903362e-08,0.03632259611296781,0.0,8.043756476144889e-05,0.002888718964185756
4274,2,7.373374451055279e-30,0.9976421470691583,9.771296138993e-63,1.3982438563800409e-67,5.799625547715881e-23,4.297119398590134e-22,0.0023578529308416556,4.0042001553477447e-175
4275,3,6.340107328562768e-11,1.0568981664059942e-40,0.9767778390648643,8.761802585621961e-08,0.016479718953164156,0.0,6.426561073817119e-10,0.006742353657888635
4276,7,1.961234276954034e-40,1.1242263343277945e-102,1.1151617420865935e-41,0.0017791958912927103,7.706391757085712e-28,0.0,0.9982208041087073,3.685064073011611e-70
4278,3,0.00026223787777909227,1.2463631936103638e-21,0.9995347571417872,2.7553621680863104e-08,0.00019783822512682968,0.0,3.0427592249399387e-06,2.096442460242731e-06
4280,3,7.38417623731914e-06,9.574340673512918e-29,0.999277427443779,9.200681091487633e-09,0.00044644234630857786,0.0,1.1160854737297008e-06,0.0002676207475200749
4283,3,3.879926324245141e-07,8.957305182221975e-30,0.9994715352047913,3.098778061024093e-07,0.0005080259522168318,0.0,4.1015353067035373e-07,1.9330819022651196e-05
4284,3,2.9888156903431556e-10,1.631927160157281e-42,0.9870921279286549,7.769512977792646e-06,0.01146763414830114,0.0,1.6716661177293903e-07,0.0014323009445729102
4286,3,0.050403583254897806,4.1315918942208745e-09,0.9495434481241724,2.9541917729005923e-15,5.389470177348858e-06,0.0,4.7556908239532956e-05,1.811091813615588e-08
4288,3,2.7124936434172764e-24,3.8769039192672846e-61,0.9881995811900798,1.0937891152670507e-06,0.009529613033739521,0.0,1.1300806025620545e-09,0.0022697108569847465
4294,2,6.891589816893152e-43,0.9978157523877965,1.1287327208108122e-96,1.5341022834017937e-79,7.508309981005708e-37,2.088894714599982e-28,0.002184247612203373,8.357894429394483e-281
4296,3,1.6500639755480862e-05,5.423854067341606e-22,0.9998397962640714,4.9259183091987156e-08,0.00013932704717556688,0.0,1.5345160037691637e-07,4.173338214035035e-06
4298,3,5.95028712862501e-06,3.884957084978834e-40,0.5184047663085569,0.4736290894033081,0.0007899690824030756,0.0,0.00717022482346842,9.513498151850816e-11
4300,6,1.202882571135158e-08,1.4123659589192056e-06,5.257747978111705e-10,1.1279306108855586e-43,8.362966012436334e-17,0.9999985750793026,1.378481229284505e-13,1.5150192474934667e-22
4304,6,7.23135361924061e-12,5.695365822235981e-09,1.9815955467673553e-11,3.056567478264102e-42,7.265850749384935e-21,0.9999999942602946,1.7292320439097358e-11,2.833544349901388e-25
4309,7,2.307799221449263e-29,5.344109833505139e-54,1.2962746464488282e-12,1.0048251406363625e-06,2.489983395677081e-06,0.0,0.9999965051901675,4.3332829183933455e-51
4312,3,1.8170067067728159e-16,5.328487047290468e-41,0.9357731723994618,8.092000604461662e-06,0.04986557925913834,0.0,3.648660884210718e-07,0.01435279147470679
4314,7,7.286406783513225e-08,1.66253277744806e-15,0.022427465840949127,3.6017872968972695e-08,0.01677494500540057,0.0,0.9607974802717079,2.537098981028983e-19
4319,3,3.1121217828681425e-11,1.3223843837678123e-48,0.5432423404713039,0.11499988598166491,0.3410745966291582,0.0,0.00018449366768347663,0.0004986832190683864
4322,6,5.155643763122916e-08,2.9071838888709763e-06,1.5144363187101672e-10,1.4957062733344861e-41,6.1446807692406725e-18,0.9999970404803487,6.278811226320635e-10,2.204831815513694e-26
4323,5,1.2849552413642223e-11,2.055723132544569e-10,0.0017382745464795018,9.867562345231492e-22,0.9833383620672521,0.0,0.014923363127959603,3.988689860454804e-11
4324,3,5.125301621053341e-10,4.123319687935987e-35,0.9819350522628492,1.8816124893520955e-08,0.013994743547664659,0.0,5.111077638634873e-09,0.004070179749753359
4326,7,1.9298200060846737e-10,4.014448063314731e-25,8.801340082492276e-25,2.6999784035139105e-17,3.362653904070367e-17,0.0,0.9999999998070179,6.380986890721448e-105
4327,6,2.264472783988152e-13,1.526687072547885e-09,5.55054957944524e-32,4.239319765614006e-46,1.6243189226204545e-27,0.9999999963351739,2.1379126621726775e-09,1.9031224109772884e-77
4328,7,0.00038831621221514974,1.788863017554714e-18,3.023186260771491e-17,6.291634895894763e-16,3.361879512892664e-14,0.0,0.9996116837877507,4.703643989313491e-76
4330,3,2.841893091300423e-19,5.96308404114912e-82,0.5384484681890731,2.4667256173799898e-16,0.25898679706406613,0.0,8.30265988685974e-18,0.20256473474686046
4331,2,1.6544885083932945e-18,0.9999885677867839,4.609829923422385e-54,3.4992496028609474e-56,2.285302228965795e-21,2.9950536051867217e-10,1.1431913710689303e-05,5.537681562406099e-137
4332,3,1.5702371298723067e-05,7.908210417602118e-24,0.9992005199364219,9.326595442312324e-05,0.0006327273940978546,0.0,5.668384789664299e-05,1.1004958617666093e-06
4333,1,0.7631141577053375,3.528309045935996e-10,0.2353429267710172,3.1274403160949417e-18,4.0807525377653324e-10,0.0,0.0015429147627390324,7.823715992208279e-17
4336,4,3.408930226069109e-08,6.310433125395034e-60,2.1944402909581792e-07,0.9792962746177558,1.0476694788000282e-09,0.0,0.020703470801243223,1.3290696378951096e-23
4340,4,1.0385824993647395e-07,7.76735011784999e-32,0.3677102012827786,0.6060675023631855,7.329629056105365e-05,0.0,0.026148896169071935,3.615282220772778e-11
4342,3,2.0040894720258034e-05,3.181660323556312e-20,0.9853818956324583,1.574764852087634e-13,0.013683799741221511,0.0,3.637090999252817e-08,0.0009142273605326288
4344,7,8.421309965278092e-20,0.036408348746841096,2.9213038396872698e-43,1.3805698012579127e-44,6.811402498397811e-20,0.0,0.9635916512531589,2.2808091815847968e-154
4345,3,6.56124653282688e-15,1.6839603717776513e-56,0.8008916902505377,1.5639736531628601e-07,0.18187502196266087,0.0,1.40031296272867e-07,0.01723299135813329
4346,3,2.102912748956667e-24,6.671863272695593e-71,0.6880839677308982,4.927237897449267e-05,0.15437531388355247,0.0,1.7246523445591942e-05,0.1574741994831293
4350,3,8.09400763859932e-16,2.826249617487786e-53,0.8325182135801362,8.318519404317409e-09,0.0876428180260958,0.0,1.2151370577600548e-11,0.07983896006309642
4351,3,3.2353445984118206e-06,5.654055075807912e-21,0.9991911978178728,1.1826394630023778e-09,0.0007363120985705774,0.0,3.850852582620278e-06,6.540270373616748e-05
4353,3,1.753536666535066e-18,3.995220078326158e-43,0.7688031548478748,5.774707103463082e-06,0.10115293158535789,0.0,1.962066523432917e-05,0.13001851819442967
4354,2,0.015711793605624306,0.9842436093390454,4.3212535382449934e-05,3.920947182028425e-46,1.0193511694409309e-07,2.2876403619547223e-17,1.2825841676382015e-06,6.631238518015795e-13
4356,6,8.096530608672654e-05,1.748271839330599e-05,2.626890728039204e-10,1.0506138944465135e-42,1.6593323710667529e-12,0.9999015517109613,2.102201111018833e-13,1.3134289416786947e-19
4358,3,3.904757067953751e-09,3.0338452013955083e-35,0.9926951404915977,9.256626392705478e-07,0.007057614160945946,0.0,1.1370518752270445e-06,0.00024517872818475466
4361,4,1.3186452995906081e-21,1.0946940654183707e-47,2.55346867236381e-10,0.9930208711678405,9.40345883805983e-07,0.0,0.006978188230914929,1.3858808901694858e-14
4362,4,1.1706700989223517e-19,8.61161169427726e-46,4.3120027600910117e-14,0.9877716569194327,1.9945819509652016e-08,0.0,0.012228323134704667,6.918891419188216e-20
4369,3,2.2971887587723537e-06,1.37360868465996e-22,0.9995362912304459,5.812169907772589e-09,0.00034113130691224496,0.0,1.725831634334434e-05,0.0001030161453697611
4372,7,1.1993654349091742e-24,3.908188034217416e-47,1.8206199134250435e-36,6.072342298801651e-17,8.948016163653253e-17,0.0,0.9999999999999999,9.836435846739473e-130
4375,3,3.730716469122611e-12,2.9661703664407202e-49,0.963131519469503,3.171724568096039e-06,0.03093206034667808,0.0,2.735520134763533e-08,0.0059332211003186985
4383,6,3.607146828329505e-10,2.2813913811203937e-06,1.8296298415287095e-34,1.350428249896998e-46,2.3749283907591188e-24,0.9999976133471457,1.0490075841780725e-07,2.5383556838321493e-90
4390,3,3.3768393051389985e-05,1.0223315244806729e-16,0.9998066607636314,1.3918285079817936e-10,0.0001515172522473314,0.0,6.392270838385631e-06,1.6611810485380162e-06
4394,7,8.679860958227924e-15,1.2535802679810119e-49,4.837542337822512e-28,8.59381223834421e-14,7.24236878669493e-16,0.0,0.9999999999999046,2.479977492581291e-107
4395,6,4.6999116229285274e-08,1.5479653902871093e-09,6.329192586492058e-10,1.6944143844021003e-42,1.5600357217500524e-20,0.999999813098758,1.377212412243371e-07,2.6412500162584635e-28
4396,7,7.574750775198611e-11,5.101390483342665e-14,4.1551405273283644e-05,3.4108127573729803e-12,0.0004441749588826084,0.0,0.9995142735566347,4.1092790783014447e-29
4398,3,1.0261049906188517e-15,4.194171627769529e-36,0.8591057356223809,2.8760612569672297e-05,0.1405716137863633,0.0,0.000286659698909916,7.230279775171884e-06
4402,7,1.942082332773434e-09,9.850034564347078e-19,2.757304436220329e-13,1.0602988951047138e-17,5.466162688008969e-12,0.0,0.9999999980521758,3.863565842473047e-69
4405,3,4.0916097229148237e-16,3.753660908656684e-43,0.9088111687000531,8.164156718758144e-07,0.059719024957296016,0.0,2.7838595510705844e-07,0.03146871154102354
4407,3,1.5868212278572226e-06,2.1615550116212497e-26,0.9995681189827135,3.697012092517462e-07,0.0003902230323076326,0.0,6.158612802844237e-08,3.963987641386454e-05
4408,3,3.4399736051651933e-07,2.7033640924067377e-21,0.999173661984148,7.786121352001928e-09,0.0007589580622259737,0.0,5.127481961793047e-06,6.190068818229362e-05
4409,6,0.0003454625976225925,0.0006477408604936276,1.5845201661268122e-08,1.9843693140122418e-41,5.023847037523335e-15,0.9990065230951766,2.57601500560664e-07,2.056133176523067e-20
4414,6,1.7837141629053478e-12,3.1970665941575384e-10,9.152858280081147e-22,2.0585840226834017e-43,1.368059512173825e-24,0.9999999995842233,9.428642354503788e-11,5.790458738779276e-53
4415,8,4.6038830136664073e-73,6.08792029121961e-59,2.2427825882609616e-23,0.004420499548785593,0.00042679420977833227,0.0,0.0009296654459359532,0.9942230407955001
4418,3,2.2527253338333628e-12,6.617772839369205e-34,0.9909348406879246,7.191240886504807e-05,0.00890650976818914,0.0,8.289698031609364e-05,3.840152452385488e-06
4420,2,8.248302384682041e-25,0.9964949833007256,1.9698349812630538e-49,5.528641613158799e-62,1.2836677415705377e-18,5.7332001700476215e-27,0.0035050166992743464,3.7479909448934466e-142
4422,4,3.211482509008601e-14,3.801579419963446e-45,3.324756761413794e-08,0.9863031104571515,1.3842632016235568e-05,0.0,0.013683013663132985,9.968837317632835e-14
4423,3,1.48464541398437e-07,3.3757139295107905e-23,0.9992602248903231,1.981710839559725e-07,0.0005847279290527299,0.0,0.0001525747982275435,2.125746771311891e-06
4424,3,3.4813607945283615e-13,7.601622998528925e-44,0.9849670213056013,5.614510885430063e-06,0.014682142352836174,0.0,3.923161211226919e-08,0.0003451825987167699
4425,5,4.120010628470442e-14,4.538526916133938e-23,0.13324876748281847,2.0935359758536037e-08,0.7065272294585763,0.0,0.16022398203699956,8.620488004691542e-11
4427,3,0.0011587736204013357,2.1903805221631024e-18,0.9986485730439901,6.7915661951721135e-06,1.216760427954967e-05,0.0,0.00017369264200190975,1.5231319918133409e-09
4429,7,1.849321210048664e-06,1.0055398097297278e-14,0.13957230992952166,1.0345646914479779e-08,0.00011610164630629614,0.0,0.8603097287573049,9.605286631133621e-19
4432,3,0.007087092950595124,1.2958306080826583e-15,0.9928960065970054,2.0003965073371075e-11,1.2696844726226818e-05,0.0,2.6994613430679716e-06,1.5041263249886508e-06
4433,3,1.0244139664579378e-11,3.3703621194419215e-47,0.9705447500514169,5.882887057140068e-08,0.020547391499020552,0.0,2.0058626642107914e-10,0.008907799409861713
4438,3,1.167972737434196e-16,1.1198843096591993e-39,0.9422728311755378,1.4968258654990924e-05,0.0575753425223065,0.0,8.220590845177652e-05,5.46521350488002e-05
4440,7,2.0662792728100273e-17,3.0278334294485438e-46,3.9649871464113945e-06,0.13826501239839892,0.00013456388422111333,0.0,0.8615964587302335,3.288351627902636e-21
4447,7,1.8508226517757516e-59,1.610811789214043e-73,3.4618232842119557e-34,0.00041894635666196023,3.834927933276571e-11,0.0,0.9995810536049888,1.0764956475442376e-48
4448,3,8.398680390113713e-09,1.6031377103666476e-31,0.9925038739906692,2.1545909800964566e-08,0.00675771538776276,0.0,1.771159972234171e-09,0.0007383789058180016
4449,3,2.0968579280937222e-11,3.4023763913425216e-40,0.9913354845707404,1.0778793866956224e-05,0.008204286614116688,0.0,1.5127955491564332e-07,0.0004492987207524193
4450,4,1.311664958901332e-31,3.898609500761601e-57,9.493964731420505e-06,0.8930400278790954,0.005670574864302368,0.0,0.10127912381845418,7.794734166214825e-07
4452,6,1.1759143250926619e-08,1.523326680520344e-09,4.032677669124961e-08,3.2885150664717675e-43,1.2678516189778845e-18,0.9999999463879437,2.8097130601225338e-12,2.351591326487016e-22
4454,7,2.784889341673039e-09,4.355569475862731e-50,5.0034049142787806e-11,0.4608236287823238,1.050282622455631e-09,0.0,0.5391763673324702,1.1702046801071754e-28
4457,3,2.0612779411101405e-06,1.6475378410275704e-23,0.9999805061964449,2.0653273635631378e-06,1.4947583433499996e-05,0.0,1.7797206738519764e-09,4.1783509631364723e-07
4459,3,3.7737284917345624e-14,3.88536729749734e-47,0.9711948904655138,4.334496440070574e-06,0.02765854193698892,0.0,1.4486375983086836e-06,0.0011407844634212187
4460,3,2.023718031819132e-05,6.163940155984949e-28,0.9990705516088995,3.7122370829965465e-07,0.0008299120209710269,0.0,1.068012932833524e-06,7.785995317004058e-05
4464,3,1.8931529939563046e-10,5.92032907947904e-47,0.9801177986245333,5.382071150450456e-06,0.01804109804620471,0.0,2.1303704806242264e-07,0.0018355080317480554
4467,3,1.9519104893186546e-08,4.763879053316439e-31,0.9634513440714937,1.0754427520555144e-10,0.028490975752139543,0.0,4.775568434679962e-07,0.00805718299287413
4468,6,3.5708881710770084e-09,1.8989544799368987e-10,5.750271228963922e-10,1.3473246022320961e-43,1.5680543890224854e-21,0.9999999956396393,2.4550088031975756e-11,5.117171992758695e-26
4472,6,4.8292901251423376e-18,0.00087321887376977,8.586749681496801e-51,2.1640521853648552e-46,5.524003839393247e-29,0.9991267718580469,9.268183349252378e-09,1.7190981619826266e-115
4473,3,1.418426809300693e-15,1.4154015671863757e-46,0.9939005146148241,0.0003304487028302862,0.005740744789328314,0.0,8.050906229804119e-06,2.0240986786035963e-05
4477,3,3.863962598401926e-15,8.062070994442033e-41,0.9568304522642559,1.8479560611193414e-07,0.03358023927526917,0.0,4.941987605044408e-07,0.009588629466104484
4479,3,1.839837908692641e-10,3.1265458114377578e-24,0.997116970458388,1.125940298853895e-07,0.0026777755044417,0.0,0.00020419630136526523,9.449577913650548e-07
4486,3,9.712001869648147e-07,7.156693789958735e-26,0.9998630202078278,8.742462786701922e-08,7.536620599882646e-05,0.0,2.250041411059801e-09,6.055271131703637e-05
4488,8,2.8694150212592776e-26,9.78547682364022e-83,0.4015852676727185,5.349056619201258e-06,0.17185516944314444,0.0,1.7107800231316193e-05,0.4265371060272866
4489,3,2.6749885179451802e-05,5.838460967552151e-16,0.9995607814942667,7.237370270436537e-11,0.0003642108865091544,0.0,4.82449833490183e-05,1.2678321364364536e-08
4490,3,5.224254452944756e-09,1.2240516590572827e-33,0.9959124021955881,0.001815486196171054,0.002256267191641507,0.0,1.4229525882444232e-05,1.6096664624046875e-06
4493,3,9.110656370764472e-19,1.01575813891755e-59,0.9445734986341143,0.00044975812030331443,0.05490514956372731,0.0,3.8376280151219775e-05,3.3217401703894504e-05
4495,3,7.2401957746763e-18,3.850949069026126e-55,0.9476282644070968,0.0007379661510713702,0.05145304923886041,0.0,2.4238184332944687e-06,0.00017829638453809683
4498,6,5.542995823677284e-10,1.836408463949658e-15,6.094868695259208e-13,4.7098692015258596e-45,1.4230429847880252e-26,0.999999997836396,1.608693270460715e-09,2.3230852983846295e-37
4499,3,7.254772303566748e-05,4.186400686318975e-16,0.998526960946546,2.7624523414041236e-12,0.0013448487269589054,0.0,1.433940935288849e-06,5.4208659761339596e-05
4501,7,1.4788327564425153e-23,1.509091729869383e-49,0.002924978295213867,0.4179547723464341,0.03538719642494331,0.0,0.5437330524558546,4.77554179143809e-10
4502,3,2.4036355541486662e-15,3.834669801764207e-40,0.96860373574638,1.1016485917635016e-05,0.029416619693131172,0.0,2.5525211119239268e-06,0.001966075553456779
4503,3,3.626568427064636e-14,5.662952559307057e-58,0.8798925934226672,4.629048948994001e-09,0.09082786044869716,0.0,6.019967045470622e-10,0.02927954089755376
4504,6,7.386846104900344e-12,2.2032074333707896e-07,1.5646557564555778e-11,4.644071514820313e-44,1.5251857144731562e-20,0.9999997796560202,2.0304708856230629e-13,1.950509403194412e-25
4505,3,2.1975118838065424e-06,5.928578293494122e-31,0.9993026010372695,4.77482553396458e-05,0.000630360549617896,0.0,2.0821575578360688e-06,1.5010488331341022e-05
4509,3,7.766989726516394e-19,6.118981897418267e-51,0.9117278897749066,4.927954376385687e-05,0.07359014014761323,0.0,1.9386341952033455e-05,0.014613304191764303
4510,3,1.0656211343985113e-11,1.1064257445074469e-24,0.9933519999760414,1.67085003118809e-07,0.006405062860091439,0.0,0.00013155674393213715,0.00011121332427578711
4512,3,8.605089237982118e-10,2.5052612966703764e-32,0.9930973251580296,0.0006640453234403812,0.006206005947999774,0.0,1.0325650898021681e-05,2.22970591231205e-05
4516,3,1.1122269960246259e-15,1.9470967491537742e-52,0.9385989857308249,0.0016671368686025242,0.05947973119798622,0.0,4.493717979436364e-05,0.00020920902279088048
4520,3,4.611975051421306e-07,3.713617142292647e-16,0.9995143401674582,3.756787942761027e-08,0.0004290075227752779,0.0,4.579304888283466e-05,1.0360495498823716e-05
4523,3,4.797401994647002e-08,1.1166617581507244e-33,0.9982159847109782,0.00035180027556379025,0.0014163539651985838,0.0,1.3593381047660439e-05,2.2196931917410235e-06
4524,6,2.112353973225971e-09,1.2606426068196808e-06,5.59774433628303e-11,3.050098105958522e-42,2.858117200263095e-17,0.9999987371889849,7.685553712805984e-14,2.0188179542094107e-22
4525,6,9.069903412250841e-09,2.757654325923513e-08,7.17773782231921e-09,1.3619600284306573e-42,1.5024996211336568e-18,0.9999999561711654,4.650074587813806e-12,2.6048459040143524e-22
4528,7,9.198839130574715e-06,2.04745215567638e-53,4.905002848998703e-10,0.059481985891171055,5.658091909743957e-10,0.0,0.9405088142133888,4.1426113303085287e-38
4532,3,1.3743244916235574e-19,4.589301107925573e-58,0.9540705974433648,3.523684957813968e-08,0.015968472220970177,0.0,6.899492881702362e-11,0.029960895029820488
4535,1,0.9994965224782583,0.0005030962092552104,1.5771167118540858e-07,4.807137189972653e-44,2.0259991605126404e-09,1.5111242825952486e-07,7.046237065958782e-08,1.7151291071220896e-14
4536,4,1.6632386919329725e-12,1.1772810087025091e-47,2.3611731785027744e-07,0.9854863675013761,6.115334994979747e-06,0.0,0.014507281044593723,5.415509509553505e-14
4537,7,0.0007045276782647429,1.955759748771575e-24,1.3684843653755014e-07,1.3965257526364424e-21,3.1048637047812005e-17,0.0,0.9992953354732987,2.450866591206811e-49
4541,3,3.19179547355418e-05,1.6209385156618904e-16,0.99983520611024,1.0046135126035373e-10,0.00011386056444117827,0.0,8.775027839340033e-08,1.8927519843371427e-05
4542,6,2.451527591078735e-13,3.297828864570719e-11,8.714920526641641e-23,1.5795655712862538e-43,1.1839918479388553e-25,0.999999999800952,1.6582451576965465e-10,2.4189335456610287e-56
4546,1,0.9750128180442706,0.024986860886121686,2.6538636489914036e-07,6.2786305316935475e-43,5.484186815701874e-08,0.0,8.413483036560623e-10,2.6274517696666068e-14
4548,3,3.0434951822685463e-07,4.864207993996965e-19,0.9997749355321277,1.5026674152660526e-09,0.00021688465549153364,0.0,7.709526035106614e-06,1.6443416016202433e-07
4554,7,1.7024180476645983e-29,1.545499788802429e-48,1.1586132946370429e-10,5.728945307362371e-05,2.637154775219868e-06,0.0,0.9999400732762899,6.014856564114443e-36
4555,7,5.0227383769380496e-27,2.096703368370079e-15,2.7240961899601997e-15,9.336298198004483e-37,0.18759630506665348,0.0,0.8124036949333416,2.9301555015503374e-36
4556,3,8.450048174587057e-25,1.331322227462068e-65,0.9646391715162346,1.9100254814419265e-07,0.020885239146678468,0.0,2.9283409743929317e-08,0.014475369051129101
4565,3,1.883740974296882e-20,3.960180449091508e-70,0.8562393772351798,5.87848830769758e-11,0.09679380142893694,0.0,1.5957519339507476e-13,0.046966821276938756
4567,3,2.4739540830272806e-08,2.453549418052635e-43,0.9911146025540111,2.2265375617727864e-05,0.00815926234025217,0.0,4.1237232776177924e-07,0.0007034326182504984
4568,3,0.011439096832000796,1.5425227037713512e-07,0.9684633564542499,6.641841887241301e-18,2.3619844700376504e-08,0.0,0.020097368819105024,2.252922113637521e-11
4570,5,5.788159495318726e-44,5.309016260804599e-53,0.0009116061904864715,3.981247204394614e-09,0.7351882652221517,0.0,0.26389981388059786,3.107255167550464e-07
4575,3,1.655248407597268e-19,3.5721455783951117e-78,0.9502163221780032,6.332813168694704e-11,0.03109264458640122,0.0,9.637235577023191e-11,0.018691033075894977
4577,2,7.098924227469761e-39,0.999284776484323,1.0469598534557735e-80,5.511214488558395e-79,3.652428582112804e-30,1.1929687654084199e-35,0.0007152235156769418,4.313060568184369e-246
4578,3,2.6000600830078622e-15,5.996926526043512e-59,0.9371504763798928,0.0001767746027109671,0.062488416802560905,0.0,6.31966888652107e-05,0.00012113552596758474
4579,1,0.9826254383845142,0.00021099327645735736,0.017088221546895686,2.3444890291663446e-24,7.474214836405127e-05,0.0,5.291098233822851e-07,7.553394523955568e-08
4584,3,7.157827690640477e-21,1.3666541909968134e-56,0.9033260973624616,0.0018166486996657213,0.08989052763542638,0.0,3.389482138099875e-06,0.004963336820308314
4585,6,1.5085468799372282e-14,2.964361952917258e-22,1.3539816431217151e-17,1.3272449888582425e-44,2.922953473023003e-32,0.9999999999486764,5.1308531878914886e-11,2.977707832944206e-48
4590,3,2.1773415787607514e-09,4.0456740460993915e-39,0.9931299913146178,9.845789582011772e-06,0.006062132432427321,0.0,6.146293542472516e-10,0.0007980276714019841
4591,1,0.5995562047776314,0.4004261127012348,1.7608910858077228e-05,2.1402271365495672e-44,4.6271990866272775e-10,2.116758465010559e-09,7.103076676425118e-08,3.0661272579771685e-14
4592,3,3.060767990607556e-11,2.722361649178564e-34,0.9906004115317705,0.0027601604098040876,0.006600782772034796,0.0,6.137873545781274e-07,3.8031468428454367e-05
4596,7,8.438107531452772e-39,9.879603195715987e-38,4.9431929844879236e-17,3.655659572337499e-12,1.1267864202132325e-05,0.0,0.9999887321321421,4.048820497550562e-60
4597,3,1.3665058466138015e-16,6.219094548551073e-62,0.9335430363982099,9.760455888450933e-08,0.04068459573950446,0.0,1.7925772803418266e-10,0.025772270078469075
4598,3,1.7111345023087324e-23,1.8991733356396357e-71,0.7553494942124258,3.822531678674223e-09,0.06165343755288501,0.0,3.0209455343452703e-12,0.18299706440913668
4601,3,7.966752753869986e-06,1.750685759504434e-17,0.99960502890607,4.097208293213386e-10,0.00037597517795570856,0.0,8.56080887660897e-06,2.4679446228385325e-06
4602,1,0.8144089601433331,2.992535284031302e-11,0.0037163685972647006,2.956012768515907e-25,9.58091786275459e-12,0.0,0.1818746712198959,1.8945994365065732e-32
4603,7,3.9555940661291276e-13,0.03444926201448452,2.1522513555358366e-13,6.64319428391374e-30,2.335708343683578e-07,0.0,0.9655505044140703,1.2032701983390268e-50
4607,3,0.00014124270444121904,6.289078886475772e-23,0.9982426225148044,7.830489295209463e-05,8.92451501218647e-05,0.0,0.0014485793429697147,5.394710727597948e-09
4612,3,4.689358676559246e-07,1.8322783456943662e-13,0.99919142893625,8.450580220179983e-13,0.00040635167916454595,0.0,0.0004008101813404719,9.402663490448692e-07
4613,7,2.4118002959909606e-12,5.940412354058966e-15,3.384997224183778e-28,1.0780755342364306e-23,2.799246506476704e-16,0.0,0.9999999999975818,1.2297782508641544e-112
4615,6,1.7543410801419558e-24,1.446177606197152e-07,1.241909258577084e-75,1.3487284643321052e-54,5.960536675687273e-44,0.9999989473758485,9.080063908088876e-07,1.4827277962812488e-193
4616,7,3.136640665742109e-24,2.1638543735143112e-30,0.007850976420735284,9.640938765508557e-06,0.017233229031086723,0.0,0.974906153609411,1.4090983336646928e-15
4619,7,1.0414202731315e-16,3.0120764398805673e-15,2.816611989270349e-17,2.1811719674778621e-16,3.749231669500268e-09,0.0,0.999999996250765,7.869698475244639e-70
4620,7,3.164354816114928e-16,0.0010018812420352413,7.225940654664518e-42,1.0452285163050634e-58,2.121046241378568e-23,0.0,0.9989981187579645,2.6145951654054806e-157
4621,7,3.121085822695298e-25,1.4670298172193094e-09,8.128264687976103e-52,5.955090850521445e-33,2.487913504797487e-19,0.0,0.9999999985329702,3.136199659787004e-171
4625,4,2.4861914732436956e-07,2.4620588084417222e-61,3.1211744585257643e-09,0.9278256839226956,2.6271542679689535e-11,0.0,0.07217406431071122,5.8893306355905845e-30
4629,3,1.0351130229798308e-10,3.614828020373915e-45,0.9861066017642601,2.7899980096466708e-05,0.0128183184810536,0.0,3.5421081923751156e-08,0.001047144249996724
4630,6,1.5944641211555316e-08,6.375401194398405e-06,3.686798787850621e-12,2.1341283409904803e-42,9.043151139077134e-17,0.9999936086501569,3.205510701600311e-13,1.3775038182919742e-23
4632,3,1.5505453846100636e-10,5.48457312425043e-21,0.9843800407149362,1.0888946725127334e-09,0.014191123781989376,0.0,0.0005266656130690102,0.0009021686460561627
4634,6,3.804005376554091e-06,0.00014044668762746857,1.1843990631280134e-12,1.623951337420898e-44,4.385133778774957e-18,0.9998557493054431,3.6844469679684095e-13,7.245279262063297e-26
4636,3,4.982248689867927e-10,2.407111033128751e-50,0.9604259585262841,0.00017272004879253857,0.039296545568254126,0.0,8.43566291098345e-07,0.00010393179215331539
4646,6,8.122872884387417e-06,6.708378786821734e-05,2.4100134565835097e-07,3.5054618963778863e-43,8.136426171073691e-16,0.9999245523361392,1.7617469713369303e-12,7.577938868102261e-19
4650,3,1.935962539605479e-18,2.9797427434770335e-38,0.9481285714540517,2.6253742172037265e-06,0.04753223449834721,0.0,0.00017005658343874437,0.004166512089945112
4654,6,1.9340000011505966e-08,4.612107728713453e-08,3.526393318069222e-09,5.878055472995137e-44,6.995427549472834e-20,0.9999999310116976,8.317953057749418e-13,9.636999327029751e-23
4656,3,1.2260317007499898e-07,2.006919349905561e-25,0.9981164129380626,4.162234373313573e-09,0.0017518609891440664,0.0,7.000858075881243e-05,6.159072663002625e-05
4660,7,0.005703307088529364,2.721607497616533e-24,2.5183057189099538e-05,1.9655309701215292e-07,2.1698659198519333e-10,0.0,0.9942713130841978,2.0431563416832114e-32
4664,3,0.013223068850746238,1.2790908380399502e-29,0.8522102885543971,0.03080783494014853,1.2506776740788572e-07,0.0,0.10375868258693974,1.1295842751525504e-15
4670,1,0.7700875000887848,2.371186671056454e-05,0.22988828504577147,4.670314338234607e-19,2.50688709525099e-07,0.0,2.518206024529625e-07,4.894211151233473e-10
4672,3,2.165472654215909e-05,4.5653019040614154e-12,0.9997629643599985,4.740517359743296e-12,6.641599819064484e-05,0.0,0.00014896101345508045,3.892507822784838e-09
4676,3,4.765432165937179e-09,4.864783561367768e-35,0.9974812324076928,9.155022204820793e-07,0.0021651009661010027,0.0,6.705561571428053e-10,0.00035274568799742537
4678,7,2.954172652729904e-37,1.1104272984917367e-15,7.114930781090668e-20,1.2487391788978913e-29,0.00025227397316329205,0.0,0.9997477260268357,2.599325450239633e-66
4679,7,1.5000584913657012e-26,5.0637011956111396e-23,4.1203393661406635e-77,2.1541383559319297e-62,8.245630014686202e-46,0.0,1.0,4.625911567920546e-264
4683,3,2.5352688803532667e-13,2.9318375295741305e-57,0.9674389912549088,1.7078089708892456e-07,0.024451429162952534,0.0,2.3972979285847354e-09,0.00810940640369006
4686,3,0.0010552167699347398,1.3918035512922202e-13,0.9989429924381227,3.470310290460191e-13,4.754202735056937e-10,0.0,1.7902101911860174e-06,1.0584490340839341e-10
4687,5,1.2221046412936965e-35,8.95165289958536e-48,0.00046396154885082496,1.6781220422271572e-15,0.96524871096144,0.0,0.0004514383239547134,0.033835889165752864
4688,3,0.038606375022921344,6.98443271084365e-17,0.9537939708251737,3.8794608062069395e-25,1.838509350543282e-15,0.0,0.0075996541519032824,2.5946288820612167e-21
4690,3,0.0006004669863060966,5.030022744220212e-22,0.9993641797058658,1.4028985891400926e-05,2.5996056904840956e-06,0.0,1.8723072858350236e-05,1.6433877598628477e-09
4691,3,2.7899526660760637e-19,6.027334335859381e-45,0.9041928650019307,2.4341319178711473e-06,0.06934399247456371,0.0,3.027246197233327e-05,0.02643043592961527
4693,2,1.7316292661647488e-64,0.9999468366970463,3.2089488729974734e-170,2.3370416755820184e-112,8.681368872094996e-61,3.8572847246853817e-32,5.3163302953669156e-05,0.0
4694,2,0.0008256577276152192,0.9984767767607683,2.5320115765865984e-20,3.537333064038326e-42,5.7460811843747364e-11,0.0006835640458158238,1.4001408339845815e-05,3.3509232984625677e-42
4696,6,2.3797732412363263e-08,1.570825058932324e-05,1.9406235193740885e-12,3.3337557496894163e-43,7.533600851888246e-19,0.9999842679493061,4.3169190642893687e-13,9.701454592848707e-25
4701,3,1.448234920502876e-07,1.4495928844853255e-08,0.9556139111936345,2.323821440159138e-16,0.0011292230710586288,0.0,0.04325670630238199,1.1350363252220823e-10
4703,3,4.005159425039868e-26,9.400682144753159e-80,0.7675484653348,9.135397138231854e-08,0.06083918274089272,0.0,3.112580948235676e-08,0.1716122294445264
4704,4,1.9650114333723088e-17,5.664515424583113e-55,0.006628072667512301,0.9135869699074539,0.008868872322839286,0.0,0.07091383526133985,2.2498408547727255e-06
4707,7,1.0781956120921827e-14,1.4901190433458673e-44,1.518316301484985e-59,8.4883465851667e-27,7.151125997401037e-31,0.0,0.9999999999999892,1.5823084194277182e-212
4710,7,1.6140123313706435e-44,3.4009419245060194e-36,3.1953622187039726e-18,1.1467398201218557e-15,8.371118339280649e-06,0.0,0.9999916288816596,5.167581281454108e-63
4712,7,9.091342060977601e-37,1.8832032364449258e-53,5.236403342537961e-12,2.182732252199886e-07,1.86876779224922e-06,0.0,0.9999979129537462,3.2266756577573904e-48
4713,7,2.61419687058182e-15,6.627176209655299e-28,0.00010517868542626233,6.819370791646852e-05,0.0005038091811015063,0.0,0.999322818425553,7.736664260252254e-26
4714,2,3.767333114608112e-39,0.9982838544606542,4.694279421247377e-83,1.0683725896710468e-80,9.830783193686926e-34,7.711700884228944e-35,0.001716145539345955,1.1228773105299975e-253
4715,6,9.433378508904275e-11,4.828900159047285e-15,4.030457755385945e-14,3.287696367721622e-44,1.1574191938997482e-25,0.9999999998196557,8.596536144196488e-11,4.4237827144629836e-40
4722,7,5.236021173994619e-15,5.435674287736291e-47,9.068231449039967e-11,0.0006609547404858883,1.8208811959849833e-07,0.0,0.9993388630807069,6.937701563179253e-41
4723,3,0.08151422402570736,6.133876559656775e-14,0.9148998568808909,9.127376890152255e-11,2.5365698452381357e-07,0.0,0.003585665344769033,3.1305730383202903e-13
4724,6,1.125502792143499e-12,9.31345453377739e-10,2.1230615143790514e-25,5.705762281037987e-42,9.706715106189594e-25,0.9999994334131064,5.656544226544308e-07,4.716588906173132e-63
4726,1,0.9999955620674215,2.2562547691466e-06,1.0372784393238718e-06,8.808400629908509e-35,1.1443708491596818e-06,0.0,2.3391100162131185e-11,5.129811500833805e-12
4730,5,4.169976439116936e-18,4.4147053307372326e-39,0.3533361854640729,5.66384883156691e-10,0.5917165881415488,0.0,0.00019012898604416228,0.05475709684194914
4732,6,1.0906355612807381e-12,2.139658491363882e-12,4.933346300209162e-14,1.4920661330789556e-41,3.9302226497603987e-23,0.9999998104546983,1.8954202206071057e-07,3.2875642018587802e-37
4735,1,0.9939910686621555,0.0001548049140447523,1.242201942485843e-09,4.896359818884399e-43,6.819973309175e-09,0.005854118353638335,7.986195397411924e-12,6.072419735082098e-17
4736,3,3.591118026406244e-16,2.7773336461002684e-56,0.9501203686217061,4.6126616157227896e-07,0.025385084436603266,0.0,1.2035873097202957e-08,0.02449407363965566
4737,7,6.584736849328543e-23,9.836651297508323e-48,3.3846540651342383e-12,6.988736856492406e-06,6.68034999502718e-07,0.0,0.9999923432247594,5.1137999806557534e-49
4745,3,5.540651776625328e-21,8.543340651076188e-63,0.888288078878581,3.69900935948849e-07,0.03589610353016594,0.0,9.220633295636538e-08,0.07581535548398424
4747,3,7.874838944908033e-17,1.8189793676537058e-48,0.971945341040348,3.7252648053837824e-06,0.027569671367002863,0.0,3.59747087218461e-07,0.00048090258075633247
4752,4,2.64565405777333e-10,1.4949163378764606e-53,5.49499341862528e-08,0.9409888426243954,3.4837625401482914e-12,0.0,0.05901110215762115,2.537419956291681e-21
4753,3,3.5683638767929725e-19,1.151950935408221e-47,0.9839471668783247,0.0010708760403509306,0.014779988466299557,0.0,2.7814208665083865e-06,0.0001991871941582534
4754,3,1.0492177823749272e-23,1.8565181045740845e-73,0.8928194279116006,2.688357872784409e-08,0.03210113542150312,0.0,1.278890772323687e-09,0.07507940850442678
4757,3,2.1255697106378138e-15,1.9500700091002164e-33,0.9858070811985306,1.3067094842161418e-05,0.014131566526587478,0.0,1.2270143921672725e-05,3.6015036115910785e-05
4758,3,9.253544354295359e-19,1.2248357741118106e-50,0.7864787975806115,1.0657172779307155e-08,0.09096946435375984,0.0,8.819037630552419e-08,0.12255163921807975
4761,7,4.432311356951322e-21,3.9688868010447303e-44,3.052224894992695e-12,0.02198382539759059,1.692735108905621e-07,0.0,0.9780160053258463,1.047485677449342e-28
4762,2,1.7255395548724706e-06,0.9998774194025172,3.07277458197133e-11,8.273625819399767e-46,7.736579324414873e-10,0.0,0.00012085425354219014,1.8818182477974886e-34
4766,3,2.6764620983080532e-14,1.818345617873712e-41,0.8393721429004352,1.2096953844497259e-08,0.10985895034248923,0.0,2.44431070363287e-12,0.05076889465765061
4767,2,4.805218317541307e-24,0.9889738867925312,2.4695519656092926e-64,5.6042884663243176e-71,1.9675733381422322e-27,1.6971869562429847e-26,0.011026113207468718,2.707242526709699e-200
4768,4,4.883629505323524e-09,2.8635944579199048e-55,5.836586489607904e-07,0.9742555044064354,2.9261786824319546e-08,0.0,0.025743877789499346,3.48946265106375e-21
4772,6,6.680517644938476e-12,1.857577319718931e-07,6.654218497602458e-09,3.995497658473762e-42,2.793348297460744e-16,0.999999807581102,2.6661441628772196e-13,6.913646414547597e-21
4773,7,1.1806775980546199e-06,2.761917569819971e-62,1.2310046404038177e-15,3.766999231808382e-06,5.149841183633009e-14,0.0,0.9999950523231175,4.4278546804398304e-65
4775,5,6.852963070342856e-17,5.17098605256674e-64,0.17986734166269497,2.70941946830039e-15,0.6429379821059686,0.0,8.246850613899287e-18,0.17719467623133367
4777,7,8.341578468879147e-39,8.157996477718086e-27,3.1081426502308243e-10,4.065382994642235e-18,0.025059081546330277,0.0,0.9749409181428554,5.044631665954961e-33
4784,3,2.6395271819442057e-26,8.734847303766195e-85,0.7656759149668603,1.112081145115098e-11,0.028109070078882057,0.0,4.5404804682716276e-14,0.20621501494309144
4786,3,5.9418716789973126e-18,2.685263886378509e-43,0.9785024759970948,8.028111208019587e-05,0.0206440642438449,0.0,2.291833344263747e-06,0.0007708868136357185
4790,3,2.7087573423558482e-12,4.8473460678585655e-39,0.8875498216410243,0.0008319100502003404,0.11152010726389672,0.0,6.27448479930308e-05,3.5416194176975105e-05
4792,6,3.395649923819079e-31,2.0352541030920285e-09,1.5248358636933797e-83,8.652847335483578e-54,7.655847998031495e-47,0.999995531171864,4.46679288189194e-06,2.364268286853621e-205
4796,5,3.277596264699689e-40,3.497925164258987e-47,0.00964479557598777,9.289006267258512e-11,0.9103409340972489,0.0,0.07771042099641286,0.0023038492374603254
4798,3,5.2627752453707285e-16,3.1331513265134946e-55,0.9213861721029901,0.00016429525332603057,0.07756085077333309,0.0,2.8208857674934535e-07,0.0008883997817733969
4799,6,5.858814690883143e-21,8.707156688686437e-15,2.5726197349735664e-47,6.991753046208749e-50,2.6857737593364017e-37,0.9999974355994908,2.5644005003461422e-06,6.679333382963515e-124
