incident_id,predicted_killer,p_killer_1,p_killer_2,p_killer_3,p_killer_4,p_killer_5,p_killer_6,p_killer_7,p_killer_8
0,5,0.015278635915386059,0.28312639680992285,0.23868749103160442,2.0843082584803733e-06,0.45493673080531716,2.1269877927988197e-06,4.810648336237033e-07,0.007966053076884519
1,7,5.184212211707824e-05,0.008064935808682405,0.0006211577266802228,3.582677560799051e-06,0.09971380961720315,2.9100767379591915e-09,0.8914349038215098,0.0001097653161698434
2,3,0.0007561524689550111,7.925222856105456e-06,0.9810576354421697,0.0002211343789142319,0.016779453605524904,2.0994552885774516e-07,0.00015372318306140393,0.0010237657529898558
3,7,3.2948620399176775e-07,7.52575647556136e-05,0.3528631811861314,0.00015998414869386202,0.003727979388352917,8.098902116204703e-11,0.6347578615269738,0.00841540661789948
4,5,0.0008064623355239906,0.0013781886609082429,0.07002580234267401,5.066669336035921e-05,0.5561689084333169,6.287661425135969e-07,2.9968224195159393e-09,0.37156933977125156
5,3,0.0010695290323074773,3.33334764385861e-06,0.9907988855156791,0.0036527064634083208,0.00039439593110141875,3.646083308399461e-05,0.001702908835998332,0.0023417800407774976
6,3,4.1021565362285923e-05,0.0009491782676334281,0.9894436326033013,6.0295086760195814e-05,0.005455298247881851,2.8796592070089604e-06,0.0035180597778366423,0.0005296347920173863
7,4,9.214015656465268e-05,0.0003319190736394505,0.04711201748623983,0.5682296529036321,0.003706119417206544,1.413702196272105e-07,0.3804541435969401,7.386599555754806e-05
8,6,0.00011915021138028564,0.0013477771592164476,0.2535976261147064,2.9790683926993863e-06,7.515210784879819e-05,0.7448041853946277,4.401399534459181e-05,9.115948483079132e-06
11,3,0.0008371121476532576,0.00020686860114125854,0.8990393187574127,4.5988606824463583e-05,8.12404293270896e-05,0.0993252539404251,0.00046072665798125873,3.4908592346613244e-06
13,3,0.00014260732391142063,2.5570579156683312e-05,0.9949782142107032,0.0005717688596218248,0.0008332066976013714,6.112424714054041e-06,0.0033964075302592013,4.611237403208031e-05
17,6,0.0007835234608295573,0.00012669671341929576,0.0024046283415250455,0.00041462352074444564,0.05740031971350463,0.9388687889053845,1.1021128054665106e-06,3.1723178709894357e-07
20,3,3.338664105929483e-05,5.1902096442439245e-05,0.9856642778883202,0.0011011873316929947,0.011400113364355719,2.905598184896054e-05,0.0014827181177882503,0.0002373585784922017
21,4,0.0016779180132941442,4.480186497669639e-06,0.015028570500927431,0.8233851589918556,3.721712569068579e-05,0.00011316554596965899,0.15829540570721523,0.0014580839285495808
23,4,9.69207494998073e-08,1.0112089242770555e-06,0.3538472808428873,0.5525924727014915,0.0009691281522539479,0.08918130904345414,0.003408689538046863,1.1592192618193466e-08
26,7,0.14816876318725292,0.002023239035651466,0.0029360667591055863,5.8294369270205615e-05,0.00031981205386814583,2.626453814832512e-05,0.8464546870780468,1.2872978656595011e-05
27,7,5.225646408819625e-05,0.005222619879371244,0.2739577101792117,1.4411620110575688e-05,0.0005552252562977449,4.275712298987879e-09,0.7201498197797607,4.795254544748688e-05
28,3,2.359653367697524e-06,2.6263010647048896e-06,0.98409594972445,0.011954773328708063,0.0017163971695647788,3.8222320183928586e-05,0.0015649723060827182,0.0006246991965781401
29,7,0.0006769485029216606,0.0010061153328727427,0.015985556950998358,0.06750824740309865,0.09074657073721988,5.783610516199509e-09,0.8238946078671846,0.00018194742209354657
33,3,1.1460234507362102e-05,0.0007141530146964705,0.7109703058804393,9.987982300715345e-06,0.18208805446554444,1.8719198700789414e-08,0.016586821538357322,0.08961919816495567
35,7,0.005238005149779597,6.69052479776127e-06,0.006325272482429765,0.13369219785801428,1.4807291771036751e-05,6.1094083936973925e-06,0.8547164922914693,4.249933446930193e-07
36,3,0.0002111059164222426,0.0002705486637746513,0.9272795868300726,0.0001253908371690926,0.0638416464577744,2.4482258381744533e-06,0.0015410071994626316,0.006728265869486297
38,3,0.0008613160837740939,2.0694515944346537e-05,0.9865768103781507,0.004435620752261177,0.0005539206971582192,0.00039281577630418426,0.007143627750965201,1.5194045442024218e-05
39,3,0.006070656360113711,0.0002865990532426216,0.8166460652398482,0.0006661661885214868,0.14523207014891001,3.3334609820328798e-06,0.031029847484529145,6.52620638525484e-05
40,1,0.8218539155766407,0.134511001499097,0.00034620769844166644,1.1742917526096838e-05,0.0038411120074706567,0.03897444217493021,1.1262719227442909e-05,0.00045031540666634433
42,3,0.0006538389746118865,6.17217726751376e-05,0.9855394769600179,0.0007113948546744741,0.0006332310414167645,0.00012018476323502482,0.012279694971447389,4.5666192129121485e-07
44,4,0.004943162482970743,5.70153301734689e-06,0.013359849256690925,0.9506934216160231,6.770642683618588e-05,0.0035310947059192486,0.02312676790005321,0.004272296078489128
45,3,1.835512163694281e-06,5.406734299207214e-05,0.9802788903925078,0.0007745234825763314,0.006196554236500307,5.96894020296492e-08,0.01261841395789729,7.565538596034965e-05
48,3,0.035794152941757265,4.847543430652551e-06,0.9574262337785577,0.002261224167240273,4.1254382970196484e-05,7.794215318612053e-05,0.004380075927704589,1.426910515305183e-05
49,3,1.0940951360009965e-05,0.00015806507683041365,0.9967598887575828,8.662977043615618e-05,0.0020405961182298773,0.0001919418223699253,0.0007291492918146997,2.2788211376040256e-05
51,3,0.0001670261440203043,4.997246111403245e-05,0.9945473465762309,0.00011092611435721208,0.0039920986622051504,1.29805771577208e-07,0.0011111026503636198,2.1397585937238435e-05
54,3,2.6638172892738783e-05,9.640534444755014e-05,0.9882577266785887,0.0002575724777702582,0.009031703111739339,2.4746541737418106e-06,0.0011991993670180398,0.001128280193369557
55,3,1.1986846957583397e-05,7.374114909052572e-05,0.9864122910445348,0.0006785354453481852,0.0039172042636893365,1.5619051526583088e-06,0.008699697772172544,0.0002049815730541715
56,3,0.0018465251770272534,0.0009326566646881053,0.9915786312475345,1.8676151683207104e-05,0.001528357397462832,7.4402743016528206e-06,0.004079025061752398,8.688025550065973e-06
58,3,3.3039418730171535e-05,4.4029598116442226e-05,0.9915111771258104,0.003048167329300633,0.002337948310706334,0.0006262441363844272,0.002384930050604048,1.4464030347756552e-05
60,7,0.00011082301535742978,0.0001291763270843967,0.013479107629738037,0.0010582065110799899,0.07120148348256192,6.138581650182612e-08,0.913961102641105,6.003900725657968e-05
61,3,0.000109030472331578,0.0010966115197448437,0.9037823096349042,1.990708655290667e-05,0.004091634203378529,1.3983515353771961e-06,0.09088367342590895,1.543530564350428e-05
62,7,2.5669990875357545e-05,4.0784391293796365e-06,0.018471700883207695,0.2598687391367535,0.0006492859360577385,2.8425647345261285e-06,0.7209773655554825,3.1749375928205207e-07
64,6,0.0016964770674365622,0.01621888848616256,0.00023358644602883196,0.00019570314605560924,0.00020775707878737485,0.9814066935704695,3.1071786714473895e-05,9.822418345147947e-06
67,6,0.0009773106990478967,0.008109006756852668,0.06607240793208494,6.915802262283693e-07,3.034557451033254e-06,0.9221517182274109,0.0026858128248335614,1.7422092509763094e-08
69,2,0.05792278369400643,0.9345826436889059,0.00012044413333082049,4.924442434299148e-08,5.828192853439254e-05,0.00027555001585704284,0.007012303012095155,2.7944282845969047e-05
73,3,1.923815633835172e-05,1.911934723752765e-06,0.9942759354380533,0.003216939233474173,0.0013628497272388912,1.0120210625426607e-06,0.001110925865745447,1.1187623363855526e-05
75,6,0.0011836162869434032,0.002825887624074206,3.245367713218515e-05,4.528321558995596e-06,0.27379518018563304,0.7221279576881099,2.960377169390641e-05,7.724448542799722e-07
76,2,2.3837497047053644e-05,0.9859561797062374,0.002416635843926266,6.584369988484195e-07,0.00022992413412334815,0.0020946448540927823,0.008933597053129365,0.00034452247444502384
77,7,0.016894427926799165,0.000133638473654203,0.003991323818331621,0.25742124490152873,0.00037280681467320275,3.975815836317615e-08,0.7207153448448703,0.00047117346198445056
80,3,0.005787617884631687,0.0017689316661517733,0.9458427975331887,0.035274764909883655,0.002141508394306791,0.0006545482421152038,0.003693580680248961,0.004836250689473122
81,3,0.20269594173488942,8.949629185049882e-05,0.7330900033256147,0.00587829178801672,0.0008735142990972615,3.5551156659698056e-07,4.823911950207807e-05,0.05732415792946261
82,5,0.02332962195600554,0.0006612024448023634,0.007097890247247905,7.507466431627422e-06,0.7523238778487408,0.1895813934135795,0.0001649567696326462,0.02683354985355955
85,7,0.012197812094890069,0.005296473339508051,0.0016761319675077245,0.017112508928894758,0.0002748701718437348,4.089537795551337e-06,0.9606956012943374,0.0027425126652226963
88,3,0.0006098320484681368,0.00020632780410674415,0.984138541700745,8.525650862447239e-05,0.008121841267318937,1.0447189249000836e-08,0.006717344994465805,0.00012084522908166615
90,2,0.07927575372771144,0.9192428130928443,0.00010474752738473205,1.7165491444850745e-08,0.0001731146026265061,0.0004251385376400654,0.0006167906917171368,0.00016162465458465717
91,3,0.01088612792837291,0.2845903444917726,0.6989833941856687,5.080032127201434e-05,0.005089031718640108,5.182673730725976e-07,0.00039613197952167095,3.6511073789243916e-06
94,6,0.01133289047473216,0.0004322036165488391,0.006638528709854344,4.9188739361998374e-05,0.001020410900166551,0.9801495560973302,0.00037659701563961346,6.244463661694129e-07
96,3,7.698801063611382e-05,7.334039160491458e-07,0.9830859126910498,0.010407078832740505,0.005093919774975592,3.259818496473359e-06,0.0012789347542548652,5.317271393076478e-05
99,3,0.0007294595758472997,2.5420831364178723e-05,0.9325710259088569,0.06082866472029162,0.003579102143550076,8.698344442269209e-05,0.00011276855092697378,0.0020665748247403605
101,3,3.7999780312315124e-06,2.7355711826276323e-05,0.9936482246054513,0.0007007810459307062,0.003933624188662754,3.484824417318077e-06,0.0016269140564588935,5.5815589221371916e-05
102,2,0.0003943702916567164,0.7741543448278474,1.3813893097147944e-05,3.93109333838629e-07,0.0002992173784420925,0.003025403115509697,0.22210974018474644,2.7171993666581434e-06
106,2,0.0004964176243577988,0.9477769208907874,0.03221899391582246,6.89109219096452e-05,0.002563310912537484,0.01567409775527285,0.00016348205299262383,0.0010378659263197778
108,3,1.092473925372431e-05,4.1249229389913386e-05,0.9942852579556718,0.00033496056822634426,0.005024311818313118,3.770392836639014e-05,0.00018744874306759007,7.814301771104707e-05
109,6,0.14055151235110955,0.0006110268630131538,0.00810079967327166,0.000207621658795494,0.0038953012459873593,0.8452552400243315,0.0013781902571364192,3.0792635506470103e-07
110,7,0.05333755241987176,0.016265937852104794,0.0005512862771368239,0.001615686864868417,0.0023717712902652103,5.233530450573041e-09,0.8719461698880744,0.05391159017414829
112,3,0.00022200782469103582,5.63543167547342e-05,0.8444187655664575,0.0027818495938446595,0.1349351199535847,2.4852413851547995e-06,0.00016893700785862965,0.017414480495423733
113,3,0.021627288653190378,6.15034437060021e-07,0.791723641712276,0.010975207068933101,0.00040774206540249977,1.1036167858145408e-07,0.00975185936671443,0.1655135357373681
116,1,0.6376962869746936,0.0066673386046376595,0.1225731869583943,0.0001398731226453915,5.348551628614013e-05,0.2291180486728318,4.608160778489984e-05,0.003705698542726172
117,3,0.09683340052534138,1.3354427375003711e-05,0.8861741763137033,0.0005191661355918645,0.00010674852558963522,8.219755530672652e-06,0.01614325932164984,0.00020167499521853995
119,2,0.0013505683344042787,0.9279412964109386,0.0010183346177482838,1.6514014302895322e-08,1.9580858627988786e-05,0.0045603757167972875,0.06510957677871473,2.507687544763156e-07
120,3,3.744557232286047e-05,0.000700254762005968,0.9888295290248175,8.624964012302828e-05,0.005461576570615541,2.744725014519817e-06,0.004559150197987671,0.0003230495071128649
121,3,8.058306626165511e-05,0.0037972090521076547,0.7561005876653393,6.829456578846268e-05,0.0026058327531030224,1.7292486746723222e-05,0.2372857596074866,4.444080316646532e-05
122,6,0.036451137982071266,0.0002667315104444651,0.005503562151939526,0.00024269706801525055,0.0074388316401124725,0.9487516413411038,0.0013424736698057196,2.924636507639385e-06
126,5,0.0006042190105912168,6.504657866211245e-06,0.22583042875675985,0.0027112408357087754,0.7693577526304841,0.001462368596655813,8.075092156281662e-07,2.667800271837166e-05
127,3,0.0005005442869805871,2.6594422880407496e-05,0.8551594373125696,7.482622867715137e-06,0.08909043971528073,5.4814562642189736e-05,7.025449099111159e-05,0.055090432585787844
128,6,0.0002873360275482827,0.020887470871899867,0.03959240073918718,3.59208667520406e-05,0.00021107374106622677,0.9383511275109025,8.969569790914685e-07,0.000633773285664722
132,2,0.00012328670029429031,0.9815598979233774,0.00027827032778313224,5.436356033219594e-08,0.0038609034978079717,0.0014930672197804636,0.008151391356752953,0.004533128610643424
135,4,0.29131238614744676,0.00048143119123916816,0.015447023947896528,0.5349874019876706,0.015930879380128594,5.175174528805417e-08,0.1417584798821479,8.23457117250394e-05
139,6,0.12036624618934172,0.00025530921122243316,0.0015693792157338259,0.0019903163145058786,0.038221356491819646,0.8370471769219083,0.0004364979615025444,0.00011371769396548101
141,3,0.0015653784215366405,8.072525938181283e-06,0.9210330326389319,0.0016755170585771105,0.0012393996451116568,2.088909138479804e-07,0.024356387075821346,0.05012200374316917
145,3,0.1994588208079728,2.615716429767556e-05,0.7967380488230648,0.0005039185946174051,5.504027020582755e-05,6.5608977570633e-05,0.0029178196768762567,0.0002345856853946438
147,3,0.0005448727422925564,0.00012771240504011463,0.9978352701955044,0.00010482583049266356,0.0010136327273916692,2.8788622144407995e-05,0.000343657027134662,1.2404499995131489e-06
148,3,0.003585722579995731,0.000880687236017991,0.9922044094138127,2.4274168457450536e-05,0.0026285619891782182,7.31005358452803e-06,0.0006495067617805651,1.952779717309158e-05
149,3,0.0016699969888138305,0.00022599299015291005,0.9950949155917991,6.379427617708425e-05,0.0016740597274260273,7.889882709189138e-06,0.0012447119661134311,1.8638576808519632e-05
151,7,5.873495922581265e-07,0.0003153708017501368,0.10973720304398898,0.0003029768202731807,0.0005945655735272132,0.0002570041686937519,0.8886152210359805,0.0001770712061940914
154,6,0.15927475465121044,0.0033289049128581924,0.006983762893730344,2.1847852752789622e-05,0.02297586367879444,0.8038437462122665,0.0035698666436345707,1.2531547528455488e-06
156,3,0.0014863523307938492,0.0007150422087181139,0.9907744494813973,2.2064580529517755e-05,0.001063920984113937,1.328576593553048e-05,0.00591512200351158,9.76264500016976e-06
157,3,0.0017429999537299816,0.00018456498226909076,0.9957268987161576,6.388468014964825e-05,0.0004764605990118003,0.0004610962774859935,0.0013402896147607743,3.8051764351313636e-06
161,7,0.0008719616822971824,0.0004037587358995307,0.07870663658233483,0.0009980690021290815,0.06662488474195134,1.1483887758475159e-08,0.8523794049953204,1.5272776179930613e-05
165,4,4.7020945057510656e-05,1.035287705694255e-06,0.09222157774301812,0.7618174946400545,0.008240510808887254,2.930609023765119e-07,0.1374455346493937,0.00022653286498087118
166,3,0.006466073014042747,0.030273831232677587,0.5517622361656145,0.07916566892934801,0.2610426093218835,0.010559139053026577,0.0021155265517660182,0.05861491573164097
169,5,3.8099889793998935e-06,4.932583242401406e-06,0.015822548364259042,0.1310328997589414,0.5606805834659451,2.7028481442202247e-07,0.29244844774852735,6.50780529086706e-06
171,3,0.0018310971808479933,0.0015052641849223666,0.9864100253139713,3.5182664446509765e-05,0.0001355529689342992,0.0006306771782806884,0.009451833297159392,3.6721143740750045e-07
173,3,0.00039475792878837117,7.533697438615439e-05,0.988265200263275,0.00010034115276907535,0.0032473142059622068,1.7775662387802933e-07,0.007865448839230176,5.142287896505436e-05
177,3,0.00561343443683932,0.0007815662757984639,0.9398551888487778,0.0027154065592547953,0.043197393853971894,9.725371413977743e-08,0.00012547465144688015,0.007711438120196731
178,8,1.6639322630323693e-06,0.0012309746627317585,0.15386375774706249,0.0010369188803966945,0.11045081769446585,2.7991396982609824e-08,0.004433885757161732,0.7289819533345214
180,3,6.125103660906879e-06,2.2851406385339817e-05,0.9948144284248314,0.0014655187195189777,0.0017309139307947676,0.000178098559324657,0.00150345918463002,0.00027860467085407943
182,6,0.01700730098374842,0.0054743833751309924,0.00030090222679763886,0.00026606832052157743,0.0016177778404731214,0.9753044966783299,9.91458638249918e-06,1.9155988615875184e-05
183,3,3.100168866005283e-05,8.979220041562009e-05,0.9929906133810917,0.00021449504962379082,0.005432932195893594,1.9709223882583063e-05,0.0005441694605492489,0.0006772867998833663
184,6,0.09580724879512682,0.0012167188920249243,0.040340783593486015,1.086155177833375e-05,0.007766642404834286,0.8547761657699687,7.9835817209502e-05,1.7431755715296509e-06
185,7,3.6980495768534036e-05,1.5585298713659437e-05,0.010186083527419735,0.005709311682299673,0.050891278486454083,1.3988127204776114e-06,0.9329837269105355,0.00017563478608825136
186,3,0.00044935340903085497,4.01695261766587e-06,0.9826789905047247,0.0029466827164223385,0.012839085186189356,2.553147764089743e-07,0.001048021854737184,3.359406150155272e-05
191,3,0.0010997269096389482,0.002661797606174946,0.9454590404499391,8.589781577742406e-06,0.028649158185107375,1.5806645093007314e-07,0.021319192187944966,0.0008023368131660372
194,3,0.0008458456507905474,2.163559140826864e-05,0.9915321637690027,0.00027882166792495065,0.006742590603923155,4.942775453688075e-07,0.00047652857941603256,0.0001019198599888957
195,3,3.2187256463064776e-05,0.00016992422367398722,0.8476562806540809,0.00038564991995722553,0.14339845798143572,0.0001754062580656132,6.121456216981314e-05,0.008120879144153683
197,2,0.0006705806150560483,0.9093507120015357,0.0020773640981209974,2.67928781084778e-07,2.3893503326678994e-05,0.08401883556547315,0.0038523482007116255,5.998086994539153e-06
198,3,9.896018918268534e-06,2.457611874707244e-05,0.9812520005564321,0.0010931022533953773,0.017092015592587786,2.4181520471611347e-05,4.9292066432850095e-05,0.000454935873014925
200,5,5.684500272198052e-06,4.455465558773667e-05,0.3296748286359183,0.0033396458422973022,0.6642123301964407,1.7056147417592165e-05,1.4613068473961961e-06,0.0027044387152188373
201,3,0.00010336715121727013,0.1460541010687678,0.7394903943598288,2.825745073515912e-07,0.11320617507071394,3.098607264048947e-07,0.001140423870537012,4.946043701481961e-06
203,2,0.02143388119954302,0.9726106258255122,0.00013868050241355514,3.7422303658861683e-07,5.196479641896147e-05,0.003952902865143837,0.0015464598623753684,0.00026511072555642125
207,3,0.0003189302707619081,0.0024510720697000048,0.5723358718900836,0.00045075053614557366,0.0028382012428030375,0.00031972896315978833,0.40942017973379063,0.011865265293555458
209,7,2.140529907574555e-05,2.3597810451289536e-05,0.01186960980497751,0.020130441029179706,0.004602501564925906,8.801598704430258e-08,0.9633467389309895,5.617544413155489e-06
210,6,0.00043616646453934133,0.006868080317619198,0.053319226816067634,0.000267656339901416,9.257198089550719e-05,0.9388698443314645,2.3999984784997666e-07,0.00014621374966454059
211,3,0.00011412626949596339,5.275877508355683e-07,0.9882790331165773,0.01067598651454864,0.00048509698062568836,0.00021583698441718127,0.00017932938544742565,5.006316113671916e-05
213,3,0.13828818806277535,4.6173678483657935e-05,0.8481165611031889,0.00015750811125990808,0.00033599444639656326,5.939291389650077e-07,0.012100933087443344,0.0009540475813135947
214,3,1.8167862955952303e-05,2.772756405268957e-07,0.707374975937409,0.21183207248484678,2.820901866981865e-05,9.13892593412129e-07,0.07942547656033594,0.0013199069675485628
217,7,0.0015693006544703608,1.320570654940504e-05,0.003674275993782013,0.013851828782950954,0.0001460981494208309,2.4835830624622817e-07,0.9807079259747489,3.71163797713e-05
220,3,0.0020480960173441145,8.792485027359497e-05,0.9920192626823136,7.891246477722354e-05,0.005422809461228863,3.0892458123362595e-06,0.00024327027201771333,9.663500623258286e-05
221,3,0.00017209538088244007,5.530467875169112e-06,0.9934412073846681,0.002915638209438779,0.0013470155215171834,0.00011042994655340141,0.0019982688283647367,9.814260700047292e-06
224,6,0.0001604247337684264,0.1054522067751003,0.0012842467418521717,3.3312750008362465e-05,0.00018697605273301044,0.8924852578793986,0.0002487885201413576,0.00014878654699793808
229,3,8.056733705900254e-06,4.7188939078189826e-05,0.9951374074476814,0.001496676988205551,0.000857176440952208,0.0004360944102257033,0.0015531262574552786,0.0004642727826958137
231,5,6.8123977615509314e-06,6.479547547366728e-07,0.010257020734661743,0.13025939130507755,0.8585552536853259,3.226236006402231e-05,0.0004827390924074709,0.0004058724699470506
232,7,0.00022514733626973746,1.4197520476626065e-05,0.0678525568069541,0.10229227159723936,0.003007328482532763,7.368021721253214e-07,0.8266072620291763,4.994251790474102e-07
234,7,1.2575477573791402e-05,0.0001626367439635122,0.002165328623153631,0.0002831340487141352,0.03039334781237286,3.138891105501536e-06,0.9669448548726906,3.4983530425982387e-05
235,7,0.002588085794254972,6.438289006330144e-06,0.06497638524711945,0.03952982988088535,0.0010423254839354724,2.252505077894351e-09,0.8912145821497964,0.0006423509024969184
236,4,0.011309876880331797,6.565002873449597e-07,0.1454886356464079,0.5192877818303475,0.3091874409929828,0.00023672675047315837,2.985925904934933e-06,0.01448589547326465
237,3,2.2580413388523835e-05,0.0001068411158486324,0.9888565252967502,0.002386039451329746,0.008217569484611999,1.3321617275784307e-06,0.0003857975393507013,2.33145369926587e-05
240,3,1.6415120360293287e-05,8.542793240582224e-05,0.9936199520532408,0.0004241936927639794,0.0032594704828082435,0.00014204065859062094,0.00031140100442298547,0.0021410990554071776
244,3,0.006158275091090376,9.739692233704854e-06,0.97566293308827,0.016432796821214152,0.000603870706288097,0.0005676673105459349,0.0005582144493542658,6.5028410035328045e-06
246,3,0.03739127751686787,1.4542350179812677e-05,0.9526000221539364,0.0006845453637348689,4.580634864743498e-05,4.127477656741589e-05,0.00919951576925303,2.301572081312313e-05
247,3,0.000134198809838135,5.071594748163222e-06,0.9866927551559803,0.001176122700943058,0.011714360991370009,1.2955431514942217e-08,0.00020400058726156414,7.347720442708941e-05
250,6,0.010974120206462329,0.00905040441065385,0.11489543521249362,4.919814406655084e-05,5.523150556105108e-05,0.8649552080813349,4.009354300151284e-07,2.000150399781016e-05
253,6,1.9233291329024747e-05,0.021062791408677558,0.008116824900171897,1.3146685693125389e-07,1.5651540984337253e-05,0.9678526394834089,0.002931664653487009,1.0632550841390658e-06
254,3,0.0005996829816102663,7.288613078863023e-05,0.9931233870052342,0.00013714829861683454,0.0030975285045165978,3.98904089386698e-07,0.0029380233568131573,3.094481833097892e-05
255,3,2.047123764197289e-05,0.00011571474915138132,0.9955613316913681,0.0003164239855962654,0.0018480200090458753,0.0009619013504569099,0.000348167390313876,0.0008279695864257229
256,6,0.020747509313150062,0.002649972104424293,0.421738917247887,3.53428809434998e-07,5.5641650425613656e-05,0.5548014208558077,6.02505205456138e-06,1.6034744124969804e-07
259,3,0.000709282316603081,9.199085997716734e-06,0.9488645511407554,0.005702047653881555,0.00011195873718868096,8.822110872382646e-05,0.027931050246363647,0.016583689710486012
260,3,0.000268609714723353,4.7452419751339466e-05,0.9633607262495467,0.0010307378067171235,0.034068536190546776,2.8344146952997888e-05,1.9893344603269206e-05,0.001175700127158357
261,7,0.00504372901500708,6.517749651045794e-05,0.0010889466268681025,0.0016534341206267404,8.793694710901645e-05,1.3534132719147373e-05,0.9920089401997534,3.8301461405984456e-05
262,3,3.8615861642205294e-05,0.00011298617404469674,0.9959065725309999,0.0005164148732421775,0.0009605744999338425,0.0008565458095459429,0.0015605062439086376,4.778400668251691e-05
263,6,0.00020669534501741848,0.00045210419323967,0.15956336826101525,1.999291439681898e-05,0.0004990158366659131,0.8392582961812911,4.900821871787101e-07,3.7186186751165824e-08
265,6,0.006200555826591222,0.04121819120130231,2.7394434144111296e-06,1.7736625844186595e-05,0.010268490656303099,0.941735609237024,0.00031220271836999476,0.00024447429115091556
269,3,6.361206594641087e-07,5.023660697001172e-05,0.9885755536117544,0.0010571423758170074,0.0026978383663574202,2.9888487387628214e-07,0.0073685476599571545,0.0002497463736107066
270,3,2.048317765549097e-05,2.58212271685052e-05,0.9292974898781432,0.002284615818898607,0.02887917453768869,7.446452536317918e-08,0.03648741882897259,0.003004922066947708
275,7,0.0008714675841379495,0.0003968320800417414,0.09497115057456199,0.00027430202338039775,9.401431543177005e-07,2.0622590823555676e-07,0.9034836871453398,1.414223475560552e-06
277,7,0.005574107926984805,3.314655061384814e-05,0.000662775668466902,0.00592972231743685,2.3624697883125265e-05,0.00025619843990781315,0.9875135364806008,6.887918105760805e-06
278,7,2.544441760379278e-07,0.01365249167169127,0.0337841056926527,5.603932686772693e-06,0.0008094875862590814,2.9909822404646185e-08,0.9517447943946583,3.232368053485405e-06
279,3,0.05488860159626186,6.280782923471632e-05,0.9371219218172289,0.0033378918460200014,0.0009048595346837809,0.000168657023502765,0.000583268366500289,0.0029319919865677
280,2,0.00011322271308530524,0.7940744856072767,0.1264360802109525,6.219932796350468e-08,0.02434843782057531,0.007140074741276156,0.047448556360045066,0.00043908034746070897
283,3,5.427138835293046e-05,5.990894267102796e-07,0.9950194371275014,0.0033230458144168774,0.000505112431657735,0.0010426206603477463,4.169577410959283e-05,1.3217714187151154e-05
285,7,0.000588626884208479,2.982281647462711e-05,0.10059945143809039,0.0041259833014910385,7.858601021807628e-07,1.164971007857567e-05,0.8944882391808406,0.00015544080871400902
287,7,1.6860138821076803e-06,0.0001080553106802496,0.1925048867325378,0.001002872422059001,0.00040592110006946785,1.807843583641624e-08,0.8040688888524619,0.0019076714898737686
289,3,0.0004574129935182885,4.349111468595724e-06,0.9519952007819089,0.0089414486217902,0.008482473255585843,2.115277972071962e-07,0.026222305937296155,0.003896597770634618
290,3,5.470302706938659e-05,6.921515940770392e-05,0.6441770644688437,0.0007474846718566703,0.0005388369414662101,3.8490650269431014e-08,0.35441230299458426,3.5424612167938437e-07
291,7,0.023834201103122444,0.008489874595602905,0.05863370961207831,1.6222054104184544e-05,1.3431202186487402e-06,0.004349244524390165,0.9046686843561303,6.720634352972368e-06
297,3,2.4482255049953705e-05,5.321124537732353e-05,0.9832647290333267,0.0011963073737604225,0.012386439872435638,7.955853352867559e-06,0.002967831223911496,9.904314278557145e-05
298,3,0.025059158329666164,2.5515659702104504e-05,0.9393257914858006,0.0020750646917534073,2.482000424603505e-05,8.72269748662655e-05,0.032962513265537924,0.0004399095884275089
299,7,2.2797590214906993e-05,0.004876000468842836,0.0004213620956182914,1.4158017214973168e-05,0.013970298296853314,2.584582027728444e-07,0.9806928088377669,2.3162352860545725e-06
303,6,0.001757170728498469,0.08370976990144173,0.0006915500156866446,5.4450823029216274e-05,0.0006813848839125103,0.9129830668943545,5.266318419827809e-06,0.00011734043465702359
305,7,0.0018837066246488936,0.001559085821076969,0.004222292039320672,0.07866868431673553,0.0003351359559433297,5.64627955809304e-09,0.9095908321955926,0.0037402574004025734
306,6,0.010265835414003456,0.0007067269315940561,0.0002903800195575027,1.2651607760773985e-05,0.010973884170438807,0.9771665380577204,0.0005624084599373452,2.1575338987670443e-05
309,3,0.010446616347209803,2.803854170697833e-07,0.9546678891827998,0.028839985892478923,8.175788803705087e-05,3.490240099132028e-05,0.0033920671128877928,0.0025365007901781574
310,3,0.0011909894858778464,6.01464397951639e-05,0.9955541048785522,0.0005435823197982045,0.0017211781242979336,2.2662182659010983e-06,0.0008979473374494917,2.9785195963243354e-05
312,3,4.350726809141373e-06,6.898500464952326e-05,0.99311887287352,0.0002742004446127031,0.004675890011592482,1.7269208977212806e-06,0.0017528254696598628,0.00010314854825880151
313,2,0.0008401657661468296,0.9486046322948449,0.00062424868409661,2.4350712531364845e-07,0.03122216337507062,0.015822863662963732,5.682419472913413e-06,0.002880000290279164
314,3,1.1819522739766004e-05,9.147869003254665e-05,0.9958305722995544,0.00025386397756007624,0.0015637130770321135,0.000671018665226656,0.0009483270631537388,0.0006292067047007471
315,3,0.012010228253238055,2.1861307381215166e-05,0.6513959248735669,0.004252301732191844,1.1013365164405112e-05,0.00024849492941225753,0.32957393946737945,0.002486236071665907
317,3,3.979923705819667e-05,0.00016319047774326353,0.9764577984296811,8.976962985742385e-05,0.02043911127293833,1.2668420458790248e-06,0.000636823773442916,0.0021722403372328317
321,3,0.00036983353823679126,2.9336104360642288e-05,0.9980397793860355,0.00025755497262138215,0.0009844860961027314,4.758628385405911e-05,0.0002686389973097922,2.7846214793516954e-06
323,3,0.0014635025678672513,7.60528335994813e-05,0.9492883910909529,0.00017166362302571293,0.023244309512233097,3.0507244926562434e-08,0.025553650584040997,0.00020239928103556466
326,3,4.260476439072137e-05,6.352719144725435e-05,0.9784747167090604,0.0016693271971335564,0.01955994050941178,3.367391412438865e-06,7.599967384593828e-05,0.00011051656329797362
328,3,0.0012117981595205073,0.0008211666337548638,0.9852030413885855,8.293882779936272e-05,0.00010203295107647374,0.00028075470575048337,0.012297720172291323,5.471612215207476e-07
329,6,2.8245223185648946e-05,0.011335323529192342,0.009623432252003955,4.462043038850394e-06,0.021183744742886933,0.9578218901791341,2.979496177218805e-07,2.604080940357005e-06
330,3,0.00020564567895366652,8.402230258947531e-06,0.9973172681562692,0.0006677224581357737,0.0015084499989218342,7.963941900848595e-06,0.0002795789854820332,4.968550077806017e-06
332,3,0.00019129484340991006,3.895069600231611e-06,0.9919209044230342,0.0006135458902077058,0.006062693604052001,1.9306230596012444e-06,0.00018218693450758558,0.0010235486121288912
333,3,0.035015766471947145,0.0008015551524831291,0.9365735171907683,0.00015443131241810686,0.0030152494588123655,2.644616029817357e-06,0.012225855277540928,0.012210980520000287
334,3,4.540805341992343e-06,2.6902039598980363e-05,0.9895848781555986,0.0007473194325960591,0.005117312546477306,4.919333991755399e-06,0.001517022539568277,0.0029971051468270613
335,6,0.001280982589836064,0.014734445166222389,0.0036697390206552293,0.0001276494620713879,4.645601834587729e-06,0.9801056929596556,4.4870709024877095e-05,3.1974490699784526e-05
337,3,0.000669119695608645,0.000140675402812973,0.9957009172135985,7.09694267477131e-05,0.0003384156268277784,0.0024047111560227957,0.0006579600092424002,1.723146913913343e-05
338,2,0.03919142143739523,0.9555258219064224,0.004197303436383529,7.437155195202511e-09,0.0006674717289931201,0.0003962607842944655,2.13606437900891e-05,3.526255659659463e-07
341,3,0.00027891086995386887,9.42282621931114e-06,0.9976680998809526,0.0005595172689028676,0.0009924285936244248,0.00010848950627376819,0.00028341089817883946,9.972015589432906e-05
346,3,0.0032658413707563807,0.00011163705611635771,0.9819487849984021,0.0005666936523210502,0.0023117131723860607,1.102767683248521e-05,0.0117644255858118,1.9876487373885262e-05
348,3,0.001991361987498836,0.0003018283585512134,0.9941725060360623,4.080287027527863e-05,0.00029048260914739583,0.001422191337130717,0.001779237250937251,1.589550397041921e-06
350,3,0.0005029850112310998,8.045806568524852e-05,0.9934095493363018,0.0003109596740496549,0.0006478358304746068,3.789684611666173e-05,0.004697860653690735,0.00031245458245018947
351,6,0.4563019783039481,0.0003974218462133017,0.0001818245521086546,0.0009503891297701595,0.000444687479001977,0.5401238528856276,1.4139849444128413e-05,0.0015857059538861521
353,7,0.0011731366104754829,0.03546865753361661,0.000364091449432944,1.481977286838392e-05,0.0020442789309682513,2.3431132182760373e-05,0.9609114802911648,1.042792907149967e-07
354,6,0.007198099261269654,0.005136995249806118,0.007520449176560945,0.0006695992141996284,5.1008011842695895e-05,0.9792385317467669,5.726087292962411e-05,0.00012805646662441606
356,3,0.0004772677367917154,0.00035711880239095253,0.97774113005521,8.768712589975632e-05,0.002076058214089353,5.748551019851361e-07,0.018315881972505253,0.0009442812380110729
357,2,7.318688969526164e-05,0.9682633960668051,5.754494092166948e-07,2.2287240683563567e-11,0.006848492364476247,7.43435470556668e-06,0.024759832009423482,4.7082843197652326e-05
358,6,0.0002693520144515739,0.0016515652994703533,0.09367251551636951,9.64068670254061e-06,0.00024037898763303855,0.9037574445482877,0.00038893071316801293,1.0172233917316957e-05
359,3,0.00027431649234128404,0.0009234005749515689,0.5972496952702607,2.3892698732048056e-05,0.3542601166031952,1.8689350997572447e-06,0.00014511697094969183,0.04712159245446971
361,7,0.0015897007131371974,0.0008684662538689914,1.9237985128236882e-05,0.0209923169646255,3.099560961817082e-05,2.8904037291390864e-06,0.9763708026868287,0.00012558938306394144
363,1,0.6465761552804944,0.0002921968813964242,0.003483866892789428,4.76177313665663e-05,0.0012651690600373588,0.3413039921969063,0.006520627040475319,0.0005103749165340926
364,3,0.00033325711721384946,2.552243528480808e-05,0.7948040894009691,0.00010830821437046209,0.0015388735224836424,0.2031105941389605,2.5119142990044743e-05,5.423602772745163e-05
366,5,1.0850715209377455e-06,2.6088482359401147e-06,0.04082482913980222,0.08104436556756532,0.8689414411405961,2.9713641285623074e-06,0.00037182705010903116,0.008810871818041905
367,7,1.0301747713288837e-05,0.00011073643400565035,0.15107419461894417,0.0038004979693985097,0.037010443069650435,2.3059187601481626e-09,0.8073209134879128,0.0006729103664564023
368,3,2.7428278135743196e-05,0.07277931444047024,0.43062842098677173,6.122951285250119e-07,0.17255605172716293,4.911843309018369e-06,0.10119865727311647,0.22280460315590536
369,3,0.00010466575919098887,6.297140275245939e-06,0.9887179136609948,0.004004586518730104,0.0014175813209565081,1.4057217705579305e-05,0.005726177353056504,8.72102909026901e-06
370,1,0.9188321119020194,0.006249613250781295,0.0011675755781291209,0.0009048657188462306,0.0019826349016773518,0.06806031169934804,0.0004603237078568675,0.0023425632413417
371,3,0.21879326076247183,8.880565791714657e-05,0.769686749381409,0.00018445538833489092,2.5695831336534725e-05,0.0004975486493123215,0.010674808317956783,4.867601126126629e-05
372,3,0.0025800882245193605,0.00014124063922513788,0.9644641637012853,0.0004537655370613424,0.0011408164261143383,2.848517209609668e-05,0.031186920609241074,4.5196904573582345e-06
373,2,0.005829923619985286,0.9903742157811574,0.000636407149053198,5.617536045411493e-07,0.0004183473461075296,0.0002252954715498872,0.002514709557939728,5.393206024020284e-07
374,2,2.3832912816747356e-06,0.5472996280862399,1.5380731087900233e-07,3.683552910520972e-11,0.00029660674481515826,7.722132834950458e-05,0.45210864188189287,0.00021536482327454829
375,7,0.001421408809979182,0.0001835484338699998,0.09990988407199033,0.00046783372879447867,2.967728913756919e-06,2.6814581753217807e-06,0.8974644942135839,0.0005471815546931847
377,3,4.242400031334359e-06,3.6334156751152257e-06,0.9807047180510025,0.008349698772225696,0.008831263509609137,3.819599453822211e-05,0.0007428160914512115,0.0013254317654668617
378,7,3.9286439400958635e-05,0.003962600221321235,0.07446010282900344,6.823301455902416e-06,0.0004122481148606418,4.8754283194778555e-05,0.9210569431968609,1.3241613902109241e-05
379,3,0.000297728608309348,4.134971270129855e-05,0.9711644147781097,0.000965505980883261,0.004934584375430532,7.907436035786235e-08,0.02259060104469051,5.736425514931747e-06
380,6,0.028780141655272946,0.05212632396219979,0.06524093482450408,9.322411899084839e-06,1.8083019626179618e-05,0.8538220409990649,2.583174360330709e-06,5.699530725561624e-07
381,3,0.0013328305620855855,0.0001212602635241326,0.9922226263869237,0.00021869778856475092,0.0013310527897638896,0.0001093903498734333,0.004663010224059502,1.1316352049751718e-06
382,3,8.588012861525833e-07,1.9686542084243353e-05,0.6283680654016492,0.009990482125911445,0.3609098974366923,3.3653004143762004e-08,0.0004534727247229208,0.00025750331464949306
385,7,4.820513701137234e-08,9.680992010087848e-06,0.44713531330680106,0.012070817578724918,0.0001442242386905384,1.692565711785209e-07,0.5406358029339846,3.9434880806379306e-06
393,3,0.0008831757964772173,2.0113283127414592e-05,0.9930406439925115,0.0024037859952985995,0.000932716816747927,9.385097226868297e-05,0.002624946276894054,7.668666746139251e-07
394,3,0.00010946052419500931,4.30429343364418e-06,0.9946151481198463,0.0017411100028940467,0.0021375012249101183,1.1903725145559961e-06,0.0011262889036067131,0.0002649965585997811
395,4,0.009053192492230005,2.0817028904014835e-06,0.004099951561476966,0.7739054905433872,7.765592352800234e-05,4.69351511103339e-05,0.21254630661958146,0.0002683860057955949
397,6,0.0006757073831460001,0.0004117334052067501,0.2356436961650636,0.00016595001747800791,0.0006954586905541332,0.7624064746350591,4.172557598430806e-07,5.624477325802407e-07
400,3,0.003852985513321541,7.728824165290714e-06,0.9466969040317956,0.0020118138943418704,0.0012997678886534688,2.295879528999819e-06,0.0034718939418078455,0.042656610026385246
401,7,0.0022642819492254673,1.0477498608133197e-05,0.050955123394340905,0.003632750177857395,0.0019832649354411345,2.7330213566716332e-09,0.9410941322164766,5.9967095028975476e-05
402,3,0.00044896699274912387,1.8020753313502137e-06,0.98141397944762,0.00857502164259504,0.0077740956557873445,2.6772002413208924e-06,0.0013585204732790375,0.0004249365123969533
403,5,0.002890334057847921,0.07493272217783356,0.05138482294183589,1.7961844386566595e-06,0.7719473695907423,6.5081233565982755e-06,0.07523306718914459,0.0236033797348005
409,3,0.000246229587513853,1.091873627887646e-05,0.9645914334930434,0.00332151127323644,0.0017799113807003292,3.351354653518434e-06,0.02999921266019386,4.743151437963671e-05
411,3,0.00010178325263580022,0.0012509197444730438,0.5939275223238959,2.315220006174315e-05,0.3614499471423333,1.0010415190562011e-07,0.001565497582139733,0.041681077650308436
414,2,8.881098638809684e-05,0.5173863041974087,8.523633254761319e-07,9.615100073124949e-11,4.7630111725713035e-05,3.673610609462504e-05,0.48243766996972076,1.996169185511191e-06
415,3,0.0035858916189336256,0.0002887326937055739,0.9932243021066015,3.3481296941353776e-05,0.002527184943033929,3.6570857728079884e-05,0.0002686949152732434,3.5141567782660895e-05
418,4,2.1840887520707952e-05,1.299696007602408e-05,0.07432151277722315,0.9178463908780145,0.0004637968661833772,0.0021940728339176316,0.005060649870717933,7.873892634667968e-05
419,7,4.026897805929621e-06,0.012394443889300465,0.2755105237952047,9.947749706780588e-06,0.0012551305876936142,2.2635505941638593e-08,0.7107927927692739,3.311167550885888e-05
422,7,3.4373183741673865e-05,9.50868965155993e-06,0.06854759451809307,0.024851825929773162,0.00422363454364326,5.141265145724257e-07,0.9023324469639709,1.0204461178889937e-07
423,3,4.3785957868528813e-05,0.0001319113655310396,0.9408005805000869,0.0005086193082593354,0.05194228108840085,7.042153196434125e-07,0.0001831026857129664,0.00638901487882088
424,7,7.748657877437697e-05,0.026263157434689016,0.0008551286223187032,6.003494842863626e-06,0.02477902991995442,0.00039463484794197585,0.9461366828330858,0.0014878762683927995
425,3,4.522072572320223e-05,0.00021313431577460915,0.9900574863778729,7.435704065863368e-05,0.007600023345032939,1.4429385923638033e-05,0.0007253841149375865,0.0012699646940764744
429,3,0.003075348325660238,0.00024188453889892962,0.5155921743917846,0.14129573803812293,0.33075722075334774,4.0540119560229745e-07,0.003543643186119144,0.005493585364870907
432,4,0.0020379029808688743,5.954902386413624e-06,0.10554016299075589,0.4879688107567521,0.3974511460473816,5.833087381771717e-06,8.008211386884839e-07,0.006989388413334926
433,3,0.0038658744029856206,5.121558746055634e-05,0.9791393099647322,0.0005054856673508349,0.013580038733869126,9.242584313157557e-07,0.0027169167564775,0.0001402346286929143
436,3,2.936409153528232e-05,8.145863854830302e-07,0.996515127011473,0.0019247035923704297,0.0013133391184291321,2.2001217693799912e-05,0.0001572063785455628,3.7444003567302354e-05
437,3,5.925612363516917e-05,4.1560800663573255e-07,0.9807107385693815,0.017292643694753126,0.0012768536491112256,1.1473753220892067e-05,0.0001611211522387119,0.00048749744965259075
438,6,0.0008809129757011778,0.04564248590926454,0.0001141392660625943,0.000315572660067887,0.0001269637315778433,0.9527682605711106,0.00014334679781509917,8.318088400243716e-06
444,3,0.0040318817842176675,5.370233086984544e-05,0.9891511477794191,0.0007136628266853915,0.0027296822252925426,2.813499319422726e-05,0.0032751463405299537,1.664171979123066e-05
445,3,4.173853694062273e-05,1.7050541502046604e-06,0.9957010458105388,0.003416677184908225,0.0006007078993072263,5.5410776610260156e-05,0.00017311396621943676,9.600771325401077e-06
446,6,0.0017253426649636323,0.007532147104500509,0.005504366873306545,0.00020578434140918817,3.5689819019592427e-06,0.9849940424383101,1.849102424571672e-05,1.6256571362397812e-05
448,6,0.011256994191173032,0.11418594574376296,0.0010505396638063646,4.1950225031346554e-05,0.0016809555763904937,0.8717341494901469,2.5547433494911308e-05,2.3917676194014967e-05
453,7,0.011622488931337497,6.274933429490875e-06,0.056511848583937985,0.0711835678410277,0.0001668839936440061,2.9318651067188235e-07,0.8604923919369727,1.6250593139950582e-05
454,3,0.011447244007067427,0.0003293519503437103,0.9682347968569351,5.848278472199435e-05,0.01864417666867492,3.4578871353715883e-06,0.0011054700436442966,0.0001770198014773024
455,3,1.6477896046004304e-06,8.14788770736819e-05,0.9943028945873178,0.00017281363367832017,0.000371529158717518,0.0034680730162163324,0.0015758716147480792,2.5691322643599373e-05
456,7,0.0002609969584712218,6.392264540690328e-05,0.1265736497065895,0.008088839280898466,0.03596092417039776,4.140588714698212e-09,0.8290451830366254,6.4800610219220275e-06
457,1,0.9070333335656907,0.005024645401241588,0.0003925615999091132,2.7290495405468362e-05,0.050799274500605444,0.02860736195534016,2.501952732181364e-07,0.008115282286534438
458,3,1.1133241207140624e-05,6.403756018301785e-05,0.9677375890112201,0.001616715156216416,0.0020578576327633254,5.636307511612207e-05,0.028440390889669567,1.591343362434694e-05
464,3,0.0005242564224626947,7.041722793242062e-05,0.9767366534834169,0.0005396620272540177,0.00015408543855105735,0.0024114537500268,0.019563414500945585,5.714941032378721e-08
468,7,0.010657571047181649,5.281877170208037e-06,0.025401147729765226,0.03518870592349015,0.00011826215436064113,2.979770833284266e-06,0.9286179258364391,8.125660759701585e-06
469,2,0.0008293572575774708,0.9178003101873109,0.00014808239093956445,5.077275006233747e-07,0.07921918082831393,5.929253653918621e-05,1.245576145442809e-05,0.0019308133103638323
471,3,0.0001438206059877116,8.121232082073667e-05,0.9833644242334283,0.0021821367887607003,0.012632919135912994,0.0002477622585459298,1.623991588795322e-05,0.0013314847406556926
473,8,7.123256458952818e-05,0.0012060250067270864,0.08389909224417316,0.0008243916275607929,0.333572435189517,4.6710203101256896e-06,2.3048341316773182e-06,0.5804198475129906
477,3,5.533044570124609e-06,3.665251778666956e-06,0.9771230129553137,0.0010573136714632577,0.020541962322329178,1.9639359756400923e-06,4.996247795365148e-05,0.0012165863406158447
481,3,0.0012965096162940476,0.0006505278774635971,0.9931391005145602,4.269294473848521e-05,0.0005332110896895816,1.848483551525401e-05,0.004310434681648233,9.038440090579576e-06
483,2,0.0030389477013887164,0.797547300166639,6.810542475769707e-06,3.946190514510474e-07,0.0008815970053167037,0.001272608915526809,0.1972517621843991,5.788652023797746e-07
484,2,0.050203299997521184,0.8615947535955019,0.004031908124268511,6.571371936797058e-06,3.723905385127816e-05,0.06963933481586089,0.012212498922407595,0.0022743941186518894
489,3,7.116862368040741e-06,3.305057191128235e-05,0.9971296457288958,0.00047651145026319895,0.0015551428714059153,0.00022380495556674837,0.0005507719700589815,2.3955589529904074e-05
490,3,0.00011526913770876218,2.403485731880407e-05,0.9984566212663557,0.00041382395353103154,0.0006252682373472026,9.634164561040169e-05,0.00026140343073855567,7.2374713894745875e-06
494,3,6.223135074664518e-07,0.00011233074807254837,0.8246206616086869,0.0006141041087867859,0.17417775264203447,2.041607566729781e-05,1.1197905752046775e-05,0.0004429145974927393
496,7,0.0003401349861103676,0.0021931892481488755,0.005073363856541553,0.017907550200710602,0.07694088823265993,1.3900541959356326e-09,0.8973081346310908,0.00023673745468368642
498,7,0.00078581441819825,0.0017435789754002254,0.109377354605521,6.967157391797317e-05,0.022645817858675126,4.143918227787089e-07,0.8653682384925974,9.109683867224292e-06
501,6,0.3679618247301523,0.0002649969539451086,0.001148711610668728,5.664346490082834e-05,0.00016523242575995802,0.6035724188844257,0.02678155254437407,4.861938577343012e-05
504,3,1.618784462741817e-05,0.0005917534057571288,0.5111334728917353,0.008466024442110713,0.0706186409425355,5.065505579824385e-07,0.00024654503936906723,0.4089268688833069
505,3,0.0045857040118128965,0.00039838798588925917,0.9693968161424176,0.011207629160976102,0.01262940458585279,9.847262530328614e-07,0.00018817564057804518,0.0015928977462202408
507,7,0.0014530525728242206,4.594528249837213e-06,0.03479191368089163,0.03310352467409287,0.0001655663966523968,7.658483433421498e-08,0.9304785347727789,2.7367896758586345e-06
511,3,0.061169984180816046,2.5708588331873015e-05,0.9291289876079338,0.0004809971681274969,0.00014816821406948174,9.516208278272658e-06,0.006394281218873314,0.0026423568135695527
512,2,4.5809985349538164e-05,0.9321378019814305,0.00289359545274707,1.2068344198055866e-06,0.0002558980107163219,0.06326172251333574,0.0010648046395574837,0.00033916058244355825
515,5,4.228066879272762e-05,0.0013706944252829052,0.024673100038530876,5.496930730043203e-05,0.956757430712824,7.4133192738466e-07,0.00019025337074110346,0.016910530144600405
517,3,0.00033131679626920493,3.808709467752783e-07,0.7908319317098963,0.027406849490825974,0.17857997403196996,1.5903004152683065e-06,0.0006872177379758049,0.002160739061700755
519,3,3.760452231010476e-05,2.2823132623008565e-05,0.9939913521800431,0.0013563698102939412,0.0037939982962032297,6.974324747136217e-05,0.0001703783978911445,0.0005577304131640255
521,3,1.1819022648625595e-05,5.0743620358731777e-05,0.9947336480988964,0.0003468290809436768,0.004479471726546086,3.61577052562856e-05,0.0002082902606006688,0.0001330404847496741
525,7,0.013007264636766144,2.213594186882328e-06,0.04905986573627291,0.1651788256542296,6.595603220092989e-05,5.265184641621106e-06,0.7726766905472381,3.9186144637878835e-06
531,6,0.0004811213068070124,0.0001350963316614231,0.3451731946083769,2.9998551179529877e-05,0.002699026774527105,0.6514812373846105,1.8930101145551125e-08,3.0611273629078615e-07
536,3,0.004281268471253731,0.019456250516257233,0.9748756104947774,0.00027516125544627986,0.000753499958754711,0.00012202482295464107,0.00017707801242036167,5.910646813568925e-05
540,3,0.00033634880319431085,8.736321964064132e-05,0.9908226075573983,0.004779237655406212,0.0019567724426379166,6.967536065033341e-05,2.419213250834089e-05,0.0019238028285640076
541,5,0.0002169599731452646,0.0008772218066055669,0.0043523625674751,2.55385483278134e-05,0.9919461301825445,1.998326406110399e-06,0.0007314158427077927,0.0018483727527878603
543,3,4.454116689215353e-07,2.1262296183463505e-05,0.9847245503604947,0.001756444223363882,0.00027887190096802803,0.00013541399118615399,0.013069233944302176,1.3777871832548907e-05
544,3,0.002199894417269253,5.352308182205907e-06,0.9554190607273019,0.007538265947186516,0.0005301088326680408,1.5320810336745658e-06,0.011015356829576117,0.02329042885678229
553,8,5.189345409929829e-06,0.00033058422037881365,0.40484903204228717,0.11193666769848527,0.026318136205874913,3.87286693329591e-05,0.0021726649961228846,0.45434899682210805
555,3,0.24529702033392362,0.00024856626978716253,0.7325459168693168,0.0029697391426558835,0.0003488726068467779,6.432770077576072e-06,0.00020155336563383507,0.018381898641758262
556,6,0.022246907238362906,0.0003058143948159876,0.0011271286520438898,2.5554758732251712e-05,0.0402255182620737,0.93586008579933,6.778771874419187e-05,0.0001412031758970637
557,3,0.00393463546028499,6.167180699703953e-05,0.9870277447825289,0.0006216257438932108,0.0020496395680686488,7.512838514067245e-05,0.006216480951884248,1.3073301202133635e-05
558,3,0.0003467919813093019,0.0001653060831232739,0.9821018673905562,0.00017495195810959452,0.01481808744833708,0.0008833713000407271,0.0005378691226628913,0.0009717547158610642
559,6,0.02410993933145955,0.00011161647563648774,0.02068205413162723,0.00011782462024470373,0.0020458532168457014,0.9529039158273994,2.677442095389542e-05,2.0219758331319353e-06
560,3,3.428316877412755e-05,0.0008891543612201237,0.9708423325703797,2.8005117639443838e-05,0.02205225905527575,1.6959437643369918e-07,0.004330418540847901,0.001823377591486498
561,3,1.166244920345133e-05,2.9451854845211006e-05,0.9601652622545302,0.0011272038146959255,0.03166675968735933,2.8935287132966397e-07,0.006659707260926749,0.00033966332556787055
563,6,0.00013381615216412576,0.0011818639601252926,0.054669357971894865,9.259635323378081e-06,0.00041810442464803384,0.9435864733632947,1.1012461797634726e-06,2.3246369684604715e-08
566,3,0.002383946725204401,0.00019350682886342213,0.9947970990600588,5.227566929922375e-05,0.0021189513708407197,1.6455389877322742e-05,0.00040616081377975926,3.1604142076354206e-05
567,3,0.0006165068846592801,9.320863839682171e-05,0.9976785089899715,0.0001087037526924839,0.0012104523037010807,3.911453350040565e-05,0.0002517467201867264,1.7581768916228816e-06
570,7,4.471620177474453e-05,0.00044819035783653867,0.004178580844175779,0.00019267380725970464,0.07210347973950335,4.285686163404959e-09,0.9228357955287338,0.00019655923502998325
572,3,0.0036634359380379156,0.0001665142468094296,0.972476240068526,0.001661721297424481,0.001538774516564709,4.960695034174567e-06,0.020485233305325493,3.119932277770327e-06
574,2,4.664595898836208e-05,0.9237555686729183,3.971830839512535e-05,1.0911241493200078e-08,0.001545845721491446,0.0011621014791289503,0.07271143604281269,0.0007386729050236067
576,3,0.20827238237845838,0.00012767845093052132,0.7437262742138214,0.013878877970593709,0.00016870928618228353,0.0006410129406484267,4.287042948552229e-05,0.033142194329879845
577,3,0.0013294958290700366,3.482237978344689e-05,0.9948054175590276,0.0008848319176611705,0.0016269162847977216,9.568737610567064e-05,0.0012213596794887276,1.4689740656129205e-06
584,3,2.1572388445813142e-06,7.073978316707134e-05,0.9968564100919635,0.0003646875753391478,0.0012566992165385447,0.0001328799062266155,0.0011374935703316212,0.00017893261758890788
588,3,7.56125490345643e-05,5.141446995513242e-07,0.9747847924789051,0.021951577255590087,0.0005535070345644524,0.00020687379419475415,0.00025902543922662867,0.002168097303784755
590,6,1.1243909509644107e-06,0.0072251929035332734,0.0020681024368971665,1.0660051409006479e-06,0.0005287632162699767,0.9901586225669415,1.6899890665572554e-05,2.2858960076841338e-07
591,3,0.0057447933192570555,8.749933825073288e-05,0.9824353527668608,0.0003365209690712433,0.009580766421245304,3.0828667472238373e-06,0.001716809512550002,9.517480601774728e-05
593,7,1.1175077143225722e-05,0.0004897945425315853,0.0020780945114885737,0.00012801566156579475,0.024855622722701688,3.6723146993026505e-08,0.972432509819806,4.7509416161848614e-06
601,3,6.126790307721332e-05,0.0003257040823994455,0.5879946463973885,4.789702597945222e-05,0.00024181497622153633,0.4112219977525669,3.992178569824813e-05,6.67500766688378e-05
605,3,0.0012576860876131748,7.43423720717603e-05,0.7732826098208159,0.000742796983579946,0.0006158064242251669,2.4318333451470328e-08,0.20438980658300343,0.01963692741035726
606,4,0.002405002018705741,4.366291925602448e-06,0.023807671478570217,0.8947839464944178,8.555939743626861e-05,5.017994651189401e-05,0.07452332890781366,0.004339945464618763
607,3,0.12521715839161554,3.870007385994271e-06,0.8693646231493206,0.0015116799254779021,0.00027617867066415325,3.119147809563541e-06,0.0017425897188862599,0.001880780988840103
608,6,0.12491843650271031,0.0048770071618152505,6.138332117182025e-05,0.0032911286711966837,1.2614828511810803e-05,0.864073999941389,0.0026102909089367877,0.00015513866426847587
610,3,0.0002804399136697643,2.9261549508677703e-06,0.9964407224018087,0.0020355238269042725,0.000767337965519206,0.0002879903994068584,8.354946956121246e-05,0.00010150986817920947
611,4,0.001593993550844319,3.805224060903855e-07,0.016035408628334438,0.8664889897968568,0.002544905606145471,0.0003888560469730222,0.11294697737081869,4.884776212626245e-07
612,3,0.0001017785954144145,7.23708905830446e-06,0.9849465462959663,0.007297390762952405,6.817502525031305e-05,0.0042144909088126774,0.003176669176193272,0.0001877121463521663
616,4,0.00011017740653456153,1.5038370666677482e-05,0.1459569139392869,0.7662086263616316,4.0007901519166195e-06,0.0006330747448089833,0.08515882322335316,0.0019133451635662455
617,3,0.00015706703015652798,8.21447132532849e-07,0.5372090477354127,0.012082115078800588,0.00033020863961572954,2.4877832317416087e-07,0.0132522948634902,0.43696819642706836
627,7,7.575783073256871e-05,4.890054213085071e-05,0.4023252469923814,0.00862074873763965,0.06814961986657672,1.7565866562957167e-09,0.5205317825984654,0.00024794167548660047
629,3,0.00011911584411634873,1.821366366002016e-05,0.9944473743969939,7.253302428069591e-05,0.004382681752173012,4.6122994284743974e-07,0.0009372120651820317,2.2408023651240667e-05
631,3,3.77265309168128e-06,0.00029976371936702513,0.9880000645704494,0.00012215960031680483,0.002453565801929176,1.8721575630707033e-06,0.009077314927814047,4.148656946880325e-05
633,3,0.033427645314430585,4.6243856960701385e-06,0.9529435213133937,0.004691370345250286,0.00011782357893671187,4.104196366973612e-06,0.007312903331432743,0.0014980075344930325
637,2,0.00010581839367597274,0.6032493872534753,0.024846058613989738,8.566935827941457e-05,0.043290558690631954,0.017460669477077966,0.010267389604833175,0.3006944486080364
638,3,0.007776583442034979,7.234277270683286e-05,0.9562704491241899,0.00037217675697771635,0.0008719703967535263,6.700759992070409e-06,0.005009945868525116,0.02961983087881986
639,7,4.930072940204372e-05,0.0001486123191564261,0.07462445114502331,0.0033840825821235625,0.001397718042833668,8.137371753608713e-08,0.9203953740911798,3.797165637699724e-07
640,3,5.048420929821514e-06,1.0191437270297585e-05,0.991852080401942,0.0029631620881770174,0.0019996021126886614,7.134847677370273e-05,0.0005592025842683352,0.0025393644779502372
645,7,0.0002826939420810766,1.9224057466253868e-06,0.2648312112071942,0.02855832916221701,1.0725194036019955e-06,3.1126396888106567e-06,0.7058114595421292,0.0005101985815393662
646,3,1.2173987360405372e-05,4.523895763921173e-05,0.9687611666047714,0.0003421048245071507,0.023710211468760452,5.67840380786059e-08,0.0024179104554062116,0.004711136917517165
647,5,5.705894688860919e-05,0.000194927680818988,0.3441313442559372,7.607851104610259e-06,0.3564384321105455,7.652918401541783e-07,1.671418887322958e-05,0.29915314967399176
648,3,0.0012486492628057514,2.383287713112389e-05,0.9867973724220536,0.00010975561911621615,0.01122837996537334,7.647860299731348e-07,0.000156338068736583,0.0004349069987532878
653,3,0.0009135377829326063,0.0010027171513029849,0.9569759125300163,8.805490997492844e-06,0.021864888771326724,1.359046116484022e-06,0.01813261757855536,0.0011001616487519475
655,5,1.7448411148082966e-05,6.677504687415161e-05,0.4707024886192867,0.004446776176397973,0.49933719822259315,0.0008252009920598624,0.0002286007175722804,0.0243755118140678
656,2,1.0885090388417232e-05,0.6400297590191882,3.7890037125687776e-05,1.5027796024208495e-08,0.001219043294293702,9.280101819021409e-06,0.35787311811718014,0.0008200093122087744
657,2,0.0002613798889245344,0.922222263351723,0.0011897499914045365,1.5654330879521952e-06,0.00040180722749336747,0.0031144667927739296,0.07277809465119982,3.0672663392991765e-05
658,2,0.0064538369748174795,0.9456357361873531,0.025005028872681922,2.399367655310196e-07,0.004823887421812544,0.018057187915800535,7.811458012362515e-07,2.330154496773911e-05
660,4,2.6535522398089087e-05,9.25895841252395e-07,0.022776628118555273,0.8228400540217842,0.03687478163075,0.0016709491040084764,0.11581011011705097,1.5589611741239645e-08
668,3,0.00012517161182229114,1.0461283684455188e-05,0.9144766114640479,0.014746122767618924,0.07041761119356088,6.336465191193721e-06,0.000110967125615913,0.00010671808845843658
671,2,0.015497011782855811,0.9783896548379024,8.400863397786078e-05,1.1501336096968056e-09,0.004331374572975061,2.1440745707969086e-05,0.0016716550756126936,4.853200834722388e-06
672,3,0.028249831999760715,3.2761348339174404e-07,0.9556470907875761,0.0047105883017693395,0.00025963403959903706,2.9574436964957976e-05,0.0005187355339333058,0.010584217286913188
673,3,0.019106740635619,2.3164811127768354e-06,0.9730185239669042,0.001687070925944833,0.00014451890701307042,2.977561077479106e-06,0.005892036984413179,0.00014581453791551505
675,8,0.0009935369234833117,0.02691138440773822,0.22434329181212517,0.10304404435332352,0.007730509425466891,0.008669605047897284,0.24872144744543376,0.3795861805845318
676,8,0.00038940486115441773,7.986538362038452e-06,0.44740119432576225,0.026118682028677714,0.003031772658106645,4.1346358969612856e-08,8.093606124394037e-05,0.522969982180334
678,3,0.00017981408988135478,1.2050694267287906e-05,0.49435676420130026,0.02659418988789063,1.2782284831304336e-05,1.8478377133866072e-07,0.47872526162194057,0.00011895243611726151
679,3,0.020437041468066502,0.002076122317243326,0.6677646595784712,0.004567496231169681,0.00019301224166739074,0.008177569435158995,0.29564538291720255,0.0011387158110204554
680,3,0.0024243854892507808,1.2002819092728146e-05,0.9589693643683526,0.003212103674858301,0.0005925790059617609,1.4356784176175144e-06,0.017595279151876763,0.017192849812189482
681,3,0.03942472973664167,9.167212953307549e-06,0.9556580108780844,0.0009637674121354299,7.206351769777224e-05,2.004723204576235e-05,0.0038107669781965847,4.144703224477604e-05
682,3,5.749245825135753e-05,7.191302736159214e-07,0.9770480707990518,0.012932056511726244,0.002142512259745115,4.23104209787937e-06,0.0005844449231382372,0.007230472875715681
683,3,0.000726176270477117,5.404819983598089e-05,0.9976784139160263,0.0003721350810766374,0.000363647038521596,0.0006682798273221352,0.00013672850251770984,5.711642226528017e-07
684,3,0.00033028407140718444,1.8247715119204567e-06,0.9869759839629223,0.00537543526009928,0.005431679756468444,3.391900502310968e-06,0.0018733603083401545,8.039968748337974e-06
686,7,2.161203930388252e-05,2.6903616410123326e-06,0.3182383076881989,0.02300125286207614,2.096536935021485e-06,7.383186676077189e-05,0.6585823252909518,7.788335413257203e-05
689,7,2.2699496350615103e-05,3.3912384066372445e-05,0.06338529651757065,0.019405002730385208,0.0038506058793490476,3.6890203320250104e-08,0.9133023842838949,6.18181799909466e-08
690,4,0.0001602211122045064,1.3158420000279047e-05,0.005505223930227173,0.7879064105546069,0.004132731522576477,2.511864402273748e-05,0.20222148170259316,3.565411376864234e-05
691,2,0.00021286153213316732,0.95004507977968,5.4578827883499024e-05,1.2511083349679212e-06,0.000547777448527646,0.04034041364372704,0.008762587704675103,3.5449955038370855e-05
692,5,0.014381714187924652,0.15925450239466962,0.0006773699319243425,2.0007837256093577e-05,0.7754343086492529,1.8908375606804671e-06,0.00403054665037078,0.046199659511040984
693,4,0.0022445913424321957,6.120459035321458e-06,0.0321857146457378,0.8562673265153455,0.00015398188363273917,5.8810343980411765e-06,0.09308953260685895,0.016046851512559416
694,5,2.0608432877775163e-05,1.5853858697507346e-06,0.007267220571914321,0.051753201463114504,0.939948127103134,0.0005436089009301235,9.721585122427485e-05,0.00036843229093534876
699,3,0.035701762237876446,1.0753466609827105e-05,0.9499193186883266,0.0020391807915972207,0.00011375723546409985,2.882417290096526e-06,0.009416021673746715,0.002796323489088807
701,7,7.666157391474702e-07,0.0011376051142245444,0.3618929570291491,0.0001212152982338606,0.0006822500139240726,2.9951747086035717e-09,0.6361532934320876,1.1909501466785723e-05
705,6,0.0282923737363472,0.001974847368513214,0.48418850653989487,1.6794493444206624e-06,8.484902745144304e-05,0.48545284816393897,4.431665222991636e-06,4.640492869310719e-07
706,5,0.00010435014539538707,8.8671046523351e-06,0.1402137768218161,0.002157121228312523,0.8193038931402998,3.887865780068154e-06,0.0340821287080363,0.004125974985707597
709,2,0.003942018813012643,0.9785811825186816,7.830928662218898e-05,2.288995460973602e-08,0.0002878128843038803,5.950283948000881e-05,0.017050991916905744,1.5885103923906815e-07
711,2,0.29086305696917025,0.6369932973385514,2.6364376496215176e-07,5.515970453533559e-07,0.0003704277483146529,6.858333104412528e-05,0.07169677235150806,7.047020601167633e-06
712,3,0.29003593613267237,0.0002124613756101705,0.7031016355233501,3.2656091905581236e-05,6.726899616352724e-05,0.00019204912183478157,0.0062339857845035915,0.0001240069739597187
713,6,0.023784982465484814,0.005996800989185299,0.31625433811744574,1.0365406826521379e-05,0.006593186018452738,0.6473330522878409,4.044201484673635e-06,2.3230513279303263e-05
715,3,0.058761752425147196,1.3711386084604563e-05,0.8886589832322189,0.0011824022697611214,0.00018809628334488416,1.8000052871402022e-07,0.050549297051773134,0.0006455773511411717
718,3,4.249174857689165e-05,8.983666286458102e-06,0.9970764325828461,0.0010889984520450673,0.0005655223733540576,2.1055122445293245e-05,0.0011917327013364091,4.783353109744069e-06
720,3,0.0006333478653729475,4.8020041165896624e-05,0.9862846972141844,0.0001542624455826038,0.010962856089949296,3.314837035315397e-08,0.0016801135671128847,0.00023666962826155127
722,2,0.0008131462123201147,0.9664431739974128,5.200508804034569e-05,1.6209672689546973e-09,0.0319743181721425,0.00012237241195687927,0.00018458448386395537,0.0004103980132959566
725,3,0.00018247540783721878,2.223907646667396e-05,0.9978559559288541,0.0005837939800826792,0.0002999727182285987,6.79935866316201e-05,0.0009868573483497478,7.119535494579371e-07
726,5,0.0004060094076970328,0.00035900872886168733,0.05594270273241969,0.14475639815815602,0.5178649895947126,4.096039965703657e-06,0.0014794107655776562,0.27918738457260966
727,2,4.916863969488615e-05,0.9922178414712847,2.50512864868866e-06,9.963388303122361e-10,0.006110315211590637,0.00046670863368285145,0.0007319221054199302,0.000421537813339528
730,7,0.0205056493510642,0.010167594766961437,0.0002583818264382894,0.022669696094977643,3.103560775178253e-05,0.0017393845297214465,0.9443086170884211,0.00031964073466424176
732,7,0.0003694639186361725,0.0008630743571800496,0.010351520033205634,0.000569352745916522,0.009870832605788348,1.47802349653793e-07,0.9779746530159732,9.555209505074271e-07
733,6,0.4363492708442299,0.0006399973759176001,9.529306275964784e-05,0.0005694732495941468,0.00033361837409897564,0.5604720105382118,4.924913077782133e-05,0.0014910874244101443
736,4,1.0383377000192896e-05,1.182729654994871e-07,0.033063572622653886,0.7803021810455983,0.1806395735567044,0.0008367633965692758,0.0051463076420587795,1.100086449470032e-06
737,2,0.007383043620001745,0.9108220541859579,1.5568281962993978e-06,1.9672596760735808e-08,0.0797218188037738,0.00023079155373894363,0.0017766158565400156,6.409947919467053e-05
738,7,0.000777432239267329,0.0008890213950703152,0.01251702266218727,0.06896099306616695,0.11371028438898403,1.2822345777925562e-08,0.8026790031354402,0.0004662302905380264
739,3,6.836764021310088e-05,5.853324302228312e-07,0.9936121524104298,0.005023952541164597,0.0006923507782885043,0.0005649529055748396,2.3054492330698704e-05,1.4583899568401019e-05
740,3,0.0116348276749588,5.174930512324742e-07,0.9742751644048665,0.009200542415079447,0.00025395982545044503,3.56215130509642e-07,0.004313586369179844,0.00032104560228324406
741,7,0.011637321143094868,0.051782907553236994,9.019368859970775e-05,5.535920901931197e-06,0.043544977205026744,5.135224361295411e-06,0.8929239589973396,9.97026743893425e-06
743,3,0.0011486566524960095,7.825615818613829e-05,0.9363685604173434,9.976242485608035e-05,0.00011894648467810913,0.062120963012318266,6.46964118164482e-05,1.5843830562260183e-07
746,3,0.004069317073855969,4.661797937567063e-05,0.7478707248880426,0.000699186184859905,5.766766766560968e-06,0.00010056964208241776,0.24720055731606527,7.260148951733536e-06
747,3,3.623844819035896e-05,2.8767871412549666e-06,0.9931530504536521,0.0014399392035535235,0.004998169587932347,2.105873447532577e-07,0.00024010893948480243,0.00012940599270101826
749,3,0.0002460487191669235,2.415342478296308e-05,0.9978683525451184,0.0003737484779836291,0.0011983139412849331,5.8607624625202505e-06,0.00028053028395557647,2.9918452449148575e-06
750,3,4.6933167190129796e-05,0.00177463864124789,0.9891852066600768,7.410252563089298e-05,0.001323232986578811,3.9572247422916194e-05,0.0074833281569799326,7.298561487254752e-05
752,1,0.6369757247432138,0.004751092819747855,0.33141443106252316,0.006417745783776843,1.3037807801902108e-05,0.016639410717657493,0.0036321231843958034,0.0001564338808829332
753,7,0.0037458708425767567,6.577702750948065e-05,0.3068415664251443,0.0010845458125282193,4.815745710295086e-07,1.0899018537674525e-05,0.688250515259342,3.440397904283751e-07
754,3,0.006018165957953031,3.175610036689757e-06,0.8722724907636796,0.02194920699254297,1.2939244172635703e-05,8.728733178089657e-06,0.09958085167166021,0.00015444102677696802
755,6,0.039975828805058525,0.001854654350317585,0.00012968867724077681,0.004834938442145285,0.0014754558267106742,0.9516023663231554,0.00012132660953789875,5.740965833663681e-06
758,3,0.0003337838956321345,3.179548899122598e-06,0.9933052476504773,0.00449142866701872,0.0003205969854264432,0.001410765224225056,9.910420484916663e-05,3.5893823472256906e-05
759,3,0.0062580757650863355,0.00014404325350973073,0.9853674856699446,0.0002487921178722124,0.004574293964305746,2.0063384452639202e-05,0.0033582223035493733,2.9023541279494333e-05
760,6,0.018652812173256286,0.024393249606542457,0.05274784638707564,6.705384632623274e-05,3.43907234394651e-05,0.9040540558861334,2.7945142968612816e-06,4.779686292981628e-05
763,6,0.00011013555500501744,6.040057931920057e-05,0.3954853862326628,0.00017296622507453882,0.0002787199657590433,0.6038829376407573,5.253570485668681e-06,4.200230936441294e-06
766,3,8.345035981586861e-06,0.00010348476714774598,0.8794525222697912,0.00023361897517216505,0.04824318658406499,2.2757755423291117e-05,0.0022310038280835298,0.06970508078433561
771,3,0.00011095093987463428,3.081549826269164e-05,0.9917505056090493,0.0007436107853131718,0.0005290154573264913,4.70401791555244e-06,0.006805489711765766,2.490798049253789e-05
773,3,7.8877547126686e-05,2.138878541197389e-06,0.9921146930255349,0.005190244364494901,0.001909476396505897,2.8776609629783837e-06,0.0003791785832623918,0.00032251354357074654
774,6,0.0009664993680102352,0.23284723573225397,0.014412353361696323,8.827014186495684e-08,0.00022451680217207295,0.751236656244617,0.0003120632251958183,5.869959127161467e-07
780,3,9.52540178058362e-05,0.000608073346700597,0.9839835556631836,0.00017791827337670756,0.014961855833868873,1.2652520941090904e-05,8.891540162426622e-05,7.177494249893939e-05
783,3,0.0005970436144256851,4.688577857319843e-05,0.9944910221736383,6.826549094663648e-05,0.004689785987969452,6.129260390778402e-06,8.059605478262779e-05,2.0271639273351567e-05
785,6,0.008696712266292443,0.0004989690414140154,0.003601628800114258,1.5936578926624424e-05,0.0011865158818522548,0.9855064157276515,0.0004924805734887674,1.3411302599101993e-06
788,3,0.0003242838961443037,6.521526095513141e-05,0.996902837846376,0.00010268203778939674,0.001987439177388552,4.320885964939087e-06,0.0006080153306675981,5.2055647137923265e-06
789,5,0.001020761732340708,3.140860102306991e-06,0.0837130045668465,0.0015384113628827665,0.8375260392502187,0.00010771764536449706,0.0007652464096518864,0.0753256781725925
790,3,0.00029737233126293967,1.9578621300797964e-05,0.9974356339318642,0.0012913750674186603,0.0005728628360177765,2.246104307363505e-05,0.0003594841955898006,1.2319734720369168e-06
791,3,0.00022576505711100877,0.00017971396073907122,0.9949251655571152,8.389728657517e-05,0.002214194297840391,2.2740788970941983e-07,0.002364045060326179,6.991372403021698e-06
792,7,0.010062053515206964,1.409433556895528e-05,0.030837147475789146,0.015645549587571476,0.00029391616297534505,1.1853464586194908e-07,0.9431255818275581,2.1538560684178508e-05
793,7,0.0012428705052502705,0.00017249783321710013,0.11018324447525565,0.0033478407562707404,0.0009235057612149841,3.3788000869718807e-10,0.882400350399961,0.0017296899309501858
794,3,8.317134312366078e-06,3.03969964441827e-05,0.7914977621236576,2.4141694543529722e-05,0.17529657490695977,8.839098213458966e-06,6.92638114137567e-05,0.033064704234455566
797,2,0.00020970808800604981,0.8720955597263025,0.007887227251243002,9.220447324981913e-06,0.015815950341202836,0.024614277818917566,0.0005623543207952872,0.0788057020062077
800,3,0.00017087358046938595,2.142984992669089e-05,0.9540331331499072,0.003405321914398642,0.0414345886527283,4.092267805218959e-06,2.5630550829157108e-05,0.0009049300339355558
801,3,0.0002181304193595689,0.00040290365179758826,0.9830587853930665,0.000166217203264841,0.011122283478251232,0.00012642864291855665,0.004345496945700005,0.0005597542656417066
808,3,4.162279013917503e-05,4.7040876830310145e-05,0.9244642800747821,0.0015245020815644033,0.0732074415079932,1.0975626245660226e-07,3.148796873001677e-05,0.0006835149436983566
810,4,0.00013759810546092822,7.214371690128403e-06,0.05482223104912322,0.9353468871439308,0.0014217190236498942,9.6484540118379e-05,0.008117191052900659,5.067471312596003e-05
813,3,6.234649843211846e-05,0.03944208612281022,0.726353123753735,2.76381778179818e-06,0.0495565093655693,6.882689337292304e-06,0.17573183032848955,0.008844457423844602
818,5,0.00014348529913697086,0.0001979052463650675,0.010000602751569204,0.0004959192865171363,0.9876904073222426,7.847177155418097e-07,0.0005806977468463848,0.0008901976296071592
820,2,0.23088228176814538,0.7001896581854984,1.0861838076978702e-05,4.944822117639687e-10,9.172620352179857e-06,1.5109846783785825e-05,0.06889242250025568,4.927464053648028e-07
822,3,1.1336395033178314e-05,1.899506622125674e-05,0.9515905270640702,0.0026024168400746723,0.004831952722990377,1.7271954364568088e-06,0.03495438697336422,0.005988657742809723
823,3,8.156588347807279e-05,1.3029811466176135e-05,0.9917626955332052,0.0008019426029728517,0.005163898074048652,1.1789067366692283e-08,0.0021668050141610135,1.0051291600362918e-05
827,6,0.006465863164016544,0.00033432921651445477,0.4498719755729556,2.7024688840076645e-06,6.187024402538798e-05,0.5432595364768221,2.1867294506899423e-06,1.5361273312377119e-06
828,3,3.8645550433906625e-06,7.253369818745046e-05,0.9912579713599595,0.0007431936243603907,0.0002369622216563774,0.002095403273742045,0.005498551263700347,9.152000335048415e-05
829,3,0.0001419606832176023,0.00020950690792347212,0.9663212581207009,0.0005359306270602209,0.03268155161533422,1.0051557666010005e-05,1.8308354146059346e-05,8.14321339517279e-05
831,4,0.0021027674845109246,2.8611784605539323e-05,0.012204008609652995,0.6656683233695045,0.00016495146064402261,3.929767207211309e-05,0.3194088424809564,0.0003831971380534568
832,7,0.013681157109259797,1.0387573064739705e-05,0.17102070263884217,0.11839932945845773,0.0004032299377490145,3.762206086860442e-09,0.6964476038184226,3.7585701997694004e-05
833,3,1.967095119305468e-05,0.00020880097157249756,0.993626517377134,0.00010395226046032636,0.0007883583174781626,0.004787766937053272,0.0004518989310796907,1.3034254028990173e-05
834,3,0.0020184792070596144,1.8783746983290974e-05,0.9847437187361783,0.0032599158093642843,0.0013621717997658917,3.289352865067916e-05,0.008555022938807454,9.014233190543497e-06
836,3,7.1130631152169775e-06,7.877384169311335e-05,0.9959782418469553,0.00032497446682138294,0.0009911112998230841,0.0005812637364397118,0.0014754281216914616,0.0005630936234609196
838,6,0.0018098700882998957,0.15012345607376723,0.011614387997257659,3.801539581210145e-05,0.00044788863200806173,0.8358291952238627,8.432070877539077e-05,5.2865880216942793e-05
839,3,3.818321239584014e-05,7.844553358314959e-05,0.9375343686971729,0.0020421054136966956,0.025308242133136885,8.929865023002711e-08,0.03331414889820233,0.0016844168131620093
841,6,0.0027126044871916316,0.033777892611612695,0.018306774035992377,7.796569462774695e-05,0.0006227806690603263,0.944323630699234,6.024614507339226e-08,0.00017829155613629936
843,6,0.06615808252246873,0.0015844631342777653,0.00036011212295123415,0.004181132357801979,0.006912215351347218,0.9207219251915727,3.8650335737687e-05,4.341898384264173e-05
844,3,0.03079008239040594,8.418161530922047e-06,0.950719843680952,0.0015593798163887262,0.0001640589535498287,2.059712387722105e-06,0.012774954200361677,0.0039812030844231395
851,6,0.009005073755384256,0.00028522932323646913,0.002887241574887498,3.364299731658514e-05,0.0005522531483254235,0.9869725211875126,0.00026355650227626276,4.81511061222124e-07
853,6,0.004030910645750236,0.004404934392819993,0.031163416490325686,0.0003247094178482228,1.7103844203225868e-05,0.9599601630328598,3.9320460941388485e-06,9.483013009864233e-05
854,3,8.448848865211429e-08,0.00012284408238226664,0.8332945133664822,0.0004197430816968017,0.16514074726518888,4.5550727111602565e-07,0.0005925010551516462,0.0004291111533384084
855,2,0.00012719498025548964,0.5412552672086853,1.7394025922560077e-08,6.4747130201677035e-09,0.005884827357024103,0.0006923313875673146,0.45188959403582285,0.00015076116190600292
856,3,2.6022415912000843e-05,1.5991010222994516e-05,0.9910044018144556,0.0018414181858323851,5.5835649610035926e-05,0.0038937629470864052,0.0031506139638310367,1.1954013049512521e-05
858,3,3.786419981540391e-05,3.4000834882640926e-05,0.9466733170794599,0.00029514949228021125,0.0027207031977187967,9.960819741673653e-09,0.050073543103435106,0.00016541213158822432
863,3,0.000681153861368245,7.844820250414755e-06,0.9505249629604615,0.0041454207025615935,0.0001943345579461826,3.9001328650041475e-05,0.02010552746064911,0.024301754308112804
867,3,0.0006215224510986842,0.0006054143780208842,0.9925530818901601,0.0012758659054956393,0.002865744751849187,0.0019493442039104098,0.00011072816829208177,1.829825117301914e-05
869,3,1.0115221469150353e-05,1.4456285918770066e-07,0.9443673346675467,0.05161517344810806,0.0015608744093482472,1.7066744000208796e-06,0.00020141167499244486,0.0022432393412761312
872,3,0.06129065190870169,5.569210068309202e-05,0.9189024789090279,0.003045918551162862,0.0027471159003048507,1.1013770194196114e-05,0.0002609522541155195,0.013686176605809994
874,3,0.0011391461733023791,0.006922469218105538,0.9566910421239976,1.4477829866431462e-05,0.034528088165445794,4.405777743330055e-05,6.443649727960246e-05,0.0005962822145692275
878,4,0.0003212240444115871,1.1775410214614192e-08,0.312989679000348,0.6274959301077928,1.7875223958020834e-05,0.0028582378109423354,0.05630283335937184,1.4208677764857763e-05
883,6,0.00021946101484853704,0.0006481904334426871,0.0002064415290813096,5.5574857978131467e-05,0.015772729589421806,0.983052925133417,4.4639041008751845e-05,3.8400801878856544e-08
884,3,0.00017267919025287426,0.0022575971224564756,0.9503412032370318,0.00011475238572678978,0.004392121479274838,0.00010165879127110328,0.04252416051964225,9.582727434399074e-05
885,3,0.00023629387344131588,3.382912073487569e-06,0.7990506733019748,0.005984810913282207,0.0009898295077671846,3.295000446454736e-08,0.04380231676372412,0.14993265977773243
890,3,0.0013416283066873078,8.936838451490845e-05,0.9920680594324967,5.005627366221778e-05,0.005717255758192035,1.6452722718980178e-06,0.0005999685816439224,0.00013201799053117743
895,3,7.848947061465211e-05,0.00028387137269684105,0.9566075985613358,0.0003953523994571022,0.007224509417448954,1.8145647501553934e-05,0.03516406141885689,0.00022797171208809074
897,3,0.06457279276358098,2.7713427166684905e-05,0.877346850029704,0.00035005152003850167,0.0004665618637383809,2.7847738699665316e-08,0.05508848175132094,0.002147520796711782
898,1,0.9648494668754891,0.028761520842876337,0.0001686455856298354,0.000130295942045493,0.005676916856876297,0.0001393394740569102,0.00021923235725048237,5.458206577553486e-05
899,3,0.00032485614553368606,1.138776567116987e-05,0.9981277686606699,0.0004893759304260946,0.0007637644982268864,0.0001476658294134075,0.0001333029952573588,1.8781748014142834e-06
901,3,0.005511411854786769,0.00012280484816129078,0.985171781942897,0.0002362691878708286,0.0052964884779004556,1.2292049152316576e-05,0.003615040567175455,3.391107205592154e-05
904,3,0.13612936075418855,1.9242239078847292e-05,0.8526156534005778,0.0010695087718751756,4.4347210402384176e-05,3.3481003106379e-05,0.00996503322506622,0.0001233733957046543
906,3,0.0004998111654426839,2.7444812976410645e-05,0.9974017449475736,0.00011880923668816006,0.0018023167915614522,5.968563306329987e-05,8.69058366582639e-05,3.2815760362568788e-06
907,6,0.0033361213878457517,7.65331744706964e-05,0.021043266419209485,8.253206967212995e-05,0.0016514566139027018,0.9737655306302277,4.434994702146862e-05,2.0975764998492977e-07
910,6,0.0018152251500659637,0.11783291981708134,0.005287180290063784,3.9564225644568e-06,1.0116967291151985e-05,0.8749822971265658,6.720948982996858e-05,1.0947365376317972e-06
914,2,0.00038388295532783344,0.9754865103153365,1.884202199868823e-05,1.748271136088776e-08,0.009027448048973591,0.0003148363154776529,0.014096937527317974,0.0006715253328564481
916,3,1.2021251536347021e-05,0.0004552715824757002,0.9954020232018896,6.072711635237372e-05,0.002701853443714065,2.096391455185632e-05,0.001305545132952198,4.159435652769509e-05
918,3,0.003011970524313543,0.0003748316366802448,0.9948689518207244,3.859263811338743e-05,0.0011108645697367689,8.292086144181695e-05,0.0004985850751379422,1.3282873851808899e-05
919,3,0.007903632735043792,0.001038280264209914,0.9756324819092042,4.8514244684214605e-05,0.0011904356634284776,0.0003661733075009044,0.013814585196443891,5.896679484780393e-06
920,7,6.661391920398506e-07,0.002044140615990234,0.26223440929995195,4.283072565672229e-05,0.0041065267513022965,6.191043550915653e-09,0.7311761214325077,0.0003952988443555842
922,3,3.994792684227316e-06,6.721349797360132e-06,0.9887269315818699,0.007035208083538902,0.002043517519512961,2.334493851660413e-05,0.0008456727448367678,0.0013146089892435082
923,3,0.000725189463101742,1.7880098768973298e-05,0.8914036129752556,0.006089933247533439,3.8359917741747895e-05,0.0007548640052545304,0.09851800141862262,0.0024521588737214254
925,2,0.07200169664498961,0.9111532963342898,0.0008652689497401123,5.525850267792038e-09,0.0154390767327789,0.0005041441740033548,1.0853410999523771e-05,2.565822734835044e-05
926,3,0.00044208590134185385,0.001605544456150947,0.7347497766824348,8.826571972242003e-05,0.2499532422344652,6.156594475544234e-06,0.00021719353331806532,0.012937734878091236
927,5,0.0017155557005352508,0.006921552292443837,0.08164811688108169,0.0002958660983498706,0.640094240912777,2.646251851791106e-07,1.9028088748040032e-07,0.2693242132087398
929,5,7.350830016825619e-05,2.943393486299618e-07,0.3883697805090865,0.16242377147277637,0.4423059217253009,1.5345065706346285e-05,0.004249475491272574,0.0025619030963403614
932,5,1.1140822789291367e-05,1.9549445875473035e-07,0.081279061431724,0.4086758942142095,0.5087020050822256,1.8170378135490205e-06,0.0012996900900197794,3.0195826759492632e-05
935,3,6.905307654638053e-05,0.0004224618891519046,0.9916850907105869,3.4001312462709754e-05,0.006289100068222481,9.796811848124288e-05,0.0007618061777947035,0.000640518646753585
936,3,0.0037146015552444937,0.0007670967827658603,0.9936721696397941,2.178657699826518e-05,0.0009259836035548807,0.00015993074484042067,0.000732103123136955,6.327973665105686e-06
938,6,0.0024324726357458117,0.00017819147132319596,0.36223197372652294,8.811929534885606e-05,1.3409659084264883e-05,0.635024783444908,2.428838007390136e-05,6.761386993057607e-06
939,3,3.933444374866298e-06,7.730462146406274e-05,0.9896540188504699,0.0005253945169335782,0.0013052925246616598,3.6881475582474716e-05,0.008119568870750323,0.00027760569576313856
941,6,7.884929591318155e-06,0.0011248807039575604,0.006540048651716724,0.00010791645038435183,0.0014703359656640493,0.9907141105793728,3.466965232938291e-05,1.530669839223228e-07
942,3,0.02518699847733847,9.086850991717711e-05,0.9431728595631909,0.001544950636236029,0.003941669090140602,6.925864556525471e-07,0.004000100282765775,0.022061860853955353
947,3,0.0005728379057546459,2.6351000020806115e-06,0.9901626089593808,0.004149093260351796,0.0036499835660023143,4.38616087754676e-05,0.0011711728984962321,0.0002478067012369017
948,3,0.00020402388011299586,0.0002291163742988199,0.9841146699300012,0.0002725124520191517,0.014665146040112187,0.00046411681673719994,1.0136445831019893e-05,4.027806088743948e-05
949,3,0.0002518747675101641,1.3652217380957828e-05,0.9975482907434974,0.00038816806958420823,0.0010801114510958036,8.082450264227974e-05,0.0005293369932000533,0.00010774125508904579
951,5,0.00937625445515797,0.00019275303240311395,0.0371114523235994,0.44689025396968857,0.5043613466158607,4.001727031834674e-07,0.0020607675168856886,6.771913701471033e-06
953,7,0.004291271912139201,1.9694313268150995e-06,0.07201953506218257,0.03615341039192972,0.0008130132735866268,1.2459847626404682e-05,0.8866534545427646,5.488553844421608e-05
954,6,0.08670151433801021,0.00017386991327545095,0.38026579766553975,2.9311938470961737e-05,0.004645685258555983,0.5277261621729482,4.744806017570337e-07,0.0004571842325977292
959,7,0.0007299432773531253,1.2607777995351957e-05,0.1226668379468818,0.07061513159612269,0.006325132764457927,6.0359440366592205e-06,0.7996429575823294,1.3531108231279077e-06
965,5,0.00039241547001973734,0.0026345201082215285,0.09277127358424335,0.00011404569176264498,0.550033972013834,6.535323068167214e-09,2.6762116527830952e-08,0.35405373983447924
966,3,0.002090598021349557,0.0002290045171041493,0.9926981921522792,3.0653918632130853e-05,0.004232639363274267,3.273826501621184e-06,0.0006320805680834638,8.35576327756956e-05
967,6,0.0002120336808124036,0.0016154087069532885,0.08159545863629743,1.8009109415709935e-05,9.446238336427444e-05,0.9153906274987931,0.0010702159754023498,3.7840089615823914e-06
968,7,0.0001431326270581141,0.0018175717463782414,0.11958044121427533,0.0003137231210115818,0.05068220631840295,1.2671029707413013e-08,0.827376492850392,8.641945145210447e-05
970,6,0.024473430506061166,0.00947303212782334,4.8477263435714686e-05,5.42121051683317e-05,0.06722040379450545,0.8956294634747314,1.1282831356968823e-05,0.003089697896917615
971,2,0.0002398495742693314,0.9810197236246285,5.71950386117593e-06,9.783561375725315e-09,0.006032265971909965,0.00035967555827091593,0.011477242634013028,0.0008655133494857416
974,6,0.0023308475653312653,0.001924028701653702,0.35060610629551026,1.422547501555183e-05,0.0005237005295371728,0.6445457922892133,4.837690956974395e-05,6.922234169007146e-06
975,3,0.00036237140873567725,2.486696420646262e-05,0.9562849709121484,0.0059959430728773345,0.0345778926417325,0.0008286253300123776,0.0006813272174688213,0.0012440024528185228
976,4,0.0001114748368337748,2.065644536249769e-05,0.19592512715272165,0.6768685298960427,7.566874626587643e-06,0.00010196735675669018,0.12179404182173392,0.005170635615922087
977,3,0.0003145075675378628,1.7735224868225703e-05,0.9969444960838523,0.00035149698439093234,0.001810122467128539,2.1468930764307684e-05,0.000393989118998632,0.00014618362245919848
978,3,0.0046143470453516005,0.041437956299204805,0.572078177938997,1.2854632450674655e-05,0.2087770318992373,1.6378829823979509e-07,0.00010299460246565172,0.17297647379399458
982,6,0.0007118789797892546,0.17271008286752484,0.02226840740163384,5.01816053392574e-06,0.00010691142002398377,0.804170286052822,1.2571505080238291e-05,1.4843612591968954e-05
983,3,2.9914774585248795e-05,8.6211875957023e-05,0.9935303018374151,0.0005987940913865108,0.0038487423212026843,1.6052262872740643e-05,0.0015649496198392068,0.00032503321674167286
986,3,0.0003752522240705834,3.319166627977572e-05,0.998160363493234,0.000483640314317068,0.000247469124191481,0.00040301881923803564,0.0002966938689787767,3.704896902954976e-07
988,3,3.453604988267372e-05,4.165991796694393e-06,0.9093551154855293,0.003124674789498174,0.08745488846752816,8.991886527761655e-06,3.3945877634654144e-06,1.4232741473740536e-05
989,3,7.293509004125404e-05,8.84917882364196e-06,0.9318950291690359,0.004634401223408711,0.06183475994312141,2.4762092945532728e-06,0.001259028707287182,0.0002925204789872379
990,3,0.006612294360027677,0.0009024187329321993,0.9440947939367428,0.00036539612446621656,0.04790652327867354,9.552273680949243e-09,1.262412296178079e-06,0.00011730160258787606
996,3,8.009763933640568e-06,0.0001024161854793833,0.9964833237165974,0.0004297625036085261,0.0016235112783806677,4.319697829352094e-05,0.0012839444673545472,2.583510635239663e-05
998,2,0.0003677600645509184,0.6487923140768874,1.0628127694879943e-05,1.6833435591158341e-09,8.643365085841349e-05,0.0003470563333979078,0.3503913259032348,4.480160032168025e-06
999,3,0.0004189163769303717,0.00052948207354611,0.989791068454574,0.0007188483584031638,0.008189350349910605,9.201958689036544e-05,0.00015410573468703525,0.00010620906505840888
1001,3,0.0013345973109277908,0.0003298877493092552,0.955966606727799,2.189768383400004e-05,0.03871655178740426,9.453389412838962e-07,0.0018193473832056918,0.0018101660185787078
1002,3,0.0005036679076386543,7.437347049089991e-06,0.9873594327278414,0.0022706562150109732,0.0038826449385835843,1.5923408634627712e-05,0.005825683684781681,0.00013455377045989834
1009,3,0.00028208264829332187,2.9184842868634893e-05,0.8001077837294996,0.0003123300248791882,0.1809687385857371,1.2869401861848522e-06,4.008939918712284e-06,0.018294584288617244
1010,3,6.180899619914353e-06,5.648966689882776e-05,0.9964133573192274,0.00031458369862955943,0.002274919438385399,3.4818566394554295e-05,0.0008671629286517423,3.2487482192609235e-05
1011,7,0.00546271604276592,3.0903990071607197e-05,0.005626843865472426,0.009151871449801861,8.430973840562853e-05,4.4323236750501167e-07,0.9796396453516688,3.2663294464736785e-06
1012,3,0.002057730207730629,0.0002211400903795162,0.9956351957032532,0.00010691948682571553,0.0009775486903771276,3.389965516289115e-05,0.0009598448349860956,7.7213312847872e-06
1017,3,0.0001572060119852893,8.013183342645186e-06,0.9952992539466158,0.0007456385584591512,0.002810012023470273,1.8214931948959022e-06,0.0007894791808799534,0.00018857560205189016
1020,6,0.03169576164835725,0.005284449512974285,0.08396476182797623,0.0005539820221784109,0.0001772020019595618,0.8782901814228797,3.6297804197135734e-06,3.0031783254707757e-05
1022,3,0.0004162999911149185,0.0005223634879715941,0.994829367337238,0.00010906207341209862,0.00016431628998751834,0.0012584353612244273,0.0026927997401194454,7.35571893196178e-06
1025,3,2.1984943699464457e-05,0.00017411820283629725,0.9937157716294596,0.00029208098306377097,0.0011813579070006793,9.768022289992023e-05,0.004456166180558035,6.0839930482442484e-05
1029,6,0.006829087539977129,0.0002837799334451442,0.45387415677100806,2.910645975758794e-06,7.148012112024994e-05,0.5389348795896779,1.241009413259638e-06,2.4643893825131333e-06
1030,3,0.00018030239782969017,9.06035862008063e-05,0.9962868376705506,0.00010463882366127988,0.0008011621938195513,4.378953468854553e-06,0.0025305245587498933,1.5518157195033005e-06
1031,6,0.00025419663519380445,0.0005725717962583935,0.03973916203032525,0.00020504753918787168,0.12440391466418317,0.834807592861421,2.887237783426806e-08,1.74856010526576e-05
1034,3,2.1332168730595344e-05,4.657809234936042e-05,0.9868190007073031,0.0011663658151329418,0.009145130313948676,6.733687631248092e-07,0.001206108618952431,0.0015948109148198738
1035,3,2.0411592569417287e-05,4.721666929445249e-05,0.9604019335209245,0.00044997725791951366,0.03318227786442894,5.935544651348841e-08,0.0008087267284776811,0.005089397010938753
1037,6,0.011681597044061371,0.017487815793891172,0.11293909772218354,1.377184398507973e-05,0.00012378814667385072,0.8577345815775251,6.629861658542409e-07,1.8684885514077947e-05
1038,4,0.0001379048173258616,1.6218233190550543e-07,0.21789412198103286,0.5429053452766981,0.0030955284033419104,1.4059511100253498e-05,0.23594354986709545,9.327961073623378e-06
1041,3,6.94716396849368e-05,7.4653993634393425e-06,0.9980564206639752,0.0007648272483167729,0.000854565411392361,4.696772428075046e-05,0.0001886355384509207,1.1646374535667452e-05
1042,3,0.0020727660680106403,0.00016058754581843322,0.9910390869149222,0.00014390448376880476,0.004901429514500626,1.661998972462119e-05,0.0016621971007267748,3.408382527738306e-06
1043,7,0.0001203764044068325,0.017761342807017876,0.007632376256310193,3.785378776912781e-06,0.18769527731379076,2.1901313612663523e-07,0.7839330024864568,0.0028536203401045342
1044,7,0.0004083883560813742,0.0011788137078954854,0.002344982834159951,0.12732199116904325,0.3075237703671944,3.493887900750573e-05,0.5262327841026782,0.03495433058393973
1045,7,0.007767533557673299,0.006258544764142942,0.0065593770985868044,0.00031837384939175745,0.20617631010090726,0.110263399194484,0.66175178192818,0.0009046795066340093
1046,7,0.009135359746816096,7.984326781868531e-05,0.4221632850409064,0.001193498937138183,1.398219585244995e-06,0.0003468498688484345,0.5670748820573122,4.882861574807273e-06
1047,3,5.024174070160971e-06,1.6332592201140868e-06,0.9532780733848599,0.00332896935293595,0.01836466088704388,3.9562152053652155e-06,5.124941479202907e-05,0.024966433311872628
1050,7,0.01978315538038796,5.425832995198628e-06,0.14292784059348138,0.070762193513796,0.0008028426247613961,2.5259094309116642e-08,0.765614220833789,0.00010429596169474838
1051,2,0.008645001669910578,0.9835371342820842,0.0017143576464076278,6.798889110127129e-08,0.0027842150644639676,0.0013507474671583914,0.0016506607195192486,0.00031781516156486754
1053,6,0.014451758833320302,0.0009008329891380294,0.11651426829628295,2.0133397546420298e-05,1.6594922724332693e-05,0.8659181896785308,0.0013153937779145691,0.0008628281045423043
1055,4,0.06775655916027351,3.915038380277804e-05,0.013013341045198733,0.6216985742669668,0.000892603295012454,1.1743341116983637e-06,0.2959230368669325,0.0006755606477013969
1058,1,0.9071948643591576,0.06974500977285795,0.00021832696038290105,9.487999029525099e-06,0.016956727562710924,0.005617949223282467,1.1772888890390593e-05,0.00024586123368787764
1061,3,0.0002794608331989869,0.001296351373641573,0.982788019613898,0.00016345359735890248,0.003952427990566915,0.011235587563058575,8.182272281156043e-05,0.0002028763054656881
1062,1,0.8685795069898886,0.0005510337061552742,0.017376681917688114,0.035987938592500573,0.0709614247659079,8.020687342099542e-09,0.004090006296827893,0.00245339971034416
1069,3,0.010431009209390963,4.660892121844539e-05,0.9481217330752424,0.004031211439969237,0.0017137781834166183,1.6767013959472308e-05,0.00146941594120528,0.03416947621559752
1070,3,0.0004198575227598179,0.001957130268321807,0.4792546305875228,9.03378052582979e-06,0.39849133516886753,1.5796401652275933e-07,3.217678467524389e-05,0.11983567792331033
1071,3,1.4526758773207498e-05,0.0004338296216036442,0.9238485063988215,9.215199685583908e-05,0.0313159545635924,3.739565341191215e-06,0.03352710381921433,0.01076418727579778
1073,7,0.011282118171939868,0.00041448241961192597,0.003894832276274244,0.00034306399931116556,0.00046748689627067137,2.3882636697419605e-08,0.9835759741630175,2.201819093801853e-05
1076,3,0.0012979143170756828,0.00119854074798691,0.9926434982241925,0.0008503919008215692,0.0033260980247898585,2.4684652416063415e-06,0.00013937016714550787,0.000541718152746311
1078,7,0.0024893815985376783,7.066110709748358e-06,0.17202348367933337,0.11287333921639939,0.00010132757844479082,5.717605439743394e-07,0.7124090129305679,9.581712546318787e-05
1079,3,0.00044144948383779395,0.00013587291974397466,0.9980407643665565,5.777292330655982e-05,0.00038723316052197756,0.0002934305515602004,0.0006429378427723484,5.38751700633178e-07
1083,3,0.00023544943967528464,9.484184160208614e-06,0.9939307379658203,0.00037305097071978205,0.005285339038179724,7.709386886806266e-07,0.00013773315540166923,2.743430735469474e-05
1089,3,0.00014491673129059354,4.924272255941063e-06,0.9686754532499652,0.0036598409586871394,9.101958893662446e-05,0.025830350076844196,0.0013770956193770788,0.00021639950264336038
1090,3,0.0033751365035757804,0.0003716474938675621,0.9621898877572509,0.00018481199580282838,0.00020229192324231203,0.03082596282236087,0.0028501759388352924,8.556506435856704e-08
1092,3,0.00015510828419291857,6.780386723243953e-06,0.996316772717734,0.0012003120451307902,0.0011090109525256242,1.5909184363839695e-05,0.0011305904872142847,6.551594211530752e-05
1094,4,0.004588500162044772,1.2364217389439443e-05,0.0028188009673365596,0.5581487379640255,0.00023613726253886855,2.0664342551256363e-07,0.43315900159069326,0.0010362511925461307
1095,6,0.020025117005781856,0.0028535860812702665,0.00038952834885933377,0.0006615909425917131,0.000786203941930979,0.9752644660591859,1.2938276718465823e-05,6.56934366154706e-06
1096,7,0.02987507198212952,1.9856084516351698e-07,0.08677204959825051,0.33565525125745493,5.788721338512528e-05,0.0011402270904878554,0.5464940014696571,5.3128277899454456e-06
1097,3,0.00024580062435856903,6.1382637477566105e-06,0.9853909449391991,0.0033493581572573783,0.005063185093115606,1.410686680394131e-07,0.002026179439825179,0.003918252413828477
1098,3,0.02197411367655425,0.0001826702265314518,0.5875290275971934,0.05330496513205176,0.007815165049708077,1.326900077444445e-07,6.990390448586926e-05,0.3291240217234675
1100,3,0.000377421816647444,8.482504410626597e-06,0.9138293708834502,0.010690018152513296,0.012159732934840628,9.190820494736033e-09,0.05753125771558558,0.005403706801731885
1101,3,0.003407233093248136,0.0001232617401298721,0.9944286660463243,9.808984909161594e-05,0.0016887900305822888,9.320240493293745e-05,0.00014655442003054961,1.4202415660017574e-05
1103,3,0.044889038128624166,1.4625196667332657e-05,0.8601669209880419,0.04473722133113094,0.00014312999552425576,6.716955850034105e-05,0.00016494238002265422,0.04981695242148854
1105,7,0.0008146212039281176,1.0396525140596239e-05,0.3329564157952914,0.040176593349814424,4.5457679821601126e-07,4.23653841032256e-07,0.6260235433744117,1.7551520774517797e-05
1108,7,0.005628508777669725,3.6323197146299575e-05,0.01161391305217042,0.00964883246248345,0.00016963285145336532,4.967113779162826e-08,0.9728951982204151,7.541767523916955e-06
1113,3,0.0016509292622735711,0.0002036135846905702,0.6257688949260899,0.0007476994720781218,2.601640917948534e-05,5.332078187818231e-05,0.37119903718383657,0.0003504883799737629
1119,3,0.002179513556862962,0.0025516129803942905,0.9867843640550122,1.0361171915287107e-05,0.00017101922026728085,0.00077183977428477,0.007530146844313884,1.1423969495003984e-06
1122,7,5.41466955323855e-05,0.02211492535650483,8.074612790269277e-05,2.231534857462748e-05,0.00046079760916069084,0.014786361474350052,0.9624798849917,8.223962747283437e-07
1125,3,0.0003442458125051354,0.007881750557894723,0.7185269042453072,8.273311172040976e-06,0.00021169247901394679,2.828104188011872e-07,0.273026151360275,6.994234132185774e-07
1133,2,0.00026768914773606464,0.9476749456770678,1.1447446364279039e-05,3.218830512668486e-09,0.0007175349628090419,3.568751041070679e-05,0.05129181316064167,8.788761399488782e-07
1139,7,5.8728435545176084e-06,4.088243233061074e-05,0.18566710599233285,0.01769397349333155,0.028214405626351257,1.2592457605932898e-07,0.7683047460883032,7.288759921984312e-05
1140,3,1.0333790820113002e-05,5.632279054098748e-05,0.5736945360684713,0.0243685609444312,0.40176169902760733,1.0479740632692773e-06,4.92929939708127e-05,5.8206410095014254e-05
1145,6,0.00019974502666509052,0.0003562075545315074,0.3910978745000612,1.773788689908553e-05,9.353963331846089e-05,0.6082103062545899,2.889408186036155e-06,2.1699735748733402e-05
1148,2,0.0003050537245693343,0.9716391760047218,0.00011507868421410944,8.881109700879234e-09,0.026990055949811614,8.182925004822622e-06,0.0006194794474230218,0.0003229643831455494
1149,3,0.00011057534461683656,0.0023202044504779997,0.9516141649513146,5.515933658864154e-05,0.04554859704133499,3.837899263323839e-07,0.00014266320823696864,0.00020825187750350853
1150,3,0.001021739443863943,2.7870456945514764e-05,0.9795858692566838,0.00018976823617677013,0.018074109062981996,3.638211478214096e-08,0.0002078666139008955,0.0008927405473321199
1151,3,1.2216508584674517e-05,0.00019728597275495914,0.9956028903989925,0.0001418803303541339,0.0031611234931471508,3.1342642527921086e-05,0.0007990923624052564,5.416829123341626e-05
1155,3,0.00023699998647774996,1.1276801163771331e-05,0.9959430151599319,0.0003912230770849203,0.0027499513066250978,8.066835443903845e-06,0.0005181297471305507,0.00014133708614236094
1157,3,0.0018364976627097988,0.0008907703377393832,0.9936939054701189,2.1938874159726453e-05,0.0006668461969337518,4.443988003509391e-05,0.0028368691463634276,8.732431939913757e-06
1160,3,0.002968568916940885,1.1316854682651246e-06,0.7189599829297237,0.02421029445748891,0.005923447069271116,3.070010819088834e-07,0.00021495187505093642,0.24772131606497444
1161,3,0.008804638549734574,0.057615648754134774,0.7447884087642511,0.09212672842937501,0.02302521326852233,0.07195277916347127,0.0007334340675079676,0.0009531490030028792
1163,3,1.3241469200131954e-05,0.0001264179800154108,0.9872956745856658,0.0005409933819443495,0.004494764090618911,4.988380919231306e-07,0.007032520793603722,0.0004958888608596276
1165,3,0.0005128095861892909,1.0948755329544722e-05,0.9328810675976884,0.005143549991259124,0.015078132803526543,2.1910156914578427e-08,0.041679912468795426,0.004693556887054805
1166,3,0.0001753478116767423,1.769343224463721e-05,0.9781747790161133,0.004796311429405883,9.17742500323562e-05,0.00967216510080262,0.007071555759099746,3.732006248978016e-07
1167,7,3.3242577642654064e-05,3.192275612109454e-05,0.16353071360146176,0.0077805811829324235,0.026136678550071926,1.2239351766045973e-09,0.8024855495258244,1.3105820104655045e-06
1169,7,0.0005550229135506914,2.5636374153534853e-06,0.16970502545326827,0.21909573164402038,0.004902806623163444,8.131980771948777e-06,0.605730092496945,6.252508650769947e-07
1170,1,0.7809190101400937,0.1771788289590822,0.03925786802451765,5.388987734666225e-07,0.0005362832236194982,0.0019438453173506755,7.239277805390877e-07,0.00016290150878232098
1171,3,8.009213404712106e-05,0.00012806129500413172,0.9599756255229615,0.0019009084661288933,0.036660898264905345,6.21252208759841e-08,0.0005369261590794218,0.0007174260326527879
1173,3,1.8448967199644867e-06,2.810810444281837e-07,0.908856827218048,0.06726343243196287,0.020846814692052275,1.99553667592569e-06,0.0003564191577904091,0.0026723849857063146
1174,6,0.0005374658165302286,9.539398543209743e-05,0.09736594220310273,0.00013552371851619752,1.4304191126643355e-05,0.9011371836638831,0.0007131899243510456,9.96497058028616e-07
1175,3,0.010915222406327491,0.0018620024809250107,0.9737317914166942,0.00573030413205858,0.007178269724549496,9.31637624170994e-06,0.00018941646633149743,0.0003836769968719137
1177,7,3.0191561495692323e-06,0.00022657432262173578,0.1848537611565413,0.07867540032855397,0.016064698711062846,4.619271246143703e-05,0.7201014709814753,2.8882631133985e-05
1179,3,5.206362693165655e-06,9.189432415706267e-06,0.9148213538298511,0.001627616096533996,0.08343381544634908,1.1436883500757945e-06,3.3470275815443594e-05,6.820486799136365e-05
1184,3,0.055760959583340285,0.00018705409635951894,0.932211964045112,0.0007613281834284526,0.0017899748787719581,3.6937585221322075e-05,0.0013235362410172716,0.007928245386749251
1189,3,0.0006242663798185787,0.0006538773794935399,0.9035651489059712,0.0008061639286060334,0.09124944226463845,5.028093629534521e-07,0.0023884866331028098,0.0007121116990065945
1192,8,6.646132082445962e-06,0.035348510958124864,0.06953001210861193,4.494734152594688e-05,0.1635982973655629,2.5705051624171178e-08,0.0017941691324495324,0.7296773912565907
1193,7,2.5253158261543407e-05,0.0002942288276051736,0.00027207995399293586,0.0003500624787934981,0.00875183224163202,8.696207998137918e-06,0.9902650638155085,3.278331620812879e-05
1194,3,0.008804791638639361,0.003141386477493984,0.9759198879047128,0.007537610385287118,0.0008937310359947305,0.0017193583129445607,0.001958869489707124,2.4364755220076894e-05
1195,8,2.4848228723162693e-06,0.00012508728618475416,0.2577945472764907,0.0042547523637168246,0.12099666797469646,1.0880695944855311e-07,8.100342853316686e-05,0.6167453480405465
1197,3,7.381027164151523e-06,0.00017669125397757975,0.9939580375250864,0.00011198554927606026,0.0037974182320382028,7.60469734111177e-06,0.0018805763488411568,6.0305366275453116e-05
1201,3,0.00011122819039523664,0.0004949657169018734,0.5690890691822563,5.3084721493228926e-05,0.3674642517091157,6.28946177928911e-08,0.0004113463454054545,0.062375991239814355
1202,3,0.43451916392259204,0.0010828578866653375,0.5576694541503794,8.442621436262951e-06,2.396807231795696e-05,0.004143554702767012,0.002518266518770491,3.429212507162125e-05
1204,3,0.0004117267238345782,0.00026646939659130653,0.9943894933554984,0.00014994447031316965,5.918217745306388e-05,0.002506870998428424,0.0022162692747709923,4.360310998017524e-08
1205,3,0.0007428902560282116,7.797322023911104e-05,0.9545026089665588,0.001336746949280187,0.00022249973719597874,0.0023287634827975916,0.040785292029859165,3.2253580409078456e-06
1207,3,0.0010325487590194815,0.00018848382706646876,0.9937459060171525,9.681919109513505e-05,0.003043783006807338,3.708772567206101e-07,0.0018685897480263305,2.3498573575934755e-05
1208,3,0.0003706302416198454,1.4492537570319388e-05,0.9935801463333687,0.0028193729210775234,0.0003724210641047374,6.88350018604958e-05,0.002532612761961094,0.00024148913843741098
1211,2,0.00088619405427513,0.9564717397748108,5.684691242836884e-06,5.6881830924171e-09,0.040440231125361145,0.0014614195196301987,1.1388977722256579e-05,0.0007233361687746878
1213,3,0.0005251561549122294,1.0207855513414169e-05,0.9932541208442477,0.0003624074288025797,0.005080363982503778,1.2378571857605422e-05,4.2803071019621855e-05,0.0007125620911431422
1215,3,0.002205378003127263,0.001622999144170309,0.9917253428977195,0.003055615954214589,0.00025147076841415826,0.001021253387786741,9.069060546563055e-05,2.724923910177763e-05
1219,5,1.01398867843149e-06,1.2711483493187822e-05,0.4206300920609733,0.00012612330372876332,0.5410484054517123,7.334880179882444e-06,8.218457557007123e-07,0.03817349698547843
1220,2,0.0013928780490685658,0.9890398452141753,1.2746949903741451e-05,2.0830310192636734e-08,0.00869248579204203,0.0006916097876620286,0.00016027762011777507,1.0135756720456074e-05
1221,7,0.0007960619497357116,2.141773549459404e-05,7.28389967172623e-05,0.41817251548427714,5.824474696487266e-06,2.3050800640308525e-05,0.5809003890103412,7.901548097127803e-06
1223,6,0.003452429133338561,0.0011979785717617561,0.38485872886183553,1.4583753097830487e-06,2.7018765856318597e-05,0.6104301527057752,3.193219617887012e-05,3.013899441424765e-07
1224,6,4.98872570506056e-05,0.0005261511483542706,0.001193405612068147,0.00015616371580954658,0.0001193441616924156,0.9975422920628503,0.000412674681692954,8.136048188970033e-08
1227,1,0.5283939316223026,0.46935899485046595,0.0008443691763573487,4.39423552994229e-08,3.302222818327796e-05,0.0012478019989109136,0.00011976802959257918,2.06815183204061e-06
1232,6,0.03615013165839579,0.005276193383718509,0.004254654148304975,3.5346021987994133e-06,0.0019137300232966073,0.9511400042447995,0.0012615895460347036,1.6239325097191736e-07
1234,7,0.002723833166698627,0.002615377793448924,0.0035149841846732746,0.09931895293895357,0.014477086627843165,2.7974632562576857e-05,0.8772906801282431,3.111052757687782e-05
1235,3,1.9462136713982934e-06,6.33357273380927e-06,0.9705693353704797,0.013422783465533593,0.00444716115546729,5.9948722154736715e-06,0.011387107109993494,0.00015933823990528983
1237,7,3.095942801531127e-05,1.950887935332545e-06,0.38996222912081907,0.015253319021240237,2.232421284751159e-06,1.2736516081828185e-08,0.5946158241890385,0.00013347219515062015
1240,3,0.00044928537197769426,0.0004433607900346703,0.8706546978506146,0.0006777466394776487,0.12282261794571575,2.1371609362241704e-07,0.0034834394776350136,0.0014686382084509412
1241,3,0.03956666602206632,7.71697315295025e-06,0.8857005917711903,0.0020084632543435257,0.00025123872845853436,4.937723209968819e-08,0.0716950208792602,0.0007702529942960456
1242,3,0.001486378528172503,4.5792554877148225e-06,0.49979905526608454,0.02238458728751444,0.23157189706292916,5.750208515086064e-08,0.24460855566646594,0.0001448894312606642
1244,3,0.00010016966122059066,0.003697440794525574,0.907941049916445,9.132435081601702e-05,0.08567823149690916,9.53049827360932e-05,0.0019407864100660747,0.00045569238728164664
1245,3,0.001101674104054071,0.0003159091545582905,0.9937403296669215,3.962301885306049e-05,0.0009322545678101255,1.1979869424051596e-05,0.003828246118556347,2.9983499822667915e-05
1246,3,0.0010787738626523856,0.0005712247557795597,0.9909470209451892,0.001911649354677503,0.002987463255673245,5.437056269203659e-05,8.832121389949532e-06,0.002440665141946161
1247,3,2.5598727991638564e-06,2.192085210776025e-06,0.5377883158475488,0.3758739675043268,0.0006087346403208687,9.843911618836642e-07,0.08533275961092744,0.00039048604770424935
1248,3,0.00029948664905798505,2.5443010474243695e-05,0.9974511918909912,0.00025960150608396454,0.0012282343494946443,4.24438899804518e-05,0.0005803156668714122,0.00011328303704607475
1249,7,0.0035616833026142487,9.293566416734624e-06,0.0031608463493154365,0.006621209556880718,8.934230691246792e-05,1.9885200295801683e-05,0.9865364190652017,1.3206523627804234e-06
1251,3,2.1310944755101842e-06,2.9953416746430565e-06,0.9904895154784525,0.0017902493869543334,0.006077007309968745,6.180938811589572e-05,3.7222810916452894e-05,0.0015390691894417714
1261,2,0.00014143287836570226,0.983394997224805,3.3387386634403195e-05,7.595637395413523e-09,0.01525422832842943,0.00016722451264816884,0.0002953832653706409,0.0007133388081092128
1266,3,5.83862268077446e-05,6.86061540921052e-06,0.9977408673098067,0.0012968913115899863,0.0006017914168593301,3.8586385399364304e-05,0.0002475950287184888,9.021705409060104e-06
1268,3,9.333075271496327e-06,4.098011084428955e-05,0.9852280742909174,0.0009007836031743025,0.0049365456207904855,8.127254701565727e-07,0.008478758500073614,0.0004047120734581849
1270,7,0.0014765570376660856,5.879009512587477e-06,0.43934493853278217,0.024540077542601745,1.4956670429011357e-06,3.3339802211635165e-07,0.5345796953856822,5.102342669030988e-05
1273,3,0.00013256419684052055,3.5088319291349928e-06,0.9703884973635466,0.009781016528275784,4.867354333419289e-05,0.00021570465412337446,0.018572320584290872,0.0008577142976594455
1277,7,0.00018075741225081801,8.982042546314282e-07,0.010561686896759813,0.17102673963913245,2.6367928764052072e-05,8.535531195727375e-07,0.8182013782931872,1.3180725314541656e-06
1283,6,0.3698993639753057,0.0005816111746550418,0.015422148081147984,0.0009000511202453074,6.491891054225587e-07,0.6131751722730734,5.633569805394564e-06,1.5370616661805705e-05
1284,2,0.03235186885291327,0.6161736123137503,0.015077574586653058,0.0011809313107032813,0.28610304242811235,0.002460111477176517,0.04012540946695888,0.0065274495637324655
1285,3,0.005098676873036,4.807974592711817e-05,0.9886005611907648,0.000789652930737611,0.0029638217925550946,6.099049692211876e-05,0.00240624166517883,3.197530487830384e-05
1286,6,0.00010989676650556125,0.003232363504700923,0.2994934429751398,2.4968366231104484e-06,0.00014558081191378582,0.6969464969375309,5.263138887668903e-05,1.709077870917067e-05
1287,1,0.6962276266787314,0.004510704135515904,0.23878971307587046,0.00012201610459152661,5.113498040270974e-05,0.05869963172719126,1.896521858096338e-05,0.0015802080791158626
1289,3,4.605879087087085e-05,3.444574828444561e-07,0.9213880438142271,0.0196978011826909,0.0007347904707543536,2.085300309876787e-07,0.010394906024143431,0.04773784672979937
1292,3,0.0001358188007065137,1.3607389494196292e-05,0.9970785370154285,0.0009761428779786009,0.0004508164779262051,1.716707876539676e-05,0.0013272843782408835,6.259814598880916e-07
1294,3,2.9502538346281223e-06,7.980029422729178e-06,0.5007616762329009,0.039119584150876775,0.4595379524517486,2.3951938729974323e-06,6.1784503835746605e-06,0.0005612832369598955
1299,4,0.0007247978238088794,1.2558992313381908e-05,0.006777271789843168,0.6089964465431227,2.9583488679088438e-05,9.184511711678261e-06,0.38243347057301597,0.001016686277505115
1305,5,0.0025939944189552356,0.0007269676718128207,0.022014765066005484,0.0003362247209725599,0.8168028906349256,0.000210914220401822,0.1497628907120754,0.007551352554850919
1306,3,0.0017232283375642552,6.867718740866341e-05,0.9955806650610972,0.00025083792836415845,0.0019373080448246026,1.0759973504361008e-05,0.00041042994206530285,1.809352517134899e-05
1307,3,0.0001561161112683766,1.8348623101106764e-05,0.9953954325074053,0.0010340175360120975,0.00026121612562089106,9.561962179114518e-05,0.003026044945993327,1.3204528807749345e-05
1310,3,0.03710301707887593,4.964088086690944e-05,0.94224148819087,0.0016740789807148605,0.0032318740452926212,7.786290240462048e-06,0.0008635329543000113,0.014828581578839234
1312,3,0.0008894314780002362,3.851026635149341e-06,0.9929506517018579,0.0015194176565944601,0.004428686452825845,4.2221562163250535e-06,0.00010126705755809641,0.00010247247031179255
1315,7,0.015821041538931366,0.0002577326138214813,0.0011415006098078986,0.00037943339657819567,0.00017252835961228792,2.9175056452599815e-05,0.9820896603456072,0.00010892807918899736
1316,6,0.001489994583003693,0.012219933596184663,0.004531851936811673,7.844832215095671e-05,5.721214438417811e-06,0.9816089791377434,3.585936662575329e-05,2.921184304160284e-05
1317,3,0.00020561321522930727,2.1386328898387727e-05,0.9519391082906068,0.00022045512125902557,0.03691365009873376,1.2418775865284134e-06,0.0007507137745913187,0.009947831293094782
1318,1,0.6696346336394391,0.08001358975721266,0.04923471115658486,6.460317693203373e-05,0.002613691002818095,0.06275349682313858,4.2328778893539293e-07,0.13568485115608583
1323,6,0.0279106150925742,0.001179342698503776,0.0005176339695628884,0.002003535123072525,0.0006853496315984987,0.9676945527835683,2.287554771776583e-06,6.683146348053524e-06
1324,3,0.00041288613177146966,2.780951668197794e-06,0.9908362341775473,0.0008578458480297745,0.005848644224927665,1.0865495130532034e-05,1.5608543444432247e-05,0.0020151346274805376
1328,4,0.00033117229440022985,1.2507878552904803e-06,0.31777402118291354,0.5035774579066848,0.001441553516700052,0.0967192775983567,0.0801534104161426,1.8562969467763108e-06
1331,3,0.001156462941124849,1.931447610821589e-05,0.9970581461966905,0.00048599318114929456,0.0005034441927264098,0.00040050034512782154,0.00036587362400139614,1.0265043071448515e-05
1334,2,0.006711000361951205,0.9692381869125181,0.0018805938487102666,3.7462009167585203e-06,0.0219954829050647,2.403745539668232e-05,0.00014091760942918478,6.034706013047123e-06
1336,7,7.571001456216052e-05,0.014218542315456563,0.0047491897218688356,2.2090650292703326e-05,0.05831388572129081,3.782262000031259e-07,0.9222127664005438,0.0004074369497851296
1338,6,0.02521755733996371,0.42511720564560235,0.07793197876988407,1.42171903679006e-06,0.00015142205927008075,0.47155033034685556,2.225495666972108e-05,7.829162717643891e-06
1341,3,0.0047496373843462026,0.000994168938218095,0.9926271100136689,1.2309441080530832e-05,0.0009223949383139379,0.00028414021611516624,0.0003994312792076373,1.080778904943406e-05
1345,3,1.174093835215323e-06,0.0008670192962546362,0.9740469112399162,7.363135996688448e-05,0.000415125804341831,0.00011336874927646775,0.024462021897105852,2.074755930285023e-05
1346,3,0.007295570438324128,0.0043314824910767455,0.9797882988965296,0.002426671331056303,0.004836855040672906,1.1837551503349023e-05,0.0010926601238374996,0.00021662412699932323
1347,2,0.010052193906031522,0.882850346187375,3.808399459365763e-06,5.002765394558221e-08,0.10393593812223367,8.350008427653835e-05,0.003022629814476505,5.153345849340431e-05
1352,7,1.1494238605668185e-05,1.5265105381013486e-06,0.11757206198820243,0.3926428710653968,0.00019872358020352272,0.00032120562997474004,0.4892520825125408,3.4474537920350376e-08
1355,3,9.680805051641054e-05,7.356917419048654e-05,0.987465043055537,0.0014149028842720206,0.009759962106026698,0.0003371503057417415,4.068657518893671e-05,0.0008118778485266824
1356,6,0.0002373114176076883,0.000568157220049054,0.0002654693566983298,7.35925986415639e-05,0.016628726879853117,0.9821973801164124,2.9310126919583613e-05,5.228381817414231e-08
1359,7,0.0009852581394863321,1.2757634815362768e-06,0.0023056537263877004,0.15267951788877743,1.5503936655047262e-05,2.4809643297895123e-05,0.8439836939682926,4.286933621433774e-06
1362,3,0.00026173093787648394,4.543406323822986e-05,0.6617934193616349,0.0015925156547295996,0.32705392196843647,6.2655356403463015e-09,0.00046617201560998953,0.00878679973293857
1363,2,0.00034724789884075033,0.9807048428036166,9.488866359133779e-06,6.149021371565279e-09,0.010335430565651775,0.0008039052107960048,0.006850854226073721,0.0009482242796403228
1365,7,0.0011247615464122576,8.882978563581955e-06,0.4212504006427528,0.01354557940027733,2.0476410863930744e-06,5.901292670920063e-08,0.5638925502430616,0.0001757185349192353
1366,3,0.0027946322198890545,4.137373997490996e-05,0.7199531428618423,0.0009075496313311712,0.27026899815108574,8.893880380723836e-08,0.00568078092287592,0.0003534335341971082
1367,3,0.0009885575555092958,0.0005669944502509504,0.9964599537925398,3.2107304123000244e-05,0.0002690301257925662,0.0011622069353487174,0.0005209123404617246,2.3749597405957e-07
1368,3,0.012456861099689938,1.3022481073886244e-05,0.9333957976691548,0.0019190500573176312,0.00010370697082955974,8.377781780281286e-07,0.04947431015812574,0.0026364137856301935
1372,3,0.000668159713675153,0.001107755136316688,0.9919471227288451,0.005143937856341386,0.0005879739731821809,0.00012139568343584943,8.877880396174753e-05,0.00033487610424179934
1376,3,4.018133247025286e-06,2.0926629596861238e-05,0.9885070613889408,0.0008885454943972711,0.00942901582669321,6.881708206469602e-07,0.0009366573649485912,0.00021308699135559535
1379,3,0.00015346512433056243,2.605481834368576e-05,0.9959151453487066,0.0002920749670957057,0.00044093365379720156,6.725263097105742e-05,0.003073990290721012,3.108316603421042e-05
1381,7,0.0001956694530970793,8.78760821850283e-06,0.4019173510814977,0.005367301118258554,7.011447087289844e-06,2.356543408729165e-09,0.58910628979728,0.0033975871380174287
1383,3,0.000282316291402871,3.668229931615688e-05,0.7865236319951849,0.004439286520094346,0.20521181612798625,6.069279343460101e-08,0.0007319335617351542,0.0027742725114867778
1384,7,5.0297562718843585e-05,0.007182860811654659,0.0005600982554976624,1.9032275552928494e-05,0.018586766212641017,3.7255337043453085e-08,0.9735903082098403,1.0599416757627423e-05
1385,3,2.199666567861866e-06,1.049246779891586e-06,0.9764426329116073,0.0012459640112320528,0.017001817347947566,5.02443219600177e-05,9.127327964613364e-06,0.005246965165940703
1391,7,0.013650125231790477,3.029808398890766e-05,0.0057266635533435375,0.004380867244832526,0.00025605731852171765,1.5119114603023772e-05,0.9757716713659904,0.00016919808692939797
1394,6,0.00869313516760209,0.018863911939794,0.09005011523754178,1.8027137779894145e-05,6.142528629715715e-05,0.8822976825676364,1.6310643840743611e-06,1.4071598964662278e-05
1399,4,0.0006425369863930489,4.5546047549881525e-06,0.0034153267050363706,0.9167555669648689,0.0011647186418107102,0.06796634384602783,0.0100405446994227,1.040755168547806e-05
1400,3,8.882415148698314e-05,0.0002795504770753596,0.9840239940027877,0.0004957057388259516,0.015006774531394203,1.5503867888696e-05,5.499193393495162e-05,3.465529660627584e-05
1407,3,0.0010913003217010967,0.0005062578291801282,0.9922962735454988,0.0007635006879713885,0.002343171998928537,0.0003679985238605048,6.674305731865501e-06,0.0026248227871277707
1408,7,0.0029133292002386907,0.00368115080113153,0.04129961893274718,4.6060599553863814e-05,1.837839389411125e-06,2.3362113493111402e-07,0.95200225606145,5.551294435449543e-05
1409,3,0.001335191088270848,9.364479778009818e-05,0.9953188904508198,0.00016007875854580876,0.0021311820142517588,3.990420509511972e-06,0.0009199020023218506,3.712046750046396e-05
1416,7,0.011853250922808664,0.00040104346520700363,0.023945933109598895,0.00011740167821692274,0.007621107462925208,8.485642601865461e-11,0.9551244627754466,0.0009368005009403993
1417,2,0.01674773047722681,0.9774247158131475,3.819040499715687e-05,2.053730061496756e-10,0.0051797198278546,0.0004300554792826284,0.00017326813897640484,6.31965314170576e-06
1422,3,9.400122043854169e-06,8.958242036846634e-05,0.9797876576815989,0.00011102229999074875,0.018868003979434708,7.165315735272283e-07,0.0003447164131621669,0.0007889005518277978
1423,6,0.00783319039452301,0.0505183679787018,0.003962867006420695,1.5717503975127523e-06,0.0017675092525417117,0.93351993138734,2.747391037353324e-06,0.0023938148390379083
1425,3,2.4729064327714237e-05,0.0012529683204768735,0.6277086917814043,0.00020923231862032292,0.2682293547594269,1.9160219223976885e-07,0.007064116009291976,0.09551071614425952
1426,5,0.0004187251974221268,3.211979705145739e-05,0.10000490704362784,0.004604877880624339,0.8942769720087462,7.65609911838221e-07,0.0005682694980743754,9.33629645418989e-05
1431,7,0.005990426504560423,0.031165621382137618,0.10386257578755488,0.005024458092160303,2.9423045571621234e-05,0.0028740086889554664,0.8509977282378081,5.575826125156732e-05
1433,2,0.004541770568885422,0.9873343164037176,1.608988617027837e-05,1.121272466194652e-08,0.007284566004256338,4.4005779654275815e-05,0.000777162026133353,2.078118458173759e-06
1434,7,0.009434418107407382,0.00013398895594668033,0.018851979404976155,0.0009099814562750038,0.0020403296636598697,5.163501673686168e-10,0.968131856354883,0.0004974455405018926
1436,7,0.008052907228840736,5.233513619069535e-05,0.0006806999687121527,0.0006555173593029182,4.1070196111436984e-05,0.0014575252417483742,0.989059519241186,4.2562790762646987e-07
1439,3,0.0005456306211425767,1.4095541527783163e-05,0.9942411783197153,0.003009660602330968,0.0005506482157505773,7.90727920907838e-05,0.001275346518002808,0.00028436738943908357
1440,2,0.00079048548840573,0.9834932724124861,0.00017843721306456644,6.307833865317463e-08,0.0006861585767636246,0.008729663859034242,0.0058306464588986735,0.0002912729130084164
1442,7,0.00023163804251624461,7.78087996905907e-05,0.12872511567515377,0.007354930345650714,0.03763095128022981,1.8395610071321914e-09,0.8259696141559977,9.939861200325528e-06
1443,6,0.0002203573992369623,0.00039636324310592336,0.4082356044606495,8.405492809334212e-06,0.00021050151413448142,0.5908556341920762,1.5775457271088923e-06,7.155615226049924e-05
1444,2,0.00027434251181643213,0.981296710393495,0.0008449177341210086,2.19951180210892e-07,0.005415682987931205,0.006717128021335318,0.0021876437966775407,0.003263354603443259
1445,7,0.00031276930733001036,0.03123741276712388,0.0001865446723303289,3.0206135531988938e-06,0.010647939748070368,1.8901498750510444e-06,0.9576010236988248,9.399042892223315e-06
1446,3,0.0013864159000999356,0.00019535442856113375,0.9942816488656184,5.6332619834315414e-05,0.002555945017283413,2.8858607858231052e-06,0.0014870302479605233,3.43870598564841e-05
1447,3,0.0010660914537898563,7.698249561714649e-05,0.9605348147718695,4.986492800820016e-05,0.03481818948773207,3.344572995208875e-06,0.0009143333060788349,0.0025363789839091327
1448,6,0.01803573974309272,0.014917436147420658,0.029415049681683545,5.8023391090415495e-05,0.0001802886873310811,0.9373558205312719,1.3735427911267858e-05,2.3906390198622055e-05
1449,4,0.0018703411644017361,2.4159640244895857e-06,0.017895461361025558,0.8592864763356617,1.8252726963185776e-05,0.000750076238795436,0.11931861704322638,0.0008583591659014618
1451,3,0.003207362075612128,8.166297318828818e-05,0.9786839922199225,0.0009642739458699574,0.0008489318367028995,0.00012201992945114861,0.016089491748246323,2.2652710067307944e-06
1459,6,0.005628501012148966,0.01651747873479426,2.8887385384388027e-05,2.3396963841524484e-05,0.0006288963571520346,0.9770598508074073,0.00010731555110047537,5.673188171260013e-06
1461,3,2.2790255711044408e-05,1.1965765919561696e-05,0.9824527409587728,0.0032510018599024816,0.009528017912092127,0.004725828498154545,3.5815486966514865e-06,4.073200750676134e-06
1462,6,0.13631358448207131,0.007781781209385866,0.0016358858678726833,0.00022245504166465706,0.0031378803724492216,0.8508995521416821,2.824961296399171e-06,6.0359235777454275e-06
1464,7,0.004226130114017393,0.0013377115486573857,0.000271337030763687,4.2039608508173004e-05,0.00020565359621682076,5.315457255819236e-07,0.9938370650155335,7.953154057752958e-05
1466,5,0.00027792923438531243,1.1716234973929406e-06,0.4367350311859937,0.01975717743779512,0.5376790684810274,4.4664851327129885e-06,0.00466389331711357,0.0008812622350547037
1467,3,6.875884047606062e-07,6.288182149232577e-05,0.9810174964029347,0.002531929955903377,0.00024334375292271048,4.494226198752917e-05,0.016085870039175176,1.2848177179381665e-05
1470,3,0.00019712334331414524,3.22530885621278e-05,0.9974961894101058,0.0003394955018090852,0.0003112636983381028,9.710378107737603e-05,0.0015261734100155977,3.977667779060397e-07
1471,3,9.253670709283334e-05,0.0017644024207968847,0.9022986369986137,8.51958834375096e-05,0.008094832751997995,6.160227927511218e-06,0.0874055277348202,0.0002527072753132145
1473,7,0.0010916952651873594,4.410600239944495e-05,0.2898695517315227,0.0008008866056913439,1.0669821578272246e-05,1.2697065773018558e-07,0.7049916372950525,0.0031913263079106197
1476,3,0.0004201416644046792,7.116009654171859e-05,0.9981318587059524,0.00028668623058894917,0.00030434424201146264,0.00024404251396185951,0.0005414430465377599,3.235000012159859e-07
1477,3,3.637265672425148e-06,5.907510761480967e-05,0.9888795891807173,0.0003001780134915505,0.007364080416446135,5.188266377343565e-07,0.0033010926682974385,9.182852112250867e-05
1478,4,5.1749531734770615e-06,2.1816067183284205e-06,0.012150739636019986,0.5065564412965758,0.34605262990053937,7.27563007017046e-06,0.1352231122133127,2.4447635900337667e-06
1479,3,4.7834298859230776e-06,6.149270528339924e-07,0.9389409200286671,0.0526444283522669,5.5956203148323946e-05,0.00014438480056224245,0.008187335465400632,2.1576793016060135e-05
1480,7,0.06999266831207646,0.002147926430882759,0.0008473357019345061,7.331240817779228e-05,0.00013934342125418225,2.0094255775941443e-05,0.926773339746997,5.979722901326542e-06
1481,3,0.00015057597320081062,3.275471158365084e-05,0.9960509669271589,0.0005966579842830736,0.001187426922132815,6.931561938401528e-07,0.001979098384583405,1.82594086359777e-06
1487,6,1.89147074817503e-05,0.0158629519590528,0.007116949145342264,4.035625800855026e-07,9.875079996641245e-06,0.9750674347928135,0.0019225623653874528,9.083873455290724e-07
1490,7,0.00012991284143126246,9.156802901803564e-06,0.37377267185724883,0.004573164126348778,1.3441382064843496e-06,3.944910986432271e-08,0.6215049854015109,8.725383242230564e-06
1491,7,0.00702563779946335,1.811508344873085e-06,0.012659100673655749,0.08793566436967709,7.675106611897405e-05,0.00013089578356253724,0.8921472775663266,2.2861232850838922e-05
1492,7,0.0007296953934701581,1.0443444897313846e-05,0.07817525917789912,0.031250712896499756,0.00047149342365251836,1.2033892013863648e-07,0.8868986220305412,0.002463653294119956
1494,3,0.00013052215669781374,0.00010279051444224863,0.9937315186261892,7.402417819837584e-05,0.0010079542668672825,2.611853593739553e-06,0.004855152529426315,9.542587458498312e-05
1495,3,1.0877992332182215e-05,0.00013179667543596218,0.9955578716606979,0.0003622494905258166,0.0008649836704458479,0.0009160404008832148,0.0018095331990374683,0.0003466469106416963
1498,7,0.0034675287840542283,1.5544207167390646e-05,0.37892753211175745,0.0198419636291386,5.269759190114205e-07,1.0209471812479189e-05,0.5977191944232871,1.7500396863709198e-05
1500,6,0.00016931599947521382,0.08809238083397405,0.0015261039082430847,6.251200675701312e-05,0.00010918856556075582,0.9095700739104201,0.0004275846043858444,4.284017118412268e-05
1504,7,0.00011693026551731027,0.3998728392804869,0.07537073551370681,0.0004546028273560116,0.002428554875103161,0.0001400155668753363,0.5211032051289475,0.0005131165420070266
1509,7,0.01171953280037017,0.00011943664114003092,0.005112094154107421,0.002295289799163651,0.0002159454730260515,1.40141653742193e-07,0.9805252413672637,1.2319623275192107e-05
1514,3,2.762955925907139e-06,5.047370920626277e-05,0.7784087373913657,0.00016317104157615565,0.07188665895382951,8.864086828724473e-07,0.0056736760571635255,0.1438136334822501
1517,3,0.0006630200260105599,7.3660708614212555e-06,0.992837388267999,0.0006282712083326898,0.005390233574027111,9.079011613806007e-07,0.00035560043930690744,0.00011721251230106747
1519,7,0.02808330675312589,2.342668622823683e-05,0.01709424305794652,0.02598269790386458,0.00012797303781593488,3.303320597161885e-06,0.9286766715152209,8.377725200793132e-06
1520,3,0.004964257382795412,4.164797698361393e-05,0.9682936552212718,0.00018086456740456293,0.025087887718831896,2.082984295268405e-06,0.0010898648394002518,0.0003397393090170147
1521,3,0.0001327557794158969,8.426539714976966e-05,0.9758336868086059,0.0004981645042367352,0.0197402802397531,2.7956864633991088e-05,0.002320609568501356,0.0013622808377030365
1522,3,1.9794763896204214e-05,7.007335256732761e-07,0.9733665178274611,0.025502408610069516,0.00039833352737804505,0.00010199743465772914,0.00042268887813751973,0.0001875582248741531
1526,6,0.012131643937312427,0.004538077641899144,0.04307030431993536,5.822776829303149e-06,0.002314066580781057,0.9377677777095462,0.00016860404947061935,3.702984225680036e-06
1528,7,0.0001601546502046642,5.5188792881536896e-05,0.036853961731309455,0.013692729868396628,0.007522263449426705,7.12306847116313e-08,0.9417142469391584,1.3833379378268535e-06
1529,3,0.0009069641299064148,0.0011871352861741562,0.843520363835428,0.00017021102148717993,0.14752850352496705,0.0003843287740864899,6.521205679549417e-05,0.006237281371155189
1530,6,0.004902793436869928,0.03430321900715899,0.02469173345686835,4.787334454847097e-06,3.497945281151929e-05,0.9360498557173038,5.549271930609924e-06,7.082322602124501e-06
1534,3,0.00017799445202186135,3.685324903131871e-06,0.9056417187126826,0.0072663537861195684,0.0006930823215446929,2.629360763158577e-08,0.08347775386317256,0.00273938524594789
1536,3,0.00041678813911420244,1.1014104868865758e-05,0.9934411755983396,0.0030958216098541085,0.0008034376629051986,2.524112826824239e-05,0.001845364167079383,0.0003611575895704148
1538,6,0.012326449745598602,0.007263332527329585,0.00012188315048740478,0.0003000680852940075,0.0006790528737665989,0.9792608872270048,4.47013144930569e-05,3.6250760260083093e-06
1539,3,6.901140844951632e-05,0.00011046806658267698,0.9736207932035507,5.9563347531002225e-05,0.0011685666688786144,2.5362621045342896e-07,0.024969853489531017,1.490189266036601e-06
1540,7,0.01244599936363246,3.036833816090809e-06,0.04108865125452072,0.1278990084341271,0.000105533451211082,1.1260244588805186e-06,0.818446356102151,1.0288536082782148e-05
1541,3,0.014062205637364584,1.8729053411144635e-06,0.9732232518266538,0.004585756161455919,1.1944565053786558e-05,0.006495812126565998,0.0015950059284700149,2.4150849094809323e-05
1542,3,4.1712893247120025e-05,9.258908934988938e-07,0.7333012784480075,0.23238798786184772,0.018003505599435754,0.0006186464792258437,0.015582165309395902,6.377751794659075e-05
1543,6,0.005364875053854502,0.0007084138513835348,0.4585764224781437,3.0239076850365675e-06,5.3056378778917745e-05,0.5352830961937356,1.0406307593420617e-05,7.058288251556021e-07
1544,6,0.0012477159067478846,0.00019290689044599196,0.00473510282035305,4.579422318926137e-05,0.0003971323018463377,0.9927894616113797,0.0005918355325080232,5.0713529777565795e-08
1546,6,0.015768044122360738,0.00042172687819145834,0.009989934738310705,1.1967331088118045e-05,0.004741886481967019,0.9689966267750162,6.48928830802846e-05,4.920789985513459e-06
1548,3,3.49101945649881e-05,0.00046161539309019615,0.8672624950947349,0.0006265311299120028,0.00361252309233818,2.389371746560143e-06,0.12787713004584828,0.00012240567776480743
1551,3,2.1180912557685336e-05,2.3004990710956135e-05,0.9816698775384003,0.0010831100756920758,0.0010466918693748245,0.015483661896563292,6.902922535415845e-05,0.000603443491346849
1553,7,0.012050177446925476,9.744421044253325e-06,0.04721821504403967,0.027651626957323632,0.0002729458967673311,2.3702682220750032e-07,0.9127820398031637,1.5013403913578065e-05
1554,6,0.00018893628610052682,0.005070699118993562,0.0770278494483921,6.396806200673236e-06,0.0003229169870714769,0.9145991863167414,0.002763762334877104,2.0252701623194306e-05
1557,3,0.0006535568829470899,1.5612944031196367e-05,0.9920244720831868,0.0007382533940395739,0.005864361193137445,1.5637928130760794e-07,0.0005603862494910967,0.00014320087388572763
1558,3,0.005644825414956768,0.0006951278171930871,0.989397487475604,0.001310728338625079,0.002167195818002946,0.00037438763744526796,3.0722600914352898e-06,0.0004071752380815257
1559,7,7.448397850509685e-05,0.000216435572539261,0.08829102853201633,0.0007005479510025019,0.020553466341291887,5.976804971049549e-08,0.8901208287188036,4.314913779154616e-05
1563,5,0.0037965180700211404,0.0011114171885728468,0.033485667015902595,1.7815437258051742e-05,0.8471070056882325,1.6348163466564577e-06,0.11151137245490753,0.0029685693287586903
1564,6,0.003003116510173401,0.0012252811685839642,0.3258500014493969,8.380723933034726e-07,2.627228120520532e-05,0.6698646677175782,2.9300192787910447e-05,5.226078810750517e-07
1565,3,0.0004961868173267978,3.4381265146494045e-06,0.9875225307354482,0.0026173583520777955,0.002611683998808986,1.0873207732894308e-05,0.00017734158628144404,0.006560587175809201
1567,6,0.4071139259916687,0.017249097230813554,0.005156702534085659,1.601498414853413e-05,9.080527671559292e-07,0.5703320493346495,0.00012392366204086762,7.378209826011621e-06
1568,7,0.0015898472870321447,8.725713053985017e-06,0.0716824539118259,0.22311716198794998,2.5986712282384484e-05,1.559361152089959e-06,0.7035620716200357,1.2193406667782011e-05
1569,3,0.00017722418496691377,0.0006130216133989718,0.39508600245046965,2.4711831214120267e-05,0.2715205396947627,1.8155289635118312e-07,6.40464265924341e-05,0.3325142722456988
1571,3,0.0005504151432244931,1.6076202945025512e-06,0.7791947756727954,0.006055490096491249,0.21022218710437818,3.0227704443297936e-06,0.0009791981245152537,0.0029933034678565813
1573,3,0.00039796298525930304,0.0022926751827072787,0.8894045710360379,3.408485361509483e-05,0.10438458916726454,1.834879426189427e-07,0.00016831958905894756,0.00331761369811421
1582,6,0.0025323093981073023,0.0021326476475647823,0.2539454550258186,1.2357784472601913e-06,1.5469394582105085e-05,0.7412585942518628,0.00011414603110765927,1.4247250942894183e-07
1585,4,5.5962478183782614e-05,4.7639465696549563e-07,0.081283116711137,0.8664151750770366,0.006812738615842943,1.9907995249190088e-06,0.04501805941398774,0.0004124805096302833
1586,6,8.352952411419861e-05,0.0037179487384704658,0.029250561186154288,1.8847638171387718e-06,0.0005349398357401321,0.9664030159416221,8.09729377084651e-06,2.2716310686172304e-08
1591,3,0.00014472678781308871,0.004873246636012166,0.9746017098980438,0.0016146735960944547,0.0014136173005174012,0.01657886586309899,7.726013290764176e-05,0.0006958997855121522
1592,6,0.010408781620719268,0.003298195218451599,0.01924099437550529,0.002028597476616039,8.229643356598257e-05,0.9645015409798409,1.868966758538873e-05,0.00042090422771536956
1597,6,0.0029400396207095083,0.0011559888451281551,0.10327836418106696,5.7182472351746166e-05,4.326623072702401e-05,0.8839569699522962,0.008560184178629708,8.004519090925888e-06
1601,6,0.008547288439998251,0.0112474307702602,7.599637806615676e-05,0.0003194758192695688,0.00038602885858307243,0.9793467542980457,7.488934452317212e-05,2.1360912539845633e-06
1603,7,0.007653339074847438,0.0010664381172497059,0.020511018460021013,0.0007221924643543713,0.0002537359076526794,4.730360347677064e-07,0.9695728528243682,0.00021995011547193635
1604,2,7.484952483641185e-05,0.9703460904816796,0.0020913607377125907,9.361572185967608e-08,0.00024122146512597779,0.0003902418232189364,0.02679989471485621,5.624763684844399e-05
1605,3,4.593181938289879e-06,1.176496644589355e-05,0.9904682092279086,0.005602131258068594,0.0015136990249932267,3.784268611219142e-05,0.0010938898644639269,0.0012678697900691482
1606,3,3.344700331000571e-05,3.442590798079516e-05,0.9216698433872406,0.00024294069289082764,0.0530256992174276,1.8968037767872372e-07,0.00011451585666979253,0.024878938254102853
1612,7,0.002505906653212309,0.00011584392638880189,0.0009638968704783394,0.0915821026426719,0.0010571245874690554,6.069688786313854e-09,0.8882281133547842,0.015547005895306526
1613,4,0.00873461728354092,9.997221365944238e-07,0.0017450012752706723,0.8520980831594457,3.356294699551721e-05,0.0027430360083089663,0.13454351694928599,0.00010118265501569749
1617,3,0.003934134372878055,3.663924811087694e-05,0.9366666942507095,0.0010714175261590916,0.0012262521064949176,3.9349154499796675e-07,0.01414155232004903,0.0429229166840535
1618,3,0.0005043235708377529,0.0007464134887916866,0.9853457618099509,0.0004103863722709472,0.012648504890849434,5.236379926347649e-05,0.00012711566835300612,0.00016513039968298608
1620,3,4.627294572622177e-06,1.4488921909026522e-05,0.9705719922088413,0.013791201012520526,0.0004141864330595156,0.006812236671258535,0.008384842464984362,6.424992854165806e-06
1623,3,6.769146435095769e-06,4.026247246073642e-06,0.9888924307396447,0.006397280397629063,0.002113399595476412,0.00025810387529632043,0.0001606468264834526,0.0021673431717889355
1624,3,0.0017024955454763865,0.005477987191259244,0.9400428261267523,8.875592613115714e-05,0.0018599568430639841,0.050744516802193905,6.737195675085377e-05,1.6089608372341448e-05
1625,3,8.378703929862672e-05,1.747092033939816e-05,0.9512193756718158,0.0026302137662324,0.03984818239374221,3.0371455294734217e-05,8.379753627228143e-06,0.006162218999649614
1627,3,4.260548780144133e-06,0.00015195529480560506,0.5231503664013265,2.3740402157689037e-05,0.3826162496371131,3.037212890207999e-08,0.00024320503012550455,0.09381019231356247
1628,7,4.474319502059705e-05,7.376975482559373e-06,0.03496130370988721,0.08119775090532792,0.0050260458844352315,4.790029885551122e-07,0.8787597964232328,2.5039036253184833e-06
1634,3,4.618671843400445e-05,4.172273495378766e-06,0.9872672364452795,0.0076658328845704135,0.000347692863793761,9.958100257301552e-06,0.004630826955007579,2.8093759162296405e-05
1636,3,0.000218180795701329,1.8254335783652313e-05,0.997094636501487,0.0006181861240812587,0.0013818077403135501,4.485463810170157e-06,0.0006623586585816962,2.09038024140552e-06
1639,3,0.00022170688932348717,5.6594930028529335e-05,0.9972225121451471,0.0005379001083359462,0.00037125435172990915,0.00014393336622002463,0.0014205178574769324,2.55803517380169e-05
1641,3,0.00016441671399242914,4.2361796192160416e-05,0.9567413929627803,4.1951148594333905e-05,0.041375173571542224,7.093165717305277e-07,0.0011658248404793567,0.00046816964984735697
1643,3,1.5373230630643974e-05,3.7348831206757085e-05,0.979119814556321,0.0008996874909707382,0.015466903119416255,1.3567129912276832e-07,0.0014564131121919894,0.003004323987963629
1647,6,0.18164683827586872,0.027257315327026452,0.0012339932781996988,7.56071483699584e-06,2.2150922722776126e-06,0.7891508432006441,0.0006240300154087468,7.72040957429592e-05
1648,4,0.008730195386935462,3.945716583559612e-06,0.0031893438523535765,0.8047319322450865,0.00026618914119454977,1.4375647640873356e-05,0.18060033898549469,0.0024636790247108313
1649,3,0.010757797376764525,3.474838130207453e-06,0.924616553360337,0.005252036417047159,0.00019208516350516228,8.819651947761961e-08,0.05672336241893152,0.0024546022287650396
1650,3,0.00029243426021782103,6.457332338198335e-05,0.9650167190555391,0.0018145948312302625,0.03194348310475202,1.3320123659129204e-05,2.8534761363740366e-05,0.0008263405398557527
1653,6,0.0005463058884257736,0.0001680744839914578,0.0012201962604638512,0.000649065333616687,0.021547603073023527,0.9758591154371409,9.570150542429415e-06,6.937279530548969e-08
1655,5,0.00014476497809101226,9.629705181384647e-06,0.0842338283312973,0.005570348017099631,0.5455862357139973,5.06162440449811e-07,0.3590509628936808,0.005403724198212242
1656,3,0.00038333865352557425,9.857091514950292e-05,0.9089446471304533,0.00821641568397217,0.08024812749996887,2.2066734040348988e-07,0.0009656401166072354,0.001143039332983014
1657,3,0.00019240509645923525,0.00012838937456664684,0.985911895229665,0.000610379427653709,0.012596316538147924,0.0005183714259863314,7.057105268858307e-06,3.5185802251964367e-05
1658,5,0.001388831551625169,3.3589322667506356e-06,0.22431097992221577,0.0037664626982759457,0.7496829521910552,4.22573839843221e-06,0.005923692063086427,0.014919496903076247
1660,3,6.007379102681982e-05,0.0016498326259052785,0.9833976601746507,0.006173397730571262,0.003981938119421138,4.7078901327199365e-05,8.395719802565415e-05,0.004606061459071899
1661,3,5.851751724145082e-07,3.950014977871137e-05,0.9492036589830011,0.00445923921544466,0.0461211015201174,2.8925188994518967e-05,0.00013223322683876098,1.4756540652424188e-05
1662,3,0.0010217492978739004,0.00014316319684441137,0.7677045574572656,0.0025944306385723153,0.2230379014872323,1.2933785976892572e-07,0.00017120843300046193,0.005326860151351282
1663,5,0.008449892843799557,0.009524662118980731,0.005472577188731285,2.173887790864534e-05,0.7691435146641258,0.0006712285404902668,0.058452428991690626,0.14826395677427331
1664,8,9.952911274759739e-06,0.0018919025742477303,0.12614168711648965,0.00029809302212632766,0.12409286541441356,3.482211292702867e-06,7.981842585470987e-05,0.7474821983243005
1665,7,0.0010674195804630043,7.331949756906453e-05,0.021831013282221864,0.0064019580146626835,0.003888761329808777,0.00015943134048312035,0.9665776551439944,4.418107970273564e-07
1667,3,0.001016507304443359,3.385951156506953e-05,0.9943260846225779,0.00034989931972119194,0.002118129936531049,0.0001163675306500082,0.0020365670970319944,2.5846774794867836e-06
1668,3,0.0001302448757273118,0.0003948150528089838,0.9753128906791252,0.0004570436358062014,0.005313095032213249,8.077800601301262e-05,0.01815659306898721,0.00015453964931890247
1671,6,0.12857030814465595,0.0001149867060872311,0.18035332176673596,4.193836029110847e-05,1.2657390182576535e-06,0.6895962597534617,0.0013159222568801538,5.997272869545057e-06
1672,2,0.0001286615702630271,0.9559021755180017,0.00013802833686664181,2.1637322953904766e-08,0.0034726385231142,0.03293674802557482,0.00255001563476359,0.004871710754093131
1673,3,0.0016287443663144175,1.8046673937299684e-05,0.996406059476772,0.0008344253947410948,0.0006909328655749626,0.00024598295827185494,0.00016628976061797298,9.51850377051207e-06
1674,3,0.00016923044291707322,1.722572489717735e-05,0.9922567962881327,0.00035715599333315505,0.006599185731469971,6.727671723076245e-08,0.0005807041780688659,1.9634364463643566e-05
1675,3,0.001265503333183175,0.0003392664385939276,0.8176296034751749,0.0004318066409656189,0.0734068901477457,5.41601949405649e-05,0.10686776301690139,5.006752494815154e-06
1678,3,0.0005235957458884222,0.00047207380262731405,0.9712780695465674,0.00016243320707896123,0.0019646886389053705,2.8666746720399416e-07,0.025021048316900597,0.0005778040745647044
1679,7,6.546748001526383e-06,2.2342103437455274e-05,0.2134168722053514,0.09551995519878906,0.004776683599435584,1.335725189323994e-08,0.6861817198537753,7.586693395774494e-05
1681,3,0.00017670391199404572,3.419441484022844e-06,0.9962937199743077,0.0022861638040645614,0.0006441786924562571,0.00010528917110450329,0.0004278187039086872,6.27063006802166e-05
1682,3,0.00031967795883928947,0.011660492122510654,0.9616583375318153,0.0006119309632029831,0.025341052223008226,3.8781059767985175e-07,8.170673772742688e-06,0.00039995071625336656
1684,7,0.0006445777718128945,0.016333135595254008,0.009990109416970698,4.633347439976296e-06,0.15260075078345567,5.042644910160474e-10,0.8204013601183323,2.5432462469857674e-05
1686,3,8.291342061132246e-05,3.7461649531755743e-06,0.9894676234859301,0.006764790160016724,0.0002853726261506569,0.00027939296130446355,0.0026741837732743028,0.00044197740775925917
1691,6,0.001472559254883353,0.11683125589662033,0.006739393904852106,3.0544379168226436e-05,0.0006736474434226598,0.8741295029596545,3.1854031931575634e-07,0.00012277762107949647
1694,3,0.0007619231846861044,0.0010541566591974968,0.9834558012070109,0.0005584170648949296,0.009366049447621125,0.004523111991031312,0.0002738674024279213,6.673043130277945e-06
1696,3,1.4242740640245843e-05,2.3800342964103056e-05,0.9870096508312719,0.0009300689217618375,0.008984971952960196,1.301489407743268e-06,0.0014165021173744986,0.001619461603619519
1698,3,2.3586596440331932e-06,1.3728295817172796e-05,0.9777925805873249,0.001363854506821594,0.018736414930781608,2.5714235862709942e-08,0.001272685776673217,0.0008183515287018445
1701,7,0.09432554877894385,0.0007045290787729393,0.0017137220021272547,0.0002974762707555018,8.152728775019658e-05,0.00021734815392456563,0.9026550162082433,4.832219482278149e-06
1702,7,9.703770180386105e-06,3.6296556203242e-05,0.0011863445730106487,0.006977541459311369,0.0064260401986011,1.423079530217502e-06,0.9853419528205535,2.0697542609590325e-05
1703,3,2.3762313070845995e-05,4.697365560641434e-05,0.9941785419991779,0.000825680888199415,0.0035912236444404027,1.3860004849897784e-05,0.0009270181332879211,0.00039293936136740716
1706,3,0.0001007347320860435,2.732020356219981e-05,0.8618446191181045,0.003403744539682173,0.13409522099631713,5.179931046471198e-07,0.0003109716394625499,0.00021687077768058822
1708,3,0.00016649960161989514,1.6873274858362445e-05,0.9966618001031852,0.0008434423620689312,0.00038316070810954605,6.958212049220017e-05,0.0018382202705087046,2.042155915731053e-05
1710,3,0.0006808850899006075,1.8345406096008426e-06,0.9306858234171149,0.012267304819602986,0.0002452894011570962,3.4267886981013806e-05,0.003928757850444208,0.05215583699418968
1712,3,1.0993690978313488e-05,0.000505448855504686,0.9585079504114971,6.65702387070778e-05,0.02340162193083928,0.006163585772385058,0.0007329082562733782,0.010610920843815293
1713,3,8.897673503067705e-06,0.00010269135134099304,0.9525372824100719,0.0008033071692890478,0.008865527981235034,7.098038023558974e-07,0.03757325678524541,0.00010832682551196603
1715,3,0.0027970442037854653,0.00021247882677104466,0.9036707115919838,0.0009947677324539561,1.0694329635052144e-05,0.059130934265984196,0.033159890520548393,2.3478528838075962e-05
1718,3,2.4371054655324826e-05,2.3794227061371417e-05,0.9876493950226303,0.001597071307007842,0.005618620826425663,0.0004071827359278555,0.003478149989723224,0.0012014148365683131
1719,3,6.782495526299643e-06,4.0127549902504246e-05,0.6336996152712566,0.0007950514891093012,6.232448596648469e-05,7.983948058015996e-08,0.3653942758298528,1.7430389054037542e-06
1720,7,1.611303951726871e-05,3.3924214130160254e-05,0.023674275151586592,0.013549245323201441,0.0025489042856286104,6.861186410221871e-08,0.9601774021986531,6.717541873704686e-08
1721,3,0.00904252797920332,7.885980574372141e-06,0.979834655238205,0.0007727398063333706,7.083310120740715e-05,2.305072363891932e-05,0.010099748172545052,0.00014855899829262358
1722,7,2.942113716456679e-06,2.5776756953137644e-05,0.10366194155009326,0.004248739575351865,3.611100387753823e-05,8.64730929280108e-05,0.8919349955227177,3.0203843619714378e-06
1731,7,6.242419866195083e-05,0.0003613422599197538,0.008404060027783393,0.00040671449483423687,0.08380123123220079,4.471748795471396e-09,0.9068096208694169,0.00015460244543418506
1733,3,6.762030956281736e-05,7.012576880891297e-07,0.9965360327184271,0.0010800927616494984,0.002052905411202954,0.0001743506879362645,1.7049559215526833e-05,7.124729431796071e-05
1735,2,0.0013024602921969026,0.9485146584312814,3.2217404723979766e-06,4.6186121221088483e-10,0.04632061558783898,1.179607912157794e-06,0.003801094460928816,5.6769417508157466e-05
1736,8,3.814313249496514e-06,0.0008348289679501366,0.1907890770440729,0.00038725319489245135,0.17545116592960744,8.678525580173568e-08,0.00015349434575396455,0.6323802794192178
1739,6,0.0014755782946336035,0.0005048813868868628,0.16502123169011718,6.9491431509776125e-06,1.7413620297238017e-05,0.8328602293894636,9.949961039085429e-05,1.421686505976401e-05
1740,3,2.50340261769271e-05,2.3223928633701394e-05,0.9208303251214937,0.011154726980500112,0.06645117957146233,5.838647747511797e-07,0.0004365580726712794,0.0010783684342871923
1741,3,6.946079032865673e-05,8.33761301264657e-06,0.9953502598966881,0.0007801501238598218,0.0022846655866799485,1.2934146189372182e-07,0.001498152697641702,8.843950327327578e-06
1742,3,1.4933189213582025e-06,0.000221010817314692,0.9541285015178769,0.0001343063968084957,0.0259547271026951,1.835246730515251e-05,0.012408891160124419,0.007132717218953987
1750,7,0.00039365966102443265,4.5780043457523006e-05,0.09001330036617983,0.0024528412576239897,0.4144910344365314,1.608284275561516e-08,0.49151977520387224,0.0010835929484677392
1752,6,0.0034822984673618007,0.005742633198505223,0.025765735147119,0.00026823358493661796,1.7924298067018743e-05,0.9645689711831826,5.4688169743239384e-06,0.00014873530385351214
1754,3,1.4679361133862377e-06,8.837858312199856e-05,0.9576923438011128,0.00036023581547545825,0.02766601096586848,6.5315752480757115e-06,0.003493276825593066,0.010691754497466724
1755,4,0.0003885688290329607,1.911280444449342e-06,0.012057609908033002,0.9669953226094832,0.004733397637224964,0.0020524956314442486,0.013693453271112934,7.72408332242683e-05
1759,3,0.0005457209981019672,6.818676105374406e-05,0.9908290398200521,0.0010688529342628467,0.00021552320228169513,0.00026329502882494393,0.006936113906201928,7.326734922058266e-05
1763,3,0.0014653834790480827,0.000156109920656858,0.9104937970992439,0.0002731766185800115,0.001579552806875332,5.102361172820873e-06,0.08602153086641609,5.3468480067251865e-06
1766,3,0.0014571350333267273,0.0005196550838689801,0.964639381099776,0.0021793122008573703,0.030399211390553068,4.5368647176645326e-05,0.00048272923157974246,0.000277207312861406
1775,3,0.0006751475983763981,8.666277100888415e-06,0.9939068770091674,0.0021201158933229756,0.0011784615642923698,0.0001818801758366742,0.0019276498696929967,1.2016122104358549e-06
1776,3,0.0023043385509382277,0.00012135076153243987,0.9960069900288819,0.00010786499662339032,0.0010496703526972828,7.463957699174015e-05,0.00031796377809877854,1.718195423622515e-05
1777,6,0.013666200471675891,0.020744652731076122,1.6785998130056833e-05,5.3601652844725305e-05,0.022735434178503534,0.9421611117662448,7.910665433908156e-05,0.0005431065471856763
1782,2,0.011110047569154825,0.7269733194807316,6.4343796130499955e-06,8.388091324406948e-08,9.056019587266699e-06,0.000620776426984709,0.2612194662818168,6.08159611983498e-05
1785,7,0.0754917151157026,0.0021421336490181197,0.000781063320743043,6.812138650405731e-05,7.83609045326158e-05,0.00014960261935334672,0.92128744585414,1.557150006268507e-06
1786,3,2.4751455521962517e-05,1.647709722269391e-05,0.872223450598682,0.0024294829070244752,0.10225023100213664,1.0209175480643968e-07,8.76841475727612e-05,0.02296782070008458
1788,3,0.00014457442398514632,0.002143426485164282,0.9838861547344693,0.00023992906623540215,0.009380911465400099,1.5809599622324237e-06,0.00413988282249654,6.354004228698466e-05
1789,3,4.06843377029329e-05,2.165606490520898e-05,0.966805696914593,0.002716159122872806,0.019255616810606606,1.9002964949736405e-06,0.009682548361460794,0.0014757380913639033
1791,2,0.0001830616976401516,0.9750137195011818,5.409248362690323e-05,5.266294958976854e-09,0.018901937292261244,1.1353121891238267e-06,0.0056678657723109455,0.00017818267449486419
1797,3,0.0752780598067263,2.4663230677756665e-05,0.8791013312764833,0.00039388085328511405,0.0001713123833029133,6.800071009256333e-07,0.04454193381227737,0.0004881386301464434
1798,3,0.00013632544155282931,0.0007780833224956203,0.9935543531596942,0.00047914002673134405,0.0033616703926128673,0.0013379739540900907,0.00017367556535210742,0.00017877813747105523
1800,4,0.002005471731853374,1.439413303308351e-08,0.2693828507261114,0.6357959187773131,0.00016645336373791536,2.3464607097453426e-05,0.09260127940357728,2.454699617628732e-05
1801,7,0.015647599837404304,1.0000388490923585e-05,0.06699794772637131,0.057292926213080984,0.00042663007423739114,3.910005827611442e-08,0.8595772140443336,4.764261602307063e-05
1805,7,0.0038640592632759744,0.0011866538881020266,0.00012744062890660717,0.00014706206313034762,5.969643622911332e-06,0.00035112744303510786,0.9943176629224837,2.4147443318860874e-08
1808,7,5.837823000462278e-05,1.9024826877023334e-06,0.08010933733299949,0.2677849466476161,0.0033227099465300406,9.740055436988689e-07,0.6487188265098088,2.9248448095019235e-06
1809,3,0.0880738203953084,9.688775508376615e-06,0.8974822530677931,0.0006809694314127543,0.00039668584535329526,2.9393691514847924e-07,0.011206744735678786,0.002149543812030131
1810,3,2.7859581394720784e-05,0.006752614479691999,0.6529326761483771,1.3613975695306348e-06,0.23192075804382775,2.126517788308205e-08,0.01786020960273957,0.09050449948122136
1811,3,0.005678923675518549,0.0005812395007885947,0.767075419826739,0.0004198038363837596,0.13415656110700666,6.2182581183694675e-06,0.09200427801091345,7.755578453164845e-05
1813,3,0.000644004874120964,0.00065210426916789,0.9769741084484567,2.338398859244763e-05,0.003196548069336268,8.230611608296911e-08,0.01846474017868115,4.502786552858747e-05
1814,3,0.00017907653402811775,0.00015890334924754606,0.9359823735851257,0.00021723961447551082,0.053099742545858836,4.953837003732597e-05,8.860888670622872e-06,0.010304265112556341
1819,3,0.00013798155738954367,3.42083847066887e-05,0.9202477555556661,0.004498650468968312,0.07031233366663568,1.1068434657081144e-05,0.0005179589254446971,0.00424004300653184
1820,3,1.1214203378775412e-05,2.518698431600558e-05,0.9743366398358931,0.00225488385421253,0.01607587396030505,8.734993813065994e-07,0.007179465379296377,0.00011586228321668046
1821,7,3.6577167150711486e-06,0.0033046963980470517,0.17162107903717824,0.0003572341463282207,6.467648774321322e-05,5.7513115177736965e-06,0.8246424071807639,4.977217066488033e-07
1822,3,1.1534152491929362e-05,0.0008521526839323,0.9448098398049771,1.9498843756901586e-05,0.0478270246769579,1.3210357875568227e-05,0.0020370345940511295,0.004429704885957235
1826,6,6.474608782732634e-05,0.10445697730269103,0.009190129841710632,8.746060269134959e-08,8.300922346073118e-06,0.8779985548072128,0.00828111369803696,8.987957242087093e-08
1827,6,0.0002973643136076999,0.14211534848284188,0.1462380918002485,7.176818672206413e-08,0.0003052977136846588,0.7090882571436888,0.0019482382825405237,7.330495201174879e-06
1828,3,0.00672652896145956,0.00012488892893263042,0.9813654050770686,0.0009203547907472001,0.000363977386263676,0.003923671386289528,0.006574128689563826,1.0447796750867622e-06
1831,7,0.00014629980411398762,0.057792894918199715,2.682996465638323e-05,8.550049192081934e-07,0.004043878801769648,3.562401879724782e-05,0.9379522164823173,1.4010052264368796e-06
1834,6,0.00016142509231963835,0.0006930744212766865,0.07461153873000075,7.966444810186862e-06,0.0006664347601516903,0.9238590004596573,4.6989264342241045e-07,9.019914034918283e-08
1836,3,1.0605648510393884e-05,6.244947285794616e-06,0.9700673560280668,0.010017697624219767,0.011037154363409742,8.10455731953402e-06,0.00652146163674374,0.002331375194444148
1837,3,0.0005221320818082564,2.0256919874479303e-06,0.9789988573758098,0.015700568885938678,0.003148952032088553,1.5889866124805553e-05,0.001513683627554815,9.789043868747576e-05
1839,3,0.0015216403328370239,0.00011992532282618947,0.9958450231001541,6.450418555748498e-05,0.001565368104101991,3.0325765365493115e-05,0.0008357666059521829,1.744658320549968e-05
1840,3,0.0009247775881950948,0.00012454747885699887,0.9947194095308578,6.772419735513076e-05,0.0011047269742152268,1.5013959324685693e-05,0.0030266326541608097,1.7167617034147955e-05
1844,4,0.07833668569176587,1.779922626474788e-05,0.021769879500063614,0.7898423266724561,0.0010908411890675706,1.1934692917528706e-06,0.10711494615752233,0.0018263280935680742
1851,3,1.127829090424429e-05,2.4229429817406613e-05,0.9943459880724551,0.0016580016586305135,0.002038287796300382,0.0002742329797395456,0.00026103620689638726,0.0013869455652564676
1856,3,1.9680955360298085e-05,0.00031448709566268,0.9904462235448751,0.0002888179502175332,0.0010766349600894803,2.7816353356916717e-05,0.007755588277646168,7.07508627917534e-05
1858,3,0.0003842136924899629,0.00021967006565205496,0.6752571349640245,0.08678619677721745,0.13765513824517778,2.458336731224005e-05,3.547033079071347e-06,0.09966951585504716
1861,3,0.0007582827275659763,0.00019501967297763504,0.9902329360332925,0.0036148791357422604,0.004325927590213971,1.0459746705015911e-06,6.996353439280233e-05,0.000801945331144176
1862,3,0.0017952020776565811,2.8283244369140103e-05,0.9916843485449812,0.00011953396198965557,0.006150277128123043,6.163251203947288e-06,8.89223890647836e-05,0.00012726940261147013
1863,4,0.0003091725408964878,1.2654893390436778e-05,0.01894891448778305,0.8972375592785597,0.017245436854424097,4.758931607864167e-06,0.06601019076603162,0.00023131224730659524
1865,3,0.004991667231820636,0.001095440108898406,0.9915113609968034,1.486495330589899e-05,0.0018220020889280664,5.0884267572580096e-05,0.0005009673156770187,1.2813036993770181e-05
1867,8,2.8150584373218713e-05,0.00031021405583039636,0.1554046598697487,0.003860097927885459,0.32552808426146745,1.3029200949737027e-07,2.493310398737289e-06,0.5148661696982865
1868,3,1.85909297488647e-05,4.319966599872318e-05,0.9680632647733728,0.00017415896157706485,0.022950113552038732,5.511132695511496e-07,0.0010124947605493313,0.007737626243445072
1869,6,0.009798996529896404,0.015836021237314365,0.00012102734377225494,3.78570540119951e-05,0.0014321432557026065,0.972691529013234,7.3810661625485e-05,8.614904442976924e-06
1871,3,0.000175265786703109,0.00019363169585282625,0.9853873094240103,0.0003586349394658255,0.013415760996321866,0.0004159651762098097,1.1915974216172086e-05,4.151600722018201e-05
1874,3,0.0007514821101419052,0.004506667618468974,0.9843422075817589,7.296650972318843e-05,0.009946176281912881,0.00012005745801122131,0.0001492003621096522,0.00011124207787316465
1875,3,0.0008072658901287118,0.0001372356030431421,0.9878628272267972,0.0001072857081662743,0.008788240382929281,2.507500348650123e-08,0.0021532772721664446,0.00014384284176533624
1876,3,0.0002259696999978559,0.0006952091235761996,0.8529079931764468,9.39101517933768e-05,0.14022304251052592,4.1356608249521796e-08,0.00019192832105438602,0.0056619056599972835
1879,6,0.013279537939802355,0.0006291512493488881,0.0005491039598336825,1.1080272379765316e-05,0.0251992856472364,0.9598260940543126,0.00042227062265616803,8.347625443013785e-05
1880,3,1.1941813017203803e-06,1.694637214575295e-06,0.9856788991510951,0.011548013492702526,0.002297047388586229,6.854341480259135e-05,0.00016554744469239661,0.00023906028960470253
1882,3,0.0021085930342938076,0.00018011580128744133,0.9960121472189184,6.205740554259059e-05,0.0008730800558378024,0.00013370164418797698,0.0006161667384630843,1.4138101468843631e-05
1885,7,0.0003925428130225239,0.00010996197587085167,0.011117194381422437,0.001944341432219885,0.012371521580559092,3.184500630048298e-05,0.9740168675523749,1.5725258229806054e-05
1886,3,3.866659861189392e-05,0.001997962010389737,0.9790110900010587,2.8206262197209e-05,0.0010856075975691599,0.0001379823929761686,0.01763682113232529,6.36640048719621e-05
1887,5,0.00023585987555831803,0.00809645006814456,0.18815827827868764,3.751237265435819e-05,0.6127649687177563,6.547745883047405e-09,1.4676114368250278e-06,0.19070545652801615
1888,7,0.033258877913900524,0.0013922267838084232,0.0024257161650490695,0.004058681429116212,0.0058409084111008345,4.669007559326151e-09,0.9396995106141639,0.013324074013853514
1893,3,0.00012229151278356573,1.9411016035829767e-06,0.9863011418640844,0.010184271265607435,0.0006908252391705522,0.00037355257051603034,0.0023233023130513303,2.674133182819308e-06
1894,3,0.0014389864973468939,0.0009881432827804138,0.976310309056494,0.008250567168291494,0.0013251169939852026,4.0553672900553125e-05,0.00010547373574563278,0.011540849592455953
1897,3,0.00082570732517969,0.00018534961174062464,0.9912811191211336,9.420137800708657e-05,0.002969116783091499,3.143443331150394e-07,0.004598654882791397,4.553655372315094e-05
1898,6,0.008140318139062897,0.000171460897827827,0.4689512886022008,9.69518658161451e-06,4.686426862107289e-05,0.5226781407888391,9.654363169704462e-07,1.2666805497418382e-06
1900,1,0.7657956879270448,0.0005234466741908431,0.014131244420149557,1.4986757858491242e-05,0.0026753576112304267,0.2153177510218302,0.0012268970600491035,0.0003146285276467093
1901,3,0.0006853764801166354,0.00198105096496291,0.9732326434643731,4.869298969383412e-05,0.02344404781330482,6.220033236728244e-05,7.79354910339296e-05,0.00046805246414757085
1902,3,0.00016712379104230615,6.945084178089488e-06,0.991475461712356,0.0003696581406124165,0.007733793028545442,1.79509666562751e-07,0.00019627930494549227,5.055942865375898e-05
1903,6,0.000162277207246887,0.001089373420146829,0.34111137257814794,2.50864914041805e-06,0.00016090707222573102,0.6574466397157539,1.0080403527376381e-05,1.684095381088634e-05
1905,3,0.0011027872251378043,0.0001555403124867793,0.9941111629124487,0.0001095518886367645,0.0014278164159307709,5.0311070322869727e-05,0.002089859980634763,0.0009529701944015846
1906,7,0.0018625949351829684,1.2904219212219683e-06,0.005120732988602566,0.23787628790992668,1.1737306298891183e-05,6.873797539558844e-05,0.7550569371089274,1.6813537446464056e-06
1909,6,0.013436469270293088,0.011165188862161389,0.00021510018709776122,0.0001423288206010822,0.0020282439113181285,0.9729625846025578,2.8460242680267634e-05,2.1624103290637214e-05
1911,7,0.003360836662488425,2.7301811235075976e-06,0.2421280657523036,0.06562458490319546,0.0010151517931532574,3.4583494848712744e-09,0.6878491187170305,1.9508532355826417e-05
1912,7,0.12285992313290607,0.05310588661430072,0.00012963027158241952,7.892280811395883e-07,0.00019042277184700082,2.9647868264832234e-05,0.823679119461067,4.58065195091005e-06
1913,3,0.0002239171972534062,0.0003117186554794855,0.9805654956319566,0.0014876884322922652,0.016552296029680134,9.843979427526769e-05,0.0007435514534660969,1.6892805596757113e-05
1915,2,1.699872613043127e-05,0.9651730909448385,9.22817238873343e-05,1.0464410743751018e-07,0.002070603671752996,0.0036616613691633393,0.01423184091379231,0.014753418006327804
1918,3,0.11140629332514325,9.924496424810615e-05,0.7635292643635687,0.12360965925208248,0.00010857689679298281,7.989192498277444e-06,0.0011271887844681357,0.00011178322119786517
1923,3,0.00028436272196958424,0.0010527864906560813,0.9908443575526525,0.0034863645733144324,0.0011774050261342294,1.1076806139233295e-07,0.0030327498264073665,0.00012186304080451724
1924,6,3.8179132287554597e-05,0.0004276322404247993,0.13288802845597944,2.42126718403115e-05,7.945709550824626e-05,0.8660607108937886,0.0004810437391270112,7.357710440564658e-07
1927,3,0.001361438034157109,4.290532503050043e-06,0.9704946471059552,0.005426516931967434,9.919269287108265e-05,0.0034540870706197243,0.004403669168195193,0.014756158463731142
1928,3,2.9752511818410356e-05,4.209763202944319e-05,0.9911238477003836,0.002890943671580032,0.0057119744005165625,3.74114507633273e-05,0.00014935832477505842,1.4614308133588897e-05
1930,3,0.0006189506684834939,0.0006546563056684243,0.965489279022102,8.878464440703393e-06,0.026256528585022445,1.719454419257811e-05,0.0021716769517827433,0.004782835458307648
1932,7,1.1416634478790828e-05,0.00016518004413005837,0.2931400580910591,0.001213586298439372,0.00042525509305019324,2.576654150539969e-08,0.7046758311341808,0.00036864693812012356
1933,3,7.197542140279467e-05,2.1224006315720745e-05,0.9594828794951065,0.010858528275314314,0.0290667154680858,5.309758761508503e-05,0.00044484537783978173,7.343683201542419e-07
1934,7,0.004745483914249809,9.785771254471222e-07,0.0977529279745828,0.1391735818346389,0.000709017613345165,1.1367868692587551e-07,0.7572045852366562,0.00041331117071473014
1940,5,0.0048706036295962625,0.0005534167511965935,0.030436205112215405,0.00034025442935009493,0.8859840754970535,0.003851158676354729,0.06150815227811495,0.012456133626118427
1941,7,0.09785363972965598,0.0006699348756211627,0.0027511466202596513,0.00019526653343315446,0.00017637340423262316,5.925839878142744e-05,0.8982850416607442,9.338777271840432e-06
1943,3,4.464459775144262e-05,0.00014929743433484067,0.9777716540621257,0.00038249566960661116,0.00827384688215467,0.013366405351549041,9.92173009000841e-06,1.7342723875173603e-06
1944,3,6.171537490935371e-05,0.000248861285607535,0.9950475032279802,6.25760980894906e-05,0.0034872932864372258,0.00032062661690385923,0.00046712498714401775,0.00030429912292842797
1946,3,0.0006123408380126546,0.00018460021897293434,0.9897668619813353,4.148106801146579e-05,0.0027169095536078917,5.457217035674243e-07,0.006649172691466333,2.8087926889800935e-05
1949,5,0.0003283685933707563,7.533185896752652e-07,0.20640739579714137,0.03613136836494093,0.6824934362290646,2.0638012825265756e-06,0.002327384728085711,0.07230922916752462
1953,3,1.4474445366316762e-05,5.677552480601018e-05,0.9798090416265124,0.0017935294627621718,0.0051758845794772825,1.1563342612414612e-05,0.013091519176986493,4.721184147690067e-05
1954,6,0.0004769296459317073,0.03084531956048916,0.004808798286315249,2.194047173522013e-07,0.01597373537987738,0.947878317769156,1.5874902030641022e-05,8.050514825056403e-07
1956,6,0.14530504986033496,0.009637977882808008,0.00023206947872356635,0.000776820868615842,0.0022127159499436386,0.8415967874905617,0.0002368771605143814,1.7013084981131986e-06
1958,3,4.5288349368527486e-05,1.8414771250398148e-05,0.9573881627320328,0.003510428466992767,0.03881581186964562,2.3171439882488758e-06,2.1871166024581098e-05,0.00019770550069702353
1960,3,0.0032513000484201368,0.0004144004018811844,0.9944961536866797,5.6803720741390064e-05,0.0011529241889979337,4.617834208358117e-05,0.0005608529926496101,2.1386618546607554e-05
1962,5,5.567610973841247e-06,0.0002008184888382311,0.16468411115884513,0.0002075095063581971,0.7866547038267588,2.915617966326739e-05,3.7742652912511123e-07,0.0482177558020333
1967,3,0.00011717685235914453,7.887240827539308e-06,0.9955289531689288,0.0018835467160502892,0.0009179117478182688,4.654792227798706e-06,0.001486647605164115,5.3221876624092406e-05
1968,7,0.0017226928246828132,8.932853228754543e-06,0.00034181402844496846,0.43977704726079353,1.8577759587210668e-05,3.702376724556867e-05,0.5580450250342353,4.888647178199882e-05
1975,6,1.8959315003629768e-05,0.0001577632369262309,0.26993829012600257,8.196992781972147e-05,0.013455331698661161,0.716330049850309,6.751547003853009e-09,1.7629093730472558e-05
1976,3,0.00011629161992334091,0.00012211614273395006,0.9874612006581301,0.00012212054577862602,0.004492020288894827,8.845875313253955e-09,0.007679317763791009,6.924134872818949e-06
1979,3,4.479533134636455e-05,0.0002744610259221026,0.7498423945052999,0.0002965199263950878,0.0065326183416105,0.23579061796079312,0.0007849887287061146,0.006433604179926896
1982,3,5.4139928457424e-06,0.00040794283942814305,0.9839860479578577,2.6655925415026674e-05,0.01267832268644313,2.0849590793351773e-07,0.0026674943701996967,0.00022791373190251285
1983,7,0.0002542747433466139,8.29814071687793e-06,0.029413375332048,0.07700350401290369,8.15134060887256e-05,2.0366657813969733e-07,0.8928362994245171,0.00040253127380069444
1986,7,0.00898938292129338,0.00015721068229310872,0.001276326595147217,0.2851272649217661,8.206413030710799e-05,1.5096340523617106e-07,0.7043072390209457,6.0360764842026604e-05
1991,3,7.342926273472841e-06,2.2237444352013667e-07,0.9512682708149726,0.04509863459646896,0.000987874347778452,2.1353187814075676e-06,0.0008442951659105374,0.0017912244553711272
1993,3,0.00032566228816138196,2.8554231953381386e-05,0.9975851252111612,0.00014796339197593476,0.001684532390881122,1.2628364328314145e-05,0.00021210663653094684,3.42748500765587e-06
1994,7,0.08717510481900867,0.025047107435893758,8.600736355434707e-05,2.8020624134760987e-06,0.00014241997724007488,0.0007809707858465685,0.8867375550315295,2.8032524513441898e-05
1996,3,0.0007830117781056519,3.183737733042602e-05,0.995587857597384,0.0003658295316147294,0.0022062110783997286,1.7089846580165831e-06,0.0009822317437092596,4.131190879818176e-05
1997,2,0.34789594442983235,0.4171354505454251,0.020422400061728536,1.3893101591903058e-08,0.2098134951310857,0.003567741736160465,6.431680045737783e-09,0.0011649477709862474
1999,3,0.00046141609460823707,7.584557862849129e-05,0.9973955563023,0.0005151159775657765,0.0006999606773778372,2.8656729020124556e-05,0.000769266794762665,5.418184573680603e-05
2001,6,9.956804040133024e-05,0.0046262632132747835,0.2012077510287752,4.4966885107074746e-07,0.0002587111768156277,0.7937018526726654,6.552443366783818e-05,3.9879765548792546e-05
2003,3,0.005317952922763697,0.00010692190808307854,0.8973426942872438,0.031164054428196645,0.04113740109747472,0.003063552463019401,0.02178095264147585,8.647025174279182e-05
2005,6,0.014585443040873641,0.007505928430142267,0.000892423849005622,2.5963175092016785e-06,0.0003086469324542804,0.967863777099679,0.008841156829409655,2.7500926374053093e-08
2006,7,0.002732930191652532,0.0011819402535691687,0.26903705615226214,2.384408850722153e-05,3.781892317058188e-05,7.75572438300736e-10,0.7246367791951567,0.0023496304201092635
2011,3,0.0006488121381364965,0.0003089455887125988,0.9935490698998071,0.003245814032457651,0.0006920726816566897,0.00123145477674188,2.6170156045149985e-05,0.0002976607264424924
2012,6,0.21033108995233205,0.0003294529869562193,0.0949800066391676,1.6569094372624434e-05,9.604472552538521e-07,0.6927621375162827,0.0015778182703727185,1.9650932608352263e-06
2015,6,0.0037626519814427557,0.004518945774587886,0.05229388985661645,3.4350708894488215e-07,0.0005225450748396578,0.9387018178097286,0.0001628803654659909,3.692563022947842e-05
2020,3,0.0015294931679695053,2.3378921531485905e-05,0.9899169945550476,0.001862371155426326,0.00013912666177438423,0.00010974771812582277,0.006014309266932933,0.00040457855319198224
2022,3,2.1262021596941518e-05,1.790009227255483e-05,0.9410352732908784,0.0004369814389818247,0.05822791092696959,0.00021708700900282133,3.5140394174350593e-06,4.007118088042225e-05
2025,6,0.017403351334030506,0.004281447176310285,0.20173927127660934,6.369400898283786e-05,8.749986547682738e-05,0.7764019552707806,8.932160316370881e-08,2.269174620635161e-05
2027,3,0.001625268930047561,0.000908027687488119,0.9905383549269826,2.186505589562261e-05,0.0035540150160671365,3.8893318541032604e-07,0.003303301572684701,4.877787764895083e-05
2029,6,0.07533928061970445,0.0013818245929804957,0.00040783544035602275,0.0032211082007180614,0.006549533176762004,0.9130607039306429,2.0540264787324472e-05,1.9173774048680245e-05
2031,3,1.990102275902377e-05,7.886473434307622e-05,0.9714474542372256,0.0027613672055103993,0.005814290266833939,1.4023444858181042e-05,0.01876071015415715,0.0011033889343128305
2033,6,0.004214696426795199,0.0008191406420610199,0.4019047176540144,1.8654972553954075e-06,3.7914003977215316e-05,0.5930082327028705,1.2806893984305922e-05,6.261790418832639e-07
2034,3,0.003160036414990055,0.002462095256698313,0.9896606409522666,2.9301793373744345e-05,0.00016209776120432393,0.0007044182617473884,0.003820900527313211,5.090324064412237e-07
2035,5,0.004918772825724597,0.23298498917630223,0.00030047614304248713,1.0204093915412546e-07,0.5125394160297532,0.00018353288991149834,0.2464786659262105,0.002594044968116426
2036,7,0.006075485277811144,5.258385826274329e-06,0.025253342663528803,0.023614468323524474,0.0004248501560015524,9.866083135325684e-07,0.9444672925423705,0.000158316042623821
2038,3,2.219188012159886e-07,2.9045246316682658e-06,0.8877459497848824,0.017199927658405837,0.0944133703168789,9.213552341221479e-05,5.030326745999716e-06,0.0005404599462417893
2041,2,0.001914473266576864,0.7330273258049305,0.00044241176308585533,1.0172307065000912e-05,1.3217960432036117e-05,0.00343769196437824,0.2547838132740816,0.006370893659450102
2043,3,0.0018278009368807632,5.1272478613391656e-05,0.9907021872427756,0.0002815219018025973,0.0032718378874498502,3.8789962265384823e-05,0.00014890776003640086,0.0036776818301759158
2050,3,0.06363438499266096,2.1134011866506215e-06,0.9246824130012896,0.0022554732833627135,0.0006637307548619119,1.2812646066205272e-07,0.004896996481432961,0.003864759958744302
2051,3,1.0579782035462599e-05,8.138296519069504e-06,0.9751202464889906,0.005488562910199311,0.015972302821158458,1.7282357988656455e-06,0.003111176088629261,0.0002872653766691054
2054,7,0.0002270924185102369,2.6200310881168227e-05,0.05746233922495785,0.03978801820541485,0.0056719253176211164,3.011164347235069e-07,0.8968234685502392,6.548559408482873e-07
2055,6,0.47438215528123967,0.00022269454182906686,0.0015500189478146451,1.884459116222388e-05,0.00015695575855086366,0.5208283146108892,0.0028367932575480634,4.223010966214149e-06
2057,7,0.0008973668622558833,0.0008287526450047464,0.023355641957480116,0.09391003903976543,0.10130926473887884,1.3664391670440398e-08,0.7794671965557067,0.0002317245365165974
2059,3,2.4529409103239517e-05,0.00012375456909827402,0.9902327171964174,0.00038811047226340774,0.0059888825370510105,2.4726485915538444e-06,0.0027189700533691574,0.0005205631141059523
2061,4,0.00022190298056783025,0.00029963542185797333,0.17012277563911835,0.6410131881000891,0.02936852063676641,3.570080945813087e-08,0.1573921339848797,0.0015818075359110761
2063,7,0.016061517176183586,0.0018969706280550184,0.0014277720136556466,1.5073123414375517e-05,0.000905102283173424,3.541926195260441e-08,0.979603384200227,9.01451560290545e-05
2066,3,6.993980016686291e-05,0.00012722047635316123,0.9905344833774777,0.0004669138581455243,0.0006472917526729098,0.007721149634153612,0.00039343671321526467,3.956438781493779e-05
2069,3,0.0018159606086767964,0.0004122098083570145,0.9938248060483609,4.971448960163823e-05,0.002194356756013693,2.491556613513812e-06,0.0016857111518418474,1.4749580534619138e-05
2070,1,0.8537909741427087,0.007016603289063667,0.0011696817084997683,1.3462725585407381e-05,0.13081808127035033,0.0011990666604400194,4.5392444502040535e-07,0.005991676278906926
2072,3,9.686921219070418e-06,8.521806515575545e-05,0.9955882155951757,0.00043836961713796766,0.0014072067548688801,0.00037299218926638674,0.0015465206431086312,0.0005517902140674806
2074,3,6.2488113745893776e-06,0.0001379413911731312,0.9942858031700462,9.594021953443918e-05,0.0034774743670279557,1.2926443481204603e-05,0.0019219898109361145,6.16757864262823e-05
2078,2,0.07137972109098567,0.6356414628901015,0.003647778460578497,0.00012329367931774942,0.2800059374574936,2.0097975463761246e-05,0.009175924267969607,5.784178089886789e-06
2080,3,0.07590707135871926,7.507416928303524e-06,0.9091230034212698,0.0012022293050861573,0.000491058364381939,8.752647047363501e-08,0.010231895091374775,0.003037147515769288
2082,3,0.0001376928897940723,3.649619955897277e-06,0.9956412847674528,0.002743152212867741,0.0007555748196684689,2.552250224699748e-05,0.0006471896058999107,4.593358211399336e-05
2094,5,0.0016690849963873053,0.0012300558680330297,0.01839529175150487,1.5321281302450952e-05,0.898948410514179,1.4913415890465047e-06,0.05079332902058899,0.028947015226415407
2095,3,0.0007734684707526693,0.0004340568762140613,0.9966431017706646,1.3090777895690473e-05,0.00038640064665032667,0.0011269354469045387,0.0006222776534064199,6.683575115560272e-07
2096,3,0.005374257514919057,3.0109684839728718e-05,0.9868990991521485,0.0008606319318385465,0.005732888571202897,2.5649413173943492e-05,0.0010242258954504511,5.3137836426795816e-05
2105,6,0.02439656178092815,0.006068343234841539,0.03995692274039862,0.00019032445480033855,9.66101106466744e-05,0.92927630080105,6.054735681324729e-06,8.882141653473625e-06
2108,3,0.00036596111038587805,0.00011046263774848733,0.9708148322469066,8.012979808483935e-05,0.014255654312833887,6.620786552667556e-07,0.013338471480099411,0.0010338263352858497
2111,6,0.39151998951964195,0.0005824169627675187,0.02942529157387215,0.0007373614935472654,2.457052090336529e-06,0.5775667392508523,1.6098338559987623e-06,0.00016413431337243884
2114,3,3.610415513128281e-05,5.519857409963819e-06,0.9965880082601383,0.0007216160844677777,0.0020430280449179553,1.419817790497827e-06,0.0005606479549300257,4.3655825214174705e-05
2115,3,0.003083837350064501,0.0001624577144873016,0.9730021454437079,0.000275968841912901,0.0005510074988134881,0.000594652162528509,0.022326629791017325,3.3011974680752817e-06
2118,3,2.1590256823533873e-05,0.00021583557577582014,0.8167338669305249,0.0011118002496596862,0.025988648609386596,3.5327654699736256e-09,0.1547527268758077,0.0011755279692563072
2119,2,0.0052858569413207,0.9006301026903338,0.00452457027246536,1.852845679754028e-06,0.0023861743134764627,0.08462386183235356,0.00047539422546724467,0.002072186878902864
2120,3,3.3935504807853096e-06,2.100971124196697e-05,0.9914918614037027,0.0020452960625817907,0.004729935390924635,6.577380803374685e-07,0.0016007065059037316,0.00010713963708373222
2128,3,2.976703068228508e-06,1.273283386805548e-05,0.9905288143889437,0.0023119460327212004,0.0025932046647356276,8.254331611036996e-06,0.002204561630257135,0.0023375094147951208
2130,6,0.001349292466019504,0.000451614873709226,0.17366983104023645,2.2723051361305307e-05,6.640974100623637e-06,0.8243365485356746,0.00015985870878102972,3.4903501172455547e-06
2132,2,0.0038640498722211356,0.9608683446412439,8.24525247858892e-06,7.939696934558782e-11,0.0032395528486110865,5.567738026312497e-07,0.03201482495605958,4.425576185947621e-06
2133,7,0.0010225283033112346,0.1517415019680144,0.00021523395312916756,2.3271995506391065e-07,0.057183092953954906,2.8416978903130422e-06,0.7898054824288268,2.9085974918161785e-05
2134,3,0.002074519894373857,0.00031595891711230187,0.9679725109640848,0.0006594539942301465,0.028299081165664902,1.1256532002229582e-07,4.4946011559940874e-07,0.0006779130390983475
2138,7,1.8071244347659047e-05,0.023712020718871463,0.007296068867111131,0.0008946071349019633,0.0006533341705786891,4.3715330939233493e-08,0.9633236296643585,0.004102224484499629
2139,5,0.007857088879477723,0.016841923921874172,0.0004029232997191386,3.7514451389775953e-06,0.8375506803362436,2.7646020200769643e-08,2.2713540240915853e-05,0.1373208909312853
2142,3,0.000574973410318177,1.032137707347977e-05,0.9928787071301894,0.0006107119234079377,0.005161510116578493,3.984763626067612e-07,0.0006261035389211029,0.0001372740271490544
2143,3,0.00023622651831575698,4.375361635754431e-06,0.9965291452296463,0.0015035223530428295,0.0016234468146782749,8.26500930517386e-06,8.0121824620225e-05,1.489688875599264e-05
2144,4,0.00015867321885862617,3.429692016612431e-06,0.2878570407255303,0.6992080773112568,5.533375467735905e-06,0.0004022161948806723,0.00643046271908557,0.005934566762903556
2146,6,0.0031042322627350396,0.027674452847955885,0.086942341161542,3.619382662270669e-07,2.0756200458217204e-05,0.875858163362623,0.006398482708336014,1.2095180837080845e-06
2148,6,0.002128487283047332,7.475276068592686e-05,0.0095833987382933,8.091757498365652e-05,0.000661206095022585,0.9873674109978628,0.00010371117171968736,1.1537838490763685e-07
2149,3,0.00018728381521318616,1.010708455250975e-05,0.9978723281709431,0.0005213471788835349,0.0009244074483162298,2.5272241750725227e-05,0.00045722404872660863,2.0300116143442186e-06
2151,3,0.003682473308155236,0.0030361546221049683,0.7372380278581688,0.0005004758517939634,0.054970343674772305,0.00010147191894749982,0.20046807573363254,2.9770324247967627e-06
2152,3,0.0011822250168724115,0.00016356855063495482,0.8831179469300149,0.1122340427869273,0.0006012289148634536,0.0019046908931860556,0.0006211303442089207,0.00017516656329209765
2153,3,0.008707886031840466,3.1224847426803657e-07,0.9753992150635878,0.012584180792664748,2.231871143483846e-05,0.0025566869466652183,0.0006741731615796411,5.5227043753053194e-05
2154,3,0.013976551836494731,0.004839700035000064,0.5408578631144342,0.0005420420721658294,0.00028367935283198266,2.2620925984542087e-06,0.43865959511005687,0.0008383063864178981
2155,3,0.00021140528200382674,2.6698911576208002e-06,0.9954945018527301,0.0009500408145318172,0.003249146264898189,5.505739982101419e-06,6.922359029042721e-05,1.7506564405648477e-05
2158,7,0.002791210408631355,1.356673982827027e-05,0.4778319671040657,0.006994515132471718,1.1524994554861716e-05,8.770774601230564e-09,0.5113628609095046,0.0009943459401689995
2159,5,1.460591130391995e-07,0.0011364029031115368,0.1722200927966204,7.843364378751734e-05,0.8069078664745973,1.7167890282387231e-07,0.002732829304466412,0.016924057139400893
2160,6,0.2709074853665416,5.959401176243391e-05,0.24906138163486424,1.6089410398884206e-05,3.969949178652562e-06,0.47988907624557964,3.6584502826298855e-05,2.5818878847998058e-05
2161,3,2.0572923239868347e-05,0.0008108043961582953,0.8727211873236855,5.903354349313149e-05,0.050285418156356065,0.00019978573520637984,0.0055133535596531115,0.07038984436220741
2162,3,4.256361309078518e-06,2.1006625294202562e-06,0.9635511591141913,0.00375288968266417,0.014592135267186423,3.1717803056361665e-06,0.00012711168701995415,0.01796717544479383
2163,3,0.0002021538069357124,8.24865993460669e-05,0.9962621444764309,6.388097550683269e-05,0.0007939411281228582,1.7269503055596816e-05,0.002576943617808699,1.1798927933979767e-06
2166,3,1.6783842380809335e-05,0.00638090416616515,0.9775515376908425,0.005046057488167634,0.0020439781699108585,0.00031249950297639804,0.0017885980034955842,0.006859641136061189
2169,6,0.03724331355629202,0.0015157181441632125,0.001217685704145357,0.0012431487318438118,0.002736848366172563,0.9559925376563694,1.601984324602231e-06,4.914585668905147e-05
2171,6,0.04978220604495073,0.002729679054859589,0.00020883084897268457,0.002912846377495173,0.004043011407792819,0.9402180109081737,9.382074485975319e-05,1.1594612895503495e-05
2173,3,9.229065704819012e-05,6.925826445820651e-05,0.5500391354326001,0.0002120125744356388,0.2712168924007853,4.553825580918242e-05,1.2828172456301579e-05,0.17831204424240693
2174,7,0.0001185284735897639,0.0076916365490330985,0.0337247813530531,4.854926047995535e-05,7.15984915114594e-06,0.0004374610775855849,0.9579718778933856,5.543721755606196e-09
2175,7,0.005622832792809165,2.21462334636454e-05,0.0014793510002341578,0.40529749216456407,0.00042448589318037244,9.653002290884031e-07,0.5846222239154454,0.0025305027000742386
2181,3,0.0008261178683952954,0.00013308913668885042,0.9937211005254359,0.0001683272293011816,0.0016330229062660518,1.3214180370684645e-06,0.0034979334841511453,1.9087431724499007e-05
2185,7,2.0702246609785584e-05,6.622023270395683e-05,0.0008552621759162011,0.01710773637519482,0.00029220872015749946,1.5024108475154957e-05,0.9816427405549983,1.0558594419341911e-07
2188,3,0.00216028849878496,5.532573930755257e-05,0.9940923343407703,2.6838654415732656e-05,0.0033704292842759373,9.12769803398826e-05,0.00012554583693047319,7.796066517500747e-05
2189,7,0.0001249732393996255,0.0004766821959945394,0.008108625090519803,0.0007436732427035496,0.008838749434662105,2.6369681861374828e-08,0.9817065127602035,7.576668349925744e-07
2191,2,0.0006604353494337952,0.7483505567725105,0.026802343698025404,1.1130998342742077e-08,7.842523072537129e-05,0.04700264812485604,0.177103914511877,1.6651815734241538e-06
2192,7,0.0013372370675003118,0.00043369739099917193,0.1626966049839563,0.0018499550451873566,0.06597044264284194,7.417282977050264e-07,0.767708998326479,2.322814738150706e-06
2193,5,1.293230227542631e-07,3.746195586377794e-05,0.3635723397502882,0.002563270884524843,0.6192687171512292,3.531460147445342e-06,0.00022557325712778065,0.014328976217796184
2195,3,0.0003514366260001483,1.0221420794879716e-06,0.6200757333223439,0.018597765998057784,0.3269075562514626,3.255096543450159e-08,0.03400981448256981,5.663862652088452e-05
2196,3,7.790774459568677e-05,4.846973190246671e-05,0.9720547306920444,0.0006228850960331111,0.027035749297147544,4.4427762200246115e-05,1.817030932724274e-05,9.76593667493015e-05
2199,7,0.17208541179433304,0.03934164340134209,0.002048422655239939,4.429955298595561e-07,0.00616935896732651,4.893840885730453e-08,0.780015197371803,0.0003394738760167261
2200,3,6.755707505170955e-05,0.002905862287771897,0.7300233351152905,2.8725169802492244e-05,0.05018437055657252,5.772688583202147e-06,0.004011919535704377,0.21277245757122326
2201,3,0.0007577629750286348,0.009463183771003525,0.5588860632611841,0.00029739946609365245,0.1126627448345152,1.4223934307508314e-06,0.000992499978839472,0.3169389233199046
2202,3,2.7151194710479714e-06,3.659164353676617e-05,0.9916125693381033,0.0005298500236426043,0.0038955040450816885,1.325275046473287e-06,0.0038443850791954857,7.705947592280988e-05
2204,2,0.0015019402831287021,0.824919433778914,0.00011587324164203224,9.168038665985507e-07,9.944038900974499e-05,0.14683477692408423,0.026270910751238247,0.0002567078281164354
2205,3,1.2429966039587147e-05,3.8338663321058004e-05,0.9777275501357863,0.004362189980258507,0.002898370169601816,2.797899252259952e-05,0.014914626444254855,1.851564821522822e-05
2208,6,0.05212335896175626,0.0036412235220136713,0.0220570788176935,0.00022523201354068275,6.21127170190104e-05,0.8865007295924257,5.026811723985858e-06,0.035385237563827124
2209,6,0.00026644630277579596,0.000365291224958731,0.19768515218066274,1.4976561337570429e-05,0.000950692940073178,0.8007171285773337,2.462903773191905e-07,6.592248115149924e-08
2210,1,0.9386570218464553,0.004217049944413278,0.009697823998053632,2.066354980438711e-05,0.002652713228811917,0.003763690352293358,0.04071420306107809,0.00027683401909008547
2211,1,0.6778367214620146,0.0050454549847119,0.00033735417224543726,0.0007283798743386592,0.0003798789105456564,0.31360537295727603,0.001885127719572943,0.00018170991929488664
2216,3,0.0006907043751453015,5.060388118699471e-05,0.8978433826533601,0.0006123919101557296,0.006013885201740262,4.647668069655906e-08,0.09474043662589567,4.854887583530673e-05
2217,6,0.1873318068630261,0.004315614199537974,0.0002072560781206791,0.0012614100435009838,7.558203836590161e-05,0.804256201368747,0.00045328869504611147,0.0020988407136552315
2218,7,0.00012477713759817338,0.0006518076066534211,0.0008205176623430144,0.0003470932816748602,0.0014882573239079736,6.052557899176548e-05,0.9965064025887396,6.188200912003053e-07
2219,6,0.00687074320526535,0.04761887902784907,0.02989130991804136,0.0003141591719682695,0.29916607987563776,0.5203530915649738,0.08370959340123875,0.012076143835025536
2220,6,0.015064671401079616,0.00021399322847549975,0.008245014795637667,3.5693657035594766e-05,0.0012950050044706369,0.9749888033814486,0.00015602739479312824,7.911370593540345e-07
2221,6,0.12844695828655664,0.0004927399290777868,0.05011088563284457,2.776793353431599e-05,0.007777447339973641,0.8131313900557919,1.0947583339335593e-05,1.86323888181559e-06
2224,3,0.0006129533778127909,1.3844739688291175e-05,0.9972468743027727,0.0006578255976000661,0.001086390874000959,0.0002542913026914609,6.1036800669124e-05,6.678300476463576e-05
2225,3,6.661685275630283e-05,0.0004852179950707327,0.9940487160063015,7.868964822678686e-05,0.0040321840666313795,6.796308891004519e-05,0.0010200625750819274,0.00020054976702122784
2226,3,1.7725837693583554e-05,1.2604916436864534e-05,0.9860521462493863,0.0026263817975385713,0.009351323608806653,1.3180354647617319e-06,0.00045265664954562905,0.0014858429051275808
2230,3,5.69503922056281e-06,1.0362775348516287e-06,0.7874529711817551,0.002396118432505743,0.04354085159304513,2.567391227550622e-08,0.00199416992964167,0.1646091318723848
2242,3,0.29285456625334266,0.001331182128792243,0.5955661189248862,0.0076323304048723515,0.05083927473284103,4.794247098364309e-08,1.2944261099087016e-06,0.05177518518668458
2244,3,0.0015273424587608656,0.00033545905060631035,0.9938706461767092,8.167275741632519e-05,0.001913540237040108,1.611386793892069e-05,0.0014441544982656098,0.0008110709532626895
2245,3,7.667735015732948e-05,0.025917727021096723,0.9671194149956149,0.0018033950044923273,0.0022891671135086317,8.320088626229875e-05,0.0016875835106367123,0.001022834118230979
2249,3,4.0608246818514284e-05,1.5552823865100544e-05,0.6665728701414462,0.007510772473587868,7.129699166418896e-05,2.4773147580719595e-05,0.32576226978370854,1.8563913290677147e-06
2251,2,0.002561092143100042,0.8896135884205872,5.382983922869249e-05,3.476963990555372e-08,0.10656881213881923,0.0005021730300941026,4.27885965344089e-06,0.0006961907988773834
2252,8,0.0008115710220694397,1.5699466646250084e-05,0.4198422177128848,0.018329056560303227,0.000938754685106657,8.413136979395499e-06,7.73225481771128e-05,0.5599769648678331
2253,6,0.0002925301560423175,0.01916787104930861,0.03922130792339802,5.611162026981165e-05,0.00016618447595609037,0.9406749402447426,6.624820215360854e-07,0.00042039204826085767
2256,6,0.00010916214341211246,0.0011297156691638538,0.042504026567188824,1.0093932005456631e-05,0.00027477720394979133,0.9559700243116795,2.1787979549271997e-06,2.137464548788338e-08
2257,7,0.005347474829475953,0.006833186792915587,0.00011556699849434,5.493124375293513e-06,0.00025996354014546204,3.516895598509107e-07,0.9873503864128599,8.757661217354158e-05
2259,6,0.03996254372648849,0.004604253426617603,0.008048718715905893,1.5136530158472584e-06,0.00010835289381022053,0.9471103361666575,0.00016380192052183726,4.794969826128425e-07
2262,6,0.0004120036269062641,0.017457337095476474,0.05529622042720178,2.576071137097874e-05,0.0005104944985298105,0.924991240176868,2.8055225886172584e-07,0.0013066629113877525
2263,3,7.549525813539161e-05,3.6436691000652844e-05,0.98161309201352,0.0008218303853854062,0.0004874193054248979,1.7402974807499505e-05,0.016229996242149408,0.0007183271295769822
2266,6,0.0023630655356890614,0.0038081407588163863,0.2634883384894471,9.177333888292267e-07,3.237035846911691e-05,0.7302029347412404,0.00010348287759146082,7.495053576373872e-07
2268,3,4.186491575999852e-05,3.9330034804981115e-06,0.988023853362175,0.0003617941777176721,0.010738557084495991,6.879673637715403e-05,0.0003816527733251209,0.0003795479466684881
2271,5,2.4564183375390702e-06,0.00012663994741941967,0.03768834061818677,0.0021747778281845037,0.9393814514102228,1.1358156770998403e-08,0.01797637020524128,0.002649952214250742
2273,3,5.10391621458257e-07,6.908608744009188e-06,0.846905632274425,0.009292592722688247,0.14362812142682654,3.4516082163169503e-06,1.824199493392348e-05,0.0001445409725446409
2275,3,1.395592248423452e-06,4.988608922689143e-05,0.6042566492010133,0.002963450483952217,0.3919658422387008,5.950680999115495e-08,0.00033386097084239964,0.00042885591720603715
2276,3,0.00035367608456073757,2.2765065238163907e-05,0.9972529098204048,0.00019138162493318478,0.0019858240782452278,1.4464505076463643e-05,0.00017424008324653552,4.738738294940562e-06
2278,3,0.010153090304441552,1.7940001661085987e-05,0.9369701803929436,0.009049418052072407,0.004000258451348233,8.055875326950585e-08,0.0054738618335005386,0.03433517040527935
2279,3,0.0003112229023692117,3.913804374907312e-05,0.9982544910425429,0.00024279071683670525,0.00046563800926084805,0.00010960211452004301,0.0005762903263673981,8.268443537005106e-07
2282,4,4.0048044899071135e-05,1.0051682848387686e-05,0.01774636614686449,0.9323598461284199,0.0014216457736221436,0.0010448775793401568,0.04722357659330417,0.00015358805070164215
2283,3,7.560206925478176e-07,7.479584060551546e-06,0.9876298995315977,0.000987851157357083,0.008668943177788777,9.888939295387192e-07,0.000980341797472585,0.0017237398371011054
2284,3,0.0023670859803574472,2.4582262918548142e-05,0.8884644764854384,0.008022796155540949,0.09403602207653308,0.0003674365945659584,0.006330904337166247,0.00038669610747928476
2286,3,0.00014061903718922425,1.757338137337258e-05,0.9963354452243185,0.000978057752601084,0.0014139938198373244,5.204248809028741e-06,0.0009964344152933674,0.00011267212057823858
2288,2,0.001328225433188169,0.9873623095842824,0.0018509166732766202,2.0957359836434973e-07,0.001756813921793226,0.007445691931519602,0.0001709345519048834,8.489833043662042e-05
2289,7,0.00025039961412323165,0.0001037944564997983,0.05480048376427811,0.007784887213078564,0.010058177465981732,6.203501174800799e-08,0.9270021358365111,5.961451571265306e-08
2290,3,0.0003431787571256218,0.0001445434743775381,0.96817177650611,0.004210964303233396,0.025366586631609504,0.00020341293670826261,0.00048478659990877616,0.0010747507909269868
2292,7,0.016954428554239544,2.0655474195126987e-05,0.06792491155080531,0.006476766545565299,0.001386879314698675,1.811305862326739e-08,0.9071023414969747,0.00013399895046279218
2293,7,0.0019377066759206421,9.156380396948118e-06,0.00036150446384525925,0.4622381248960044,3.798929037640886e-05,8.305797745083697e-06,0.5351626887696864,0.0002445237260247896
2298,3,0.0006023418365748778,7.89520079417325e-06,0.991101677635425,0.003440065631584594,0.002965953426953911,6.485552564680373e-06,0.0018717159958921105,3.864720210625208e-06
2299,3,0.0009586981545765518,7.622550659774393e-05,0.9946085962095462,0.0008892539602077169,0.00021892667822276718,0.0008734400241526665,0.002293190910499934,8.166855619639714e-05
2300,4,0.00026411732060103494,1.348475928004804e-05,0.015949695165454445,0.877786176733986,0.0173626616262749,4.6250298515894635e-06,0.08816233005533838,0.0004569093092135591
2301,3,0.00015662536159513044,4.225857920005991e-05,0.9621143214845084,0.0008401220132521671,0.03328405916281907,1.805742972558861e-05,0.0006793115980788884,0.0028652443708206132
2305,3,9.847716902674053e-05,2.5338837801427547e-06,0.9956546039460799,0.002126991867933806,0.001476568518841009,2.2131115811518062e-05,0.0002992960129332879,0.0003193974855934831
2306,3,9.638093617967172e-07,1.462559185120352e-06,0.9804152163067924,0.00315990054482744,0.014056454197826114,2.138398853403609e-06,0.00010198025725443871,0.0022618839258992224
2311,3,6.723730563430479e-05,5.758680877756964e-06,0.9967216651087417,0.0002606785352726991,0.0027231446249607444,1.7708309042578407e-05,0.00015357678181068324,5.023065365964069e-05
2312,7,0.029285500226820305,8.597966695697502e-05,0.0019662709627154477,0.22178407474012993,0.00020481085770310872,7.267647356214917e-06,0.7465450681422647,0.00012102775605315767
2316,3,0.005655845977786581,0.001735668714514751,0.9886842931449111,0.0011868836675192433,0.002240044392917229,8.69845005011855e-05,8.60531995201129e-06,0.0004016742818976437
2318,2,0.0010673490635225622,0.971171547865751,8.515937215604412e-05,4.3188368115702365e-08,0.017437289909076607,0.0070271008467612086,0.00043832983001887877,0.0027731799243457065
2319,3,0.0003798402424984431,1.0952766698380801e-05,0.9976685087606236,0.00048413335165113164,0.0012478174177739702,8.854319827056566e-05,0.00011815234260303014,2.051919880609154e-06
2321,8,4.0534013521089286e-05,0.018232312734447587,0.11441700371020552,6.481624793312e-05,0.12823730930461572,4.6642582362176773e-07,0.00033301464164373654,0.7386745429218096
2324,7,0.00015574844654141272,3.71897391465444e-06,0.2350465172216904,0.06886469535288547,4.390415904768921e-07,4.717395673783488e-07,0.6958366227604098,9.17864634004544e-05
2328,3,0.0009138292228759091,0.00028050401658253726,0.9911126969507821,0.00021768034445230185,0.00016275466846969963,0.0011115643314257542,0.006150128788982604,5.0841676429050295e-05
2329,3,0.000353102676925827,0.0007926723260230345,0.8065750519446646,0.00883329360563633,0.11407261795665391,4.70484183160212e-07,8.889179280418934e-07,0.06937190208798502
2330,6,0.006617556617103191,0.0003214664443682949,0.0016402723344812,3.568553432280789e-05,0.00025263412538347,0.990599928828487,0.0005322794288447254,1.766870093358107e-07
2333,3,8.866508423509959e-06,1.6351077592006906e-05,0.9821772454073586,0.0015743537116834692,0.014386261920549806,5.7642481270820405e-05,0.000722124711394106,0.0010571541817276711
2334,3,7.456555209091053e-05,7.9323744833124e-06,0.9908003474147051,0.002244476058019749,0.0005744017346081138,5.021141427515258e-05,0.004877085732536302,0.0013709797192813366
2336,7,9.577058043374379e-06,6.42479167101228e-05,0.0030212936991766684,0.005245235547830252,0.011572910988147573,1.1438973474710232e-07,0.9800206852230546,6.593517730273145e-05
2339,3,0.000990103361651593,3.38323851432387e-05,0.9849140665794571,0.00010161056254598397,0.013143151879632997,2.2237865835830162e-07,0.0004217840517012396,0.000395228801209315
2342,7,0.0016116154432162953,1.5600818706636793e-06,0.021161013889508654,0.2323014433586886,8.61163875541228e-05,1.9639872336379013e-07,0.7447648291823981,7.322525804024002e-05
2343,3,6.47895077920228e-05,3.969809202865132e-05,0.973441868167109,0.00020469433633576144,0.020832258285232236,1.3667519851343504e-05,4.29980543485874e-05,0.005360026037302273
2345,3,0.0042008361262439765,0.00022159627741760222,0.9925545197335396,4.110673784414961e-05,0.0027660106944174885,5.286449015091751e-05,0.00011736496400538338,4.570097638088543e-05
2346,7,0.0001826621003983102,0.000393564447080504,0.0012589166775455352,0.26055245753642065,0.0016633846041224953,9.385219020413727e-07,0.7359462696244488,1.8064880817846975e-06
2349,3,0.0005979747963776367,0.0003391579562353807,0.9644521619514236,7.000522521515935e-05,5.7070819011456915e-05,0.032172285271237756,0.0023101529794673135,1.1910010316895394e-06
2350,3,1.4651101171839646e-05,5.6884291975636424e-05,0.9908576739122771,0.0009809501403690237,0.004291583077691957,1.2022204743188959e-06,0.003110674789125164,0.0006863804669150414
2352,3,3.6877590323433415e-06,3.182671023323531e-05,0.9944144713403864,0.0007527272580329913,0.0027941990448381443,4.6481532730836615e-06,0.0019413568912281679,5.708284297539932e-05
2355,7,2.488620811452866e-06,0.00031445067146321774,0.03897419493845529,0.0021894719711657244,0.0027565027981264287,2.0120965503895722e-08,0.9557618721455916,9.98733420723839e-07
2358,4,0.0008614484917509264,3.868064425335189e-05,0.00742494071536499,0.5490167242592767,0.0002213599306427175,3.180237734667059e-07,0.42839201615726713,0.014044511777670693
2360,3,0.051025406657742474,0.0004905844542349584,0.5014257859293746,0.010972922270039959,0.006206421803475097,2.734991499892034e-06,2.2083264107944663e-05,0.42985406062952514
2362,7,3.109221859914124e-05,3.882290768445681e-05,0.021652776074839564,0.0017594134418890868,0.2331173697598466,3.029144374232272e-09,0.7412686179270037,0.002131904640993193
2364,2,7.339072544703618e-05,0.9870463997672203,7.286093136414762e-06,1.744207725566503e-09,0.011204131368806975,0.00020125034432899488,0.0006131710211932195,0.0008543689356593699
2365,3,0.0023290182729042903,0.0002385525392705626,0.99116654328387,0.00016532348311842893,0.00013360614948306997,0.004318816638988724,0.0016474553119493747,6.843204156360011e-07
2367,3,0.00031885009156185567,2.1448582683866938e-05,0.9969202978851759,0.0002607224245686891,0.002200891781649879,9.020274787923852e-06,0.0002624561834961553,6.3127760756092484e-06
2368,3,1.6051302993415737e-06,2.2431844405618084e-06,0.9547340964970623,0.032381685097501785,0.004309320674857189,8.598796429562141e-06,0.00828481845779531,0.00027763216161416046
2369,5,0.14512822868078107,0.00030999742416489305,0.03711297929445439,0.000966879313848375,0.8137847431375189,3.0052067133860745e-07,1.0906843088457902e-06,0.002695780944252197
2370,7,0.0001077769776512291,0.31122023093151885,6.644202818877395e-05,1.5147714408466708e-07,0.004194881460270339,0.00013572929692917744,0.6842559924167403,1.879541155729038e-05
2371,3,3.1553499653889695e-05,0.005365635241577788,0.7501414119343,3.8974795421205115e-05,0.04162735656077707,4.12112671580595e-07,0.036337284866157615,0.1664573709894407
2373,7,0.0024326803455368704,1.084133486619797e-06,0.014974589021563171,0.15174936241442386,9.676338736096403e-05,2.683533413665785e-06,0.8307129447641348,2.9892400080046747e-05
2374,3,6.772532034191976e-05,6.548265069744164e-05,0.822269223254406,0.00016501512263214575,0.17564136246091594,1.8244477709206287e-07,9.095048114472432e-06,0.0017819136981150954
2377,3,9.669654500512137e-06,0.0009840426452593777,0.9318406248788563,6.850001152711551e-05,0.002860504161837182,3.0242713785943275e-07,0.06410242103921729,0.00013393518166441825
2378,8,2.8446201303463414e-06,0.00010623731429615463,0.28755483934507353,0.020538684647486587,0.047816875477555386,1.3241284369586564e-06,0.00015171269823826148,0.6438274817687827
2379,1,0.9448081153199683,0.008913774742768735,0.0007659135897141273,0.0021190748368641573,0.0008855744412906271,0.022277138469737053,0.019852189747481947,0.0003782188521748597
2380,7,6.41365625035018e-05,2.316613080101722e-05,0.24667837905999002,0.015261231878303475,1.6853102975607898e-06,0.0001211039922848006,0.7377790267193637,7.127034645589463e-05
2382,3,0.022047100205954455,3.919931500198559e-06,0.8326631858517073,0.011246642686009823,4.790235072250787e-05,2.258723338011659e-06,0.12656781144470744,0.007421178806060185
2384,3,0.00038134168406469513,2.555648365702886e-05,0.997692609248898,0.00019429198722095188,0.0014950608193028978,2.7092136201146364e-05,0.00017920525549345621,4.842385161812968e-06
2387,3,9.928122545102863e-05,2.8224177135739544e-05,0.9887692032583337,9.441718301711129e-05,0.008931009683363215,2.4647543620651868e-08,0.002044736974567516,3.310285058820477e-05
2388,3,0.00016382930772051407,5.17703995476073e-06,0.9973995186204995,0.0011170249972088941,0.0010416087372057683,1.4596332585054088e-05,0.00025572264211726155,2.52232270838806e-06
2393,3,3.797174777403543e-05,0.0017808016759325819,0.961412642873882,0.00014999081954260998,0.0013135651020360919,0.00047330760945190573,0.034826855378943825,4.864792436985687e-06
2394,3,0.0012846673403717015,0.0019723145495905677,0.7756719934258116,9.210870512243255e-05,0.2163242950461457,2.3652026366464008e-07,0.0007074937687780833,0.003946890643916185
2395,7,0.0017625611124509031,3.124686331563166e-06,0.026269681822509182,0.13169037186785518,0.00017054765376656105,5.06692497978789e-08,0.8399921009763001,0.00011156121153681507
2397,7,1.6026883500067959e-07,0.000433848014704361,0.2899911178461822,0.00014950197299862602,0.006085637725248099,3.305064910369287e-09,0.6977975594627354,0.005542171404231352
2398,6,0.0003898630901825763,0.012913303926022725,0.052442096691745634,7.665765936440503e-05,0.0002148315573218365,0.9335233981172503,3.701032930683752e-07,0.00043947885481936
2399,3,1.098423499957012e-06,5.4092947848022316e-05,0.9941900749042782,0.0008044535570134741,0.0009881786262254497,2.472278411975895e-05,0.0038430219362265497,9.43568207884317e-05
2400,3,0.0014752310915365386,7.067986173084385e-05,0.9615668723127128,0.00018531451874115247,0.008388280886433595,5.128769087507365e-07,0.02824318910682207,6.991934511412611e-05
2403,2,0.003839212182919541,0.9888344678495298,0.0014309382550491063,1.9037386283006906e-07,0.004049103175838034,0.0015959769345801633,0.0002439817136338565,6.129514586810024e-06
2405,6,0.00024122693424096333,0.00038300593208274216,0.16136744583581805,1.5240896731066304e-05,0.000798007769383503,0.8371947835040239,2.2444164670461926e-07,6.468607306658002e-08
2412,4,0.00025202336159715216,1.8027054317000028e-07,0.012717283219429712,0.8676668665699943,0.004554572448271477,1.540832550933597e-05,0.11478043497636842,1.3230828286650913e-05
2413,2,0.014143616545419567,0.9199409967355611,0.0026483806833694497,1.4064571132505592e-07,0.0019910618100767567,0.06064572556570359,0.000273471903542448,0.0003566061106157969
2414,7,0.0002841873976278763,4.2622747690144166e-05,0.09576982485484217,0.0045525283847362395,0.04078904306050084,1.9276221967150422e-08,0.8585490949793753,1.2679299005575479e-05
2416,7,0.0038982983622829234,0.0001603310060537618,0.2570075176831069,0.00034040088226602134,9.423466107120901e-07,3.848410549612805e-06,0.738588041094108,6.202150219765114e-07
2418,6,0.0005223806384814873,0.0032545098285927704,0.043837002885479245,2.799587208634211e-07,0.00041048966208287663,0.9517335391223641,0.0002390882299444828,2.7096743341403554e-06
2422,8,0.00582274039478245,5.735527361534592e-06,0.07700090793953336,0.41886523793594216,0.007610321063011083,4.6504950945857333e-07,0.0022499084210547363,0.48844468366880517
2423,7,3.8038168423926195e-06,0.000844386520801943,0.4103958560256145,0.00023344088993709796,0.0005575938147016834,1.9562323893874183e-07,0.5879518316010217,1.2891707841725017e-05
2424,3,1.6990675437355194e-05,2.7473524957245614e-05,0.5186543636514894,0.0004932554371196073,0.24921180227272485,4.463295810889573e-07,0.0001358724186608379,0.23145979569002958
2425,3,0.001391801575749573,0.0006267276970902249,0.9740075825012199,9.04674147302219e-06,0.01888804936431524,1.2152560309319878e-05,0.004376260749501446,0.0006883788103412809
2426,7,0.001156993396728267,3.9728924316040066e-07,0.22800174172892756,0.32756377387863295,0.00018360539689024638,7.4299556681115675e-06,0.44220726119170645,0.0008787971622032278
2427,3,7.2866048150228615e-06,7.414481478533133e-07,0.973467944497454,0.02213112092135686,0.0009172755702973502,8.238691950809791e-07,0.00286073740475061,0.0006140696839834046
2428,3,0.009596357967449048,0.0005897947348877801,0.8319115214104855,0.005567988836162653,0.06902820438649189,0.0068085121433474624,0.07630542910522081,0.00019219141595486734
2430,7,0.00016873672786773365,0.0001076598299086439,0.015481021669400439,0.44982797579930045,0.06700744080592727,1.3944539368959295e-08,0.4654291808359691,0.0019779703870869514
2431,6,1.076831107064719e-05,0.0005974009132789004,0.19714276366297648,3.7530240004880277e-05,0.008913735568798648,0.7932881031853394,1.2132983517956675e-07,9.576788695788357e-06
2434,3,2.1418868738866283e-05,0.00025108555892256926,0.9892155097836836,0.00029777494235364954,0.0010013291497629959,6.878205945622986e-05,0.009068004600374643,7.609503670757812e-05
2439,3,0.12170084931332624,0.00018811717914219076,0.7942260846570005,0.00016519626810901112,6.114381987100534e-05,2.0681873250524483e-06,0.08353122142595701,0.0001253191492691026
2443,3,1.6281271187782007e-05,0.00019234446640661014,0.9864750600992618,0.0006241550039140165,0.002813878214160981,1.5989619284549279e-06,0.009686307907569983,0.00019037407557042857
2447,2,0.0006251448632551797,0.9278946492859256,0.040915654926577824,4.965763833594504e-05,0.002316257163188201,0.002065360668182678,0.02573180641759943,0.0004014690369349043
2448,3,6.655187489340266e-05,0.00015248467261351538,0.7343455136193455,0.0003920357152058865,0.24464593779457544,2.0658123784302254e-07,0.0011479489261053172,0.019249320816023055
2449,3,0.001981383694823628,0.00036348322598545653,0.9947163822800659,0.00010154339302655209,0.0015913823910688762,3.1030905789279457e-06,0.0012011743835098384,4.154754094091687e-05
2450,3,3.674595927059172e-05,0.0009998884730895966,0.9821166092120162,2.931347661405551e-05,0.011692446763911927,9.620019727426582e-07,0.00448388600226039,0.0006401481108645098
2453,3,9.170033037987243e-07,4.347096204914495e-06,0.9948502471407183,0.0016984625330691658,0.0023360407155642573,7.516928438139697e-05,0.0006436685259465243,0.00039114770081159604
2454,3,5.4869645434739556e-05,6.699843079997176e-07,0.9831781231057048,0.010103561039656539,0.0036439226974843445,4.028668697879312e-06,0.0029616344177892323,5.319044092467165e-05
2456,5,0.0001291203896855548,0.011333238889781012,0.3274899370645872,3.6085166468521874e-06,0.47348011315772504,9.01860365727821e-07,0.0004595806254568341,0.1871034994957518
2457,3,0.0005846796990648382,1.4501211936189461e-05,0.9912920807884793,0.00027740254933701446,0.007045667203062347,2.711859789056185e-07,0.0006737720435950909,0.00011162531854639392
2460,3,0.0021909109794418873,2.4946894368661648e-05,0.9838314708034854,0.002050758991871003,0.001977192479425587,1.5532656519033256e-05,0.009899132628583818,1.0054566304708851e-05
2464,6,0.0024634010967212244,0.002265598123705119,0.2947060096683414,1.2982497590072723e-06,1.682535853783718e-05,0.7003936001455306,0.0001530800557762772,1.8730162859782775e-07
2465,3,0.0005510085168332488,2.8794438760408704e-05,0.9399706258536545,0.002060638888531344,0.00020165192181380238,1.7067241786239843e-06,0.056215041306532924,0.0009705323496952377
2467,3,0.0008485482510529995,1.4431779937015106e-05,0.993852950485743,0.0007821999848440572,0.0025884291441613232,8.26346710092319e-05,0.0018271959229433097,3.6097603091905562e-06
2468,6,0.06645415823141106,0.053674078115388074,0.0005691657843203874,7.642583146574066e-05,0.0029150228214735456,0.8762726393098074,3.182370648427479e-05,6.68619964955636e-06
2471,3,1.433645076624427e-07,6.185660727657719e-06,0.6975860456223051,0.002140518882871876,0.2980164582508749,7.799612883617422e-07,7.744989628652203e-06,0.0022421232677958293
2474,8,2.2303832895405084e-05,0.00031373165964965183,0.178644218004688,0.021889920872905515,0.2198029965807565,4.237561995239574e-07,1.83194189321348e-05,0.5793080858739732
2476,6,0.07186868654931668,0.00065473682149796,0.1588969079013484,1.534252141438909e-05,0.15635432811920374,0.6116807930496325,1.2353332255171272e-05,0.0005168517053310866
2477,6,0.0036887569671272273,0.0011461736516542767,0.02970645755822957,4.839106949557226e-05,0.0003744131672895702,0.965003065554214,2.2860731936496677e-05,9.881300053408734e-06
2478,6,0.3817630848232052,0.001036111665879546,0.00016582019138739758,3.6893600006916913e-06,4.2598279260903086e-05,0.546015693597921,0.07097175754273372,1.2445396116496943e-06
2479,6,0.061688226698164844,0.0221472578753938,0.2571281428842741,1.0960373565986552e-05,0.00013608568833095979,0.6588799265223437,1.76353246479573e-07,9.223604680089196e-06
2480,6,0.0012062884358646352,0.0006227980154310494,0.1622230661765998,1.7104234474642445e-05,8.26880645928393e-06,0.8356980080156409,0.0002184737432759591,5.992572253801794e-06
2481,3,0.0011724615419657256,0.002168092920337618,0.9735823456451409,8.5753764775864e-05,0.022544737471762555,0.0001254491119361209,3.41923532586984e-05,0.00028696719082258853
2483,3,0.0010325167697492858,0.00017629850303661684,0.9930904126303364,0.00018910413183229318,0.0005935728639349765,1.5109188255258798e-05,0.004898525062090076,4.460850765095798e-06
2484,6,0.005973208891290198,0.0008194226342551436,0.001670876853215839,8.774961328462236e-06,0.0005623135716162124,0.9896296722312742,0.0013354971958579908,2.3366116207600019e-07
2485,3,0.0006545956706290372,1.8156120309411495e-05,0.7706252621661204,0.0029965959724825774,0.0008996240798376313,3.1411299405064414e-09,0.19663710394312398,0.02816865890636685
2487,3,0.000666592763305057,1.690152906643589e-05,0.7697382551117024,0.0024154392153193766,4.7626609511734894e-05,0.21890511110287464,0.008209149837832299,9.238303881327765e-07
2495,3,0.00014921300706980347,2.5447321175647223e-06,0.9858044235433815,0.0009852494787682474,0.010725223627520267,2.6664445962395426e-07,0.00016868045415131924,0.002164398512531855
2497,3,0.0001980129715932613,1.09110226334165e-05,0.9369364785428895,0.003624791707672656,0.0040491782757160755,2.3954521137989956e-07,0.05505549963171744,0.0001248883025664175
2498,3,0.0007532587361815836,0.0006815574460530815,0.983772064486193,0.0003282818257316471,0.01410188166199774,0.0002295298252587945,3.976249588244809e-05,9.366352270154414e-05
2504,3,0.19928117669798137,8.188695703001139e-05,0.784258542606446,0.00012826759945337292,2.5489860080724895e-05,0.000666280963170698,0.015506794821503172,5.1560494334990044e-05
2505,3,0.00012881406399973495,7.9065724938793e-07,0.9771754233583597,0.02081012421098546,0.0012582045546843971,0.00010006766879804387,0.0005143699264024542,1.2205559520818826e-05
2507,3,0.0015231650563875335,9.159681482569449e-05,0.9958853286920644,7.453520081681494e-05,0.0013027393215154861,0.000987944529084061,4.8723442969797596e-05,8.59669423361321e-05
2509,2,0.0005469065927078576,0.9147647411960748,0.012091228141932971,1.1694809417406428e-05,0.03686525462458243,9.403571101775224e-08,0.03413667558881998,0.0015834050107536267
2515,2,0.00013595508699420768,0.9833271704547203,2.8589410181363495e-05,4.778700006218569e-09,0.015312440432368676,0.0002620245564872218,0.00028140574739729247,0.000652409533150759
2520,3,0.00020461742552943594,1.715672347034196e-05,0.8385808270209628,0.0008989709142632374,0.1458539321240117,9.28093879716058e-07,6.555161805728653e-06,0.014437012536076816
2523,3,0.0005177928360695232,1.0547117635228318e-05,0.9971092355541251,0.0006003702868066019,0.0007353324342346748,0.0008535366511833878,9.639584557526721e-05,7.678927437021166e-05
2524,7,6.065680520285446e-05,5.806988829924151e-07,0.03498299513947796,0.3861854984882919,0.000792042307617367,0.00010394119349214807,0.5778738572683354,4.280986994804665e-07
2527,3,1.2240471055501925e-06,1.7376628306765463e-05,0.5395899441735996,0.000151412285793691,0.1443222822923694,1.0832326774885972e-08,0.003007918388841148,0.31290983135165695
2528,3,0.0010448560454155596,0.0002683369614903716,0.6890632426762794,0.22041708231701707,0.08141228648359138,2.713717645176763e-05,0.00017998592622661525,0.007587072413527743
2529,2,3.494164248477807e-05,0.967755484376549,0.002949720520073686,1.1592601692455893e-06,0.00019408085760740947,0.026476276056642812,0.00226151017936706,0.0003268271071057275
2533,7,5.144850177869372e-06,0.00012804079398239416,0.09483077068436623,0.002399408768675506,0.020400761044246048,3.5053580728295067e-07,0.8822344441921542,1.079130590461744e-06
2535,6,0.0004667165781863542,0.013552745222461157,0.006203644410250603,0.00028535441894485866,0.00013051196757152844,0.9792741153823427,1.8530000203277303e-05,6.838202003955682e-05
2538,6,9.666680276361291e-05,0.0010991684502502607,0.02503962422586517,8.743858031853973e-06,0.00016755191912255212,0.97358532939434,2.907482559217503e-06,7.867067391247721e-09
2539,3,0.0005969011475477018,2.8566329014457193e-05,0.9083357618760239,0.0814107572439869,0.006272627055726064,4.175029053482657e-06,0.00012912345074878495,0.003222087867898695
2541,3,1.2408336336462543e-07,3.0867451626179056e-06,0.747425028682352,0.02335479732275088,0.22744664592661534,1.972018502460998e-06,0.0009456462714777709,0.0008226989497755257
2542,3,1.3715665748772222e-05,4.279244248901395e-05,0.9493872625831286,0.0003028985632970182,0.039598601621835774,3.16302685124687e-08,0.0018082463937883603,0.008846451099444047
2545,6,0.00036330229571392283,0.0006466481332080968,5.418251097900696e-05,5.5403614474307663e-05,0.060980698104210425,0.936898416930904,0.0010012302851263037,1.1812538392406618e-07
2546,3,8.088677684933842e-05,7.331844641190357e-05,0.9778410341085998,0.00014610283002119027,0.017745588574444613,2.3485307637936155e-05,5.501296377094135e-05,0.004034570992264469
2548,5,0.00012344360410177353,2.3468951533106136e-05,0.011111529871583353,0.000999919631142284,0.9866613469529067,2.4227289959360623e-05,0.00012282007518918392,0.0009332436235843442
2550,7,0.002241649982178977,2.5589929068761386e-07,0.018782959364769477,0.35342283714290595,2.989993980618094e-05,3.159543522328018e-05,0.6254799802886771,1.0821947148168567e-05
2551,4,0.005159152946173568,0.00018739179631026187,0.01984130779527667,0.546128103039449,0.4239841378647671,1.4702416266646078e-07,0.004562758251432682,0.00013700128242797617
2552,8,0.0004377552190546057,3.0936379418120617e-06,0.44589849407344945,0.09373074593935578,0.0005404107649708204,6.6397115490748925e-06,6.277091900663903e-05,0.4593200897346718
2553,3,0.0009350029935031532,0.0012103471427306065,0.7707202341518345,0.053379060508752636,0.14020786683312528,6.455755332681184e-07,2.6333469680214585e-05,0.03352050932484036
2557,3,0.0004977253121982956,1.9590129115899078e-05,0.8555468009582949,0.005446733621371199,0.0009949288766495212,5.936485643400401e-06,0.13736349401041784,0.00012479060630889323
2559,7,1.6120441830319115e-05,0.00010916691326154913,0.4618467226857642,0.004899955876803304,8.602351592931736e-05,2.6411602193692725e-09,0.5330326373034022,9.3706218488463e-06
2560,3,2.818823488623521e-05,2.4935102365843972e-05,0.5708436011805745,5.181024424045568e-05,0.18445009390322809,1.6765154331515485e-06,3.7465108462677155e-05,0.24456222971080893
2565,7,0.00019159176217854162,1.944520790318166e-06,0.01151277474748274,0.05951354172198816,8.041447520893407e-05,1.3834870650404377e-07,0.9286939332111278,5.661212516912299e-06
2566,3,0.2079460998013966,0.0001413528090580336,0.5673425520214657,6.170860070690437e-05,9.378962861624483e-06,0.22224163425047114,0.0021280045853079013,0.00012926896873215768
2568,7,0.009718802866043964,0.005083264570938913,0.0001755193508583509,2.0886035512653066e-05,7.054969866522817e-05,6.917264108986818e-07,0.9849272325026437,3.053248926447925e-06
2569,7,7.560322055843632e-06,2.4312575793853966e-05,0.0069088913800902105,0.02697546316363995,0.002751497135784509,0.0011365054130261564,0.9620944182871165,0.00010135172249297938
2570,3,5.989940005441026e-06,9.007778717442169e-05,0.9141904108030596,0.0010652156175609637,0.0037259419498264224,1.8638688697773385e-06,0.0808859458470558,3.455418644733172e-05
2571,3,0.0003537741900549071,1.864916349666802e-05,0.9961065331938407,0.0005948959342746145,0.00024148498836017816,0.0021485857051384066,0.0005255561138391444,1.0520710995402702e-05
2573,3,0.0023106274523621837,0.00012077511714486702,0.9941236779597659,5.061114005951515e-05,0.003052873122176456,1.7498180285308516e-05,0.0002556941044792351,6.824292372650128e-05
2576,3,1.9081043062633994e-05,8.761360915749498e-05,0.9906494186750818,0.000293012521675961,0.005022583635467151,5.166356657383625e-06,0.0032237392842804176,0.0006993848746171778
2578,3,0.000820979445198269,7.387823386916358e-05,0.9941954430477161,0.000332864986340611,0.0017116427686814778,1.4251770141463978e-06,0.0028475462222759917,1.6220118904016015e-05
2581,8,3.929320657804429e-06,5.365151092941598e-05,0.3290980110588556,0.03613540640938148,0.03580388897736177,1.5238826976889554e-05,5.460902745549086e-05,0.5988352648683817
2587,6,0.02281079271179872,0.0001424281503498879,0.02006570212382677,6.216014352714743e-05,0.0029592193217243593,0.9539137454417314,4.2200832180910996e-05,3.751274860872244e-06
2591,3,0.0007024142014963374,0.0015109658407196156,0.9393360320450374,5.005147935175082e-06,0.02715874695061871,3.524961450788042e-07,0.030145076338777332,0.0011414069792703605
2595,3,0.000977000277577088,1.6842401702029115e-05,0.9931233465532773,0.0014108730551811788,0.0028652227220131755,3.211799598516142e-05,0.001571509540530607,3.087453733635979e-06
2598,2,0.09076656291472039,0.716671225101102,2.049197617578665e-06,6.037002196658286e-08,0.19126575710385532,0.0010919007628434297,0.00018538465410283835,1.705989573659471e-05
2599,3,2.9143903131057636e-05,1.1116462605088307e-06,0.9949511681658371,0.003991129797130662,0.0007075905555396543,2.4784402905689594e-05,0.0002836998517533377,1.1371677442089948e-05
2600,6,0.0013770626596871555,0.10859078071609204,0.0017253211926814204,5.561968833700336e-07,1.1958841000470368e-05,0.8882651236567595,2.736292027366376e-05,1.8338166222539926e-06
2601,7,1.5198114835771913e-05,1.1198519004670902e-05,0.0027622595953465073,0.032524430467657794,0.0028993331333814014,3.0889960422972524e-05,0.961751136231152,5.553978198943794e-06
2604,8,4.056884784333488e-05,0.0012134058847409232,0.11307305757819146,0.001983772055745778,0.33512625081551944,3.5903800007617316e-07,9.241353381172245e-06,0.5485533444265778
2605,3,0.00026111320648279277,0.00018771388297720703,0.9036673223304231,0.0011826868317833979,6.827091396177399e-05,7.349237960624651e-05,0.09455167585367347,7.724601092148076e-06
2609,7,0.0006708259523864197,4.842440639869103e-07,0.20409746954404218,0.3897651700313223,7.646967114131932e-05,7.223616788959926e-07,0.4048692168480137,0.0005196413473512935
2611,6,0.017617044252628784,0.00414871771898585,0.24134733601100197,6.919540952357104e-05,0.00012334261723246528,0.7366367309762981,7.331799560819583e-08,5.755969633368055e-05
2614,3,0.00012482438964762932,1.857382696510684e-05,0.9254616616249346,8.551687211593389e-05,0.07260609160351873,1.0347788871547798e-07,0.0008373544039390849,0.0008658738009901504
2617,3,0.00016058894279505448,4.0094830544746834e-05,0.9962262572918902,0.00044312451002616684,0.0006184501692624238,7.56957377798707e-06,0.00247761685140749,2.6297830295982226e-05
2620,2,0.39580571238556045,0.4992977861284772,0.003017756422815044,3.2274918109166786e-05,8.036110269120499e-06,0.012128389265498151,0.08518027769316705,0.0045297670761039405
2622,3,0.03980793905495079,5.808089684425104e-05,0.9288655336182714,0.0022722481765907704,0.005028433396996203,1.1342801528883646e-06,0.0007345584156063012,0.023232072160587428
2623,4,0.01690894422410926,4.1178163318125755e-06,0.014191976985558446,0.8742080148098889,0.0010365597370709794,1.6189885380043332e-06,0.08506326285862376,0.008585504579878929
2626,3,0.009355368530002042,1.1982963521004505e-05,0.9739018938331386,0.012883978794445156,0.002302111259269786,3.8810685518183845e-06,0.00027821849556075286,0.0012625650555107158
2628,3,0.0005600994813183869,2.6108903530266164e-05,0.9936546980723179,0.00021479597642400712,0.004169078648528448,4.6442759518711407e-07,0.0012407360392968992,0.00013401845098906574
2629,6,0.013118031879920153,0.00028272375623374275,0.006372116861789455,3.379868582420105e-05,0.0014189305456959792,0.9786471943779406,0.00012579746269861445,1.4064298971931908e-06
2636,7,0.00011016250564797597,2.384582219545259e-06,0.28990013089336975,0.1398651875095734,0.049101292663502945,5.759262922498876e-09,0.520878863837838,0.00014197224858542902
2637,3,0.0012717124740109279,0.00013205101637800906,0.9954933498572324,0.0001894483452983708,0.0009332177143500219,1.3698640451485213e-05,0.0019581073303446047,8.41462193439188e-06
2638,2,2.033377245617361e-06,0.7109988523118751,3.28782692387268e-05,1.3034266032982568e-07,0.0007138934968828009,0.00011845859693907893,0.28581896076460833,0.002314792840550128
2639,3,6.331141422568722e-05,9.27193385331562e-05,0.9061260080285427,0.00028770055459993537,0.09291318223490447,4.925020137809809e-07,2.555973076640783e-05,0.0004910261964139681
2640,3,9.208924115048847e-05,0.00011905529383785466,0.9520535143505414,0.0003223674263430196,0.04719466448526561,6.043173105194995e-06,1.992250682687174e-05,0.00019234352292955544
2641,3,1.2459298175623073e-05,6.545960673544453e-05,0.9697203854192075,0.00016556237858887367,0.023405623862493268,1.0251032745253409e-07,0.0035016262778148526,0.0031287806466571487
2647,3,7.944874688152671e-06,0.004530128911134845,0.6460866207596401,4.020181320982762e-06,0.12049879454179249,6.478586636480908e-09,0.17829823936051123,0.05057424489232571
2650,3,0.003926684384019411,0.0006831934568842407,0.993474426621157,1.9490906558614573e-05,0.001034328113839187,0.00019524196720593933,0.0006565861845537134,1.0048365781965946e-05
2651,2,0.0009953866815140021,0.9374309545898584,0.0016673906462992666,1.9525827738145452e-06,0.04902974321840607,0.00012969237921267666,0.000529604247924102,0.010215275654011825
2653,3,6.522539170121371e-06,9.47580575416534e-05,0.9916464410506196,0.0006895713640316023,0.00262189477123577,1.0718720488555517e-05,0.003682430479758625,0.0012476630171539028
2655,3,0.0006859417648020022,3.032841582949059e-05,0.9959658112267502,0.0005665321512771205,0.0010427241260957034,6.343301157603727e-06,0.0016913092468447072,1.1009767243128355e-05
2659,3,6.811448632669538e-05,2.9127310995584276e-06,0.9895889964126494,0.004136251911072946,0.00448775827066034,1.4578609018103558e-08,0.0007617648654223923,0.0009541867441595975
2660,3,0.005284437731294106,0.0002268935383231373,0.9866122029909943,0.00018838709620500431,0.0013810601114120676,0.00015208372396646302,0.006149351977946744,5.58282985820118e-06
2661,3,0.00019989243291487373,9.367845081106342e-06,0.9976466814045443,0.0008389226474913585,0.000839522344612891,2.3208882791542472e-05,0.00044127005742609736,1.1343851377669226e-06
2662,3,4.352502851779851e-06,9.971435549463041e-05,0.9848739354979973,0.00028104651207644534,0.005204927715254319,2.0471124780158315e-06,0.007105342344765888,0.002428633959081601
2666,7,0.0006984917652464836,1.9300569472792468e-05,0.20625250521146707,0.01101062831854307,4.978704718518223e-07,1.3935377921801452e-06,0.782001517553241,1.5665173765630143e-05
2667,3,8.533060221297173e-06,2.2941283128910168e-05,0.9835873258269824,0.005173981758051941,0.010893776642134909,6.593255784528881e-06,0.00011210911341841231,0.00019473906027760927
2669,3,0.0005017708989419356,0.0015809296986884621,0.9767089824303752,0.0007970362885994925,0.01596144143573874,0.0008080775301054097,0.0032939777662183835,0.000347783951332351
2671,5,5.123915128944625e-06,0.010215627287766088,0.18153035049206775,7.484175241684316e-06,0.8056545948847975,4.0571241080646855e-05,0.0001128756499644094,0.0024333723539529785
2674,4,0.0009855445721842463,3.416873002091164e-05,0.017881053344376462,0.5571304275737358,0.0002834836648748786,6.609590341056016e-08,0.40567091106708364,0.018014344951820492
2676,3,0.0020426531674235635,7.451166688437542e-05,0.9683700683982376,0.0006146255655373584,0.005447362523747205,6.960111716668558e-07,0.02343055787204655,1.9524794951815334e-05
2677,3,4.066076399460191e-06,0.00018046881746485935,0.9831484235667708,0.00010548527085440163,0.002201104465452592,2.225685751031067e-05,0.013686504437672789,0.000651690507874823
2679,3,0.042200324670170763,3.7663590264477788e-06,0.8398337663244747,0.0010769125737368243,0.0005678112561224756,3.8279040119467885e-07,0.012974943518415579,0.10334209250765214
2680,3,0.00022487821584037075,5.172902813336838e-06,0.9912715198592841,0.002589684579222023,0.005029078767276347,1.1892101163090495e-05,0.0008169068452434009,5.086672915721921e-05
2683,3,0.00031008338339869593,2.6126888251208186e-05,0.9868908666782634,0.0015550717160147647,0.0038479232425323293,1.243256221469219e-07,0.005465386715793701,0.001904417050123652
2684,3,2.4398138797166366e-05,2.6882294778205594e-06,0.9774621593542723,0.010726952808541818,0.007335275764170827,0.004172292135511909,1.4596392569002087e-06,0.0002747739299711659
2685,3,2.104929002170581e-05,5.960207714471595e-05,0.9927194110016224,0.0006573507466162029,0.0045148656299702035,5.3254283646584655e-06,0.001454053541979395,0.0005683422842807627
2686,3,0.03282603442370862,1.932374020484879e-06,0.9645351212383788,0.0007571774832789585,0.00030650797180330306,7.0602907915977725e-06,0.0011433407029353556,0.00042282551508303356
2688,2,0.03136738176494208,0.9572999081954473,0.00020636945811421093,1.163370535831527e-09,0.010892791216452612,6.480888749723089e-05,0.00015679181621124723,1.1947497964729211e-05
2690,7,0.0017125912298201996,0.0007512275682729477,0.13070041655705011,0.00017120793580725245,3.859369097433893e-06,2.9343817925527946e-08,0.8664616298297377,0.00019903816639645284
2691,6,0.40716607879289174,4.0619341568203536e-05,0.0017178024033949562,0.00010278380291767281,0.0001968371817640441,0.5898876403740935,0.0008515084973589468,3.672960601094712e-05
2692,3,2.1234039208860936e-06,5.2272983615189844e-05,0.9944450762400491,0.00035387274653897856,0.0042169089855663335,8.259262081505632e-06,0.0005123433761345528,0.0004091430020934367
2697,3,0.0009368737560586221,0.00019267879589273713,0.9717599765946018,0.00256083941129775,0.014130860851967414,0.000363372510333357,0.009982473380974431,7.292469887392318e-05
2699,3,1.1651546365445807e-05,0.0001367558705079666,0.9774294739439426,0.0007776551977630735,0.0047347145262330225,1.910455452563807e-07,0.016367938393325874,0.0005416194763164556
2702,3,0.2025523398731377,9.669954193404766e-06,0.7945082787745631,0.0012921864327813722,8.689514978762123e-05,4.918671801976286e-05,0.0011893312822197919,0.00031211181529714914
2703,3,0.10123539204063907,0.01138377165685277,0.805561510411379,2.4225701904269793e-05,0.0001263924201525173,0.06807095218720936,0.011709754502069345,0.001888001079793609
2704,6,0.00020721323227914553,0.43799603208437754,0.0002588346099724602,1.5151103728160004e-07,0.0008965973569104204,0.5600014386167111,0.00018339069204857732,0.00045634189666345516
2708,3,0.00010307227015066369,0.00040373233064650076,0.9852175384959286,0.00045000399337145354,0.01369913984839271,1.3362529188869916e-05,5.861319753640512e-05,5.4537334784737384e-05
2709,7,0.00041770176322612957,6.978587942843668e-06,0.07550741211043442,0.05210927739570505,0.00022607879267895275,1.2889010176356064e-07,0.8708587422445393,0.000873680215371612
2711,8,2.3027922649733197e-05,0.00034953896642141873,0.16807454586560516,0.013183780510380872,0.272665590333868,2.5427424881742085e-07,1.767007939545237e-05,0.5456855920474304
2712,3,0.00015262354027355328,2.9986099750444924e-05,0.930155260410501,0.0026218731598626165,0.06680087855597164,0.00012127771605415814,0.00011586185492199592,2.2386626646353776e-06
2718,7,0.01711460745538026,7.124258711583915e-06,0.0622968834734679,0.023518430030817356,0.0005336555288351314,2.30045300633372e-07,0.8965051681561601,2.390105132701657e-05
2719,2,0.0001273700866300385,0.9976884962908997,0.0003191767209932729,1.2884184311329655e-08,0.0011911419068123708,0.0005151802129507854,0.00013720703280135004,2.1414864728282728e-05
2723,7,2.0783290494073184e-05,0.002054067255709572,0.3596295889302128,1.2890069774727371e-05,0.010479917025926237,8.69279639230601e-11,0.6157965821384641,0.012006171202490564
2730,3,1.7815007044844567e-05,1.0438935480088792e-06,0.9935795423080894,0.00380402011619608,0.0019371691815285872,6.599161537537243e-07,0.000629446811252912,3.0302766186561223e-05
2733,7,0.0048355864199386865,1.0412240533579412e-05,0.006789184291334338,0.1051184512804843,1.793003183206414e-05,2.497371495755003e-06,0.8832254142284647,5.241359166445955e-07
2736,3,0.0001190348475468483,5.9938461121441215e-06,0.9978528643642981,0.0005215968447472806,0.0007438119114388361,0.0006882115336601339,5.669075311953488e-05,1.1795899077096616e-05
2738,1,0.7608049269370634,0.03889294768990549,0.1369363936375128,6.413156749289146e-06,0.00012456302439155882,0.06149917488418802,1.2172625098855815e-05,0.0017234080450906348
2739,6,0.021045960568190313,0.0001723353123901325,0.0016680277972083624,0.0004029977286130429,0.0009017585427193355,0.9720405350186232,0.003768140030993284,2.450012624210053e-07
2740,6,0.00016010918245330002,0.001561496915971928,0.03694416042234547,1.5922999801234974e-05,6.368167256644697e-05,0.9603354411663655,0.0009140641137899364,5.123526706348449e-06
2741,7,0.00030381311248125874,1.2035344477957948e-05,0.005934859233634505,0.047076896254104224,1.3836963911229105e-05,4.2889592440938845e-05,0.9465868839876621,2.8785511287735348e-05
2742,2,0.0016378332648431903,0.9641743548906404,0.010493439555364944,1.1322108111595032e-06,7.746811537044196e-05,0.02169153341911671,0.001908181287171482,1.605725668175381e-05
2744,3,0.0007360960702209954,0.0023442526844210496,0.9015248247273299,0.0056240846294701614,0.06920971353642036,1.0721416664461012e-05,1.0179312761965493e-06,0.020549289004196985
2749,3,4.6526574742155135e-05,5.2605725898142075e-06,0.9970299450323331,0.001564813118486693,0.0010328051458818326,6.406018867622056e-06,0.0002924350550405961,2.1808482058135317e-05
2751,7,0.0010836342197546377,0.01036550581515853,0.0018895035895919454,1.728375296234835e-05,0.024007644315646982,7.864858363056646e-06,0.9626184656896023,1.0097758920165023e-05
2752,3,2.8560109473078376e-05,3.230325605988798e-05,0.9605795745680831,0.0003772362841642251,0.030059462189040893,4.566625029442204e-07,0.00023279066741242388,0.008689616263263464
2756,2,0.00019522639733958742,0.9807302777495515,0.011139511887590324,4.724267331570679e-07,0.0003995855518467886,0.0027361847798339847,0.004672332831642233,0.00012640837546251836
2757,2,0.006055826765886458,0.8552393932615587,5.967274814955724e-06,5.947487320812493e-07,0.13259698757960384,0.005581307717223445,7.090460640793392e-05,0.000449018045772659
2758,3,0.0015409286324377517,6.821512188582809e-05,0.9641329138774456,0.0006634645129238862,0.0035857241104525262,1.1031687439338548e-06,0.029994774560480882,1.2876015629689635e-05
2760,5,6.327260575254589e-08,4.360902581039684e-06,0.37107255711715004,0.0023496927584113303,0.5442473921156078,1.868798352464511e-07,2.445696895289424e-05,0.08230128998485596
2762,3,0.0013179605680178669,5.680811023518017e-05,0.8788759467954976,0.005103413709048777,0.017100416048202952,0.09675941340940018,0.00018058116767186058,0.0006054601919253845
2764,3,1.1564006152680873e-05,1.3376536309419203e-05,0.9631273682883613,0.005842761454343573,0.018270272060428097,1.197415216522467e-06,0.005749245788956211,0.006984214450232163
2766,3,0.00010466800997779491,0.00012126463939675104,0.9819943027284793,0.0005310368189411567,0.01587714401678757,0.0001768074641125348,4.620057439069432e-05,0.001148575747914151
2769,5,5.254609698520347e-05,2.079488315145968e-06,0.033911244287931575,0.008015876267666549,0.9558534190494304,3.1598120714740344e-06,7.37775230439807e-05,0.0020878974745555845
2771,7,9.669770693205986e-05,0.001520448715122506,0.3101171498355815,5.476081864517225e-05,3.6770461032428795e-05,2.266544917966367e-06,0.6881718316109083,7.430686013514442e-08
2772,6,0.00022883903188037347,0.03430027675088014,0.001828939588212484,3.766068866691972e-05,0.00013952925011920744,0.9632756343619593,6.171588985937481e-05,0.0001274044384223267
2773,2,0.0016119719589721734,0.9584466947197394,9.622512197821279e-05,2.2165687976927794e-09,0.03412800909634862,0.005398184712193715,1.8639826388759224e-05,0.00030027234781033926
2777,3,1.4320856838695073e-06,0.0005035307309138687,0.9271070845699142,0.00026177192138985975,0.07189237584372123,4.6051041230426825e-05,0.00015495552441527398,3.279828273125162e-05
2780,1,0.6150261792467889,0.1195366948787459,0.0005166774043740737,0.0001290032848820054,0.0004134548878083173,0.25796349508897914,0.004009073580638548,0.0024054216277830196
2782,3,0.005939502544159594,0.000977643396761137,0.9821932767592454,1.6675782055078698e-05,0.005632431426509445,0.004322800862660811,0.0007091820205293208,0.00020848720807906587
2785,3,0.001289971722564997,0.0001336826251736458,0.9943933354670159,0.00010063012696952821,0.0028578868044866184,1.4052769007240274e-06,0.001183778783673667,3.9309193214996803e-05
2788,6,0.006183768014732283,0.0005579148011863006,0.0016262327665966857,1.912603434873679e-05,0.0003917058453697531,0.9901169420874956,0.0011041200131258577,1.9043714480848931e-07
2792,7,0.029049102517116527,4.259710877249724e-05,0.03945545118953742,0.0038658081866041333,0.0011128550304710745,5.837216171461591e-08,0.926361936558343,0.0001121910369935475
2794,6,0.0008989543756108505,0.00017432851585070245,0.467616178769906,6.145595097679204e-06,2.7635365660400334e-05,0.5312727147241709,3.978616096441652e-06,6.403760692488273e-08
2795,3,7.114453220830783e-05,1.9281945713438746e-07,0.9590139945913524,0.03493402111363495,0.0007495060330567216,0.0002622180838448943,0.00013628697814299065,0.004832635848302684
2800,7,0.005269823672138733,9.485712005655903e-05,0.10278111468564621,0.004372183643542967,0.0004636136693047884,1.8510626971702854e-07,0.8866970799815431,0.0003211421214979207
2801,3,0.004624722629972948,1.0127899840937093e-06,0.8844225215159783,0.04433937001240779,7.440692493601967e-05,2.2761653063291716e-07,0.06498762264672582,0.0015501158634644856
2802,3,0.0005279410790560658,4.976336474436046e-05,0.9974663935641924,0.00021998425810700154,0.0015809942323424888,1.2383869471440177e-05,0.0001374631099085043,5.076522177906404e-06
2803,6,0.0010235436296799885,0.0074794849932715325,0.028231153263939112,0.0011043751559298724,0.00031507830389516527,0.9616973513955022,5.007353331845367e-06,0.0001440059044502173
2805,3,0.0006448838630506948,0.00021594236135942844,0.9882835581389056,2.6515412063888968e-05,0.005126633483156835,1.4696879494781382e-07,0.005600455751267292,0.00010186402140119073
2807,3,0.0005135571470457647,0.00010004142726971512,0.9982095301914735,9.147723066962749e-05,0.0005931942104547889,0.00014926097139234258,0.0003417748053863452,1.1640163079476892e-06
2808,3,0.0007381655011498605,0.0001002916061074788,0.9907371008473991,0.00012796385888308543,0.005321584709012822,1.1099381134454599e-07,0.002906576851443844,6.820563219227606e-05
2810,3,0.0002788530999978115,2.0640034125351744e-05,0.9030653568299151,0.02700985319914103,0.06779301123571942,6.26362212709333e-07,0.0009214875193393336,0.0009101717195494886
2811,3,3.015328363731588e-05,3.359101797219475e-05,0.8855101059661638,0.0019745857831745682,0.09533329934041886,8.901274435570457e-08,0.00010717683983440014,0.017010998756054434
2813,4,0.12007535183467763,4.138034132196948e-05,0.02757503518751236,0.6182103455875896,0.0012265905550883339,5.13763155383638e-06,0.23279709170305568,6.906715920049951e-05
2814,7,0.036278634286943424,7.489241639501932e-05,0.013287128833552899,0.4386862917275638,0.0011660077004085046,1.6097971697683046e-08,0.5092775940295097,0.0012294349076551734
2816,3,0.001985355133868198,5.554714548396783e-05,0.9960143477167139,0.00016502989755695096,0.0014792011289315988,6.755985958119605e-05,0.0002024035115448123,3.055560631910767e-05
2817,3,3.6448707804050065e-05,0.00027285602297228995,0.9930254711115082,0.0003231584485894486,0.004072154971477208,4.996228293194118e-06,0.0018544843734879708,0.0004104301358676729
2818,3,0.0011279316844604863,0.00010223585511767163,0.9950860540738622,0.000153890543863703,0.0019509271475675717,3.3047065482004177e-06,0.0015477833566166159,2.787263196359789e-05
2820,3,1.215715405254948e-05,0.00029145461556701963,0.9765112853748459,0.00017625581841262486,0.004003202118449485,6.517526799989585e-07,0.018726395242877322,0.00027859792311511836
2821,7,0.0017712772353516706,0.0020694437598290038,0.00157854650243421,0.061808512220547854,0.00014520169432481167,4.074258702758418e-08,0.9315804972078249,0.0010464806371006234
2824,3,0.01876825865533613,0.11367242659561529,0.5945510166309391,0.000965994652350486,0.039003070254307035,0.14036326458261797,0.0006970422400204184,0.09197892638881357
2825,3,2.1320917516838435e-05,0.00011662114966603494,0.9853109479363004,0.0003452368763293408,0.010439471506694671,4.950127313687269e-07,0.002604436834250995,0.001161469766510382
2826,3,1.0233611678126402e-05,9.473269473307977e-06,0.9756698409618357,0.0040899290254175005,0.019747051649025568,1.3626763637460969e-05,2.327990158554702e-05,0.00043656481734665386
2827,7,0.0001958344657079171,1.816808155796054e-05,0.030051022612057207,0.055737234152644075,6.663513944950369e-05,6.936126369319437e-08,0.9136898442056504,0.0002411919816691957
2828,3,0.00020535918103958673,3.351407853872393e-06,0.9961626469087221,0.0025109049345701847,0.0006412005635654373,0.00015168402568464668,0.0002830283851513302,4.182459341291062e-05
2829,3,3.445709138217976e-06,7.276818456123532e-05,0.9919849489345012,0.0007362665733739837,0.001786449355302683,3.3866343504581447e-06,0.005396519793576433,1.6214815195752594e-05
2831,2,0.0003631894415609573,0.5326839610030291,0.008737496608631006,5.035742416478832e-08,0.4142647192120677,7.60556314119404e-09,3.894003462268409e-05,0.04391163573710122
2832,6,0.03378375035052074,0.003776670096132626,9.925901212891558e-05,0.0014960125990504864,0.0036570435727914683,0.9570181849075297,0.00014598242448783896,2.3097037358501207e-05
2833,3,0.0030650024417205927,0.0006709339189211477,0.7174212766497513,9.16043294952662e-05,0.00012664329685896917,6.992674301560625e-06,0.277084915418151,0.0015326312708000525
2835,3,9.72201016323468e-06,1.9784713349013552e-05,0.9592299331474144,0.0009888875123589768,0.016903570500703635,1.8131580611511514e-06,0.00016138531005812176,0.022684903647891285
2837,5,2.690551975425577e-05,0.020265238433196404,0.11058664939837712,2.6228488253450278e-05,0.8653248758662092,1.4139787541221667e-06,1.7760707414919282e-05,0.0037509276080403067
2839,3,0.00012416919816826406,0.005790100535552573,0.957376776503257,8.009300236463389e-05,0.01287045393123162,0.0024042755306810416,0.01876335075510778,0.0025907805436372285
2844,3,0.000770237009565581,0.00036905365992549776,0.9885737876765639,0.00027319723706369385,0.0008812070575843806,3.802407631847073e-06,0.008820526247515654,0.0003081887041493674
2849,3,0.0022792966123506057,6.636029592535327e-05,0.9957526947457641,0.00013085071311042383,0.001390535474802722,0.0001255616926201105,0.0002383551835995511,1.6345281826891668e-05
2850,6,0.0003421525189359975,0.0001770620883014228,0.02429160596312144,0.00011427316428390786,0.0003236460115895464,0.9746907957447729,5.980236059278209e-05,6.621484019621085e-07
2852,7,0.003583861449988388,0.00025578526981105535,0.017115689169948746,0.00044013988316614187,1.9466864365487117e-07,0.02287801040377118,0.9556927462791924,3.3572875478411415e-05
2854,3,1.7026570939728725e-05,0.00027874417381080563,0.7552052660043974,2.499375486142921e-05,0.1542249795517766,2.1284109781601315e-07,0.0039972803386871,0.08625149676442916
2855,6,0.030807483068156595,0.0030370193155642754,0.0009868510356548883,0.0006238686015486235,0.004057294792877737,0.9604148673379411,2.8186340521783062e-06,6.979721420463052e-05
2859,2,0.0003378772060552368,0.9321475868019536,0.0010173433597035857,3.0067413684060225e-07,0.060106306956192145,0.00023623394217801963,3.4170211667745695e-05,0.006120180848112539
2860,6,0.003889374640349128,0.046544902275464595,0.04914006199317285,0.00014378336100889338,0.0017072993439669274,0.8981059659572098,4.564644504757065e-08,0.00046856678238276915
2862,3,0.000535357189818574,2.0308420695276273e-05,0.9974927290537465,0.0003013645964052517,0.0011979367134048052,0.00021007231815701942,0.00013303197303457995,0.00010919973473789984
2864,6,0.03431088362785708,0.003995786447960146,0.0012728471871927731,0.0006204483618162136,0.006706935036276944,0.9529682604890833,3.753603562889837e-06,0.00012108524625054195
2865,3,0.0021352095033212244,0.0001471773422840066,0.9882103517794409,0.0002556963295784213,0.0003928252307501352,0.0066757053499018615,0.0021828849116569556,1.4955306645049536e-07
2867,3,6.905169038714501e-05,0.008005182354267532,0.966409326364064,0.00043154845916837956,0.011818162660764048,7.192987319388444e-06,0.000175559801748453,0.013083975682281061
2869,6,0.01158710505020408,0.005766807127606108,0.00013997362288115643,0.00021725098405477681,0.0006231864498251507,0.9816321394334536,2.7597112820384952e-05,5.940219154662455e-06
2870,3,0.00013542668327008872,1.1090008597311365e-05,0.9827881867233024,0.0007544441012939334,0.01297803382951786,2.938037686286657e-07,0.0032287702642842995,0.00010375458596561655
2871,3,1.3218504745523014e-06,9.246816225208962e-05,0.9093196510874312,0.0005211413530063596,0.08336994832635662,0.006458107432506391,4.213553484779275e-06,0.00023314823448795943
2873,2,0.02736174642744915,0.9232478227461627,3.0558841111997485e-06,1.2147769864559796e-06,0.034628616553592194,0.0002615931587651914,0.014494289380219861,1.6610727133886476e-06
2874,3,1.3638730280406307e-05,9.691595795120785e-06,0.9330813182056251,0.00785033418951928,0.05866286119851083,1.7174330994425613e-06,4.4594594043383915e-05,0.00033584405312662026
2876,3,0.0002981577282829493,4.2715672154706954e-06,0.997061992666353,0.0011713398802911373,0.0009908898638042321,0.00023653921882209978,0.0001353475275690362,0.00010146154766209696
2877,3,0.0004156634162543462,9.546843225458176e-06,0.9757519582883593,0.0020930410418119067,0.015305111990382592,1.2057551065687167e-07,0.005543340555649574,0.0008812172888063357
2881,3,0.0032883880390283345,0.0019494987369430784,0.9593493480272438,0.00010880971584427236,0.03488567666653134,2.381604337049286e-07,1.1926887293318367e-06,0.0004168479652461004
2883,6,0.005215188191856218,0.0002992011586446853,0.44586731194068374,3.4909426530404153e-06,3.9071854375902185e-05,0.548569929103961,3.7540859326767564e-06,2.052721892872609e-06
2884,6,0.009293689629017825,0.001610445953331424,0.10832324366375981,0.00044153266246993694,9.787191887394987e-05,0.8787732293392199,1.5847505795548516e-07,0.00145982835826938
2887,3,0.000813226351428941,0.00014121500361417608,0.9637751069962132,0.004487920209174486,0.029782158745444796,3.8921022330676705e-05,0.0006847298987449295,0.0002767217730489325
2891,6,0.007096498081787969,0.013261473648016173,0.05293685867541795,3.0805075721921755e-05,2.317834373577354e-05,0.9266435197426203,1.516416022452198e-06,6.150016677274288e-06
2896,3,8.150204463743476e-07,4.605578893620756e-06,0.985801535364992,0.001906882368472984,0.008147750486881721,1.1503563580316258e-06,0.0004367489439756404,0.0037005118799795797
2897,7,0.00019584234594133027,0.0010713687046159056,0.033660414174301476,0.3277497235314578,0.009081468582124226,2.0773499398465594e-06,0.628234391099573,4.71421204646072e-06
2899,7,0.00125338283488427,9.650645169193574e-07,0.012394489869560914,0.33775460003000546,2.240765340643642e-05,1.5518068281651681e-06,0.6485641077238383,8.495016959426303e-06
2903,3,0.0013192416333178637,0.00014424391496659227,0.9932579196208614,6.31347977624153e-05,0.004164460290532114,1.1669364545163368e-06,0.0009867779428205466,6.305486328471027e-05
2906,3,0.003326629576719619,0.0010424597578050426,0.8826664065404874,0.00013059056178117454,0.0002435325240948775,0.0006775655647028949,0.11191225106931683,5.64405091994276e-07
2908,3,0.05437946169865784,2.0747355448867414e-06,0.9307613340750089,0.0027629882217733567,0.000139056549417128,3.479941922055506e-06,0.011326663990004891,0.0006249407876709716
2909,3,2.4163683896012814e-05,8.740246842531073e-06,0.9233857705394972,0.06362716769128546,0.012375316753352933,3.2824493051351655e-05,0.00044678487342210605,9.923171865236418e-05
2912,6,0.011689097437477414,0.00021863552648643115,0.30375264403066965,4.8450982026295255e-05,2.5968675207946442e-05,0.6841744247395344,9.063476287772688e-05,1.4384572016841659e-07
2913,6,0.25882946898355724,8.27575892035399e-05,0.20102558996680428,2.1915071018666384e-05,2.369512944820072e-06,0.5399113413956816,0.00011077260250493291,1.5784878284927835e-05
2917,6,0.06200415991444485,0.0009756400277462864,0.00025198584491926957,0.005687720111018528,0.003196961233985487,0.9278452758756546,1.922535168586275e-05,1.9031640545205234e-05
2918,7,0.0012833716979194728,4.865957146108792e-05,0.055914346130228255,0.025042038587014665,0.00011070641955778758,7.688501079280318e-08,0.9175260011970336,7.47995117741289e-05
2919,3,1.9852836839388542e-05,5.207776558192567e-05,0.9700350482560174,0.0006214106725352628,0.013727523344682035,2.4141981333634845e-05,0.01121568601543708,0.004304259127573305
2921,3,0.00012530090903348698,1.4045790281422087e-05,0.9965355581958883,0.0006760872111027359,0.0006020043878549634,9.762497483237611e-06,0.002035929613587821,1.3113947679735793e-06
2922,5,0.005453836827219552,0.4050768266592206,2.3582872459418783e-05,4.077034898283826e-07,0.5828240647755223,1.639418783794859e-09,0.0061363723767916285,0.00048490714587780715
2924,6,0.004009362241027534,0.011253030226153251,0.0018036465331926579,0.00030307849893548166,0.0012614180983110182,0.9812366250168784,6.859864581332906e-06,0.00012597952092053142
2925,8,2.9490218533977968e-06,9.73154572599007e-05,0.2683191092717746,0.02192392369708052,0.041850696982149084,3.815968581706732e-06,0.0001849526364399904,0.6676172369648607
2930,7,0.003313966161812977,1.1137779724546062e-05,0.002166616086523614,0.008469397423900916,2.1119048279974696e-05,0.0075575462815588605,0.978459717182351,5.000358480148852e-07
2931,3,0.00013991034586195505,2.7668040812462166e-06,0.9850449678899957,0.011758395986645428,0.0005348396804949022,0.00017434691239656252,0.000455588668780847,0.001889183711743308
2932,3,0.0003526797723384098,3.170779232318307e-05,0.9973343035805547,0.00012968554183163844,0.0019338092952546398,1.3524917031433916e-05,0.0001998911158596947,4.397984806284264e-06
2934,3,0.0004534099304286254,6.0169006007486725e-06,0.9726635873299992,0.005021279190920641,0.000438985604982578,7.721740133012608e-07,0.0187507607800684,0.002665188088986392
2935,6,5.5585294495124214e-05,0.007864690067263265,0.06467096453431583,3.572579952107509e-07,8.015199599597062e-05,0.9269699967950829,0.00034811797809783146,1.013607675394964e-05
2938,6,0.00027466402189493474,7.28828274957689e-05,0.2359116292809375,5.782321360542826e-05,3.6402992262221052e-06,0.7636424515896175,3.662454914865503e-05,2.8421807390014084e-07
2940,8,1.0165960602320146e-05,0.004139852869565859,0.10024001171100488,6.480295716662156e-05,0.19173589939620142,8.417882150588426e-07,0.00010471054157782545,0.7037037147756661
2941,2,0.010744745592870544,0.8329174445907583,1.5156420583704826e-05,3.111302259369982e-06,0.10550918492823688,0.050324907275506654,3.615918865987478e-05,0.000449290701124485
2952,3,1.9887901846920783e-06,1.987923416590819e-05,0.9875173171218429,0.0012559001212569699,0.0021855403639385543,5.173798714760655e-06,0.007402843429248501,0.0016113571406477173
2953,3,0.00035931004524492857,4.406023705066232e-05,0.9981601729282062,0.00031325006217060845,0.0008509685202580977,1.5922842256525044e-05,0.0002545457332777361,1.7696315353286656e-06
2954,3,5.365325732772586e-05,4.954540047275764e-07,0.9767523805605639,0.004666707823329349,0.016930494677106958,3.159796625875604e-07,0.001306029256995783,0.00028992299100903505
2959,3,0.0005414243867351185,1.9551448854003956e-05,0.9967250787901043,0.0004245007727286564,0.0004177533155570141,0.0017284051136235222,0.00012224105720645467,2.1045115190938357e-05
2962,3,0.0032711818320155105,0.0014875034574897753,0.9927571138181208,1.5034255386459795e-05,0.0004937867011075373,0.00022891992018246458,0.0017429904666288196,3.4695490685651265e-06
2963,3,4.889460934893387e-05,1.6234280405847906e-06,0.9217642629910274,0.008213963862049476,0.0009044026082489156,2.941840834432956e-08,0.036805352867858285,0.032261470215018025
2964,5,2.889081811922806e-05,2.928734400834653e-08,0.13726532295356705,0.2926840418444877,0.5694420163231365,1.580574767598204e-05,1.0596570608421527e-05,0.0005532964550610218
2965,3,8.26984405490231e-06,0.0004013614072761374,0.974447695374975,0.015420345273355111,0.0019135734297332293,0.0003058962801467538,0.00020641952620824186,0.007296438864250573
2967,3,2.0062924534350074e-05,2.133112122031718e-05,0.9368902090351671,0.0005663483442153661,0.04914305600198796,5.619614900993308e-08,0.00028955095665293094,0.01306938542007299
2968,3,0.0004153307926169149,5.723810670094431e-05,0.9724887729675225,0.0003086615870423794,0.004475700149644056,8.332826822775303e-07,0.022249498012479003,3.965101312040864e-06
2969,7,0.0011523498438277676,1.976851580782598e-06,0.006746321684369664,0.1898821493942591,2.7808126581683634e-05,1.9632967836136823e-06,0.8021808296014603,6.601201137110891e-06
2970,3,2.7778448073310244e-05,2.0912525775791017e-05,0.9623401366465979,0.03551776142748665,0.001577888277403667,0.0001682480485021959,0.0002937189120545485,5.35557141060864e-05
2971,3,6.459208936091062e-05,1.9156342837826816e-06,0.9940729005643196,0.005094458919854714,0.0003499209742542685,0.00030965655312703897,0.00010265271671501856,3.9025480845213884e-06
2973,3,5.367851754869589e-06,8.400805942969769e-06,0.9911755884773499,0.0010256073691409693,0.007361822499926685,9.76476025082065e-06,0.0001772642270633528,0.0002361840085703869
2974,3,0.00021474356575433768,5.96250384373515e-05,0.9950050113339617,0.00043815831837483964,0.0014230619902136296,1.2941985695191643e-06,0.0027435334299383478,0.00011457212475006579
2975,6,0.0052964123645099625,0.02647825062387896,0.027117177588576836,7.893133176141275e-06,2.745653397021784e-05,0.9410641122080424,3.7102599126031854e-06,4.987287932878246e-06
2977,3,3.44725215375652e-06,1.3144204349367819e-05,0.9814401858520486,0.0003143558672331099,0.015494762464833023,1.4763696617761127e-05,3.971226925429582e-05,0.0026796283935100053
2978,3,0.00032375643497184085,1.5210930848133894e-05,0.9890065353125176,0.00011958158339017754,0.010385729090917645,5.842520394490946e-07,8.555812294184203e-05,6.304427237336914e-05
2980,2,9.083914404203714e-05,0.9614483824042175,0.0003021709649642059,3.4595314362379224e-08,0.006062318681540132,0.0003983070120168934,0.0250745157557791,0.0066234314421258714
2981,3,3.0262817346638665e-06,7.738534358612887e-05,0.6866589418166038,0.0002039716492420515,0.3127255437311706,1.255474728750709e-05,1.0239247765580202e-06,0.0003175525055985317
2983,3,0.00018759499010723445,7.807648303412143e-06,0.8824184789638552,0.00569663823192512,0.10081663347885855,1.9298459200537587e-05,0.0003180406193781785,0.010535507608371825
2984,2,0.0033255457792095615,0.9319701092324766,0.00010266164275113754,1.9732100759734076e-05,0.04620207203375062,0.0035890542339535457,0.01140712382508889,0.0033837011520097895
2986,2,0.3906873598268611,0.601375816169551,0.00015828406935705067,5.836624450053477e-09,2.916777585605759e-05,3.979851287202556e-06,0.007742993180252535,2.3932902106174115e-06
2990,6,2.591738290724571e-06,0.004171901196266703,0.013022565288016662,5.438655421639422e-06,0.0015748911838209462,0.9812149719605482,6.748323625293728e-06,8.916540099501276e-07
2996,3,8.688899462173394e-05,6.296469378587299e-05,0.6878153895229248,0.0005821933074747178,0.20858940561188152,6.95922622506043e-05,2.5838944696007072e-05,0.10276772666236482
2997,4,2.653357077274698e-05,1.0240505074825456e-05,0.09464798261753762,0.9006871229457779,0.0010490730065440652,0.0016564416423615017,0.0014110987888386716,0.0005115069230925462
3000,3,8.205774570981814e-05,0.00045779116909645806,0.9939105041300658,7.547326538061825e-05,0.0042322954428399085,8.301753671642569e-05,0.000529005629720225,0.0006298550804709072
3002,3,8.557310507183545e-06,0.000492317909613716,0.8346910451356867,0.0022146731314934606,0.16193976076436453,0.00019540828217782277,0.0004113213122956317,4.691615386100572e-05
3004,3,0.0032613974692455665,1.506396931597396e-06,0.7344214503340175,0.020332037482142823,0.005503793301173058,3.9982832864670274e-07,0.00021597164674281352,0.23626344354141815
3005,6,0.003127459257001394,0.00038753541024293955,0.041181736124214836,0.0003400247092984877,0.00048738822701614476,0.9543879134416736,8.430191818270331e-05,3.6409123697675317e-06
3006,3,8.764977125104976e-07,1.7406337424760735e-06,0.5458835910416739,0.1571185400416145,6.188342338646626e-05,0.0002232742576513576,0.2967028156658382,7.2784383805834155e-06
3012,3,0.0002919016615263097,0.001126982599665197,0.8810622266246635,0.000135279729546473,0.00010569252249334082,2.269666094562754e-05,0.11722993431874489,2.5285882414565753e-05
3015,3,0.00010889426151589931,9.258414647689202e-06,0.9345047443418798,0.006769037647421626,0.000742318465577398,8.375022191757699e-06,0.05783871879998979,1.8653046775943256e-05
3016,3,1.4424326157516945e-05,9.01025512008025e-06,0.9247277619869947,0.0010955265050410997,0.07404398403713966,3.374188261009304e-05,3.520423151184653e-06,7.203058378580876e-05
3017,6,5.658866019565375e-05,8.930271616711688e-05,0.48230479086100947,1.79855354875385e-05,0.00036237959036888124,0.5171415831677488,2.0725644460840294e-07,2.7162212577856368e-05
3022,1,0.521284269516949,0.47310626120951865,0.0007921397022888749,4.678504894686392e-07,0.0015038481804502013,0.0030084120245705303,5.23858855681794e-07,0.00030407765687780756
3023,3,3.500781921547015e-05,4.861524169564957e-06,0.9972594214435563,0.0013209387677400727,0.00032578305727638205,9.756766549038854e-05,0.0009520874573040985,4.332265247706341e-06
3029,6,0.018866620432356478,0.004393312115663418,0.24103014044734472,6.13318737418696e-05,0.0001257636970493159,0.7354865357671457,5.7118690424225656e-08,3.623854800803124e-05
3032,7,0.027210332179910122,1.342821416763706e-06,0.1970495487523733,0.21834729246404433,0.00044029111180827677,1.511880044865239e-07,0.5569144709230276,3.657055941524988e-05
3035,3,3.0042688861222423e-05,3.92112797669317e-05,0.9474445856481057,0.00303503130761554,0.02189504562903904,1.2661257035002054e-07,0.02636706876932222,0.0011888880647189476
3036,7,0.16091578922647432,0.018168200559884506,6.789682268749941e-05,3.1652545341209796e-06,2.4021873705131084e-05,0.01793203188734777,0.8028884288543655,4.655210012132441e-07
3042,2,0.008475255954629465,0.8020751040738698,7.325319604981353e-05,4.756650286734684e-09,0.1887977267820827,1.373879997892229e-05,8.91323171905244e-06,0.0005560032050196783
3043,6,0.012063510428146131,0.0010854637616851254,0.009414938978134174,1.1931846127741981e-05,0.004697025738552587,0.971912619731605,0.0008100870577584745,4.422457990781303e-06
3045,3,0.0003508739887181412,5.969048268658262e-05,0.9971550628708924,0.00010443818467409564,0.0018898414394491576,6.27362149796304e-06,0.00042911906694862616,4.700345133115882e-06
3048,3,0.0024809062024182104,0.0001685659684547241,0.9919645327337118,5.355284061831686e-05,0.004912150170412465,3.4276681276925527e-06,0.0003187670264960762,9.809738976061422e-05
3054,3,0.001668692052835259,1.1380961127063345e-06,0.9180581366496746,0.009235574765610089,4.396629353325936e-05,7.213389562050004e-07,0.07078414644649858,0.0002076243567793963
3055,7,2.9896507262517282e-05,1.9405180437271185e-05,0.036582050042497,0.011140459446872888,0.03523586871338231,3.466347466046309e-07,0.9169841504165079,7.823058293621603e-06
3057,3,0.0018405574878033097,2.8868593031582133e-05,0.9734257920648032,0.0009394627639843898,0.014593021082146067,1.559546979275839e-07,0.0090322799797876,0.0001398620737458091
3059,6,0.009075929910313309,0.011730794414202423,0.08916530449873865,2.75193412322723e-05,4.715016055974852e-05,0.8899362112175349,6.656231595146675e-07,1.6424834259032777e-05
3060,7,0.0029332114370586746,2.5257376688367657e-06,0.04817630269704122,0.07339475971980178,0.0005299451822527285,4.6639819141959596e-08,0.8747086026553696,0.0002546059309880439
3062,1,0.9059065143535707,0.03164501227375481,0.05281373904991765,1.9732260303656635e-06,0.00116488780994052,0.007002658697996706,9.120690401517512e-08,0.001465123381885124
3063,3,0.0034449592028008664,3.8957318764034706e-05,0.9851572505225791,0.0016956568459736354,0.00511104302911249,3.3247713217590296e-06,0.00450801781767097,4.079049177725737e-05
3064,7,0.00022250508403814332,2.2198390961152073e-06,0.02201554523053878,0.2655842598869036,8.025271076100313e-06,2.7549867625475442e-05,0.7121298065421744,1.0088278547387733e-05
3065,3,0.004637043939379216,0.0003482274889306626,0.6048361288408844,0.005254744482892777,0.0008988526448145182,6.683274265746489e-06,0.001690563759928525,0.3823277555689041
3066,3,0.009294384734487515,5.395914183591392e-07,0.9735283356648233,0.007630567000679425,0.00015327745506290435,8.727577700210129e-07,0.009199491964528437,0.00019253083123024113
3067,3,0.0005993789312306535,0.00012590672741762043,0.9974192418593064,5.647109737398649e-05,0.001041206683483788,0.00014099400250717242,0.0005759154474182055,4.0885251262131956e-05
3069,7,8.501942514541005e-05,0.43925750021524934,2.9445016695587103e-05,2.2442047815986176e-05,0.0017356846910014717,4.994034134467695e-07,0.5588526202341372,1.678896654149627e-05
3072,3,4.5030419822906725e-05,0.00011005474913586016,0.8790612693744786,0.00018938348869195084,0.12054871620025762,6.002453003270001e-07,2.9980221808469874e-05,1.496530050421388e-05
3073,3,0.0009775277420493147,1.0981372444512655e-05,0.9930437807581437,0.0018351877257570491,0.00206500829151713,0.00019606522644248227,0.0017579876389570944,0.00011346124468860784
3076,6,0.00012532873230927075,0.0017548294046231786,0.3173832840582444,4.503088059429725e-06,0.0001281999384138679,0.6805505308744167,3.200907537471542e-05,2.1314828558405116e-05
3077,3,0.0002642186868923369,6.827395369605644e-06,0.9967537599474069,0.0006555004808103262,0.0019035040271694428,3.0038677424861672e-05,0.00022213849473181292,0.00016401229019482832
3081,3,0.00021468154855436208,3.940649113478023e-05,0.9713258565006427,0.0017128662562986873,0.025855452065933114,2.4803071539774104e-05,3.526193155906108e-05,0.0007916721343377709
3082,6,0.05102458986215639,0.0023909504128007196,0.13229167725476493,0.0004885911682943164,0.00031440811798038275,0.8134558765919554,4.187351455492196e-07,3.34878569023745e-05
3084,3,0.00028942286448316784,2.199720617184518e-05,0.9881347486269084,0.0008768272040780078,0.0008901916969767813,1.2849450804799604e-06,0.009777276376821102,8.251079480323926e-06
3085,3,0.0007912274705822646,3.3652209837864535e-05,0.43747042159285143,0.15112677751778988,0.0002597158267754566,8.909357510103155e-08,0.003359078464187413,0.40695903782440057
3090,3,7.75994566424717e-05,4.64043986900817e-06,0.9951126115057134,0.0018231120029739796,0.0018413976393180488,3.144043748849587e-06,0.0008815362043274766,0.0002559587074068267
3092,3,7.289866892703282e-06,4.515511088481831e-05,0.49509424339097946,7.47342774326269e-05,0.09258554397600562,7.870744211431871e-08,0.0015848255623572395,0.4106081291080056
3096,3,1.77973920049672e-05,0.0001687374675247393,0.9904238350763751,9.043594136993476e-05,0.0007453041797891535,0.00813585035549606,0.00040575313838673525,1.2286449053201166e-05
3099,3,3.1819352999208453e-06,2.3480769437955352e-05,0.988044953426212,0.0012366835321057622,0.004181020892876542,2.2745229069059787e-06,0.00229303023424309,0.004215374686917793
3101,3,0.00016278420897631083,8.363442077249547e-06,0.9952580770640503,0.003370132380517783,0.0007248844753039764,3.1889648518049604e-05,0.000359657419023377,8.4211361532798e-05
3102,6,0.04335729536235251,0.0016870979965795956,0.0014832455569676012,0.0005471426462491032,0.006235205417193177,0.9465567500348898,9.314923646712671e-07,0.0001323314934033628
3103,3,1.349927060771026e-06,9.397892108381875e-07,0.9462492807502854,0.019538060347796343,0.026698839991284206,3.2667867366832463e-07,0.002339032540411395,0.005172169975277403
3109,3,0.0002914260552673257,0.00012309254362583537,0.9866488473033397,0.0007275415316709759,4.6556932477162244e-05,0.009859585869825592,0.0023016173750137576,1.332388779678076e-06
3112,3,3.1011670441493196e-06,5.380686997598228e-06,0.9731511837833335,0.004001694810746363,0.01913474040331278,3.448205585333284e-06,0.002312862236680647,0.0013875887062995132
3113,3,6.136226290533564e-06,0.00013421265727619165,0.7713942044442617,0.0004759152479802161,0.21587417421050298,2.114075493309581e-07,0.0006556981882283034,0.011459447617910727
3117,1,0.9615715826681819,0.0005258217566519216,0.005235453424791755,0.0077426010764108395,0.003856598996064658,0.0161833051880073,0.00046629214741726436,0.004418344742474481
3118,7,2.4509527480060267e-06,3.045540568622027e-05,0.4803493729885832,0.02017608702935446,9.786401202093172e-05,4.8497863762283155e-06,0.4993378133323678,1.1064928632043613e-06
3119,6,0.0014019273607730515,0.0008350852212413378,0.013864694374457321,6.0452215488745225e-05,5.524599707763365e-06,0.9726039790868225,0.01122737999463136,9.57146878016189e-07
3120,4,0.0003092753736779888,4.0125136148312635e-06,0.01443751334791061,0.930674755623447,0.0038848324962448035,0.0003107917216950677,0.05034049865638398,3.832026702571044e-05
3123,6,0.0005607010897503426,0.0001419802939505395,0.0012422840573371808,0.00031075624787333295,0.02690969291341212,0.970831162797449,3.3107112619125882e-06,1.1188896554286668e-07
3129,3,6.382030619619932e-05,2.0397374848288715e-06,0.8788196437052787,0.04467876392536747,0.07598683067627156,0.0004339355004298591,3.7151825122543666e-06,1.1250966459073829e-05
3132,5,6.636690869532879e-06,4.795543786117865e-05,0.4897388826521183,0.00012800234638457407,0.5063384548766751,2.0175029107964395e-07,2.968887783094378e-05,0.003710177367969332
3133,3,0.0013191752019995325,7.971501597168103e-06,0.9270897457103326,0.004084452722247774,0.0006188015432532579,3.8425504644186067e-07,0.051405299235114006,0.015474169830409211
3139,4,0.0002564916998299504,2.4615140068678828e-05,0.10532050104285362,0.8698986300449498,0.01835673793725924,7.964971495399645e-06,0.0055074147394770494,0.0006276444240662895
3142,2,0.0006885107417284543,0.766679525696124,2.2253188847847892e-07,9.160187493828418e-07,0.005600243453135737,0.012577464533620132,0.21434271595587862,0.00011040106887515662
3143,6,0.00732173377544069,0.0072310121554802365,0.004993398788512963,0.00029063353391836183,0.005671592533208371,0.9733613643272375,1.0037631156318478e-06,0.0011292611230860703
3144,4,0.001210993074984099,2.8465355449269803e-05,0.032859616066182415,0.5915385272364082,0.00040834920961915793,3.1588176606075157e-08,0.3327282292220065,0.04122578824717368
3145,3,0.0005364974513766349,8.189827770083296e-05,0.855936041848116,0.0036531116898874095,0.1380198187620438,4.7629992607139677e-07,0.0005383896514870326,0.0012337660194622943
3148,3,4.607167598449899e-05,0.00021400736941910967,0.9865792414903353,8.476543511768562e-05,0.011457623298960247,5.185257388331699e-06,0.0006644657495276368,0.0009486397232673395
3151,6,0.002124338066532145,0.0011326205143398769,0.00016025849611399034,5.10324137238878e-06,0.00011641560744109306,0.9932057706404539,0.0032553933988510673,1.0003489541651678e-07
3153,6,0.00015200943374571506,0.002305886394544583,0.4090362310164902,1.2840344398071275e-06,0.00042804350796650357,0.587978278217573,1.7151620848683294e-05,8.11157743915344e-05
3165,3,0.00040490001153163467,0.00014544150815062887,0.9974510249015446,8.191613153980394e-05,0.0010539264189779766,1.0576488729376493e-05,0.000849699152997048,2.515386528957289e-06
3167,3,0.0012936600950249578,2.0483132680066278e-05,0.9938827146529733,0.00020327415457202698,0.0013371580766362698,0.003124364536750331,2.0642164114431595e-05,0.00011770318724853292
3169,7,0.02783464012466014,1.3169447669281938e-06,0.12094089856889335,0.1357125869209891,0.0002972218564325873,3.74036572497118e-06,0.7151955582713587,1.4036947174112684e-05
3170,7,0.002565904330167119,1.561300795970142e-07,0.02949327946241756,0.41802178287233177,2.7844635023807393e-05,3.324655636826092e-05,0.5498438827371754,1.3903276436463578e-05
3171,2,0.0029307437406468446,0.6221521059991768,6.7389397001536e-05,3.3293391068656515e-07,2.6098445166633476e-06,0.00184202899347064,0.3729054434827096,9.934560856722735e-05
3175,3,9.500303095986946e-07,1.0400391927802648e-06,0.9837328517416081,0.009913418167871125,0.00522180741522114,8.123214520180353e-06,0.00010016771906874112,0.0010216416722081182
3176,3,0.0005430914236429137,1.1763360038590318e-05,0.9847403472500142,0.0005779194977136745,0.000232879539409631,0.013786844791059202,9.342501993122359e-05,1.3729118190494413e-05
3177,3,0.0010884848151005825,3.323643729681134e-05,0.9886059485741301,0.00014138897476840404,0.009452133616448448,4.4257337636894647e-07,0.0003726669211184855,0.0003056980877608554
3179,3,0.013901576924800539,1.5177935617440277e-06,0.9563681835647451,0.01899906713140385,2.3939868060330315e-05,0.00011218260906701422,0.009999714984041102,0.0005938171243203576
3181,3,0.2545520794274101,0.00020160258716056507,0.735946777207837,8.717198151850838e-05,2.875337990520313e-05,0.00025741446935644344,0.00886012299115545,6.607795565677917e-05
3182,3,2.7563089253089047e-05,9.939700503029356e-05,0.9912774740094769,0.00039318000062064397,0.006323601685219175,3.938765924475358e-06,0.001459595705675317,0.0004152497388001226
3186,3,2.707009166365192e-07,2.415243397158002e-05,0.791538850457029,0.0013165522054116182,0.2060943720534316,5.112321949621724e-06,1.0677585497089003e-05,0.0010100122417928657
3188,7,0.0012687478061945956,4.279077566633699e-06,0.0070346723550942965,0.041574298566317065,0.00011325645605203795,4.1126366567584573e-07,0.949957271085417,4.706338969281222e-05
3190,3,0.000424071214413054,0.00014396277759049194,0.9966384257157441,4.1064215860079586e-05,0.0020002587952021814,6.701717786879384e-06,0.0007420919710174599,3.423592385459603e-06
3192,7,0.0005168939119940295,9.240596739518999e-05,0.03371901521675942,0.002483182607850798,0.0010697313452693578,3.4296719539706448e-09,0.9540382022759945,0.008080565245064782
3193,3,0.0036994633044814106,1.815267493423421e-06,0.9624399113486395,0.02213690024966084,0.0016750920224271623,0.00019389720082494384,2.2534537211614746e-05,0.00983038606926115
3198,7,2.4445256994220962e-05,0.001127211816896396,0.0009370469102947627,6.007819698740425e-05,0.038817149108277285,6.127609233453029e-09,0.9589908462581475,4.32163247933357e-05
3202,3,1.1624726756052186e-05,7.465820223446381e-05,0.9289735702735098,0.00021635619323976592,0.05179655902565357,3.6359101303238078e-09,0.002692458381357005,0.01623476956133925
3203,2,0.00026741675211153974,0.924157484535865,2.9256553984516147e-05,1.670851020475279e-08,0.0001839503672633275,0.011533455186076867,0.06377841687365943,5.00030225289707e-05
3208,7,0.00033099938847526276,1.6205296863777372e-06,0.28810406916415987,0.05502871284620091,7.762383556462684e-07,4.782564081999017e-06,0.6563189091637748,0.00021013010526505673
3210,6,0.001497162699925294,0.07835852867606827,0.07431909452844385,1.7178613587991895e-05,0.00023429841050165532,0.8455024734618698,9.588371621468397e-07,7.030477244116292e-05
3211,6,0.0003278479373497247,0.0005861782932821766,5.8821949662183566e-05,3.592550444606607e-05,0.33766870572402874,0.6612955684457178,1.740065674655758e-05,9.551488766728353e-06
3212,3,2.3415055292693552e-05,3.0474360514132182e-05,0.9867963822737778,0.0018461789820758236,0.008944433741664728,2.6920263389125712e-05,0.0022591567810550427,7.303854223061058e-05
3213,6,0.01440883019910396,0.21907131430716958,0.023162104337016556,5.890481234178928e-07,2.8925858404087647e-05,0.7432834571375044,4.44814752329224e-05,2.976374451871656e-07
3219,7,0.0003993363862700876,1.8344195957735016e-05,0.16674950998897956,0.03988480434331316,0.015161263151764462,1.1219679131158744e-07,0.7777854441606576,1.185576266026757e-06
3220,3,0.0471523227133279,1.1719051344555722e-05,0.8695743870571176,0.005139267808331177,4.6530222271009625e-05,9.842693280625718e-06,0.07160579445101692,0.006460136003310266
3222,3,0.01131517543799907,2.0575895239463157e-05,0.9519170437076167,0.03126825757156668,0.0010525482495969188,0.0034146380627495493,0.000637388175479689,0.00037437289975222654
3225,7,1.3894369256448804e-05,4.432545873191244e-05,0.01642988233385025,0.010563834421714224,0.015361878650021895,5.549685439246491e-08,0.957582825730494,3.303539076694163e-06
3227,7,0.07810600956656483,0.0002212173416865967,0.3920026695450826,0.00203356729422499,0.005041665689881827,2.0547152264359394e-06,0.5187127062271575,0.0038801096201752042
3230,2,0.001155778217483488,0.9526481728987475,0.005275032300040176,3.1029363797514564e-07,6.164587119351724e-05,0.03891512062785159,0.0019339335620546215,1.0006228991291295e-05
3232,3,3.0293287234146772e-05,1.3793841020036695e-05,0.9630658761032279,0.0007610993422253648,0.02943786296615051,9.284178366875867e-07,8.629723510621961e-05,0.006603848807199001
3236,2,0.14013207613231599,0.6697785833466996,0.005758476663806555,9.899203956563121e-05,0.05920094956692877,0.12057760238307884,0.004377562138541666,7.575772906295007e-05
3238,6,0.059357896655994356,9.970565766888662e-05,0.1637860469093904,2.1697769882165522e-05,1.0036276949000863e-06,0.7759944598160342,0.0007387427515020459,4.4681183323607824e-07
3241,6,0.02044556355594305,0.003312887255519253,0.44854660230182747,1.0703210613312445e-06,4.2515915774570985e-05,0.5276401692232204,1.1084365278939987e-05,1.0706137489543035e-07
3242,6,0.0008150006568580804,0.00011244428766563802,0.0024668094795055363,0.0004294724770914384,0.05667360947287515,0.9395004220716258,1.971997083914902e-06,2.695572943644965e-07
3245,3,3.9157317328351135e-05,0.00013971193435066272,0.9962282839495269,0.0005579529574302461,0.0010771944539586724,0.0003811009212028599,0.0015228276414651575,5.377082473710139e-05
3247,3,0.00021375943707479877,6.112920749272147e-06,0.9816635692422963,0.0030015554785967364,0.004954524735057136,1.2276586997782826e-07,0.0026662798643063666,0.007494075556049557
3248,3,5.560347279149063e-06,0.0002524671036852061,0.9076360155725425,0.00023706444886322818,0.023394544252793085,5.4560577378858773e-05,0.028325628379989455,0.04009415931746881
3249,7,0.1549284662757402,0.002953679730928053,0.0014070494304557733,8.573019286135992e-05,0.0001475429241697795,5.876648682636001e-05,0.8404136499618025,5.1149972160867305e-06
3257,3,0.00012562430698731254,5.24835668423833e-06,0.9924080870514869,0.0005993195355780261,0.0065228590346540225,1.3459054787008322e-07,0.00030855196679965976,3.0175157262126893e-05
3259,3,4.3013037863718525e-05,1.7787877583812868e-05,0.9353117350685415,0.0040189526770331154,0.05243554381489814,1.0281413467100965e-06,3.388470997459489e-05,0.008138054672758441
3261,3,2.9643370003667717e-06,1.7340106852139725e-06,0.9572946329414265,0.03680769594438743,0.0010747577476768505,0.0019128450310521804,0.002845444969860996,5.992501791054588e-05
3267,3,0.004314927295206481,8.15388886002592e-08,0.9652538185165516,0.026833180412869386,0.0003199601492834879,1.5505327045004993e-06,0.00036679131550849096,0.0029096902389875072
3269,3,0.0002474233463828504,6.627734732293733e-06,0.9950162499916653,0.0007185071154318705,0.003261403711334461,0.00010488678341278401,0.0006025040808286346,4.2397236211708824e-05
3274,7,0.0005311862365579247,0.32534845486728586,4.5766721532492765e-06,1.67451307770327e-05,0.013313308696609485,2.1464743890389493e-05,0.6607052064451434,5.905720758272396e-05
3277,3,0.0017192294647801099,0.0023152609761728973,0.8931178096135104,0.00010612975695400664,0.10100193508053308,7.691001397918732e-06,0.0005917364578024965,0.0011402076488491206
3278,7,0.01439333412667895,4.4872667982992e-06,0.03870462322989791,0.03813987684235865,0.00021984517077755812,1.8800553238646545e-06,0.9085210633739793,1.4889934185493525e-05
3279,6,7.757901281147876e-06,0.0004923055979316376,0.10820756984986776,8.391473454841249e-05,0.001718971962327651,0.889487604011486,4.3492534136923286e-07,1.4410172160204574e-06
3282,3,0.00012612007779347895,9.9341928866155e-05,0.9863603527229081,0.0007120885423290141,0.01053583842971509,0.0009953328687959582,3.0485281370610774e-05,0.0011404401482216064
3283,3,0.0010029925836281411,9.231741794822913e-06,0.9702057258664651,0.0026137560093163663,0.004418521265102634,1.5278296423736707e-06,0.021723746416392062,2.4498287658225048e-05
3288,7,5.311496476787786e-06,3.1378215878249e-06,0.049910857024559496,0.37033638349339776,0.00022582702901375993,3.3999679329529625e-05,0.5794836568378893,8.266177456042569e-07
3289,3,0.009267720235659836,2.9727661282317763e-06,0.817339620205393,0.06731655722051835,8.602291885508913e-06,5.943046130684425e-05,0.10286293878549183,0.0031421580336164785
3290,3,0.0021959534152319075,0.00013445191484373362,0.9958524149600889,5.669067076740612e-05,0.0009294340769405529,0.00027633847505547857,0.0005459173959253242,8.79909114662968e-06
3291,3,3.69430645247144e-05,6.700212479994502e-05,0.9928493675564685,0.0003463416526461112,0.005642218772706284,3.01727251829282e-05,0.0005566820380579111,0.000471272065613697
3294,6,0.0001173720271780992,0.07154313886744633,0.008589892662967596,2.6592808950520596e-05,6.615691909450022e-05,0.9195609554415555,1.1003721287916983e-05,8.488755151951364e-05
3297,3,4.963735527484294e-05,0.0007784019499845868,0.9933215408843293,8.434100964713507e-05,0.003082813394098612,2.0133419789096034e-05,0.002519056468469743,0.0001440755184067257
3301,3,3.120450231993333e-05,1.677773820825832e-05,0.9762002129752375,0.002462269719577909,0.02071872982577407,0.00021002409220364612,3.5946316322060986e-06,0.00035718651504634656
3302,7,0.001494717211915332,0.00016208479089305537,0.14806451242645524,0.0031902548271316626,0.0011238748390227497,3.280243239312218e-10,0.8448421737606167,0.0011223818159408713
3305,3,0.00040525380610728027,0.0001009096302777877,0.8096824002284254,0.001353285733483748,5.425449917180732e-05,2.8532657535515837e-06,0.18826500815244762,0.00013603468433265743
3306,3,0.00014733205212851623,0.0019216307905647496,0.9162876600626748,0.02016434384606564,0.013511230941419596,0.0032382811821070204,0.00041702823954649257,0.04431249288549324
3308,5,7.453891740378396e-05,1.71956058755283e-05,0.19152521245443682,0.0009008661214183758,0.60278344207547,1.6770967759230061e-09,0.2035000460000902,0.0011986971482084929
3318,3,0.015492290410350688,6.5996939086057954e-06,0.9346425999849256,0.001325454639649929,0.00028509441001258617,1.3793835063734422e-07,0.04375607524941811,0.004491747673383616
3321,6,1.1235612131685967e-05,0.0010502701514344714,0.2112813637543327,1.9368834728910587e-05,0.017763806714271205,0.7698606214198835,1.5206493994176172e-07,1.3181448277470962e-05
3323,4,0.004410011942519065,2.4620432812052446e-06,0.0008991994691175969,0.6962501470442733,3.495138601493129e-05,0.0001793184833189589,0.29803763185854965,0.0001862777729253075
3326,3,0.006790415051386275,0.0006196284688030954,0.9745863563213528,0.0001802338752409306,0.0037290755137651442,4.79804683690714e-06,0.01407631556818276,1.31771544320519e-05
3328,3,0.001146579447243496,0.00022556700790216807,0.992890304759246,8.70364644742003e-05,0.002345803517470702,1.227699121716808e-06,0.0032813329616024466,2.214814293930521e-05
3338,7,0.001098977533566733,0.0011092193790672809,0.44835905582780106,4.8984404329333914e-05,8.101301495488648e-05,8.005735272048389e-07,0.5485605673226032,0.0007413819441503398
3339,3,3.8540438956984585e-05,1.2832215272652448e-05,0.9740593752829206,0.0020871020065327674,0.016745497293428155,0.007048211506452487,1.1976861273323297e-06,7.243570308890107e-06
3340,4,2.099627106772585e-06,2.5900624074100668e-05,0.28422454659729784,0.6885726911861682,7.870427428121571e-05,0.0003728636989895324,0.026654496155852834,6.869783622934999e-05
3344,3,0.00017135511857466087,0.0007543251787703359,0.9676270590447825,2.251012926498887e-05,0.0005814521291038733,5.470909474819882e-06,0.030824150888518212,1.3676601510686176e-05
3348,2,0.00013884895394114874,0.9674366799589666,4.049718538987287e-06,1.786386499046223e-10,0.005815662044113328,1.5410249731010044e-05,0.02655508007331724,3.4268822752866106e-05
3350,3,6.313816007514462e-05,8.940156361841019e-06,0.9905431162327133,0.0014432670365301394,0.0006632210298440048,2.479191534560705e-06,0.007218941659621553,5.689653331947097e-05
3351,3,0.0010238885535182604,3.430466641953768e-06,0.80284683223529,0.005292116339984874,2.1627614513852745e-05,2.3277799002792616e-07,0.19076572943190265,4.6142580158462015e-05
3352,3,0.0010446739516481946,0.00021536356040135476,0.9600200489560593,0.03368197403307327,0.00336451356569758,1.672922115149105e-05,0.0004460416609154171,0.0012106550510534112
3353,3,3.951652519679542e-06,0.000404745261422123,0.8248014747768723,7.653543824885737e-05,0.03160561528173889,0.00016092300135809969,0.0031256319104850136,0.13982112267735514
3354,3,0.0017102957622672156,0.004794009963301692,0.9713975676026559,0.00030232407635826143,0.01664260910256438,0.00016985859754354858,0.004929959373848463,5.337552146030609e-05
3355,3,4.6870554999791164e-05,2.0283925274274172e-07,0.9386969483321095,0.04331076992201062,0.00010526290164823301,4.0968836604558556e-05,0.016205399424486667,0.0015935771888876938
3357,6,0.0015544369186013694,0.18450775858417195,0.00838695616163449,1.4992562457355274e-06,0.0014496171825118813,0.8040620264780162,7.213962690876491e-08,3.7633279191507306e-05
3358,3,0.03632927030243847,8.33104685010952e-06,0.9575606760085742,0.0011267045879693124,0.00013601295953977337,3.6202165658018873e-06,0.004741508472660039,9.387640540239027e-05
3360,3,7.686424622273143e-05,7.620295454385367e-06,0.9949295747691194,0.00042848751634343146,0.003315497554928343,1.5793754244238702e-07,0.0012272867994385355,1.4510880950560682e-05
3361,7,0.0021917767781708015,0.00011517978554490853,0.006075280808614325,0.004767143873126732,4.458439052088657e-05,0.00018063947424680802,0.9865498704255619,7.552446421368087e-05
3362,6,0.005429259619784608,0.003215615340129894,0.06242823300700677,0.00032713763690483955,4.0640314088650776e-05,0.9279700036693553,1.1095363536142899e-06,0.0005880008763762919
3369,6,0.006116409740678992,0.00358366850980888,0.003033937134956145,0.0019445446650256716,0.0010142355439621512,0.9841398658914561,1.1116799869826217e-06,0.00016622683412495393
3370,3,0.0005795122289256699,7.239839094974783e-05,0.9801858471142844,8.365921272074639e-05,0.01654883629951735,6.681552072786702e-09,0.002184493528997609,0.00034524654305234106
3371,3,0.0017219076874509785,0.0002891617879203501,0.9953803918454568,4.073884628810945e-05,0.0012130208766845108,2.4090212189941255e-05,0.0013176805776452106,1.3008166364208593e-05
3375,4,0.1701117912408145,3.104626507492215e-05,0.048167525939360425,0.657984215981374,0.005895032779093773,2.437634762268639e-06,0.10610800778679692,0.011699942372723095
3376,3,0.0006511771434717306,1.2695015675477341e-05,0.9464038355240677,0.005606857779307891,0.00345110984765887,1.3990191684723813e-06,0.04301350126150475,0.0008594244091450594
3377,3,2.7969489716645548e-05,0.00022420956651528911,0.9792680364273628,0.00115476037700591,0.018829255063417275,2.9471924617309156e-05,0.0004465525595160536,1.974459184888188e-05
3380,6,0.0237569946839835,0.0003192567076120595,0.033569553750978615,5.793373205381881e-05,0.005674372286832421,0.9365552692909337,6.083567477128746e-05,5.783872834635966e-06
3382,3,2.68550518143543e-05,1.8650670841320441e-06,0.994289583607184,0.0032684965701718542,0.001054557910915492,3.920245823798686e-05,0.0003773204606663542,0.000942118873925749
3384,3,0.013921348412047634,2.623170475654237e-06,0.945236948836496,0.005539723168256925,6.113408928765426e-05,5.564549934048534e-06,0.034062491594846075,0.00117016617865606
3385,4,0.0067809700867965325,1.5930885863541588e-05,0.005623626334925089,0.5843390644368442,0.0007022846914623873,8.406616285853506e-08,0.3977325934295833,0.004805446068361914
3386,3,0.00034738850454606163,1.574891519336552e-05,0.9965480577878948,0.0003762944566076525,0.0022785815012091254,2.073488087062966e-05,0.00024784684948185083,0.00016534710419665018
3389,7,0.014873909060507699,0.00025512202480263265,0.004329741002389383,0.0014022674239652505,0.0001358261118179568,4.836770279372358e-07,0.9789969043919422,5.746307546999831e-06
3391,6,0.005944396296498994,0.04880742512475048,0.0021503911079741203,5.460150887733453e-06,0.00041935578968922525,0.942440417417612,6.69612617891492e-06,0.000225857986408417
3392,6,0.017844245294345994,0.00038110699727450596,0.017253933338811565,5.021807464152698e-05,0.0029903746909036707,0.9613032965006525,0.00017471793507767934,2.1071682925425476e-06
3396,3,0.014236315698049723,6.221799896236037e-05,0.7940340962251711,0.013351684513655687,0.13193552118464566,0.009352483590094053,0.03702255666086616,5.1241285554979835e-06
3400,3,5.3412335540780405e-05,3.12410299509969e-07,0.9360710732857117,0.04554413485153478,0.00035443153740985256,1.0027194565409932e-06,0.010741658578927825,0.007233974281119219
3402,3,0.0023717706272518,0.00010866535213326596,0.9957429360474616,0.00030912709376156863,0.00031565316313041873,0.0006625317996783597,0.0004870260242224721,2.2898923606481302e-06
3403,3,1.5190615015504361e-05,7.518868917570866e-05,0.994656045623015,0.00021090721119492573,0.0020110555507968837,0.001643464158045142,0.0005022945086131123,0.0008858536441437901
3405,3,0.00043513254204796903,0.0012715754814829315,0.9521772907782191,0.00012827538467246656,0.04521210957477979,2.0338181419465915e-06,0.0001799840648455375,0.0005935983558104267
3407,3,0.00011228232151395614,3.573227350918526e-06,0.9388223490536944,0.023215411687229664,0.0007559934447510955,9.301971020860747e-06,0.037050907426215675,3.018086822334503e-05
3408,3,0.0003383504206510192,3.570680932250736e-06,0.989316313587827,0.004400408663287394,0.001536392299342619,3.2069317898058566e-05,0.0043719171385698825,9.778914915188995e-07
3409,7,0.0005171655945528096,0.002158388739357417,0.005823321184078853,0.00010046427132721493,0.0010869405662776678,0.02536235362379617,0.9649513168969208,4.912368911014707e-08
3416,3,0.0015159801765443996,7.041393992496351e-05,0.9964153492482881,0.0001060799323053386,0.0013827938769204525,3.894921815946029e-05,0.0004515391155848374,1.8894492272520245e-05
3417,3,0.00026183314835013274,9.010761484099999e-06,0.9962571529089941,0.0018676452005144022,0.00022164298296951742,0.0008897983518758211,0.0004812613776996514,1.1655268112225298e-05
3419,6,0.00031566909528173983,0.00026596270339832034,0.03261749361920698,0.00022260374743138337,0.0003290040643342635,0.9661105617269705,0.00013784762899961416,8.574143771595254e-07
3420,6,0.002232306782948174,0.00013263575620959736,0.012689002781423611,6.711163412910837e-05,0.0014539796763240545,0.9833384929858116,8.613733342646079e-05,3.330497273668182e-07
3421,7,0.0005063389111682598,0.0002518155523187974,0.04295629159413027,0.002887617255088478,0.02385773753635425,4.361573606298771e-08,0.9295359582015346,4.1973336693036085e-06
3422,3,0.003639569692220626,0.000259954438160857,0.9715409683175024,0.00025174970310843904,0.0006855705334504847,0.000245922897046299,0.02337412049367262,2.1439248382598905e-06
3424,1,0.6433548738863809,0.03754754599660842,0.2584443169377772,2.7658373106245083e-07,2.27418467236843e-05,0.011903679024763395,0.04870377958575283,2.2786138262425047e-05
3426,3,0.00046642149658484666,4.5369252386870374e-05,0.9976780481165763,0.00019359893140690488,0.0010752267632514675,7.971597736674509e-05,0.0003642776707993782,9.734179162739732e-05
3427,4,1.669066795664175e-05,1.2635079518069972e-07,0.1782874056142599,0.4497604134138545,0.002235309244906913,9.687791026338287e-06,0.36968997249684005,3.9442036064478386e-07
3429,7,2.538694293024452e-05,0.053588505121682714,0.2200122899598773,9.617949093545928e-06,0.0018802879742647362,2.186544784328448e-05,0.7242153452282584,0.0002467013760499677
3430,2,0.000827253345225353,0.9791141651687926,7.689517475859238e-05,6.023564699890835e-08,0.013512219912617862,0.0022512526296649153,0.001545089443656014,0.0026730640896376334
3431,7,0.00011486395665647329,0.10183499257834122,0.001463093959223774,5.9797124070252445e-06,0.00014818478942459009,0.0012587307848144346,0.8951739927189974,1.6150013483837386e-07
3434,6,0.00443621539123386,0.0008294575220271268,0.3813434760757927,6.949490134244251e-07,5.5292725243320834e-05,0.6133265783163016,7.391894760777383e-06,8.931256272016232e-07
3435,3,0.027001074515936696,2.0000043923197485e-05,0.9500860544640257,0.000891696444397412,4.5443799142859524e-05,6.789468911662548e-06,0.021937894590581593,1.1046673080998337e-05
3436,6,0.0867869005626485,0.0012042571753119056,0.0007192360956480717,0.00508864592443767,0.01026061808292582,0.8958567539186031,1.0849528613825553e-05,7.273871181108263e-05
3437,3,4.252606663791358e-06,8.778340010263871e-07,0.9723651195628101,0.009924407116388473,0.005786518810083909,4.4687014670407895e-05,6.932083233394057e-05,0.011804816223048496
3438,3,0.00012505082025592146,0.0006509666409044172,0.9889499302741822,0.00028068861481802247,0.009779747082125477,8.44495204772673e-05,0.0001172748467178005,1.1892200518652237e-05
3440,7,3.254832113727282e-05,0.0004446625980368839,0.18918029976882428,0.00033484508652444983,8.225921794448686e-06,1.4874064799546103e-08,0.809947216524807,5.218690481097334e-05
3441,3,0.00020775764083699622,0.005214309611256115,0.5321537589279307,4.2554932574331015e-07,0.2946651697694821,5.228348037250604e-06,9.29951814924625e-05,0.1676603549716389
3443,7,0.0021276093577477905,1.9009188964109885e-06,0.013143869248412904,0.06020752292305619,0.00016590681225561044,1.3555638711407385e-06,0.9242886610615458,6.317411421408746e-05
3444,3,0.0013686510580314334,2.3214353647022763e-05,0.8697741977916537,0.0008012903059155614,0.0019015812682938618,2.0430755784192355e-08,0.05460697634620351,0.07152406844549908
3447,8,4.5150126712008034e-06,7.159624681353086e-05,0.28513611378566184,0.01832616277700664,0.05641101640517916,1.047518561347425e-05,4.61525234710123e-05,0.6399939680635831
3449,3,0.0020637598814732573,0.0004283817551020439,0.9545848920205908,0.0011336468188111598,0.041170571269415264,0.0002061789937174376,0.0002099044707916584,0.0002026647900984063
3452,6,0.0864222204716199,2.1999508985516753e-05,0.00039451932524493344,0.0014703375020160376,0.006893251393230411,0.9047793340519141,1.1611513270827219e-05,6.726233718343821e-06
3453,2,0.006182193152443223,0.6368424105220251,0.023234361885732698,8.337620449131911e-07,0.004413284400548998,0.32905691040556784,1.4385213695154068e-06,0.0002685673502677014
3456,3,0.003155225586818544,0.00013223241140551735,0.9752983570182792,0.00017543822015288711,0.012788696239985462,4.838174746933906e-07,0.008276802845279947,0.0001727638606035119
3457,3,0.00028089866793577236,9.792153803188279e-05,0.9781944288214494,0.0003745083807397322,0.0009662292757087013,1.729425984426819e-06,0.019537667313618414,0.000546616576531463
3466,7,0.0005287248133280992,4.4599062384480026e-05,0.008094411396737835,0.0010736298643254747,0.0003335664645489124,1.767055208469784e-09,0.9899177904268088,7.276204811149798e-06
3467,3,3.730723675365179e-05,0.00023987775029727463,0.9945020069369765,0.0001644674308946212,0.0006362811187799651,0.001999859647815847,0.0023680090413725928,5.2190837109550826e-05
3469,3,0.00022416488497890063,2.3469526932383816e-05,0.9961745346796338,0.0005839563008056405,0.0016325849194856327,3.2012094618819174e-06,0.0011665724875528605,0.00019151599114880703
3471,3,0.006335492648521346,0.00020349704427491093,0.9847784902135992,0.00027437363791036446,0.002481068693179813,4.723144773325713e-05,0.0058681072348927875,1.1739079888319703e-05
3473,2,3.210863262745111e-05,0.9689427107763368,0.00022596023290521726,3.0352589723525865e-07,0.0030602198696891058,0.006085023389681112,0.004590228310130099,0.017063445262733175
3474,3,4.8637761292987575e-05,5.081618231338085e-05,0.9354407505568612,0.0005065704001586028,0.0639222211687277,6.952636479400601e-06,1.568380425669321e-05,8.36748991000672e-06
3478,2,0.038372070971333716,0.9579633503793201,0.00048621364685042445,1.0360424958682427e-08,0.0013720040254936046,1.1372727398708047e-05,0.0017946915076379126,2.863815402614267e-07
3480,3,7.20414198545899e-05,5.633732965759454e-05,0.9953040032490583,0.0003716002774377071,0.002587561524886476,0.0012139931236261644,0.00011752915731947649,0.0002769339181597426
3483,3,4.933906089873703e-05,3.727007002588672e-06,0.9809495957833875,0.010886030872014195,0.000347242770316021,2.358393105525885e-05,0.006919002254868496,0.0008214783204574077
3484,3,0.002316569294546972,4.0203316675999023e-05,0.9870157372327542,0.0010569208095450244,0.0023216943616056872,1.037136747708394e-05,0.007224970761764618,1.353285563043689e-05
3485,7,0.0011132510317534104,1.717433694159661e-05,0.005018312003674994,0.00939913425211422,0.00012309532940306828,7.19774364903272e-08,0.9843257399224776,3.221146198620943e-06
3486,3,0.0014146506376029712,0.0003831487579390763,0.9696511144460389,3.512456253289117e-05,0.025276999533311605,1.6419309868627963e-06,0.0018956652695932582,0.0013416548619944687
3487,6,0.00041178138196231216,0.005378400070792572,0.0007227379487801036,6.020519434003579e-06,0.00011071298550300954,0.9873455327900158,0.006024370030650156,4.442728621199911e-07
3490,3,0.0003566512473074023,0.00010595387834092073,0.9977713413355924,4.613604444803922e-05,0.00038137184922676056,0.0003693863768266843,0.0009684364470987216,7.228211589548002e-07
3494,3,0.00039602797857109923,0.0009891237916993527,0.8504460040739694,4.670246429113118e-05,0.02078169402129223,2.5361022611560806e-07,0.11190328554833348,0.015436908511617126
3499,3,2.1477435611676286e-05,1.0269189421084508e-05,0.9817591540240131,0.002203402101072237,0.014821984282856993,2.6340498175259683e-05,0.000789982670209575,0.00036738979863973673
3502,3,0.00017801557776862337,8.065874185929298e-05,0.6716782630014277,0.0008734773916509009,0.31502947129351627,2.504081109015964e-09,0.0022056375638318327,0.00995447392586431
3503,3,0.0012968845107934612,0.00012220540376199043,0.9953411840561925,0.0003497754100819979,0.0003345934948612345,0.0011051930684538073,0.0013288175376202453,0.00012134651823455291
3506,2,0.06380620676884143,0.9300536673949902,0.0001844454633461477,5.872710281881767e-08,0.00013468086154572957,1.4905678491018594e-05,0.005710745422227184,9.528968345544789e-05
3509,7,0.0014609886243009177,4.068095737741377e-06,0.42444484451943293,0.08813763502501834,9.010427067845395e-07,1.812790043481073e-07,0.48591752808309624,3.385333070269884e-05
3512,2,0.0004367026845571728,0.9976076861043599,3.2761029747245066e-05,1.401133198384354e-08,0.0015761000428474484,0.0002206045877025066,0.00012332286197323713,2.8086774805194e-06
3514,3,5.5614280035884794e-05,0.00032897079423444095,0.8944375649846211,0.0007113084461302908,0.0018538906705872025,8.227991602806955e-05,0.102481377631054,4.8993277309155744e-05
3517,7,0.010749516916801457,0.0002539777189317352,0.2363781199538706,0.0012643287407710126,1.1364846216517568e-06,1.9222751996275807e-05,0.751303857064248,2.984036875925981e-05
3520,6,0.13312970792722723,0.004101734369664748,4.8562333460191765e-05,0.001509724281539307,2.1458340669026948e-05,0.8602233820829005,0.0006063166046840446,0.0003591140598548218
3523,6,0.4505787394847361,0.00021092947154704083,0.00017611510188083929,0.002929928659690712,0.0001741524307443809,0.5452426901359424,1.4839589777515843e-05,0.0006726051256809564
3524,3,6.486946162696905e-07,0.00020051104159206882,0.5282737079634698,0.0007983034012420171,8.133897228212226e-05,1.7478561487954418e-07,0.4706421523921993,3.162748983529183e-06
3525,6,0.00284747025395475,0.00015209870306487835,0.16144334909306748,1.8450011438464787e-05,1.3960190205549763e-05,0.8351490766161348,0.0002418880176984673,0.00013370711443561387
3529,6,0.023165451096559115,0.03262801753075228,0.003702813603891236,0.00021446463001647927,0.0018721251434830677,0.9383694018597962,3.808458220421233e-06,4.391767728116732e-05
3533,3,0.00011251370341622536,9.061555578535002e-06,0.9960359066408141,0.001163116919978447,0.0016140328148348873,5.630759249725946e-07,0.0010585298578423723,6.275431610516001e-06
3535,7,0.0007636281367713199,2.798737842298501e-06,0.43589149708687375,0.06381416379072176,0.0008693861095777186,6.5123041622847645e-09,0.49845580327354744,0.00020271635236162293
3540,3,0.00031504810737002423,1.2241548627503418e-05,0.9945251885772117,0.00029487777970199744,0.0047410862014239386,1.6750513245592782e-06,8.637889961926143e-05,2.3503834720945164e-05
3541,6,0.009444701898300998,0.001021651835172001,0.3677501625260511,6.967250196701827e-06,2.1809373280621915e-05,0.621707019873364,4.5001950450158184e-05,2.6852931845949324e-06
3545,3,0.0024800714907096248,0.005641770034612839,0.9844961256309813,2.9156952019991153e-06,0.0017681189435840748,3.817381902733164e-06,0.005594157938333295,1.3022884674170307e-05
3547,3,0.0005507925765625974,1.264826245176952e-05,0.9967934074133228,0.0005241772844403498,0.0018047820968882325,8.596209672161456e-05,7.954235201211385e-05,0.00014868791760063596
3549,3,0.0002130347905153918,8.25508942731615e-05,0.9803823336673855,0.001047980471442822,0.0069213007968060986,0.010707745723112491,8.502707178934348e-06,0.0006365509492855532
3551,3,1.9413103402804045e-06,2.953970157064743e-05,0.997048202507013,0.0004932574827814469,0.001216398637793134,0.0003565515211191238,0.0007692281870880516,8.488065229438645e-05
3554,5,0.003082056689026813,0.00011604513562596282,0.001636939376137572,0.0014622004992301788,0.5695055186169227,0.0004919681411328957,5.588212430255138e-06,0.42369968332949365
3555,3,0.0007501615496151506,0.00014900619385275715,0.9401422625455024,0.0007108934895419793,0.05642497195482353,2.015390041532108e-05,5.32874805833841e-06,0.0017972216181906086
3556,3,6.440567724656852e-05,0.0002721497470428489,0.9532910627620371,0.0003314406137783699,0.045811677044446046,7.665869692831712e-07,0.00011995031851921215,0.00010854724996041337
3557,4,0.006730411610479449,7.466718496220614e-06,0.0034113678845915547,0.648226460611339,0.000293032636633896,1.3446919321179118e-06,0.3399355024163502,0.0013944134301775034
3558,5,9.306069470726092e-05,4.436744215286616e-05,0.0273167311354498,0.009921133907376034,0.9585505842452515,3.095484971206759e-06,0.0040296680567163,4.135903337505671e-05
3559,3,0.0005362537890637022,1.5127711271768773e-06,0.9899764384363924,0.005433620182292893,0.0020550760350531434,0.00043775684635476934,0.0014835695188845897,7.577242083134166e-05
3563,3,0.20413041562225634,1.2493582134260574e-05,0.7922680318143519,0.0005501817709583471,3.7349952162222986e-05,0.0009408563699991659,0.001909961091376609,0.00015070979676085863
3567,7,0.019911888557945352,1.7389750331539396e-05,0.15811030410822463,0.00990164185743098,0.003497728477156763,9.45679061256678e-10,0.8082881107729684,0.0002729355302634059
3568,3,0.0006236508947715348,0.00039477989275899894,0.9176004168729018,0.008612986039637201,0.029580674534841207,8.357600563447741e-05,0.00015018576975411077,0.04295372998970055
3570,7,7.947399409723887e-06,0.0001882424855199362,0.002565178957655248,0.00012923308623674667,0.15066819224439348,5.391737585730142e-10,0.8424528497783634,0.003988355509247642
3571,6,0.17502175971121559,0.000604625565706003,0.057273636850001516,1.1847822837137197e-05,6.662501767383251e-07,0.7634158147202216,0.0036706508901807214,9.98189660677058e-07
3576,7,0.0005541388909921672,0.002608711539727114,0.3875744844837567,0.009144575512388186,0.00032648316235662085,1.0204223780640395e-08,0.507081838715209,0.09270975749134643
3578,7,0.010766902094841123,9.856284984856167e-06,0.030952155214848794,0.04299639100593673,0.00026296807091154956,9.294682046872497e-08,0.9149858113833493,2.5822998307049326e-05
3580,7,0.0023517580645865447,5.3977732650257454e-05,0.4761795735162795,0.00048739514653331744,9.161922501160551e-06,2.527565950197605e-09,0.5208962708672485,2.1860222634763422e-05
3582,6,0.0005734756203727344,0.0002882788994035199,0.009502439852820503,0.0001883621280984424,0.00016613684091737729,0.9892346597418697,1.878593572997353e-05,2.7860980787654303e-05
3584,3,0.0008070114275208455,2.3196319315811395e-05,0.9796122175500976,0.0011236566675938025,0.0010042396513341052,2.2144730551420854e-07,0.01239818202462377,0.00503127491220851
3586,4,0.13399223391556453,0.00019679498167086114,0.014536263694729315,0.5529673569244855,0.007016434949840866,1.0272078623813639e-05,0.23005109275938113,0.06122955069570388
3588,7,0.015867548563704433,3.859761274946585e-05,0.01809942698990298,0.007994690745971748,0.0002437548974043622,3.133128827876611e-07,0.9577331745612645,2.2493316119708467e-05
3589,4,5.170544540219821e-06,4.4514405120275926e-07,0.030870347487158417,0.7947922583678384,0.08683939174829111,3.655606915197486e-05,0.08745540511310271,4.2552586581471076e-07
3590,3,7.372505514141792e-07,1.2921470545819407e-06,0.9915721125339888,0.004549511353244654,0.0029181422453485283,3.863255636811026e-05,0.0002206883227740641,0.0006988835906697544
3591,3,1.1133388155345927e-05,7.055942388508517e-05,0.9760423403000625,0.010662546122089556,0.0044691117778643185,0.008429153332265682,0.0002834600496763556,3.1695606001035106e-05
3593,8,0.0003400386930629099,4.973626514401944e-06,0.42674882137456166,0.14349511140007318,0.0005539890369680802,6.006541655887593e-07,0.0001683635187572339,0.4286881016958969
3596,3,1.3843195697392014e-06,2.6857581119882515e-06,0.9892593010269806,0.008047788312849387,0.00215657647002918,5.903983717520548e-05,0.00014900993435952895,0.0003242143409244226
3598,3,4.2618163993745075e-05,0.00012013609398956071,0.9937934196748134,0.0004546688500394107,0.004484134509088924,1.5925053809477152e-05,0.0007279697297153199,0.0003611279245502951
3601,7,0.000123110390302423,0.0017893484964049931,0.08471253483641389,0.0009121305259362138,0.01586826414666674,5.02426437875588e-08,0.896555052125942,3.950923568992912e-05
3602,3,0.0007038010868067385,0.00015634480266791693,0.9906336475930414,0.0002643820873144713,0.000854025100631844,1.453574709459108e-06,0.007379956325207325,6.389429620673113e-06
3606,7,0.0005182252493495886,0.0001774525652650695,0.010457669180386629,0.005729670710436071,5.1234962051157025e-05,4.966034261766286e-08,0.9830368477740997,2.8849898069146123e-05
3610,3,0.00026012160479856733,1.3409692982336275e-05,0.996486529195544,0.0005106777174072282,0.002496379926499333,2.6150430166294125e-06,0.00022614921858367344,4.117601168256042e-06
3614,4,0.0002670759246992951,6.643093109816794e-06,0.01952972018032505,0.9075474762639691,0.006457595679816765,1.0212677705551977e-05,0.06600754469585216,0.00017373148452217314
3615,6,3.791186031030003e-05,0.011248530027440959,0.040874724516785484,6.255766813865074e-07,2.4621115311700662e-05,0.9464392510632912,0.0013726827764004076,1.6530637786391628e-06
3617,3,8.924892727243859e-05,0.00015287593658756577,0.9766491167833047,0.0014817079872880366,0.006859862475608101,1.2993992505831438e-05,0.014423939185194981,0.00033025471223836197
3618,3,2.796716980890021e-05,0.00022940813195819931,0.9962452122752382,0.00014017660508470347,0.0013412374383569453,0.001793881539686644,0.00020780462338629584,1.4312216480264041e-05
3620,3,5.895848347509904e-05,4.0538732435433266e-07,0.9558790085765227,0.03910772162455618,0.0036679996602523393,1.3509082314753851e-06,0.0012240019403241063,6.055341931357484e-05
3621,7,0.026289664126715122,0.0017263593866194836,0.0007603181219710423,1.7707433299054858e-05,0.0010194572545919583,1.94655420104219e-06,0.969406743664354,0.0007778034582483134
3622,6,0.09139520040159037,0.0010854322750144297,0.035826410802391566,1.0095038532854718e-05,0.00597930513998312,0.8656199798066112,8.233260058196594e-05,1.2439352944094447e-06
3623,3,4.496640022186172e-05,1.2647085485406703e-06,0.9150469823270567,0.032791743557678985,0.051110644063764823,2.9519228403033605e-06,0.0008988991396309843,0.00010254788025780986
3625,6,0.00174232723754927,0.48469023051193205,3.8949554973885236e-05,4.165025869720879e-08,3.8989306185114517e-05,0.5116851935026957,0.0018021774096996248,2.0908267056275533e-06
3627,4,2.5479168034029868e-06,3.3786977891172394e-05,0.23821897183560847,0.7387119936108283,0.00013132363448576235,0.0014627017591739733,0.021275679966069314,0.00016299429913955082
3628,3,0.0014875710276093597,9.046764647613088e-06,0.9762122821159275,0.0013516567212523115,0.0169606976183856,2.1166519646141276e-07,0.0036649173006327107,0.00031361678634856554
3629,3,0.0003014235420437663,7.0397527935007634e-06,0.9211433894052242,0.0005415014904133413,0.00019096888266864365,0.07780529110968794,8.644720205271455e-06,1.7410969633149805e-06
3630,5,8.682485935371417e-06,3.188484321699763e-05,0.00576679317503509,0.0021729981109218895,0.9859972458725313,8.742131741649535e-08,0.003917159960405411,0.002105148130636479
3632,6,0.001671234156171466,0.0024523318666730422,0.2492846017103805,5.718381754652064e-06,0.0009178371734591406,0.7456435888595996,7.147214165754285e-07,2.3973130544988738e-05
3633,3,0.06986684820890635,2.5383208499353363e-05,0.8816349615090848,0.0005527883498223974,0.00042921803186434605,2.9299208352341437e-08,0.04600882193596268,0.001481949456651788
3634,4,3.086624435115816e-05,8.109965051068858e-08,0.2917299840319581,0.5598761746983886,0.004916379846801036,1.4892391156056144e-05,0.14343050523373982,1.1164539546948144e-06
3635,3,0.00037287597212184206,2.065269355360869e-05,0.9618188192796611,0.014926071617422997,0.015388788640582395,7.437496289011241e-05,0.00731284339837888,8.557343538901284e-05
3636,3,0.006052407152314029,0.13246783580546684,0.743257024922329,0.00017859373766998738,0.0845008914741164,3.4723019464406272e-06,0.00457452288063763,0.028965251725519843
3640,6,0.00010141929222030653,0.00028523109617716985,0.0031298514475323843,0.0005130524924075115,0.011934613805474545,0.9840336375119604,1.7565341252307384e-06,4.3782010238005843e-07
3644,3,5.470249042359254e-05,7.3454410746220954e-06,0.997418054611949,0.0008512829829043607,0.0013356595889363705,7.832580682829683e-06,0.0003067097064822434,1.8412597547107246e-05
3647,3,1.6946110180744896e-05,0.00011151044662077641,0.9700188805804691,0.00011009052119899637,0.022189681556535445,1.9038863310877122e-07,0.0028520360543748983,0.004700664341986758
3648,3,3.9441274371784174e-05,1.5796825802897143e-05,0.9947817861644893,0.0003453850530435884,0.002242564634040388,0.00043428074417655447,0.0020197112277005754,0.00012103407637503896
3649,6,0.000489812552989782,0.02713201999359146,0.10131516257391422,2.9780032459232655e-05,0.0010810313769483407,0.8675619847859691,4.2065834165731305e-07,0.0023897880257860186
3654,4,0.002752812610114668,3.9305098649189593e-07,0.21137599432932874,0.7646705917756371,5.551316224831416e-07,0.013709433532426292,0.006144670145842029,0.001345549424042057
3656,3,0.0005143324468635997,6.917172472858542e-05,0.9484722843953921,4.290858163476687e-05,0.03390338178735805,1.754940892774849e-05,0.00027725723391016185,0.01670311442118496
3657,1,0.9649755129903838,0.0015084105918625205,0.0006993153610522017,0.000343739383777778,0.028372158710099342,0.0018876492969256721,5.22700068522185e-06,0.0022079866652135976
3659,3,1.282686011070744e-05,5.3863841722516065e-06,0.9781242144123455,0.009546432216655161,0.010779093145150636,6.717646515121296e-06,0.0013165392353188695,0.00020879009973170438
3661,2,0.0002862056071108613,0.6080516377154078,4.824437230189897e-08,5.247739550823751e-13,0.0002562633174881668,1.5433548155984307e-06,0.39140419700480317,1.0475547707686018e-07
3663,3,3.112290039817965e-06,3.4651000443928757e-06,0.9813207174560207,0.011392099437704833,0.00423073508481692,0.00010340983752572569,0.0026152819253155613,0.0003311788685320276
3666,7,0.00877158525840911,4.1673583629431424e-05,0.004100104909244161,0.2408781705171448,0.003433529340242171,6.411634673073141e-08,0.7042401685431197,0.03853470373186397
3668,3,5.22885469286226e-05,7.591824383241414e-07,0.9697926768142919,0.014863462531426773,0.012895358703544801,5.000432832185006e-08,0.002279363110478846,0.00011604110656252941
3670,2,0.00045972709494995,0.940095513405233,0.005477239216745478,3.6122670492257084e-05,0.047542840688874974,1.5499808537787394e-05,0.0021350014134715488,0.004238055701695088
3671,3,3.0239252424310183e-05,3.1306039671749244e-06,0.9958993765683835,0.0026930093507013084,0.0006225467661044286,1.2377402054313275e-05,0.0007305214471495241,8.798609215499543e-06
3673,3,9.816365209405959e-05,3.644249984007237e-05,0.9917556636791078,0.0017420808922199863,0.0006943465448710668,2.393592709366373e-06,0.005620625559986193,5.02835791711797e-05
3675,2,0.0007114746457390845,0.9607458192388789,7.531163696516384e-05,1.6421364620800542e-09,0.037515284409250824,1.5212169433474449e-05,0.0004040345355698432,0.0005328617220259628
3676,6,0.0011696027772709766,0.004480823134850589,0.15840229749944187,9.580226660293819e-06,0.0001118503709915062,0.8350586981573253,0.0007662209081126519,9.269253467198692e-07
3679,6,0.009586750335068882,0.02151900531119291,0.10074159897150277,1.1447624791412537e-05,0.00012212475181684227,0.8679820582957716,8.736515898966682e-07,3.614105826582569e-05
3682,3,0.0008368413071746862,8.884895525299715e-05,0.982563919410666,6.053312277627352e-05,0.013616938352903245,1.8995324590855442e-05,0.0023955778738098308,0.00041834565282614897
3683,3,0.0020364589242401637,0.00032779807239298773,0.9952315687637097,4.87309313510243e-05,0.0008758168907329829,5.8904506778878164e-05,0.0014137891735653287,6.932737229053161e-06
3685,3,0.0200023292516193,4.3578749470346785e-06,0.8244036059746876,0.005254574324009223,7.548038953191642e-05,1.0127312168171213e-06,0.14247655393006448,0.007782085523923727
3687,6,0.0012993544213041456,0.002329237275486089,0.0005382081433004234,1.0121878146986475e-05,0.004958348938918995,0.989859408363174,0.0008552903385223683,0.00015003064114714758
3688,3,8.585898676542807e-05,0.0008812702834870819,0.9308872676968115,0.00017763739166336387,0.015407588466423507,1.0717408779462144e-06,0.05199788577950281,0.0005614196544686135
3693,4,2.2125563528992033e-06,1.887434247626263e-07,0.160845563907608,0.5102455489619244,0.0003515892258862818,0.0003645545137298284,0.32818989002680665,4.5206426721480793e-07
3695,3,3.5725789736430333e-06,3.4058183566149656e-06,0.9753253777341047,0.01261530065004138,0.00983061837915061,1.4526167267352355e-05,0.0016479736366862788,0.0005592250354193853
3697,3,6.37181960271122e-06,3.7665336920534115e-05,0.9936488402699766,0.0004785742148418743,0.005112147634053759,7.234370358597514e-06,0.0006238035700517251,8.536278419420573e-05
3703,3,0.0020143319031230723,2.2847174995858106e-05,0.9707580571874684,0.0010876084876134146,0.020565361473039015,8.550810566030959e-08,0.005407522748458807,0.0001441855171957492
3708,3,2.7104552842003505e-06,5.718814594078028e-06,0.974034809205304,0.0032917063160365005,0.011299312057324658,4.397985743373566e-07,0.0011457034486980619,0.010219599904183956
3710,2,0.0005564018884944974,0.7268435219434233,2.375571625513301e-05,2.1121611566458278e-09,0.00023894357145149981,5.4657887055591445e-05,0.27226780234698333,1.4914534175594325e-05
3711,3,0.001662636673486204,0.00015626539821937208,0.9915600929117759,0.00015274719594003168,0.00012996274716499888,0.004788071320307251,0.0015494720282193315,7.517248869683893e-07
3713,3,0.0008147033123293743,0.00012983160931691865,0.9464640323655855,3.420325979903527e-05,0.04837195942464997,4.1242920639267365e-07,0.0026085452117135793,0.0015763123873991764
3717,3,0.0018265421987118575,2.811539957194047e-05,0.9764202317572597,0.0032220973432721452,0.0014741010032016985,9.540718507870771e-06,0.01701046013266562,8.911446809082041e-06
3718,3,0.0018552211422235402,0.0006292647694447034,0.984657755381103,1.461741619775878e-05,0.009298999844473297,0.00011209224935185519,0.0031977885387592304,0.00023426065844654032
3719,3,0.0002942564827567401,3.6772037887405875e-06,0.9813705048378962,0.006153765392889625,0.003573678372113852,2.745784777123433e-06,0.008405891965186995,0.00019547996059077625
3726,3,7.596712138082137e-07,2.084215982021733e-05,0.5763397879823222,0.001993307076038303,0.4206316737366027,2.8730504778895054e-08,0.00029811265905259576,0.0007154879844451856
3728,3,0.001242905756693891,0.00016737269956559704,0.6993867797197647,0.00022447006603142634,0.00015199765729999003,1.6397860386840625e-06,0.294819771584775,0.004005062729830573
3729,2,0.00010296817440030218,0.9738164985564335,0.00010765419659630213,1.984957285971234e-08,0.002990322437796083,0.011117525876712485,0.009595618846775998,0.002269392061712448
3733,3,0.030778810855319336,3.809858175185857e-05,0.9355062626688687,0.0004010157669396301,8.086083345580148e-05,2.5316318446813782e-06,0.03316345891589833,2.8960745921952583e-05
3737,3,4.5936780798824855e-05,8.014997066554895e-05,0.6102879919015334,0.00016689350247041103,0.2708354178534933,2.2697940746017046e-05,0.00013309804677529922,0.11842781400351729
3739,3,1.5153612788755406e-05,0.0003587372103472162,0.7505291056875707,0.019602377112028942,0.05713947149073186,9.457870116338783e-08,0.0009678860412661183,0.17138717426656513
3740,2,0.00022613375687143738,0.9866079703487693,0.004295318595001586,1.925330896306852e-06,0.001471001930748136,1.2334719525480881e-05,0.007350170753193205,3.5144564994472256e-05
3741,3,0.4941318063330465,0.001188089580775257,0.4963339485292899,0.0024669622744457353,4.193851162663653e-05,0.004439862509882211,0.0005103521729367572,0.0008870400879970529
3743,3,0.0021250486548558076,4.626637094850708e-05,0.9782919740505668,0.0008838021038291461,0.0030839897885436658,4.982853445666834e-06,0.015539008123498834,2.492805431155069e-05
3745,6,0.0017966316880255572,0.0004917752181474661,0.2536952312695653,1.3037601113746834e-05,2.484474534778466e-05,0.7438857704076882,7.464940560197033e-05,1.8059664510031657e-05
3746,2,0.0008179325285789413,0.984078618852864,6.017898221934187e-05,7.483177022138073e-09,0.014356589195621251,0.0003791691509291845,9.29058379609122e-05,0.0002145979686495876
3750,7,7.779911600355446e-05,0.00014854778417072799,0.008548620047290225,0.001531021181617337,0.02939448792988245,1.5566062243470516e-07,0.9602711949093815,2.8173371031749794e-05
3751,3,0.00021073554807414223,0.0005103627170473044,0.9550026007397349,0.00020850653716660556,0.042688326358406706,1.0359474052055186e-06,0.00028682296645593026,0.001091609185709322
3753,7,0.0023577907978331366,5.602060601849611e-06,0.013406860888075642,0.039281756895059014,0.00015791312017554582,3.672731097713678e-07,0.9447875159736171,2.192991527779564e-06
3759,3,0.00025909439996346087,3.426379631919857e-05,0.7210347956400219,0.0007853401081067388,0.0007902461457651227,1.3927255656552545e-08,0.16876407971905297,0.10833216626351493
3764,3,2.796785825452574e-05,0.00022627366616412645,0.9699939226493455,0.0002773535378519765,0.01697242109579815,0.00011182520840028961,0.008842631366502554,0.0035476046176827845
3766,3,9.417359812137241e-07,7.022007907187542e-05,0.9917201922639924,0.0006187313060932246,0.0005457965278118733,7.816747236782968e-05,0.006939838508707446,2.6112105974163774e-05
3767,7,0.007497439872057467,0.01269096149923346,0.011346820932134337,4.240066450442239e-06,3.389605280285886e-06,4.289759307934515e-05,0.9678563441104197,0.0005579063213450369
3769,4,1.7734495750544028e-06,2.170767999557996e-06,0.006666622209189366,0.4784632547796882,0.05882089430478494,1.9219128813112696e-06,0.45604321907291784,1.4350296355423265e-07
3773,6,0.0016671435816868708,0.0009084957998969315,0.014267404223221022,6.148669968517571e-05,0.00035240255601084325,0.9824547360985072,0.00028569207682243875,2.6389641696327133e-06
3775,6,0.0018146795533387889,0.01862865888728569,0.006946242134063928,0.00018212593366759953,8.556362796716493e-06,0.9723621942493523,3.12401409126134e-05,2.6302738582346432e-05
3782,4,0.0006316718557876594,3.5902667453259816e-06,0.08007445397386308,0.5657803997171923,1.8938188743737166e-07,6.684739754094529e-05,0.35314113903468297,0.0003017083723001584
3785,5,5.1213474779669796e-08,1.4767132439432974e-05,0.44423599519479723,0.004807664862518366,0.5366163278021893,1.1944241118138552e-07,0.00033094690620562886,0.013994127445963917
3790,3,0.00029746919053892315,0.00039237824285406366,0.9842944899103354,0.0006286823511990886,0.014061893681291439,1.7055076328454762e-05,0.00018112878284284298,0.00012690276460982584
3793,3,0.107789246536156,0.15064090369798344,0.622222714724797,3.2172860871677415e-06,0.0021869927411507038,0.11694420651421542,3.781132650384448e-07,0.00021234038634511951
3796,3,0.0009151949191100201,9.494140180737909e-06,0.9941393434958893,0.0013427506157385847,0.0015778543370644172,0.00013639816847026164,0.00018529387458735244,0.0016936704489592808
3797,5,0.0014924202751720082,0.0005043952215315298,0.023319997169720275,1.4488261933850263e-05,0.8673194435596544,3.3861764967166414e-07,0.010811677692913578,0.09653723920142471
3799,2,0.0012017631110352275,0.4630711947995631,0.19306067316300615,1.520149313971701e-06,0.0013589820307771372,0.17087904694058356,0.17041290530590403,1.3914499816827047e-05
3803,3,3.848616429024708e-05,0.00015594295997121494,0.9916218068100211,0.00019500503687916744,0.006462347831474785,8.793670648490015e-06,0.0008397836057152611,0.0006778339209996813
3804,3,1.9730700955384684e-06,2.7074764610284247e-06,0.9849574999389821,0.013014436806171028,0.0016421302448217303,0.0001320097785264922,6.68233644233145e-05,0.00018241932051896796
3805,2,2.7374707637134855e-06,0.5065077995472486,0.00021359434311230143,1.2034541456158737e-10,1.5108984872251922e-05,0.00018740640875018866,0.49307300895879075,3.441661169793028e-07
3807,3,0.003633968923913186,0.006700227545577489,0.8844031936151721,5.196859104817765e-06,0.10161997939095131,0.0001069450174830714,3.3675679893265613e-06,0.0035271210798087523
3809,3,0.0010318176274572276,1.625965081805913e-05,0.9614789831937663,0.0052889631378709966,0.001720339070385547,2.690437051420794e-05,0.03007217123136543,0.0003645617178222214
3812,7,0.00012891512558935004,0.23216034866912302,0.0006604121630704002,3.4100752993431254e-07,0.05309231311836748,3.471205795487831e-07,0.7136379893544377,0.0003193334413027494
3813,2,5.9144261611816596e-05,0.8154022157041343,0.00022029840890028257,4.811839206924054e-07,0.0035361041629445025,0.1648631091315724,0.0006445730346712535,0.015274074112244884
3814,6,0.0017018072188007501,0.009828834764755748,0.004848362344473908,6.685922857414269e-05,7.994842319062724e-06,0.9834703793414249,1.5708580530630992e-05,6.0053679120767335e-05
3815,5,1.8356005579613335e-06,0.002004550573933006,0.24958756715154146,7.964189657578322e-06,0.734235319465982,1.3701390723745271e-06,7.569133662739697e-05,0.014085701542628207
3816,3,8.334636138193074e-05,0.00026229679964300456,0.8640886531669897,0.04959577809927319,0.02447762161659134,3.052791180027117e-05,1.7808049681841227e-06,0.061459995239352416
3817,3,0.004220735973499031,0.00026436070998896486,0.9772934773215313,0.00071679003284164,0.002658942281354335,2.3606270141414726e-06,0.014830288244488418,1.3044809281977511e-05
3818,5,0.0005952784779857291,0.00033426542376020253,0.16148264048812316,0.2903101387181462,0.4201428133715303,7.331192378418298e-07,0.0025905148816166355,0.12454361551960003
3822,3,9.64288558218685e-05,0.00019650013673648686,0.9978958697670293,5.657378403698374e-05,0.00036371691262956067,8.784883650486374e-05,0.0013002638514739,2.797855767044243e-06
3824,3,3.667841820888636e-05,0.00047842780360976035,0.9158788821747048,0.0023065583444505755,0.02472464026182659,1.3515618152505665e-06,2.214861733423465e-05,0.05655131281804993
3827,3,0.0572847321857186,9.359486642441127e-05,0.8990067805716706,0.00031366354407772655,4.601384493064197e-06,0.0067681782302327475,0.0365278618059462,5.874114365751646e-07
3828,7,5.531933127090528e-05,0.0002853358553228634,0.0022597936853959865,0.3380576656489467,0.0009339596050370828,0.00010189016584839543,0.6582968155839666,9.220124211552105e-06
3830,6,0.004385831399852294,0.013252065264891684,0.002138937908988054,0.0006162443178462774,0.001573478965187196,0.9778978211297572,4.855296045752205e-06,0.00013076571743175365
3833,3,0.007961768102328088,0.0001394151404217383,0.9862703572104681,0.0001902434221114349,0.0027302659276504746,0.00025494586318364177,0.0024401742965187195,1.2830037317889422e-05
3834,5,1.7060917844921055e-06,0.036454547578777065,0.12714188405672738,1.5237699083382262e-06,0.8264325476951184,1.205734226481656e-07,0.002057298878489522,0.00791037135577181
3837,3,0.0005925453197862155,7.899970293590231e-05,0.9308399527023884,0.007512788415561816,0.05976331505030589,2.9528216834594352e-06,0.0005161616351750878,0.0006932843521634018
3838,3,0.00046053144029710506,1.2966198558351079e-05,0.995380752817237,0.0008238224736163098,0.001827214841233902,1.3590908958922024e-06,0.0014386589254516864,5.469421270984663e-05
3839,1,0.9041793811596707,0.024217699633043877,0.000453121380502419,9.963853350602652e-06,0.05377694049206718,0.016491625565689096,3.677618644994271e-07,0.0008709001538117267
3843,3,8.949237986501135e-06,3.751685761706159e-05,0.9952526136583315,0.000610564669873208,0.0023918024605748493,0.00019377244081628296,0.0006810286051548762,0.0008237520696458581
3845,7,0.009682911407827434,5.430603344468175e-05,0.01283328465269968,0.004388036199974327,0.0004310623976085194,1.9042096480252253e-08,0.9725605919393829,4.9788326965964854e-05
3847,2,0.13210015549608556,0.84137123871919,0.0034123720352621308,1.9879753038863656e-08,0.021874513198883262,0.0011928063119760331,2.1652517339069508e-06,4.6729107116224025e-05
3848,4,0.00014797114456398914,0.001659495720643215,0.007602047773434919,0.7759517581359074,0.0466832887181022,0.002717277060416056,0.1396934924889126,0.02554466895801956
3850,3,1.1660300555523673e-05,4.15177411325314e-05,0.9842386648621145,0.0005324563437391609,0.007629287653862484,1.4894599081856815e-05,0.0002667354842235897,0.007264783015290278
3851,6,0.0014900201613667326,0.02319824776839542,0.0051841581867326375,5.0284184239267216e-05,1.1157909409724699e-05,0.9699810911445512,3.988441479585588e-05,4.515623050907468e-05
3852,3,0.00024945018172055177,0.001820634693792243,0.9596931288400248,7.958969885340015e-06,0.00491692675931484,1.128943041507755e-05,0.03328321415801876,1.7396966828480507e-05
3855,3,0.0007170185634407561,0.00012826402821452973,0.9741392779175366,0.00025026009471755626,0.00014865984953064937,0.024257962588577774,0.00035117904782298236,7.377910159216943e-06
3856,3,0.11656290122325164,1.3130217858921351e-05,0.8745125827269054,0.0008056789701164144,9.463457261640777e-05,1.1231678807226403e-05,0.0076629236232057946,0.0003369169872383648
3857,3,1.5346600374554716e-05,7.622937549471508e-05,0.7469772472777432,0.23257197807497113,0.005461195310286656,5.7808117240513324e-05,0.0007106240412431519,0.014129571202646175
3858,3,0.00024623332569581586,1.0398019332673757e-05,0.993489459525759,0.0002828692086216236,0.005220732384992252,2.5460105759523575e-06,0.0002674553383512027,0.0004803061866713985
3860,3,0.00018267956786337892,1.0851890728648344e-05,0.8805062006452791,8.310912181132746e-05,0.08275665225360246,8.795059913608983e-07,0.00030939034340074923,0.036150236671322854
3866,6,0.0011143836378567614,0.021437175865328843,0.10921554442864333,3.782547452503642e-07,0.006919378127111962,0.8606602557697692,4.836790745124287e-05,0.0006045160090934154
3869,3,0.0006016792875748448,1.2461524751657268e-06,0.9889394794715434,0.0013924999836147632,0.005728538654852542,7.868478430220236e-05,3.5548185873946708e-06,0.003254316847049798
3871,3,0.0005447974576166704,1.6215708859536878e-05,0.7107580331943987,0.01945441357402217,0.22553226350080915,6.500284688665437e-08,0.04158229274990872,0.0021119188115383647
3873,3,6.19016363559824e-05,0.0001395521144940411,0.9884209738452945,0.00011168198711791854,0.00942185203542808,2.081495531651425e-05,0.0002234491000758518,0.0015997743259170982
3875,3,0.0004194647912559069,3.394447109243185e-05,0.9243111632329959,9.095294727752601e-05,0.06816748052637828,9.217282795561343e-08,0.0027942122401370412,0.0041826896180349495
3876,3,1.489134879654429e-05,2.562513995794352e-05,0.9797346487486246,0.000531955262407977,0.015990419142286726,3.834479308866284e-07,0.0009572473992413996,0.002744829510754055
3878,6,0.37413395268144517,0.0015463190657313752,2.3837015461641342e-05,0.0004645013424163618,9.425481547806836e-05,0.6231446970344394,0.0004035039782148384,0.00018893406681316576
3880,7,8.658121783582975e-06,6.37788432489995e-05,0.17838290967226436,0.003334588767717001,0.0001642137858669961,1.3816244193310724e-05,0.8176105654784231,0.00042146908650257897
3883,3,1.4359197032470738e-05,8.881726820320379e-05,0.9692395953348913,0.00020360310194316168,0.022613892659861235,8.492965711224279e-08,0.003911374979246332,0.003928272529165072
3885,3,0.0008566912484857709,9.751567483084239e-05,0.9922672354342384,0.0002139089158636526,0.004441937130505657,1.2864604595047227e-07,0.0020623684049168164,6.021454511306397e-05
3886,7,0.0018263755501927016,0.00018700765634943224,0.0003534205252556412,0.11794696260475086,9.653747387567766e-05,2.1469301647515762e-07,0.8795735427236673,1.593877289190805e-05
3888,4,0.00037504155357614695,6.4960223929232185e-06,0.018470739120585396,0.9342297551384093,0.007989100068794176,6.663569380015725e-05,0.038773764791366454,8.846761107566996e-05
3889,3,0.0001368855106708423,2.7950852203726063e-06,0.9873343161665524,0.0017126721014995685,0.008722232642377316,1.2305350645923892e-07,0.0002518760685341127,0.0018390993716387671
3890,6,0.011111631078587753,0.0010287796568573216,0.006860154394226143,1.4643508356700836e-05,0.0027931089450884115,0.9775566345360067,0.0006336131761161214,1.4347047606916752e-06
3891,3,5.172813218269369e-05,1.1112176888369751e-06,0.9786909028338484,0.015134412263749317,0.0008847218333410952,1.0961677557720288e-05,0.0013936446101392263,0.0038325174314926716
3892,7,1.2009541267416568e-05,0.00041966590251815727,0.2748473811279224,5.969671976451339e-05,0.0007365578991550244,3.5937335435923674e-07,0.7238489732205109,7.53562155073867e-05
3895,3,0.025909196339282313,0.007439591323494311,0.5955823751817323,4.1077379171872673e-07,0.00018409116467879105,0.3708607831969912,2.272074977905946e-05,8.312702503930482e-07
3898,3,0.00016033494167061926,1.2451311130612863e-06,0.9914712179080819,0.0030983619892021625,0.004536973926927989,2.2769363118911564e-06,9.544882392175196e-05,0.0006341403427707877
3899,3,0.00010908324275815718,5.1111549696148496e-05,0.9324124312889007,0.010269313990526456,0.05373406060975415,1.8677372705533495e-06,0.0011501818523806415,0.0022719497287133337
3901,3,4.8135914926958006e-05,8.151386756176871e-05,0.955855729709328,0.0014730106426187736,0.010021612051543045,3.866435050620405e-06,0.03221791172773745,0.0002982196512335355
3902,2,0.0006308621418878192,0.5146506868984972,9.637369138027263e-07,3.629528319244868e-08,0.00030027595144644156,0.00014412793463356374,0.4842728555029981,1.915383399521511e-07
3903,3,0.0013554147664296805,2.894559221141664e-05,0.9629499977271402,0.0015351339135827014,0.012131974178117181,5.168262158269764e-08,0.021932163020330214,6.631911956679224e-05
3904,8,5.7281641886486274e-05,0.00038289836329407837,0.13595397837021098,0.0008713463317968267,0.3735978525773274,7.207500065829557e-07,4.5639830250473483e-07,0.48913546556717524
3905,3,0.00032953405281341996,0.00011833761985643204,0.9306917522998617,0.00038866897008259086,0.002782283009649163,4.7677181946624667e-07,0.06561840837519221,7.053890072499513e-05
3906,4,3.737321416754634e-05,2.73703171097091e-08,0.33385992469172454,0.6028286404963472,0.0021497162345948426,7.293641740477178e-05,0.06105074116037868,6.404150652283572e-07
3907,3,2.4027263055918913e-06,8.097385734986023e-06,0.9785819235501703,0.002863521355084517,0.009395244496301303,3.274989712970366e-07,0.0019487113850671766,0.007199771602364706
3910,2,0.3305528247253421,0.6676553885419783,0.00018599331744222937,6.523596019405447e-08,2.0805850396572847e-05,0.0005093922908589634,0.0010687923060121963,6.737732009715574e-06
3912,7,0.00014775439628435675,2.88701690635106e-05,0.030336893411681467,0.06646448905498926,0.0016665123364946707,7.987426283641844e-07,0.9013545157658057,1.661230525166327e-07
3914,3,0.0001816388039486701,0.0011309728244240807,0.9937588462248249,3.3187895711327035e-05,0.0024835590983067353,0.0019594322469295893,0.0002664035298587047,0.00018595937599597402
3915,5,0.00267529655556914,0.05374719934196126,0.0057131582939689216,1.2729288717821704e-07,0.5794283390475486,7.358268832273621e-09,0.353096375988233,0.005339496121562967
3920,4,0.01638688109044629,7.447651671241785e-07,0.007803224706276991,0.932357811795482,0.0001406697099448641,0.0005617380645742908,0.041305900334121286,0.0014430295339870863
3925,6,0.002631838817619044,0.0007122720492300522,0.4496000238590875,3.213963732598623e-06,7.902372498861089e-06,0.5470236054806791,2.1139160842398362e-05,4.296310465406175e-09
3926,6,0.0019720441913979635,0.007027791383407972,0.005556119016810795,0.00023581094509863735,4.517086184474746e-06,0.9851760615054708,8.209392502258175e-06,1.94464791271504e-05
3927,6,0.015367414798231694,0.010019916863471805,0.45390261135090937,1.8301978521486417e-07,7.240424784937119e-05,0.5205806051910945,5.667706537052418e-05,1.874632874507566e-07
3928,7,0.0015426973921848425,0.012901937200235029,0.00023818625799094738,9.027975800413606e-06,0.003499598018560099,0.006347940744895494,0.9754582907257047,2.3216846284402563e-06
3929,2,1.8090642275144932e-05,0.7941728510990532,8.653695966586658e-06,3.00656420233024e-09,0.000769239629662527,0.0004649980708381419,0.20391800069842222,0.0006481631572179059
3932,3,0.0001263917347680452,1.3020397048146317e-05,0.9953769156794786,0.0020982903128046767,0.0012950660553480101,4.4362300122737145e-06,0.0009777791519978388,0.00010810043854232717
3934,3,0.003023910688323268,4.773714653506395e-06,0.9627999448840969,0.011853902599885705,0.007452804387307534,4.462115011450089e-08,0.0007698915235667366,0.01409472758101644
3935,3,0.006470688175524901,5.046473837383528e-06,0.6778812155688366,0.009374883771375814,1.1407690596492303e-05,7.66908387026756e-05,0.303231564539844,0.002948502941282182
3936,2,9.689882846568171e-05,0.9983076806851309,0.00026946049558736185,1.865320094256896e-08,0.0005805184387946428,0.00045255165985768616,0.0002846684355630917,8.20280339979986e-06
3938,3,0.00042907425012069113,6.842646432204728e-06,0.9860347603444745,0.0008554051748581999,0.0001820220626247873,0.012401036143036896,9.040184353562747e-05,4.575349171121007e-07
3940,7,0.03933194496998197,0.00011347532801950134,0.00531046028191805,0.0029122762434921293,0.00017079647892624585,0.02741052859021908,0.924743865105511,6.653001932086441e-06
3942,7,0.00033834386287021084,6.643964251807552e-05,0.001517816350672915,0.0042542434495151825,0.00041462040613182087,0.08441034472473695,0.9089981856643895,5.899165289109934e-09
3946,3,5.777818752270674e-07,1.0738682090760636e-05,0.7310790946528869,0.00812005706249758,0.26008756435156305,2.6418560957649902e-05,0.00013581492207946497,0.0005397339860492626
3950,3,1.4638053353980327e-06,0.0007123663001457422,0.5171051022414846,5.739242664433003e-05,0.02932815700233589,5.412355308604305e-10,0.4403919897131507,0.012403527969667703
3956,6,0.016815075428323847,0.009474458309815676,0.0002879274884126918,7.109573248540738e-05,0.004294007811526146,0.968983259657197,1.5390635726801012e-05,5.878493651237123e-05
3957,7,0.010233702370088246,0.00023476303193035387,0.00042860637646069985,0.0013090835523924783,1.891666249779024e-05,3.4123217254222125e-05,0.9877400487860044,7.560033717892188e-07
3958,3,3.204267348443605e-05,0.00021150469283870484,0.989598269563237,0.00022806558225482395,0.006970408342857742,1.98483182691581e-06,0.0020439675445968917,0.0009137567689035853
3960,6,0.002886781566422468,0.002097713677691617,0.2685764165406013,7.941746164014457e-07,2.122278385213848e-05,0.7263352273529974,8.170185813501034e-05,1.420456837170703e-07
3961,2,0.0002640393880800205,0.9489410598491637,0.0004926592022680274,3.2579394932989285e-07,0.04368255925063735,7.22201572180809e-05,3.786615088838876e-05,0.006509270207795186
3963,3,0.00019806992895789953,7.50216472589362e-05,0.9827059928925673,0.00013589240108201575,0.01479205902761151,1.1761790459142719e-06,0.0019940540056381066,9.773391783833762e-05
3967,3,0.0004405206256651094,0.0001979224223305657,0.935172639512876,0.00029109971746027843,0.0622873779350793,7.638468215696998e-06,2.2903347979523557e-05,0.001579897970393554
3968,7,0.0006942098268978869,0.00035457269286629504,0.010113598295214231,4.150237152606665e-05,1.057396107653287e-06,5.0652552940875916e-05,0.9884331784577153,0.0003112284067317326
3972,3,0.003858505503405573,0.0018535649538074927,0.990546325707952,1.041130800693682e-05,0.0027032677989861213,5.81010439986853e-06,0.0009907339761027968,3.138064733932949e-05
3975,3,5.755232566594521e-06,3.2595729241426888e-06,0.9235797955141067,0.052340173633138344,0.002098177103449026,3.7279294123126306e-05,0.021701298957193468,0.0002342606924986652
3978,3,0.00042729071630901317,1.9013782627742827e-05,0.9976438346105542,0.00040755379350096123,0.001015692763620801,0.00013787746791404142,0.0002488581993307365,9.987866614253516e-05
3980,3,0.011524211929837928,0.0007883353851526135,0.9804483233353636,4.125359914091202e-06,0.0015319951714845277,0.0056394920841871445,4.8010608716974446e-05,1.5506125343342415e-05
3981,3,0.0018086812478065066,2.0865570632979234e-05,0.9919059952143193,0.0013524009368063672,0.00015154211532224636,0.00028333100427385097,0.0036195274634565145,0.0008576564473821847
3983,6,0.0044710684842765485,0.00040747708450882437,0.3987942841680945,5.545678597595688e-06,2.151771982856664e-05,0.5962926050818184,6.973464612247776e-06,5.283182634276535e-07
3984,3,0.00682994299780474,0.0011784652377556542,0.8699272976749235,6.160760577923525e-05,0.00025405207577910174,1.5851440487126796e-05,0.11752073734110045,0.004212045626370183
3989,6,0.01016205529319784,0.006577698601769429,0.07543458006553161,5.000751917733233e-05,2.171415559928658e-05,0.9077495680713812,9.404726264735885e-07,3.4358207169390787e-06
3992,6,0.023650841555940504,0.004977422191151299,0.0005324281949669376,0.0004013339750225327,0.002150580964444471,0.9682635892981477,1.1163373295503864e-05,1.2640447030983126e-05
3993,3,0.005098945887590925,3.794230273893596e-07,0.9855479189215602,0.0066975407646870135,8.042741606605965e-05,4.372215497412121e-05,0.002192119485144351,0.00033894594695006936
3994,3,0.0003386648380560854,1.0032187442695547e-05,0.9375747363841702,0.003330691142299976,0.0004300455201606586,2.114196928542307e-07,0.05732110019738174,0.000994518310795641
3995,6,0.3136524530877877,0.09161078202436977,0.2039497972010507,6.924775927278411e-05,0.0004544309821851548,0.37493728241447216,0.012721172968616514,0.002604833562245157
3998,7,7.899220054488746e-05,0.09603509776731697,0.0009534547757487183,1.6659828399237001e-06,0.07135606663398053,3.7969623921081934e-06,0.8289832716227254,0.002587654054451413
4000,3,9.217599240564938e-05,1.2582463362323184e-05,0.9908457977017942,0.0018818702348758173,0.0006702309932691847,2.599840370569933e-05,0.0044862145105653345,0.0019851297000217827
4004,7,0.003866288086538267,7.269004520434135e-05,0.001111374330613882,0.004625954178084596,5.072676661321083e-05,6.777202189175543e-06,0.9902573025137812,8.886876975222535e-06
4007,3,9.544762646264303e-05,3.2575242907899245e-05,0.9327867154532763,3.205671702226782e-05,0.062216545172469925,1.8809800075166449e-06,0.00016306589304476127,0.00467171291480873
4013,3,1.761428747453986e-06,6.623655098217605e-06,0.7209301653861927,0.0006211509037899714,0.06398779498336983,1.2269093914268732e-06,0.0016987045537963312,0.21275257217961394
4016,3,0.00012512403896598428,2.1103402853097005e-06,0.9876960340144177,0.0065039448246958405,0.0009469879096016208,9.52627648024851e-05,0.00038350657924295453,0.0042470295279882
4022,3,6.608132377476167e-05,4.213686815026229e-06,0.9921033049720125,0.005118283223339633,0.0008378406129530517,5.239482187034166e-06,0.0017817039655292663,8.333273338850606e-05
4024,3,0.0003865501519824168,1.2704260610598327e-05,0.9979415988059862,0.000578296099032315,0.0008681860463556966,8.796547994952696e-05,0.0001227576242967313,1.9415317862029866e-06
4026,3,0.000200731606603542,2.6260145597313685e-05,0.9161396898832389,0.0029771664884689583,0.08038204007895086,2.41253627895959e-05,7.118328009409217e-05,0.00017880315425659852
4029,7,0.0009418019553056968,3.0179638050902336e-06,0.009283705589677133,0.056409994091011245,1.9945320350491183e-05,8.695112049045351e-06,0.9333327303536622,1.096141391996327e-07
4030,3,0.00045861764489457245,0.014459347432961405,0.8176205385741541,6.927675684941785e-05,0.15295225040233346,4.892006077717503e-05,0.010716419908166649,0.0036746292198632383
4031,6,0.009105897381799089,0.13642652042953496,0.0010163149306283638,3.482843984746012e-05,0.0011156738443686763,0.8521933477311088,9.481639322958593e-05,1.2600849483070422e-05
4033,3,0.0001963687172933476,4.570515117346612e-05,0.9968552558245538,0.0002074739883512879,0.0004592466190498309,7.437797831143782e-05,0.002137655133713146,2.3916587553754727e-05
4035,3,0.00012862137347277006,0.00020587895813579244,0.9956912654461614,0.00019908218587989576,7.085599579530223e-05,0.0017480760626807667,0.001955851887634568,3.68090239502416e-07
4038,7,0.05837735654517022,2.71736231402024e-05,0.012463896487842125,0.021646269165850777,4.932613675226071e-05,0.00023265793620972294,0.9072013560175638,1.9640874709369858e-06
4041,3,0.00033737972019825337,1.120792193656244e-06,0.9824205204498668,0.009696241274003469,0.005362399030714718,7.330200637458042e-06,0.001830286188322276,0.00034472234406345394
4045,7,9.897446942440534e-05,4.70317054711441e-05,0.008425052570976579,0.012085293882408144,0.010247454966773794,2.243294582261874e-06,0.9690843079415349,9.641168828706762e-06
4047,7,7.493447230805504e-08,0.0007905254863686595,0.10747139385403363,0.00020321407475472358,0.0011344250778157104,1.4523209014119979e-08,0.8890420043250509,0.0013583477242950746
4048,6,0.02096477072785034,0.21919763530185674,0.0036907820974655084,5.293003248136935e-07,0.0005726745969357107,0.7555019421588951,1.7977030562204464e-05,5.3688786109584815e-05
4050,3,0.0005565116905645615,4.799249385333166e-06,0.988438649730459,0.005182367535926135,0.0022082817116643827,5.63581227064404e-05,0.003482674785600337,7.035717369382226e-05
4051,6,0.010458389485014086,0.004612106635460783,0.0007177389695252715,0.003402944302563673,0.002799215404247588,0.9778478849545117,2.5007362973860596e-05,0.00013671288570283802
4053,3,0.002497688390052132,0.00022730057363801027,0.995265580492349,0.00013487432933150943,0.00034865240272378804,0.000540177547461166,0.000983023167245964,2.703097198335945e-06
4055,3,0.0012771647200821971,9.762371095717956e-06,0.98050655165255,0.0037040600747040983,0.0029153404898163873,3.519791346734679e-06,0.011554541005839783,2.9059894565016935e-05
4057,2,0.022376538001028606,0.9742300543986384,0.002818019608739635,1.294666471304803e-08,0.00026859419432826657,0.00012317365302994852,0.00018348831491864334,1.1888265198991544e-07
4060,3,0.003757747948890936,1.8550740574135935e-05,0.9893869383389147,0.0015658449410303477,0.0028963048754591858,6.383669720627942e-05,0.0022971985831645877,1.3577874760090863e-05
4061,3,1.3341617664083317e-05,2.878873487107502e-05,0.9941746375455943,0.0013175687131091974,0.0025180313115542776,0.00022234777593646275,0.00022275406113631444,0.0015025302401341636
4062,3,0.09657086993044436,0.00189414216040596,0.8599948366556452,0.008634953551651203,0.00016424086638534358,1.045390995852957e-05,0.012215313829507978,0.020515189096001432
4064,6,0.002486883659643124,0.004652800558952491,0.009034431785777099,0.0002709686083792469,5.283438539293692e-06,0.9835171421464758,6.878466059716393e-06,2.561133617304373e-05
4065,7,0.015505343942648237,7.417403951473995e-05,0.00994536162079761,0.005127165208240712,0.00015122355529202704,5.111977109497053e-07,0.9691823577478873,1.3862687908400416e-05
4067,3,7.246414421468531e-05,2.0890957574998936e-07,0.8394033821499951,0.03615170278118378,0.12350688241382123,2.689009607395801e-06,0.000670107582027017,0.0001925630095750021
4068,3,0.00014076191899463754,1.3087231010367668e-06,0.5086709369890028,0.01557402751282788,2.785134851424334e-06,6.486278298511732e-08,0.4756069205814709,3.194276968329607e-06
4069,5,3.654606817176294e-07,0.00028093310818778667,0.23109119862278635,0.0005841761645326639,0.7581151401347306,0.0002499134883451691,0.0006412589903980958,0.009037014030337649
4072,3,0.0006000023720801118,4.5483970507107355e-05,0.9963468068122242,0.0004887649901307423,0.00024115433660998664,0.0019029914116895704,0.0003680619701153861,6.734136642915873e-06
4074,7,0.0006936185993560853,3.860898558164132e-05,0.11368857499231845,0.01791032044813945,0.014035891233080147,8.033027960885142e-07,0.8536309342246019,1.248214126205846e-06
4075,2,6.928772817010143e-06,0.91641600608292,0.00028586242338685136,1.4845270734746997e-06,0.0022148125633399142,9.471498079930831e-05,0.06719298637875144,0.013787204270912002
4077,3,0.0007404707987972985,5.581951118911479e-05,0.8151372655909908,0.0029783574109199453,0.1787141176055023,9.8229204024997e-07,0.00012268240692497718,0.0022503043836352523
4079,3,1.7563488075637297e-05,4.30579316718746e-05,0.9891192378803069,0.0026628408822437985,0.007956264267037761,7.041637205327293e-05,3.289826605594379e-05,9.772091255476601e-05
4082,7,3.418143073195386e-05,9.147929166543053e-06,0.03362522164635726,0.10679268409030264,0.003047755523405401,2.7892052880085204e-07,0.856488721174862,2.0092846455120713e-06
4086,3,0.0002187329210074699,7.569459975561318e-06,0.9972242042134489,0.0007684842432479984,0.0015517133968538433,8.978572488978477e-06,0.00021631907937099475,3.998113606304392e-06
4087,3,9.998348850197635e-05,0.00014237054249052676,0.9791902900197036,0.0001672287847915861,0.0010122261295223442,1.5340751321520272e-07,0.01938686536254735,8.822649295055209e-07
4089,3,0.0015159034200474678,2.5258304277028493e-06,0.5272252102437127,0.019656148376815247,0.4182346213615757,5.281787625397739e-06,0.03150417361644274,0.0018561353633530957
4090,3,2.8171529610156738e-06,6.591414248018565e-06,0.9748279657098271,0.002376691603288705,0.012625385500722881,4.452170463864416e-07,0.0011414905552546571,0.009018612846651357
4091,7,0.0003175719132025036,0.00046959512821236445,0.002346578872147881,0.001578226467882551,0.0006838618532843409,6.519297670425222e-05,0.994538933825152,3.896341402518695e-08
4092,6,0.0006854625200467389,0.0014352626621352987,0.10852522534511568,3.291370589302215e-06,2.925488615699169e-05,0.8866699125346156,0.002651567795174207,2.2886166107130008e-08
4097,3,0.0017515977191472085,4.672998515090781e-05,0.9874429084323307,0.0007276439557769424,0.0001456220976823337,0.00019138976065380853,0.009207719886714484,0.00048638816254354105
4100,6,0.0010165079419466425,0.25206016331500175,0.0034771613989194885,1.1153696492977686e-06,0.005113894734300145,0.7335800136376786,6.215250724656314e-06,0.004744928351779402
4102,3,0.0012102031500583527,3.9109477580487867e-05,0.9920748282308998,0.0001345265600143909,0.006013772331986205,1.3342327580331595e-06,0.0003617821730740289,0.00016444384362866447
4104,3,0.0012406451001489114,2.1032253294748455e-05,0.994445336937286,0.000335585166332999,0.0036709341255448903,3.8253402546970795e-06,0.00020268293887669195,7.995813826069759e-05
4105,3,0.15045034131516544,0.0006048988051603961,0.7031368089768043,6.239259012236845e-05,1.0141611667439814e-05,0.0004019168079254055,0.14531907468955338,1.4425203601374057e-05
4108,3,0.0009115835138486632,3.7451201184132394e-05,0.9961239291139161,0.0006857803911359256,0.00043720902049231074,0.000619299673439958,0.0009349913460426829,0.0002497557399401564
4113,6,0.056072640472661806,0.031030099085942606,0.0003490769717970006,6.455940167054152e-05,0.0009965481748215475,0.9114267001583506,5.8985990422386166e-05,1.3897443333032255e-06
4115,3,0.00023970680414992272,1.6982237318578872e-05,0.9969299649790483,0.00048159004868563875,0.00199243924804797,2.5285702837647375e-06,0.00033293390524747235,3.854207218320463e-06
4117,2,0.00022045185637509799,0.9489702901444032,4.454520879148215e-05,2.1170286922264952e-07,0.010557438214793229,0.028080543214535614,0.000212671987603909,0.011913847670628315
4123,3,0.00038325623550968137,0.0004946985618085111,0.9640503684925196,0.00032727426226830236,0.03414273974897022,6.247801329059404e-06,8.810817082670963e-05,0.0005073067267678861
4127,5,2.756911797555018e-06,7.527694583052808e-05,0.03878807153115604,0.009099944537451688,0.9362048835518406,4.47869146551993e-08,0.014927825440637515,0.0009011962943712554
4136,3,0.0013005414378103129,0.0001895750886335737,0.9905443950500693,5.222681158235904e-05,0.00603487493348552,3.775208031355932e-07,0.0018249542753724685,5.305488224354893e-05
4144,8,0.0001002282110562316,0.000831458540293234,0.0068419083243420435,0.0032618604192888793,0.43518569194888046,6.734078142839577e-07,0.00047558615363556354,0.5533025929946893
4152,3,2.317779907758252e-06,0.000255269154770479,0.8835223206346363,0.00029883651194246923,0.009342093907996075,2.7546733240941356e-07,0.10623922223605992,0.000339664307354598
4153,3,0.00021828209649571128,2.268473170416435e-05,0.9972583348194519,0.001088702625460597,0.0006267223159675412,9.667772415209916e-06,0.0007746665865885987,9.390519162144664e-07
4155,3,6.1119218680545235e-06,2.8035337918535034e-05,0.5584928269321464,4.652534470010661e-05,0.1286222555091962,2.855989568879963e-06,0.00013112712740287192,0.3126702618371989
4156,7,0.031431576526434975,0.21055446064249175,2.6015922599763406e-05,5.707565826136828e-08,0.0004896371642272375,1.4194347439262204e-06,0.7573977216579333,9.911157591073579e-05
4157,3,0.0006844290192638837,0.0003687109337693375,0.9586442677252217,3.400593782995608e-05,0.026413200383410388,2.88491434116375e-07,0.012689732665318114,0.0011653648437524677
4159,3,0.0004062317144206837,8.633473644942994e-06,0.8829257178604087,0.024532434753156987,0.09066033598924782,3.7409667963182304e-06,0.0001450960920607237,0.001317809150263811
4160,3,0.010070171824602207,8.930220707937817e-06,0.8998874052822631,0.0016375601154301016,0.00011313951521107345,1.0670592582743035e-07,0.08822545268382306,5.723365203660172e-05
4161,6,0.0045812792944876805,0.0011400100544134823,0.0008473567842850195,1.202406901577353e-05,0.0003199814606045822,0.989853533321774,0.0032457190585904834,9.595682910510299e-08
4164,3,1.0200229123380624e-06,2.3236568172165382e-05,0.9388446479960886,0.002280326084303727,0.05844532750814624,0.00034519994827987186,1.792713412649623e-05,4.23147379704647e-05
4165,3,0.00026371189986846595,0.002466717438755051,0.8069763041491438,0.00012738828247875242,0.18250492226118833,3.4138862045918253e-06,0.0018854748843960707,0.005772067197964933
4166,3,0.0006495790826741152,4.4918780287610735e-05,0.9974031921849051,0.00023398782346110544,0.0015596821545441114,2.3201222413770385e-05,7.777173910809386e-05,7.667012606028917e-06
4167,7,1.170016975694063e-05,0.000903822610943794,0.09970898700493791,0.00018732123869432156,1.0539096376813106e-05,3.861917920091785e-06,0.8991736439278915,1.2403347848766805e-07
4173,3,2.3465480572701574e-05,0.0001410963422729477,0.9821032951802339,8.399172920320496e-05,0.00016112845149668218,2.0824337566372095e-05,0.017464836893831534,1.361584822643063e-06
4175,3,0.00021122261510926819,3.6163650178116416e-06,0.9754622402769031,0.008501146153252277,0.0015850726383466395,7.165101997844957e-06,0.014185834136125253,4.37027132478256e-05
4178,2,0.00017079745144423205,0.9793529260118337,2.7333102652372724e-05,4.430758802944822e-09,0.01740342434818194,0.0017166888631444722,7.064077432311454e-05,0.0012581850176613728
4179,7,0.0004378540527623202,0.0006506052170128076,0.0012846058840274084,0.00017440200617924683,0.011411492546343575,0.00029403779016678896,0.9857377019211034,9.300582404359729e-06
4181,3,9.025348999488304e-05,0.0013006473155805869,0.9934548659237222,2.893433181651261e-05,0.0029154676780018813,0.00019146141781202521,0.0018168058584224118,0.00020156398464961093
4182,4,3.473793321348952e-05,1.1404300328739852e-05,0.01850835926090979,0.9138960629027494,0.0010852398013159819,0.0005578513896377849,0.0657715144359568,0.00013482997588806184
4183,3,1.1323961839312232e-05,8.70156564594845e-05,0.9864673764569388,0.000397344861136622,0.00374297386321183,2.1012524230202212e-06,0.008945533562787723,0.00034633038520321573
4186,6,0.00761701332069603,0.0003908413825097757,0.471616330165587,1.2897708270485236e-06,0.00015209005544338287,0.5202164461610895,1.3860799251531826e-06,4.603063922118192e-06
4194,3,6.976147563215225e-06,2.6497127201925344e-05,0.994264993840374,0.0006981573870398028,0.0045492215987111275,1.252389899885381e-05,0.0003459849517109506,9.56450484001773e-05
4197,5,0.0012805598192256978,0.0008459774357776891,0.00754670053488668,0.009534304820301083,0.8973277937886542,9.061671472053159e-07,0.04053036248049251,0.04293339495351488
4198,6,0.001011341288773656,0.029283131846421596,0.0023536419161113873,3.5284273534021e-05,5.765594308925996e-06,0.9671745003195142,0.00011593060959325688,2.0404151742990633e-05
4204,6,0.30900096138259975,0.0022956233253014547,8.045288407495089e-06,0.00039800533823047975,3.658419857545358e-05,0.6865516627230454,0.0016428279309572732,6.628981288266487e-05
4206,8,2.5679607886171197e-06,0.00013358343644363438,0.2329592256609247,0.009396575312852562,0.047166203562531456,3.514839053689536e-06,0.000352931005529876,0.7099853982218756
4207,5,0.0002739401592192451,0.004171974636500435,0.07837641679085264,6.162215657148982e-05,0.5895113146898612,7.32123666518145e-05,3.330326076193805e-07,0.3275311861677356
4208,3,3.846571651107235e-06,3.7151901888479064e-05,0.9774474318993184,0.000336332216510367,0.01147681780099238,7.705304938558559e-07,0.0025867573042753773,0.008110891774870004
4209,3,0.00698144473452884,0.00017407751421709777,0.9860738753859428,0.0002625878629207901,0.0033585793454862386,4.2633785128607076e-05,0.003075119577932999,3.168179384269244e-05
4213,8,2.8412926742816792e-06,4.8062985887305525e-05,0.22605620049030647,0.0015854371030985873,0.16351188800060346,7.310668939930849e-07,1.411077242499763e-05,0.6087807282881108
4214,3,0.0006646264132503851,8.70499227888524e-05,0.9927427783076103,0.0009613683369383274,0.0003718176213537264,7.062446390919916e-05,0.0049777600429498445,0.00012397489119939038
4215,3,9.298590564675082e-05,0.0015322132628663488,0.972268191656063,0.0024712026435985,0.009498376914830521,3.197938021887735e-05,1.582448633634898e-05,0.014089225750439666
4218,3,0.0009182452601318416,0.0006366305643229324,0.9545105910984959,1.96222143930868e-05,0.03320337637127177,2.5447969282516185e-07,0.009097462418608869,0.0016138175930827997
4221,7,1.3186082944330842e-05,0.00030657335396821366,0.36515278764393455,0.014964806560283166,0.00035079899384683375,1.6737100186524304e-06,0.6192094285691012,7.450859029492463e-07
4222,7,2.504927341507732e-05,0.007596492202239128,0.05261345917850183,1.0946675497488262e-05,0.0007239521078727136,7.578336649411537e-08,0.9384018126784317,0.0006282121006754881
4223,3,0.00014931797442167138,0.0028663573387242825,0.9063404045158139,0.00039551586308714503,0.029774770814260672,0.00011744896060330479,0.06029106984706856,6.51146860202917e-05
4224,3,0.05177124350710752,9.592492444244455e-05,0.9398709024932447,0.0018750432635091152,0.0012335520022644683,8.219320472927431e-05,0.001299771701949519,0.003771368902752971
4225,3,4.710378797072011e-05,4.009967453283274e-06,0.9966487978521655,0.0012317087609603494,0.0017968541506497332,3.961967123473542e-06,0.0002239252500867929,4.363826359017548e-05
4229,6,2.292888309315311e-05,0.0003983843184742468,0.06274071609102234,0.00016110068986435963,0.012977325699077126,0.9236930491795305,2.0016755795499652e-06,4.493463358552712e-06
4231,6,0.12365741057035601,0.0005064493984949694,0.052591605199132294,2.3453510842153877e-05,0.006825951100547897,0.8163751047484817,1.864388491999145e-05,1.3815872248621218e-06
4232,2,0.06937164837935314,0.9119411482132598,1.088681023782068e-05,5.215100266652759e-08,0.013671952901131688,0.004663227989154719,0.00034093399244604925,1.4956341427011022e-07
4233,2,0.007804218234620658,0.8926771578388862,0.04700369398271506,7.284468130809406e-06,0.004412128225944064,0.04787781717723576,5.904113330209799e-06,0.00021179595913730796
4237,5,8.836187610789876e-06,4.25138161172345e-06,0.11035938052850001,0.020147017873617237,0.8558714655336997,1.8734096537397157e-06,3.8729738942676825e-05,0.013568445346364219
4243,6,0.30653670753560386,0.00015219270930355802,0.0003600668151589474,2.91387478183001e-05,8.023225744376737e-05,0.6773656093176846,0.015465174669155741,1.0877947831305516e-05
4246,4,5.635884676920533e-05,3.5888405344421378e-06,0.04048909625976289,0.9372727751710727,0.0005699049011996874,0.005496786188257055,0.01605125648987617,6.023330252762433e-05
4249,3,0.00034715031587250486,2.5602666682506625e-06,0.9180972879962311,0.025525895654828237,0.00013129999335362622,9.474805772076137e-06,0.03847273176378903,0.01741359920348515
4250,6,0.007856611700024342,0.0005387538590346924,0.17474306352181831,1.4769851682398406e-05,2.147462391874701e-05,0.8163002481043646,0.0005249714518891367,1.0688726774374939e-07
4252,3,2.272241012125725e-06,0.0018487945869379247,0.8174816536056957,8.136185438961226e-06,0.05182664624057305,1.4587113052366895e-07,0.12755186660851275,0.0012804846606989794
4253,3,3.203096397959048e-05,0.00011652074544090391,0.989342949855276,0.0002436443541486845,0.00813650660741788,3.3768590873493144e-06,0.0009652810111191089,0.0011596896035304509
4256,3,1.8329963258509374e-05,5.968215526049231e-05,0.7998688705499056,0.07892978428526917,0.014835833176573707,4.0278393223713976e-05,0.00022813695595906325,0.10601908452054976
4264,3,0.00044568649970080936,2.1929652040146546e-05,0.9979612129885838,0.0004664784218295155,0.0009081883896985084,6.208175745291536e-05,0.00013338510523904998,1.037185455158214e-06
4269,3,0.0002578940757938046,0.007867520965516479,0.9043478730290481,0.0034575405962256507,0.04449424533436645,5.712691588890954e-05,8.101039493318459e-06,0.039509698043667364
4274,2,0.021751755460779957,0.9756566706270768,0.0016541419614359255,1.7974199878301238e-09,0.000566916087493589,0.00012803467106959005,0.0002422911887558636,1.8820596861090057e-07
4275,3,1.8804715375025747e-06,3.4076104362156922e-06,0.9928368477670916,0.002874524745918415,0.003553202639942778,7.5164214113113e-05,6.591049522810104e-05,0.0005890620557325585
4276,4,0.00029494964053436993,0.00029321265601930956,0.006382016794379171,0.5811516571551655,0.00020669310078196462,0.001722550125260969,0.4099489028547377,1.767312116964252e-08
4278,3,0.002142905010821015,0.00020598629992495384,0.9957557238790271,7.459194367482697e-05,0.0005984345779677721,0.0002815427024172254,0.0009369866564112148,3.8289297560457786e-06
4280,5,0.007193865514177539,0.0003230113990464271,0.09675261378709216,0.0006766027117574217,0.8537436711631842,8.148898453723565e-06,0.03946955822946487,0.0018325282968236383
4283,3,0.0002470520391377094,2.2596519193342082e-05,0.9602286522621643,0.010710068244938661,0.027279340727002856,0.0004112036166924237,0.0001525115921513311,0.0009485749987193086
4284,3,6.93026894800392e-05,6.061856659870517e-06,0.9933111140528618,0.004067295881877628,0.0005683224047992706,9.806202564678492e-06,0.001928610191528802,3.948672022787792e-05
4286,3,0.2574229608459214,0.11421649564284558,0.6136075261011577,0.00014279136014225328,0.014287437030506835,0.0002928895254453743,2.5281892243347203e-05,4.617601737586545e-06
4288,3,0.05512791151264697,4.684060333998125e-06,0.9230709671469701,0.0005735603802947954,0.0004116721721751716,4.0563973427941204e-07,0.018251700432633966,0.0025590986552106606
4294,2,1.3481784494127256e-05,0.6526463728928303,7.2267229664904535e-06,2.6276628947855395e-09,0.0007322729860831119,7.576285963839988e-05,0.3461269928232312,0.00039788730309333
4296,3,0.0012498955417664913,1.283140498378822e-05,0.970929652056839,0.0029419168652741502,0.00010492708912568965,0.0006873875199627354,0.010684813765399774,0.013388575756648277
4298,3,0.00032434841781377535,3.522762754180885e-05,0.9876631307594496,0.0009408307566471378,0.0002490747308346076,1.2455329979615696e-05,0.010772900069718558,2.032308015155639e-06
4300,6,3.9836181035087416e-05,0.00011683454162739247,0.45356400706371297,1.3677922385590834e-05,0.00015876762946965406,0.5460978565068625,1.0561546905164276e-06,7.964000216233143e-06
4304,6,0.020489275843527853,0.00018151211289074503,0.015428484747978014,9.407659304000916e-05,0.0024228980400044318,0.9613415421422326,3.971245130555042e-05,2.498069020776868e-06
4309,7,4.467103706351102e-06,1.4943821953299692e-05,0.4182741930946469,0.008290863027418759,0.00012164522092445651,2.0630219909292814e-08,0.5732234580531352,7.040904799514728e-05
4312,3,0.001107381192867151,6.234018192110619e-05,0.9949561817387835,0.00015935798696314934,0.002844415796534436,2.128310213375909e-06,0.0007880341355343334,8.016065718288677e-05
4314,3,0.0002701857632444034,0.00027591290997909377,0.599755572764126,0.00016641514440725842,4.5717878882872346e-05,2.961426373049551e-06,0.3993649572753878,0.0001182768375996405
4319,3,3.4293148304518947e-07,1.851022274093388e-06,0.9694834203305193,0.012022675182644242,0.010770577246652813,1.3114837915168975e-05,0.003204468631714147,0.004503549816797233
4322,6,0.022670965733344678,0.008971728204331704,0.04149512859590934,0.0002488644688126795,0.00012753250365385237,0.9264642808611024,5.873409703762978e-06,1.5626223141399383e-05
4323,3,0.1004830595777016,0.0011522857724742363,0.8266219433649045,1.019533313553516e-05,7.436486574385739e-05,0.00016255377400628367,0.07067502627166411,0.0008205710403699706
4324,3,0.0017487684216321892,2.2703767196132912e-05,0.9794283423232862,0.005536204535236975,0.0022677109057647393,2.3340867319853876e-05,0.01032942727132772,0.0006435019082360948
4326,7,0.002613833807094185,0.0004985418725438972,0.07974079381173442,0.0006558725488289608,5.53443124693081e-07,3.8049151835908892e-06,0.9164739606797782,1.263892171217123e-05
4327,6,0.00017925038037875076,0.05561364712432743,0.0012201949361335005,3.75276382135172e-05,8.834383266973942e-05,0.9426145113404034,0.00021162502887712658,3.4899718996613575e-05
4328,7,8.482512250386477e-05,0.005384233606748226,0.024167623800007088,1.9834529501431122e-05,0.00012262214865674535,0.0002701130482732645,0.969911357033953,3.939071035623995e-05
4330,5,0.0020982300764871235,2.4450113998831105e-05,0.01488612741875234,0.007970101604489086,0.6360231575423921,8.267312936762793e-07,2.6471419586477922e-05,0.3389706350930003
4331,2,0.008929836604694485,0.9792143094276695,9.612166434373016e-05,3.875258261589914e-09,0.007334728332924971,0.004338485836182037,2.1360642854261935e-05,6.515361607275094e-05
4332,3,7.509548307698098e-05,6.832533069651425e-05,0.9904071685928298,0.004010364641377824,0.004569768251373527,0.0003637473659349061,5.090965760691852e-05,0.0004546206771034468
4333,3,0.00011204688008197967,0.00011506886133939304,0.9469101485687705,0.00013339529190541398,3.19092608408645e-05,0.05130782784008215,0.0013894949613954231,1.083355842216129e-07
4336,4,0.00010204122047655598,1.9028548785964781e-07,0.06059402976183287,0.5066759158366699,0.0009537287593376964,0.0012505636232565673,0.4304229906319046,5.398810338978328e-07
4340,4,0.007519818005599504,1.7053836962474983e-07,0.14944228181402402,0.535199848792877,0.00020316905393751714,0.002927713342455275,0.30468579151332176,2.120693941518471e-05
4342,3,0.2757985180325431,0.00010508340363058383,0.7209740601091089,5.328616238610678e-05,0.00013675008134438383,4.278762928419289e-05,0.0025100816422598928,0.0003794329394425965
4344,7,9.280833064917832e-05,0.288146192022298,0.001313862143712673,1.4586822853846896e-07,8.968980853099324e-05,2.5303325037708044e-05,0.7103185439577968,1.3454543746142574e-05
4345,3,0.0004139121944701022,1.3684996515909238e-05,0.9573449691813244,0.001012617997810512,0.0011913744539549377,1.0411985970406792e-07,0.035015313483690594,0.005008023572373851
4346,3,3.784154903746264e-05,7.509558212384411e-06,0.9871818283298579,0.003533658180191894,0.002370682660809342,4.17637264208371e-08,0.006692054047764164,0.00017638391040031978
4350,3,0.0014361212793404078,1.8998205850190182e-05,0.9924533404905207,0.00022412450849665429,0.005548101031092301,4.737233467718999e-06,0.00011958828581189701,0.0001949889654201444
4351,3,0.0052048996979626935,0.0002830189418389676,0.9809991524586316,0.00020811268390938625,0.001881321446301513,5.158003260428954e-05,0.011365896471714395,6.018267037132778e-06
4353,3,9.60453253729898e-05,2.602815119038899e-05,0.9935381831623394,0.0013211096330994156,0.0016392013308708607,5.7269720677319e-07,0.0031322931092740785,0.0002465665906461998
4354,2,0.20023797064031434,0.6694102084733861,0.12273194269955404,2.0027931653485842e-07,0.00193513768943362,0.005681584200511692,3.1776866142206226e-07,2.6382488222727445e-06
4356,6,0.007913074009976935,0.0005057673208542059,0.3383786942481224,6.0191690293480464e-05,0.010004067943689564,0.6426601944957253,3.5652259962669953e-07,0.00047765376873842885
4358,3,0.0002731905893248455,2.9265073519485637e-05,0.9974115664912627,0.0003234925504260735,0.0013550014998927999,7.5766513012690415e-06,0.0005975691103412576,2.338033931488335e-06
4361,3,0.0007587655080124263,1.1563848340597934e-05,0.7778808348447659,0.1275747946007714,0.0003853225427273508,2.0669018911693537e-08,0.08449995830652951,0.008888739679834088
4362,4,9.620075214966465e-05,3.600599614379069e-05,0.04718279502578265,0.8953306908982342,0.0034444015600866057,2.160392973413697e-06,0.0537624309114548,0.00014531446317486281
4369,3,0.00042954603069178857,0.0001497174134008119,0.9975574836241738,0.00013902787541572074,0.0007680174832937858,1.7754079844563666e-05,0.0009376131892106294,8.40303969040372e-07
4372,7,3.524242314956112e-05,0.0003001698207996071,0.2891734663994336,0.0008074057413556062,8.306728285156308e-06,3.98720212436173e-09,0.7095816394933209,9.376540645347727e-05
4375,3,4.6304992471482915e-05,2.4730616690596726e-05,0.9696765285727622,0.006093993334219922,0.013328090298325858,1.7011909262569655e-06,0.009927892227996048,0.0009007587666077121
4383,6,6.638519698892045e-05,0.10037999220433151,0.00305645915329892,5.707350369850481e-06,5.058136638352037e-05,0.8963090920758154,2.1381267645831097e-05,0.00011040138516609772
4390,3,0.0028754615956108126,0.0003730101363124498,0.9947384873456326,5.1860403739312356e-05,0.0005762228048008752,0.00038795726490932156,0.0009928146999207545,4.185749073827797e-06
4394,7,4.028306068683032e-05,0.00016227026064130674,0.2504458331262458,0.001845048671245031,4.218799770346057e-06,6.636743057573721e-08,0.7474686286848428,3.365102913746995e-05
4395,6,0.00043165714429671233,0.015919485202286567,0.3159256809820652,1.1832404811392126e-06,9.686367924902379e-05,0.6674444615428291,0.00017921464118347637,1.453567608926702e-06
4396,7,0.00017997383963163667,0.009712302980880713,0.39510187349795184,7.744184573663711e-06,0.003758038867292057,8.128883031706091e-06,0.5909947328223842,0.00023720492425419705
4398,3,2.2818363466820793e-05,0.0008236390944320711,0.9857204956208577,3.390743059761213e-05,0.0049646651559223254,2.4482025243918527e-06,0.008053874015948963,0.0003781521162500587
4402,7,0.031773098061466644,0.0008371787715152218,0.0018693352095818607,0.0005222346596099759,7.920537167296837e-05,4.550671732572285e-06,0.9649122870075663,2.1102468543746186e-06
4405,3,7.07810442421028e-06,2.3543485378862765e-05,0.9799397490061015,0.0009311806426804499,0.007434904009651696,4.3463206371020035e-06,0.0004215897018354446,0.011237608729290713
4407,3,9.565246471939337e-06,4.174035454315196e-05,0.9971750229991931,0.0005404524366978267,0.0016053613068961186,0.0002532098192641952,0.00035086870813022346,2.3779128803493266e-05
4408,3,5.41284532716138e-05,0.000653796071644,0.994289350843137,8.720013753001637e-05,0.0024877831426694027,6.579798802073175e-05,0.0021812318005919097,0.00018071156313522583
4409,6,0.0001728001230835941,0.019511436325157047,0.04512972876480813,1.1739296730659672e-06,0.005062382571407775,0.9276982126479214,0.0004779602263428001,0.0019463054116062202
4414,6,0.012257901213204771,0.013069135959883385,0.009634873932914435,8.443501904230659e-05,3.966295263390665e-05,0.9648867925697985,2.4510729874940513e-05,2.6876226477776775e-06
4415,8,0.0003108091472951229,8.405382739343079e-05,0.2581608677734006,0.049318130434596964,0.00026126180315193915,5.100944735764258e-07,0.008016022767094717,0.6838483441525937
4418,3,0.012017571360963764,1.4188466938391502e-05,0.9101834433218952,0.0007025733175580332,5.695320485866307e-05,1.222938976147227e-06,0.07700034382678611,2.3703562023802145e-05
4420,2,0.004319801299157526,0.9896262393939319,6.449089085794387e-05,3.7405873654659764e-09,0.0054322530941360815,5.612825641865132e-05,0.0004679694828560797,3.311384205435094e-05
4422,4,0.05433286260783601,2.0354737769329168e-05,0.017151416776070943,0.7155508479199897,0.0006709292345318086,6.007967807484712e-07,0.21089089973890138,0.0013820881881200571
4423,3,0.0002760657201403094,8.730434389481913e-05,0.996346721088675,0.0002287532482777194,0.00037342620404002066,0.00010142098761045945,0.002573612713618854,1.2695693742974886e-05
4424,3,0.0010114007648093996,3.5926494491898405e-05,0.9959071675650333,0.00016433305017286558,0.001984996897242658,1.694053669363596e-05,0.0008561517596217549,2.3082931934390362e-05
4425,5,0.01777928541455202,0.00026141490157781275,0.032631632404798355,0.08568075621868375,0.586348823724531,2.208366154975231e-05,0.27535125434655644,0.001924749327750815
4427,3,0.0018220479516511908,0.00015824376757510124,0.9950962770277612,9.893521407995912e-05,0.0001947849845380636,0.001982243340423038,0.0006463704568477027,1.0972571237522828e-06
4429,3,1.4658856323427324e-05,0.0034860219877129693,0.8911282671941511,4.277487754389289e-05,0.0004242135343566224,1.9354003207776358e-05,0.10486380437700939,2.0905169694956018e-05
4432,3,9.958728626146753e-06,1.6257780379119236e-05,0.9884330253418663,0.004608880749503298,0.0017659447409669382,0.003919271517044158,0.00120556666489619,4.1094476718030885e-05
4433,3,5.7694083973132355e-05,1.1270540795291103e-06,0.9955722367805958,0.0028109295784786094,0.0014396385552989134,3.997490209924338e-05,4.886171445672546e-05,2.9537331018154234e-05
4438,3,2.098710669481096e-05,4.6054109317863826e-05,0.9709563623153274,5.585508881794324e-05,0.01384642513445661,1.2802078676866338e-06,0.014549631736654307,0.0005234043008632492
4440,7,6.729878199012899e-06,3.017029200450575e-06,0.44439209914313516,0.07649586872378536,4.863468903808433e-05,2.688745742293293e-07,0.47902098044361624,3.240121845148077e-05
4447,7,0.00017391444809907431,0.0008731044533502668,0.003973269236463705,6.336477353327844e-05,0.06195838220908289,2.9038163452191347e-07,0.9329546029453971,3.071552439278557e-06
4448,3,0.009202194586487356,0.0005466861075965403,0.9774912753362068,0.007580286921760387,0.0045645662417600095,0.00013724455624338327,0.00010357347481022363,0.00037417277513536733
4449,3,0.00011312131664126882,6.452473907096686e-06,0.9543537480784359,0.020688915344816254,0.02096465331305298,0.0002791038235473163,0.0029546599626841183,0.0006393456869149648
4450,4,6.723502884947945e-05,2.1229088012245727e-06,0.17807164149789817,0.6605830850172967,0.0619984583255735,8.542813980984283e-09,0.09499804166670625,0.004279407012060633
4452,6,1.8559643908448272e-05,0.000378053057472499,0.04465418666366602,0.0002888090338097282,0.006559141484470964,0.9480950701953261,3.0660513732905686e-06,3.1138699728633784e-06
4454,7,0.002175621815706917,5.000444294150429e-07,0.027742807950058155,0.3697449983378426,4.353874127576395e-05,2.3403375981695045e-06,0.6002769978873861,1.3194885702944078e-05
4457,3,6.122552001775905e-05,5.3516412018389276e-05,0.9868347359003339,0.0003276046021179547,0.0009447162407657863,0.011526129781258257,0.0001783676396065724,7.370390388149234e-05
4459,3,2.160116009604442e-05,0.00015609138153406532,0.9867142847460435,0.00016773349337716122,0.008378536806199988,1.5711782879665963e-06,0.00392897594681456,0.0006312052876468334
4460,3,0.004597853059863436,6.356839060322908e-05,0.9870938362307199,0.0011096880434060994,0.002004845356581368,4.966210986796471e-05,0.005074565376244641,5.981432713178829e-06
4464,3,0.00024660162720688435,0.00013665015737797118,0.9607071479938216,0.0010147045326427604,0.037272487070945715,3.1155873392547864e-06,8.02758515243727e-05,0.0005390171791412345
4467,3,0.0005782389499801816,1.704429383803991e-05,0.9770960193721013,0.009454930361809706,0.0022656812270140225,1.8566562533533682e-05,0.006474559315903544,0.004094959916819687
4468,6,0.0018906872301778625,0.00023642358024025307,0.276660843594317,3.7395857573611235e-05,1.014076471457272e-05,0.7211110775462487,4.709231290809267e-05,6.339113820091399e-06
4472,6,0.0013541832604310065,0.022376409256077857,0.0046892533693931445,2.8714669713818292e-08,0.00032560284663008535,0.9698245528191889,0.0014185654386974357,1.1404294911819918e-05
4473,3,0.0002563685151118043,3.095425223347079e-06,0.8941886010145221,0.00802512977292837,0.00015851222096127757,1.2252867539729832e-05,0.07907893437930484,0.018277105804408594
4477,3,0.0002365043670714221,0.0016121589114098396,0.5818647964309934,1.8296129275777412e-05,0.37328529810530625,5.183982135557333e-07,0.00032592869624488674,0.04265649896148492
4479,3,0.08553125308923291,0.00012397754352533324,0.8041672553250747,9.45612462042934e-05,5.715527450748073e-05,4.255794620132397e-06,0.10992830470197003,9.323702486508077e-05
4486,3,0.0005454832574434297,9.181030473165453e-06,0.9966339805475332,0.0014797269009705237,0.00038720625214074895,0.0008999769380920691,4.3599333916966296e-05,8.457394295809105e-07
4488,3,9.952071877127936e-05,1.028897703953774e-05,0.9884457016663983,0.0013390499079090636,0.0074720573094952236,1.1795180248478924e-08,0.0022183635156793947,0.0004150061095269161
4489,3,3.183177015041613e-05,0.0019382261725237873,0.7714681207280161,0.00027176117911625083,0.22379134231653397,0.002484868049197216,4.97438032818654e-06,8.87540413416899e-06
4490,3,0.00011074255936307323,2.8348138392183913e-05,0.9903882285015503,0.00023656955305412708,0.004692022733506361,1.4844745590977113e-05,0.004494125850213426,3.511791832954482e-05
4493,3,2.628865111886198e-06,3.555085667004575e-05,0.6463007601808245,0.003939353911243395,0.34966258217391927,9.023287931703745e-07,7.4884911387802616e-06,5.073319229894773e-05
4495,3,1.878385860122739e-05,9.97253785253023e-07,0.9954751449655318,0.0029156156526207117,0.0009330986986258119,7.755504455443839e-06,0.0006355226835611547,1.3081382818543423e-05
4498,6,0.00029058276651440203,0.00024372520022641255,0.022513093762196183,0.0001465846293213128,0.0001538650317786343,0.9764143644923712,0.00023765779092588973,1.263266660108137e-07
4499,3,0.001375940425810732,0.0002639354540216023,0.9948922740368422,0.00016002843654982325,0.0004214456153708484,0.0004984639142258002,0.00225156131140514,0.00013635080577374076
4501,7,0.005581003557427351,9.317311761551707e-07,0.12474550504978,0.10220978453180557,0.0013149254664075855,6.592390080429121e-08,0.765134187295714,0.0010135964437886038
4502,3,4.09130710433519e-06,4.639186794128144e-05,0.9926092112098223,0.0003128921281793052,0.004899920773994333,2.8014462753798094e-06,0.0019835767251456045,0.00014111454153739128
4503,3,0.00010051388664132636,3.395035187767279e-06,0.882479680973243,0.033154560824772875,0.07455714838719783,2.9327662995538477e-06,0.0005757850681859448,0.009125983058471931
4504,6,0.0005976256820316384,0.006938641514728076,0.10353017561087766,0.00012529421475401237,0.00032106428162555694,0.8878690726981513,1.0678020927198658e-07,0.0006180192176225677
4505,3,5.995497316360765e-06,1.750647667138625e-05,0.9945137087239977,0.002793635396326145,0.00108098544747067,0.00020672887585675208,0.0007556367144601153,0.0006258028679009755
4509,3,6.062126658055502e-05,2.35845315809296e-05,0.9913681988065013,0.0011447602634412043,0.0012592546754724673,4.4170091316440875e-07,0.006055483535412221,8.765522009829414e-05
4510,3,6.603315506398139e-06,0.00025257799156872045,0.9939024914200776,0.00013001830780152459,0.0023812134641789545,8.201578654242202e-06,0.0032827534980793115,3.6140424133330246e-05
4512,3,0.0009754022620735336,2.4124758445993108e-05,0.9967142595283003,0.0008294846449256176,0.0005601549991714097,6.008154803183304e-05,0.0008256206672361167,1.0871591815246663e-05
4516,3,0.0001029739572189999,6.1047262802740505e-06,0.9953274780290658,0.0012755222799521963,0.0010778820714779746,6.063610402125813e-06,0.0021495736934741163,5.440163212851436e-05
4520,3,0.001327913539939789,3.232448741986283e-05,0.948659219857131,0.003413999510461757,6.145015717739191e-05,0.0009750978345483846,0.03647765307541083,0.009052341537910945
4523,3,0.03906103325421657,3.522317079951408e-05,0.8406006085637571,0.11061342478553482,4.664762989657841e-05,0.00015997656750762316,0.0017694691214765047,0.007713616906811188
4524,6,0.04084592816575924,0.0015924299305405329,0.0012432311786839722,0.0007253765989643096,0.004620193947728686,0.9508810012701222,6.866260498306374e-07,9.115228215118539e-05
4525,6,0.0003523523356089901,0.013215083604277068,0.055213136427875405,0.00010386524216969148,0.0001731890068200738,0.9304447185665473,4.0790929945121054e-07,0.0004972469074019105
4528,7,0.00010962769033840336,4.6002316194703624e-05,0.008352186789666873,0.007034918790315062,0.013021824837066258,3.654597999921089e-06,0.9714228035535722,8.981424846461938e-06
4532,3,0.00022231466091623416,1.984505312910384e-06,0.7875033048170108,0.05299806284044534,0.1460944655604475,2.3130315503414258e-05,0.007462885630109374,0.00569385167025447
4535,1,0.9030841663248305,0.041736487941653244,0.049993836704586896,6.626489780094509e-06,0.0004935803980091103,0.004130992886182381,3.2567575958236073e-07,0.0005539835791982375
4536,4,0.03383932540919014,0.0002521353279003625,0.4119288248988855,0.5431927647124355,0.002957688126290587,1.0639297712033076e-06,4.0623910051743145e-05,0.00778757368547487
4537,7,0.008197813096257126,0.00016190389938689373,0.0023933740485789566,0.011347291215391431,6.139630119336042e-06,0.12958651316034026,0.8482983434527519,8.621497174153012e-06
4541,3,0.0007500260408039975,3.095363647436181e-05,0.994938241762875,0.0003358056966190709,0.00037949450671485196,0.003422391244770123,0.00011261936137792333,3.046775036469335e-05
4542,6,0.05133357431728288,0.033073331728130324,0.00019793513094753035,4.222165020234161e-05,0.0009372091104849966,0.9143771632121293,3.75521436595592e-05,1.0127071631337045e-06
4546,1,0.7475710993105413,0.03386661797070369,0.12051534047173122,1.2235026493823939e-05,6.488442398726432e-05,0.09649561249243313,3.2333486451230693e-05,0.0014418768176582462
4548,3,0.00012242043951338766,0.007473707827621485,0.984501603136197,0.000938659845517418,0.0032851471066555047,0.0005009282372782925,0.00010124372444326089,0.003076289682773773
4554,7,5.866581831891536e-07,0.0019342905504046686,0.3130030150965315,3.695592196186425e-05,0.004543580932246356,2.7414747068569053e-09,0.6797977068639617,0.000683861235236079
4555,5,0.0018948445751734678,0.09412606795514415,0.0005530518560377373,2.6844316275214024e-07,0.4606671733539719,1.1208542170670025e-05,0.4384317941973639,0.004315591076975456
4556,3,0.00015797154035990436,8.866947901503399e-05,0.8750200702060877,0.00030724915685910757,0.11971116944434988,2.946305056288461e-07,9.43281919675557e-05,0.004620247350855146
4565,8,8.170160205866375e-06,0.0002943821919422468,0.204973655928971,0.0003568546122072643,0.19442890466797957,1.5650651084869562e-06,5.976731059027721e-06,0.5999304906425266
4567,3,0.00016390470653018804,9.30906085318759e-06,0.996383551771887,0.0019219080968553412,0.0010303477026010763,2.2828479003185705e-06,0.00048627471490046687,2.421098472426499e-06
4568,3,0.00015291711144823814,0.004599621027257791,0.8087194491185881,0.00033085031764538796,0.0004943639718118342,0.001143813126392095,0.18455023849574015,8.746831116445367e-06
4570,3,2.352590204086706e-06,0.015399539752831015,0.3337907859206199,1.238452623111055e-06,0.146834474613297,1.3146534007421372e-09,0.3122283889405984,0.19174321841517317
4575,3,0.0003007702391933,1.4399127967716619e-06,0.9703656449790347,0.01146844827863167,0.014509291236112385,2.2018906647824053e-07,0.0022554371597859257,0.0010987480053787223
4577,2,3.091842263898354e-05,0.8607068951970005,0.0004372055701201372,4.555546162521944e-08,6.908855386893693e-05,0.000465966383885265,0.13828070964344863,9.170673576032836e-06
4578,3,2.7986442609935305e-05,8.63258029046975e-06,0.9769224783374704,0.005441334910870503,0.0008341134876951758,1.6161545134106957e-07,0.016724809795844734,4.048282976768217e-05
4579,1,0.9358819186519155,0.00021123424778369507,0.032169870543119546,0.0002790044245456294,0.0026929278616851186,0.01400925682323792,0.014439699341120335,0.00031608810659234076
4584,3,2.2147282503403653e-06,4.785024936348963e-06,0.9855741773249761,0.004102156679174469,0.0038384853477851292,4.338186459494685e-06,0.0015303751417923299,0.004943467566625823
4585,6,0.00014232362821238614,0.019686099947381627,0.008155059225195318,4.4885324827066186e-05,2.3501674037199537e-05,0.9719142558930101,4.367613770091928e-06,2.9506693566488175e-05
4590,3,0.00023170978838092432,3.585186231728266e-06,0.9973622974195625,0.001523936275380336,0.0006669050758447124,0.00011995486367782401,8.957798456750466e-05,2.0334063544077416e-06
4591,2,0.041671672945257796,0.8215518170199015,0.017982334769866888,8.785263828314691e-07,0.004684724485195134,0.11332660006776364,7.36889945031066e-05,0.00070828319112878
4592,3,8.60334424636364e-07,1.6697255646016598e-06,0.9898240023176914,0.008384114676844932,0.0006897934133266569,0.0006631513643996987,0.0003166021976343069,0.00011980597011381003
4596,7,0.0014424489454548063,0.00032712430929726687,0.023264525624599276,0.0008062508789326312,0.0009455962086054187,2.4184369360696806e-08,0.9680864596183636,0.005127570230377556
4597,3,0.00025765846167895816,3.770704939328564e-05,0.9238189383062609,0.0010156444528221797,0.07322674937610647,5.1464541175398515e-06,1.7816916930423154e-05,0.0016203389826902885
4598,3,3.625731859913652e-05,4.9838818646378795e-05,0.946791120722425,6.384114452436357e-05,0.043609279871254576,1.4220773949075472e-06,0.00017328418883439222,0.009274955858321186
4601,3,0.0025135447554688354,0.0003585265397415695,0.9950298315602399,4.3400296024890125e-05,0.0006225816010727539,0.00027951670033949175,0.0011471151118151476,5.483435297293299e-06
4602,7,0.0005085821656726314,0.036157117491091684,0.001851543535959233,3.318829566794996e-05,0.00556624936697258,0.006687159095767734,0.9491767684064678,1.939164240044469e-05
4603,7,0.1941466555607644,0.004639786569173996,0.0013481889339360376,8.388832406850661e-06,0.00043808637249049214,6.075493128400735e-05,0.7993372342401184,2.0904559825726627e-05
4607,3,2.3296907311644932e-05,0.0004765660964916614,0.987442182329254,0.00031496070162495646,0.0007373363467667205,5.2587190001379786e-05,0.01091396716512746,3.9103263422282334e-05
4612,3,0.00013469373829696343,0.0015601798743684944,0.9901967132742983,8.767560676901209e-05,0.0077611298017829546,0.00011684973331435629,0.00013104549800623013,1.1712473163805897e-05
4613,7,0.008887487250641932,0.00021979751015776568,0.0006004826419113435,0.0010257434892151055,4.692309295459417e-05,6.441110579433978e-05,0.9891490449252652,6.109984059643163e-06
4615,6,9.822594109840448e-06,0.022500860116637024,0.001255733217904179,1.7309266324198764e-06,0.004402183288187546,0.9718275719287338,1.5861246712617276e-06,5.118031241250793e-07
4616,7,0.010944941452317121,1.8960184041525856e-05,0.025334439194714835,0.006047948027337583,0.0009408817335381295,4.647645118522563e-07,0.9562128974538909,0.0004994671896480038
4619,7,0.00015586296213821545,0.0359338469454437,0.13626846361478057,5.894747098359957e-07,0.0016088393457586822,2.9792116392286e-07,0.8259995008906601,3.25988453449136e-05
4620,2,0.001306210416610968,0.5612463651480942,4.7267507626312396e-07,9.106833973185743e-07,0.002795982714859563,0.0009293900947618483,0.43371397001853323,6.698248666567049e-06
4621,7,3.4068208456801665e-06,0.23040247395805394,0.007226995019956897,6.010408140765167e-08,0.0030129346400332353,8.077815451426265e-07,0.7588860780632077,0.00046724361227598203
4625,7,0.0033089330486011275,7.908924838960564e-08,0.02011260124452983,0.4532547311638975,2.039596986367983e-05,0.000676832009950403,0.5226204140994826,6.013374426408788e-06
4629,3,0.0008420620724002812,1.6299654987434008e-05,0.9963648031814837,0.0010659215421113186,0.0011626389151371246,1.2148338156392222e-05,0.0005185386931397125,1.758760258383524e-05
4630,6,0.04174175939878408,0.001628877117058774,0.0011713392880985407,0.00048222250653564056,0.00533355027904004,0.9495517944974186,1.063164371701165e-06,8.939374869258936e-05
4632,3,0.0003536804424661562,0.03192275722815972,0.9314748781308935,0.004195022264173976,0.018252486693828722,1.6910291141557225e-05,0.006881236485032218,0.006903028464304197
4634,6,0.02690135928347445,0.006513185365021758,4.215227790726707e-05,4.894884667873885e-05,0.06764464680594956,0.8957228932544832,8.14010189578816e-06,0.0031186740645893396
4636,3,0.0005111789875259828,1.744554357053795e-05,0.9959459569925332,0.0009321942531024704,0.00123564171945812,2.3393335086791677e-06,0.0013387057511186624,1.653741918216817e-05
4646,6,0.14580294011375355,0.01050512516796514,0.0026100590711331546,0.00018771877783233426,0.006477699282862161,0.8343926806703954,1.982334950496359e-06,2.179458110780177e-05
4650,3,0.0002838290369362227,0.0015106840582303582,0.9478879386737608,0.00010343804881703933,0.04899575322531185,5.427919825896511e-07,0.0004051588781198951,0.000812655286841238
4654,6,0.02142515021666934,0.00013127290814250988,0.019360356240573924,8.602848386935176e-05,0.002507977498037351,0.9564568111635982,2.7927162162516588e-05,4.476326946906611e-06
4656,3,4.622658432029739e-05,0.0016732613576276147,0.9873449346089351,5.155383340933242e-05,0.0036611290621591536,8.004660087190948e-06,0.007088284802781111,0.00012660509068007403
4660,7,0.0018940279233161965,0.00016768917766383135,0.022320664461346996,0.01526379620302681,0.0023971214261515332,0.00012960059219268398,0.9578268219589008,2.782574010761951e-07
4664,7,0.04256661962603318,1.5027188912779222e-06,0.031907779759382755,0.20003249609842305,0.00011691889877138367,0.016816444473209704,0.7085207638041422,3.7474621146485125e-05
4670,1,0.6499497565322904,0.018338913874601532,0.17191289418477304,0.0026627011506926476,0.0011742213810284356,0.13138672829738074,2.0498885231676105e-05,0.024554285694001574
4672,7,0.03328715400922279,0.0005746735662563255,0.21888677593297687,0.0038415406950439465,0.09514626995493819,0.0017628473685262717,0.6464791885929324,2.154988010324837e-05
4676,3,0.00011854950860945222,1.5277922953610585e-06,0.9864583404178638,0.01025072912478751,0.00028581704643249506,0.0015734099544674948,0.0003768563200668041,0.0009347698354770727
4678,7,0.0010221042353425185,0.12192068014554071,0.0001496858325915825,0.0003038375920673213,0.03413040420655961,1.4090081798719902e-06,0.8422457937610807,0.00022608521863765198
4679,7,0.016414269871093925,0.0018158506328816585,7.501722154795683e-06,4.122101510959377e-05,1.6118709236359814e-06,0.3102851484427574,0.6714343158593257,8.058575320515345e-08
4683,3,0.000840130214870104,1.2798681430926087e-05,0.9949135377840531,0.0008279122952964609,0.002935932635298643,2.647294322616843e-06,0.0004257928720062753,4.124822272157074e-05
4686,3,2.0159309860555516e-05,5.8577533118262675e-05,0.726984914537826,0.0006331573654834076,0.0001230304237228907,0.27196904679890815,0.00018428881072633986,2.682522035422753e-05
4687,5,0.0004494260719940448,0.4041382941795792,0.01824576081139977,3.2531175679604254e-08,0.4569335249767256,4.8539639515450204e-09,7.3762228076147655e-06,0.12022558035235423
4688,3,0.003643420705582225,0.0032803375460171195,0.7696792788359564,2.1163540344814703e-05,1.4611772495887886e-05,0.21908545551924674,0.004275695964575521,3.611578095059306e-08
4690,3,0.0007230057919652637,0.0001792133466332009,0.9363600775233317,0.012608530130541269,0.00013307626033820337,0.049924572012499474,2.2509148526759296e-05,4.901578616418539e-05
4691,3,1.177450872075415e-06,3.500799873483844e-05,0.9903638447550114,0.0004434424644550934,0.006890970879569866,1.0283229036794487e-06,0.001270478854653873,0.0009940492737991714
4693,2,5.428488962819025e-05,0.7023932723818359,2.3267403284816342e-06,1.8171150164723466e-09,5.1389726978459994e-05,0.0021605216095076083,0.2953193687165843,1.8834118022024692e-05
4694,2,0.0004591517949634195,0.923297627466949,0.0011122611996052423,1.0514375168433444e-07,0.01506302487274697,0.035615202852960465,0.00019246908274595426,0.02426015758627721
4696,6,0.00044776231947552046,0.012767679277740581,0.06420097827095968,5.013863750156572e-05,0.00030255432191773896,0.9217523657557493,3.315059570932308e-07,0.00047818991069867843
4701,3,0.09432918565095476,0.0014603429408681127,0.5450025874698288,2.0535665613762288e-05,1.5047108344552258e-05,1.0321973592092644e-05,0.3591443184189938,1.7660771804197203e-05
4703,3,1.4558681145352088e-05,4.552787401345077e-06,0.9349737972231265,0.00028439064276297244,0.05927057078080088,2.3759428323035128e-08,0.0014225271645004034,0.004029578960834222
4704,3,1.0178677200560985e-07,5.934411118001227e-06,0.7621408741302487,0.1436095458886108,0.0888578552767148,4.6655098559083166e-07,0.005311154859814937,7.406709573535872e-05
4707,7,7.870628979579438e-06,0.00015370008768724445,9.785860441135484e-05,0.0007153619100876286,0.001685214812871098,3.350847893082558e-05,0.9973021830029719,4.3024740603773144e-06
4710,7,1.4364035372901708e-06,0.0035893992293770088,0.3036139519625103,2.139144911404422e-05,0.002796155467832218,1.491917016085926e-08,0.6895012429813934,0.00047640758706563827
4712,7,5.485394141702837e-05,0.0034173470095501587,0.012171675846437314,0.05554255035656787,0.017910425882681,1.2083355968702654e-08,0.9104304169560647,0.000472717923926002
4713,7,0.00019829509021322095,3.0172781861210552e-05,0.036459332724843245,0.016267524091223666,0.013481846236006184,1.4675462507629871e-06,0.9335456113663415,1.5750163260201385e-05
4714,2,1.5938979956006714e-05,0.707393793119664,1.2069465561784896e-05,4.1196538646129466e-09,0.0006175009080543809,0.00013861715797007098,0.29143102485486105,0.000391051394278849
4715,6,8.768125396577756e-05,0.0017986962471734538,0.16412951859502817,4.367003287704499e-06,2.984205550393684e-05,0.8338785365985314,6.811518189265635e-05,3.2430646168610402e-06
4722,7,0.00020939068575438042,3.850950474413283e-05,0.07283402938152334,0.042565272397556184,0.005979239008064512,7.710057634477251e-08,0.8783728025675265,6.793542545939351e-07
4723,3,0.0006414197509384111,0.0004911549763445347,0.8316095321193163,0.025037481522975108,0.00564131646003906,0.05316589585842767,0.08334998673405637,6.321257790238588e-05
4724,6,0.007891894199120852,0.08471183859518887,0.012347588970888822,3.3861161148910066e-05,1.965813008936742e-05,0.8949306258920453,3.356495756766487e-05,3.096809395015619e-05
4726,6,0.4178595562231505,0.0021151224245733323,0.00315466640750747,0.0043305323903218805,0.001621914963658597,0.4691270870892751,5.5329648279476065e-05,0.10173579085323362
4730,5,0.0005916404417860535,0.16365800029339944,0.0581197395688119,1.7487642750310126e-05,0.4890925172585737,4.148886144225688e-07,3.786992248584729e-05,0.2884823299835784
4732,6,0.3294775462349853,0.00010023373290715639,0.0005321652595588525,0.00019956977984185865,4.961816649306451e-05,0.6604215015503816,0.009212555785954942,6.8094898771891325e-06
4735,1,0.41891015934688497,0.23700132334127988,0.30354648049861915,2.8643136168284013e-07,0.009343724304562208,0.031188555095231052,4.061673858415297e-09,9.466920386972813e-06
4736,3,0.00023808285561717737,8.424630544640014e-06,0.9951368495307146,0.0007125912097815029,0.0033243042179980195,3.1891688672316446e-06,0.0002569779059948608,0.0003195804804819792
4737,7,1.40059325281831e-05,5.765762315331254e-05,0.003962853762416379,0.0015764162876005191,0.05482196322090231,3.081314859870891e-08,0.9391226922542272,0.00044438010602337435
4745,5,1.2930861582717663e-07,4.301279893375069e-05,0.33064313768810916,0.0002798105380670151,0.6241391135183255,3.503073771977683e-07,5.357963448869721e-05,0.04484086620608284
4747,3,0.0008672938501663975,5.04234310447678e-05,0.9940597539580639,0.00013546158244716967,0.003264239210924874,2.0482390664128703e-06,0.001575369913795244,4.540981449118432e-05
4752,4,0.020853496619505748,3.2820863305342513e-06,0.0024147446306655115,0.8660103141737555,4.028849534078518e-05,0.0021002930756549155,0.10846844759804365,0.00010913332070334727
4753,3,5.087154780188767e-05,1.2568281855603185e-06,0.9828362035895063,0.008171791302697552,0.0016378096282715054,1.2048404269405596e-05,0.007278465387081542,1.1553312186274434e-05
4754,3,2.507434363584704e-05,7.981343719177789e-05,0.952995598515449,0.0001702277907384626,0.03771982117742829,8.803798938333175e-08,0.0005677830190766827,0.008441593678490258
4757,3,0.0010391638517254936,0.00012852743609965546,0.9946833167395658,7.639147126069263e-05,0.0014703223244365929,8.635900549698128e-06,0.0025741434399645753,1.9498836397587818e-05
4758,3,0.0005168984475993116,0.0005388768433947917,0.8456343140827655,9.743330036635108e-05,0.14596695577170254,3.939004020938096e-07,2.219793307584849e-05,0.0072229297206934905
4761,7,9.142239115228014e-05,0.0001569617024398511,0.018872794650797445,0.0029397285227863367,0.0385612069537748,2.9528132604147372e-08,0.939331356058882,4.6500192034575625e-05
4762,2,0.46088036144640854,0.5360768702214297,0.0013607364622177144,9.245100018573216e-07,0.0012315648071504076,0.0001283753431014815,3.990732782482247e-06,0.0003171764769079175
4766,3,0.00014820197085719137,1.7981885047530065e-05,0.9356286623444376,0.0007343788710355702,0.048914704287463195,0.0003830658403918635,1.847236635409572e-06,0.01417115756413164
4767,2,6.409778466675118e-05,0.9938396890219803,8.014497765068255e-06,6.023962546211808e-09,0.004024829361209578,0.000414766977107256,0.0014054317335297731,0.00024316459977855698
4768,4,1.5204282930938088e-05,4.765930472367467e-07,0.16192893035915693,0.4869033686329365,0.0005422885100146096,0.00043274162687849095,0.3501728960759479,4.093919087337926e-06
4772,6,3.581028083629968e-05,0.00013209392844073617,0.4360732445218994,1.8144287569428947e-05,0.0001024103762745862,0.56363271605959,1.5304022524901262e-06,4.050143137170005e-06
4773,7,9.410249675062617e-06,0.00019521394729837255,0.006463763944439157,0.00614589587989891,0.0021708959809195404,1.1183553044020037e-05,0.9849944379526111,9.198492113789173e-06
4775,5,0.0006862659492383508,2.801314861956098e-05,0.06045033655346569,0.2037214395205604,0.44547523243767795,0.00016168237225596733,1.639226510141578e-05,0.28946063775308056
4777,7,0.019747454271845516,0.0075937454268807025,0.029148799962504465,3.515066579746509e-05,0.001703901982878798,5.230761468925434e-08,0.9404407673190689,0.0013301280634094247
4784,5,5.556909746259566e-07,3.660874332544852e-05,0.4128373348129925,4.808739530039726e-05,0.5271899213429121,1.0108668034632352e-07,6.354413649158553e-06,0.05988103651416537
4786,3,0.00021840465812060153,0.00020983977230249552,0.961057395649095,0.00042022186636645853,0.037014888593654864,3.6249324601210133e-06,0.00015211693594352588,0.0009235075920570731
4790,3,9.87434651778954e-06,3.153050596030806e-05,0.9699618408866686,0.002741314802542381,0.005097657471759784,1.5217666419329981e-05,0.021173493870160386,0.0009690704499713907
4792,6,0.0007434455387192232,0.0143814396887458,0.02227420359703363,8.453528329302696e-08,6.751656699418986e-06,0.9605171571135065,0.0020768657571922063,5.211281991287796e-08
4796,5,1.4377477807826438e-05,0.0008453139393701222,0.0013468724757064263,4.76114276536105e-05,0.9799879876924523,1.017993272548703e-07,0.015468771494061522,0.0022889636936208125
4798,3,2.1744785975686287e-06,4.569240113944969e-06,0.9917418867137368,0.003646189116388768,0.0034036747780576367,3.388100038692677e-06,0.001098517047988044,9.960052507868956e-05
4799,6,7.917510198169014e-05,0.013434992433929968,0.004729332811913498,4.160254228578068e-06,0.00010590455848488047,0.9813749080852875,0.0002715076189336894,1.9135240093238878e-08
