incident_id,predicted_killer,p_killer_1,p_killer_2,p_killer_3,p_killer_4,p_killer_5,p_killer_6,p_killer_7,p_killer_8
0,5,0.0020398719,0.08067866,6.173164e-07,3.24718e-11,0.91726035,1.0816376e-05,4.0722252e-06,5.652227e-06
1,7,4.285219e-09,1.400565e-06,4.452887e-14,2.0775073e-09,3.4297236e-06,6.0193e-14,0.9999951,1.3456459e-15
2,3,1.8231127e-09,3.9663698e-12,0.99976367,1.5647925e-09,0.00023087938,1.8853009e-14,2.7423501e-09,5.5278338e-06
3,7,4.1934112e-12,1.6508957e-10,1.386445e-09,6.1029823e-07,4.801026e-08,2.6721652e-18,0.9999994,8.820754e-13
4,8,1.1993286e-09,2.9459082e-08,0.00011976856,1.0568827e-09,0.10511233,4.4517315e-16,7.154904e-08,0.8947679
5,3,1.4945054e-07,7.237504e-11,0.99992716,3.0242603e-07,7.1546114e-05,4.1708168e-11,1.0819137e-07,7.943524e-07
6,3,8.6886516e-08,5.6660333e-08,0.9917979,6.407236e-07,0.0077478928,7.863934e-10,3.7579906e-05,0.0004158667
7,4,1.7933277e-07,1.2771708e-12,4.208986e-10,0.9772539,1.0258265e-08,1.6433106e-16,0.02274588,5.3652822e-14
8,6,5.7598135e-07,2.4844683e-06,3.0799632e-10,6.6519094e-19,8.4755497e-10,0.9999969,7.4140544e-10,3.4253189e-22
11,3,2.5411364e-05,6.5629266e-08,0.9999672,4.3562505e-09,6.656285e-06,4.615142e-07,2.2010627e-07,2.6113376e-09
13,3,8.148642e-09,6.1043683e-12,0.9999249,3.142145e-07,7.389659e-05,2.7708775e-12,2.1141462e-07,6.5851975e-07
17,6,1.4564428e-06,5.092936e-10,9.895509e-10,2.1004516e-14,4.0545243e-09,0.99999857,2.7963668e-11,1.5520048e-22
20,3,3.4303507e-09,4.6342624e-11,0.99887437,3.3813672e-07,0.0011199034,4.6191457e-11,9.301009e-07,4.476801e-06
21,4,9.142024e-08,2.6158495e-15,1.9784895e-08,0.9999722,3.691526e-09,2.216014e-16,2.7640186e-05,1.3271488e-14
23,4,0.00013962077,6.7480334e-11,0.2170866,0.77593213,5.6598226e-05,1.0425391e-07,0.006784958,2.7614577e-12
26,7,0.0007131458,1.3118658e-05,1.7813568e-08,9.144952e-05,3.851314e-06,3.3726846e-09,0.99917835,7.012067e-14
27,7,6.5925876e-12,2.9660183e-09,4.8282496e-11,2.4060864e-09,1.0316402e-09,7.27158e-17,1.0,4.450425e-16
28,3,1.2979462e-08,1.169027e-10,0.9955878,1.3549738e-05,0.0036113102,7.352496e-12,3.835608e-06,0.00078348926
29,7,1.0113247e-06,2.524706e-08,6.199767e-10,0.0047154524,1.1754055e-05,1.287286e-13,0.99527174,1.076041e-11
33,3,4.4522687e-07,2.8307434e-06,0.5725421,1.2783208e-05,0.2686138,1.3822179e-09,0.0005826263,0.15824555
35,7,7.2555935e-08,7.9178495e-12,1.7038925e-14,9.9404155e-05,2.4676462e-11,3.181266e-16,0.99990046,3.103592e-23
36,3,1.9923603e-07,1.8798995e-07,0.95522106,4.2786868e-07,0.03551945,7.9177824e-11,1.4028959e-05,0.009244675
38,3,5.94361e-06,1.0755955e-10,0.999851,0.00010433196,3.6844423e-05,2.2910296e-09,1.7882959e-06,5.8003092e-08
39,3,1.3838081e-05,2.4292447e-07,0.86161935,0.00029513147,0.13699788,2.5022866e-08,0.00088469393,0.0001889171
40,1,0.94088197,0.0590473,1.2955476e-13,1.8955115e-11,2.990341e-06,3.9619237e-05,2.812129e-05,1.7104236e-16
42,3,3.4744036e-07,3.568981e-11,0.9999887,7.8085924e-07,7.964332e-06,8.168356e-11,2.1386638e-06,4.8047716e-10
44,4,1.7040125e-05,4.0012915e-12,6.4442506e-06,0.9999236,6.498459e-07,3.0853191e-12,5.230884e-05,3.015373e-11
45,3,3.3814496e-11,1.6639967e-12,0.9982418,5.3072563e-07,0.0017452133,1.069183e-12,1.1054224e-05,1.4080487e-06
48,3,1.1002759e-05,6.9217175e-12,0.9999871,1.0645861e-06,6.439596e-07,5.8475442e-12,6.7588495e-08,6.455113e-11
49,3,9.974636e-09,6.7146966e-10,0.9999,1.6732549e-09,9.957632e-05,4.7044074e-10,3.9003942e-07,6.851606e-08
51,3,1.621078e-10,1.11736555e-13,0.99996495,2.343919e-09,3.5091387e-05,3.6876338e-14,5.5815352e-09,3.5730835e-08
54,3,3.29014e-08,4.8538187e-09,0.99196917,6.695037e-07,0.007443583,4.7291e-11,6.50851e-06,0.0005800565
55,3,6.737992e-09,8.029169e-10,0.99391335,1.7479839e-06,0.0059078922,7.655028e-11,1.4357046e-05,0.00016262532
56,3,1.5243526e-07,1.058989e-09,0.99994624,2.5722113e-09,5.332832e-05,5.424943e-11,1.0137946e-07,1.5318709e-07
58,3,1.6929442e-07,2.0639232e-10,0.9999205,1.726798e-06,7.360066e-05,3.3998582e-09,3.8840994e-06,2.6909985e-08
60,7,9.160172e-06,3.7212305e-07,1.7401206e-08,0.0005346234,0.00027597364,1.2811073e-10,0.9991798,6.441809e-12
61,3,1.1785139e-05,5.9423343e-08,0.98666734,0.00031471142,0.0046793516,1.6369448e-08,0.008326505,1.4790632e-07
62,7,1.2688002e-08,1.8942207e-12,2.1716094e-13,0.0010289076,5.580078e-11,2.0826126e-17,0.9989711,1.1230335e-20
64,6,6.2956205e-09,7.1756624e-08,5.3566787e-16,8.5569564e-21,2.5429936e-11,0.9999999,1.5448016e-09,1.2989743e-28
67,6,2.0157938e-07,6.164974e-06,2.7122261e-11,1.0400013e-19,5.0081387e-11,0.99999356,1.2080157e-08,2.9048326e-25
69,2,1.7279004e-05,0.99941206,6.8826944e-18,1.3882756e-17,6.455818e-08,1.8752917e-08,0.00057059096,3.3815027e-19
73,3,2.4847596e-11,1.2665882e-15,0.9999757,9.665368e-08,2.4244246e-05,5.8891507e-15,1.1326864e-08,1.3486049e-08
75,6,4.1000792e-05,1.6833967e-06,5.8089344e-10,1.972216e-12,7.5014576e-08,0.99995697,2.6826345e-07,3.498222e-20
76,2,4.922116e-07,0.9958977,1.3703429e-12,4.1040297e-16,1.1433003e-06,1.9174781e-06,0.004098782,3.4503955e-15
77,7,1.03696375e-05,1.3594653e-09,1.05084365e-10,0.086609595,8.5718746e-08,1.185335e-13,0.91338,3.110942e-15
80,3,0.00051888917,3.4438216e-07,0.9958996,0.001211076,0.0020139078,7.792243e-08,2.946168e-05,0.00032660394
81,3,5.137322e-07,3.2283984e-10,0.99233127,3.809067e-07,0.003887693,1.3997867e-13,1.7777108e-08,0.0037800882
82,5,0.085992776,0.0014445804,0.04986691,0.0002173395,0.8587199,0.0028978214,0.00058792526,0.00027273566
85,7,1.0778781e-05,8.382955e-06,4.7600207e-10,6.7552275e-05,9.814431e-07,1.1095183e-11,0.99991226,3.2814064e-12
88,3,6.203483e-10,5.1532502e-12,0.9997603,1.88607e-08,0.00023808077,9.6598666e-14,2.190373e-07,1.233627e-06
90,2,1.8754316e-05,0.99967957,1.620016e-17,1.1095318e-17,1.3392524e-07,2.7588715e-08,0.00030155882,1.2834555e-18
91,3,0.0004474628,0.00082456804,0.6279297,1.357323e-06,0.3336009,2.7341305e-06,0.03718333,1.0050112e-05
94,6,1.0397965e-05,8.896279e-07,1.9573948e-10,6.5739474e-14,1.7337175e-08,0.9999887,4.7534655e-08,3.661076e-21
96,3,3.6174258e-11,3.4524692e-15,0.9998204,2.9435478e-07,0.00017894851,3.886783e-15,1.2005579e-08,4.24389e-07
99,3,5.851155e-07,9.028918e-10,0.9744401,6.294266e-05,0.016056493,1.6945325e-11,6.7778143e-07,0.009439087
101,3,2.822681e-10,6.0913757e-12,0.999511,3.9084284e-08,0.00048777286,8.292484e-12,4.8138e-07,6.264552e-07
102,2,3.3191645e-07,0.99072975,1.7817499e-17,1.3993003e-18,3.7730583e-09,1.485568e-07,0.009269839,2.58869e-21
106,2,0.00013689436,0.97781026,1.7008944e-05,3.7538684e-11,0.000304329,0.016772553,0.004958932,1.5721432e-09
108,3,1.9787785e-09,3.507771e-11,0.9997985,4.8813718e-09,0.00020119737,2.457803e-11,1.204197e-07,1.8751072e-07
109,6,0.0010426533,8.125344e-06,1.6976404e-09,6.649497e-11,2.8195083e-07,0.99894804,9.897392e-07,2.8540386e-19
110,7,3.1102747e-09,1.2742188e-07,5.5542165e-15,1.429426e-07,1.356135e-07,8.8453864e-17,0.99999964,7.602233e-15
112,3,1.8392676e-06,3.9469472e-07,0.7482295,3.5053024e-05,0.14022917,5.21298e-10,3.6499052e-05,0.11146757
113,3,4.6088626e-09,1.3397022e-11,0.99782145,6.368454e-09,0.00015382186,6.1753195e-17,7.3520576e-09,0.00202478
116,1,0.857282,0.0037271578,4.230229e-08,1.3069934e-09,5.6614444e-06,0.13897899,6.242562e-06,7.415285e-15
117,3,5.4072523e-05,1.0052634e-09,0.99993277,9.907923e-07,1.1841829e-05,6.232505e-11,2.380016e-07,2.5350735e-08
119,2,9.917497e-07,0.99975425,3.4201901e-16,2.1322608e-20,3.4976788e-09,1.1060791e-06,0.00024367268,1.3354798e-21
120,3,3.7691617e-08,1.244242e-08,0.99388665,6.2699246e-07,0.0058771023,3.4407976e-10,2.0144256e-05,0.00021551621
121,3,7.246209e-06,6.756129e-06,0.9779026,8.749517e-05,0.011572815,2.8586072e-07,0.010238763,0.0001840119
122,6,0.0011369047,5.372304e-06,1.4221958e-08,1.3377576e-09,1.3990737e-06,0.9988551,1.2249554e-06,2.157737e-17
126,5,7.13828e-06,2.7735968e-08,0.12440379,3.5364067e-07,0.875584,3.6649016e-07,1.1029863e-06,3.171755e-06
127,3,3.3435763e-06,5.29291e-07,0.8753799,8.912577e-07,0.09946715,1.5943727e-10,6.1515434e-06,0.02514197
128,6,1.7788036e-06,1.2338645e-05,9.0931874e-13,7.7035873e-19,3.1348768e-09,0.9999858,7.0754096e-09,5.0615203e-23
132,2,1.9293597e-05,0.99835086,3.1060793e-11,1.7521647e-14,6.758765e-06,1.7186609e-05,0.0016060174,1.1421953e-13
135,4,0.00035830025,9.887166e-10,6.7093487e-07,0.90088665,0.00043341683,1.4723202e-10,0.0983209,1.8742807e-12
139,1,0.54030734,1.9890892e-06,8.7001616e-05,0.003428196,0.0035536638,0.4524054,0.00021632487,1.1414807e-12
141,3,1.10673746e-07,5.997573e-09,0.9957125,5.0706603e-07,0.0029133528,1.0854802e-11,2.1794053e-06,0.001371402
145,3,0.0006651217,4.8314432e-09,0.99932516,1.0066605e-06,8.5344145e-06,9.798257e-10,1.023576e-07,1.8048695e-08
147,3,1.3095361e-08,3.6252193e-12,0.999997,5.0458593e-10,2.9535688e-06,2.5946203e-12,5.462782e-09,5.39333e-10
148,3,2.9614273e-07,1.7673896e-09,0.99990904,1.0914604e-09,9.018018e-05,7.805552e-11,2.8597112e-08,4.3655464e-07
149,3,2.1218773e-07,3.8570275e-10,0.99995303,3.5945917e-09,4.6483554e-05,3.9947774e-11,2.271345e-08,2.2749273e-07
151,7,3.808305e-05,4.596863e-06,0.00046224796,0.010599132,8.993329e-05,6.93227e-08,0.9888059,1.582064e-08
154,6,0.33166963,0.0068592955,3.747171e-08,2.8035002e-08,2.0141533e-05,0.66113895,0.0003118447,4.9480793e-15
156,3,2.791283e-07,1.6255854e-09,0.9999565,3.923249e-09,4.3033473e-05,9.703773e-11,1.261631e-07,1.4096163e-07
157,3,4.6369078e-06,5.7437477e-09,0.99997795,2.63667e-09,1.746093e-05,9.463622e-10,4.936937e-08,2.655284e-08
161,7,9.139874e-07,1.3195645e-07,8.600627e-08,0.00028012376,0.00043478288,1.0865577e-11,0.99928385,6.5448855e-11
165,4,7.851909e-09,2.81269e-17,2.7263702e-10,0.99998164,4.4643678e-10,1.03048e-18,1.8329149e-05,1.3156043e-16
166,3,0.00056978845,1.149775e-05,0.5854474,0.012367037,0.24989907,2.6698125e-08,0.0015179036,0.15018727
169,7,3.607662e-05,4.437995e-09,2.0373129e-07,0.34866235,0.0005531717,8.701598e-12,0.65074813,3.5201602e-11
171,3,1.2955325e-05,3.237253e-08,0.99997413,1.1032114e-08,1.151349e-05,4.2267243e-09,1.4743591e-06,3.09173e-09
173,3,2.4011377e-09,1.9038325e-11,0.999818,1.20075425e-08,0.00018114883,7.493303e-13,1.4661813e-07,7.4299516e-07
177,3,2.9691284e-08,1.0138775e-09,0.96010387,4.92512e-07,0.017158706,1.2528889e-13,4.3566413e-07,0.022736486
178,8,5.779844e-08,5.4300773e-07,0.011944298,7.937095e-05,0.31309196,1.0655702e-12,0.0024201025,0.67246366
180,3,2.8716347e-08,4.6552634e-10,0.99830544,2.7414114e-06,0.0015310444,3.773917e-11,3.6960362e-06,0.00015711316
182,6,6.729581e-06,1.8884173e-06,3.6228673e-13,8.333977e-16,6.9608e-09,0.9999913,4.6788454e-08,2.6479864e-23
183,3,1.3842485e-07,2.8623285e-08,0.9951082,2.655098e-07,0.004734733,5.3793736e-10,6.694395e-06,0.000150008
184,6,0.0037220598,4.773894e-05,4.5657536e-09,1.3050134e-12,2.914298e-07,0.9962297,1.1242781e-07,2.8553429e-18
185,7,2.1302836e-05,2.6843816e-07,5.4345753e-07,0.006380136,0.00015875473,5.023392e-10,0.993439,5.778425e-11
186,3,3.326804e-11,7.975977e-15,0.99986935,1.4770429e-08,0.00013054142,3.3088887e-15,3.4870566e-09,1.534474e-07
191,3,1.8278384e-05,8.883515e-07,0.9268395,0.00018791322,0.07094579,2.1007866e-08,0.0017076678,0.0003000252
194,3,3.2647596e-09,2.841672e-12,0.9999021,3.1128795e-09,9.726002e-05,2.6063358e-13,3.6237195e-09,5.6923926e-07
195,3,2.4111443e-05,1.5268863e-07,0.9798019,0.00035477596,0.019526996,3.0624298e-07,7.8132114e-05,0.00021364866
197,2,5.716064e-06,0.9990031,3.2387065e-13,6.895748e-18,9.270657e-08,0.00017739317,0.000813612,5.291085e-19
198,3,2.763926e-08,6.0602107e-10,0.997951,1.2140816e-06,0.0020337123,7.238182e-10,3.3689416e-06,1.0843771e-05
200,5,1.9146746e-06,7.812419e-08,0.07210524,3.069624e-05,0.92596555,2.2356929e-08,1.905277e-05,0.0018775236
201,5,3.888955e-07,0.0016912599,0.002884532,1.8950351e-12,0.9952917,1.539608e-07,0.00011839981,1.3589156e-05
203,2,4.0792773e-05,0.9968087,2.1393668e-15,4.846119e-16,6.356443e-07,2.0135041e-05,0.0031297891,2.072767e-18
207,3,0.0007030074,8.811701e-06,0.9730602,0.00595167,0.0019323902,1.092058e-06,0.0183134,2.951673e-05
209,7,5.4008553e-10,5.8062173e-11,1.0100749e-14,1.1110254e-06,5.799289e-11,1.9087201e-17,0.9999989,2.3392332e-20
210,6,4.1487354e-08,6.623745e-08,1.1360618e-14,4.7863405e-21,4.1301747e-11,0.9999999,7.585725e-11,3.3563663e-27
211,3,3.019222e-08,3.3618808e-13,0.9999902,9.7113734e-08,9.605486e-06,2.2730112e-12,1.0812546e-09,7.839725e-08
213,3,3.5345533e-06,4.8204424e-10,0.99997187,1.6377795e-07,2.4010127e-05,5.117479e-12,1.205233e-07,2.6403103e-07
214,4,1.2531682e-07,3.10793e-13,0.03597122,0.9610699,8.880922e-06,3.291381e-13,0.0029498888,4.414203e-09
217,7,1.1256935e-09,1.7027317e-11,1.4372123e-14,2.4268618e-06,5.1087164e-12,5.646812e-17,0.9999976,4.3018754e-22
220,3,8.201821e-08,1.717132e-10,0.99980503,2.306982e-09,0.00019370932,5.8976075e-12,1.0031019e-08,1.1893001e-06
221,3,8.632635e-09,5.706212e-14,0.99998534,3.2138096e-06,1.1391881e-05,1.3072223e-12,5.3435603e-08,5.955192e-09
224,6,5.1472693e-05,0.0048823017,6.4221684e-11,2.6814061e-14,5.8948206e-07,0.9949765,8.919652e-05,1.58169e-18
229,3,2.2001662e-07,1.2507355e-09,0.99911577,5.8741057e-06,0.0007466433,1.7412824e-10,2.937032e-06,0.0001284991
231,5,3.656661e-05,4.6102393e-09,0.01399727,0.011714877,0.97380304,7.3131474e-08,0.00044577528,2.5033873e-06
232,7,2.6249925e-06,2.8415542e-10,7.146893e-11,0.0143746,6.128002e-08,1.2837389e-13,0.9856227,6.313362e-17
234,7,4.4198887e-07,2.626438e-07,9.066324e-09,1.6422544e-05,2.2240141e-05,3.0260055e-11,0.99996066,8.2165584e-13
235,7,1.972226e-09,7.702905e-12,3.3496036e-11,0.00028921405,8.538456e-10,4.6195966e-17,0.99971074,1.3823797e-17
236,5,1.6121065e-06,3.1988685e-09,0.05967253,1.3145358e-05,0.9145117,1.8480521e-11,2.553378e-07,0.025800772
237,3,2.4611015e-07,2.5733942e-09,0.998995,4.9342725e-06,0.0009709411,4.038714e-09,2.8170232e-05,6.4071793e-07
240,3,2.4336566e-07,8.959366e-09,0.9947484,2.6173934e-06,0.0038309258,6.7158175e-11,4.8354727e-06,0.0014129019
244,3,0.00070083316,1.4091246e-10,0.99908876,0.00020059262,8.955665e-06,2.510434e-08,8.840484e-07,1.6802469e-10
246,3,1.1623974e-05,2.4340816e-11,0.9999858,1.2120177e-06,1.203515e-06,9.088424e-12,1.6298915e-07,2.4282032e-10
247,3,3.7539204e-12,7.925266e-16,0.99995744,7.272835e-10,4.239209e-05,1.9463826e-16,2.6887506e-10,8.1977376e-08
250,6,4.456832e-06,2.0217074e-06,4.372348e-13,9.6825e-19,5.643018e-10,0.99999356,1.3640651e-09,1.0632168e-24
253,6,9.670369e-08,0.0015427645,2.0299684e-11,3.6312673e-20,5.5491785e-09,0.99845517,1.922263e-06,9.6722696e-23
254,3,4.7560103e-09,1.6573727e-11,0.99989104,7.758751e-09,0.00010840616,1.2858554e-12,4.3721197e-08,4.488062e-07
255,3,6.1661416e-07,1.0544209e-08,0.9989536,9.061592e-07,0.0009094669,3.1469743e-10,2.1083101e-06,0.00013323335
256,6,0.0001624725,4.0301766e-05,1.617366e-10,1.8379441e-19,1.3245455e-09,0.9997973,2.7592617e-10,6.889639e-23
259,3,1.4880907e-05,4.33586e-08,0.99876213,0.00018737311,0.0008161677,5.5086753e-09,4.7540314e-05,0.00017195666
260,3,0.0001366309,5.6069225e-06,0.9333392,2.8901404e-06,0.06599007,3.7791992e-07,1.4996876e-05,0.00051023136
261,7,3.7007716e-08,1.6787504e-09,5.804741e-13,4.56254e-06,1.8453149e-10,5.4643956e-14,0.99999547,8.785712e-20
262,3,1.505676e-06,5.8959827e-08,0.9996915,1.1992687e-07,0.00030029623,1.5053816e-08,2.7276546e-06,3.8595e-06
263,6,9.106247e-09,1.7222562e-10,2.9845668e-11,2.1796916e-21,2.8417117e-12,1.0,4.21893e-14,2.1551458e-27
265,6,2.3237453e-05,0.0002659246,2.4076188e-12,4.4653825e-14,8.843382e-08,0.99968076,3.0095713e-05,1.0348719e-20
269,3,2.1278085e-10,3.731675e-12,0.9979243,9.368825e-06,0.0020202782,9.203605e-13,2.4197258e-05,2.1762386e-05
270,3,5.8573675e-09,2.3219413e-09,0.96278524,7.473851e-06,0.0346107,3.5658806e-11,6.99203e-05,0.0025267543
275,7,1.28240535e-11,1.0881745e-11,6.258443e-14,1.7948512e-09,1.1579657e-13,1.4873357e-18,1.0,9.537553e-24
277,7,1.8086881e-07,1.6182186e-09,1.9152245e-12,1.540763e-05,4.0036535e-10,2.557959e-13,0.9999844,4.0224407e-20
278,7,1.3249528e-08,5.6068792e-08,2.0752091e-11,7.1425364e-07,4.0700417e-08,1.6967418e-13,0.9999993,1.2445906e-15
279,3,0.0059338603,1.2725195e-06,0.99337643,7.6131255e-05,0.0005910193,4.0768893e-07,5.067889e-06,1.5703861e-05
280,2,0.0016348584,0.9853124,9.744718e-06,3.9493738e-11,0.0034909707,0.007391168,0.0021607974,1.1547421e-09
283,3,2.2148046e-09,9.048867e-15,0.9999989,4.192696e-09,1.0564036e-06,4.9070427e-13,1.1287411e-10,8.068829e-10
285,7,1.2088115e-10,1.852387e-11,1.1591594e-10,1.230619e-06,6.6766935e-12,7.6840606e-17,0.9999988,1.4950298e-19
287,7,4.001845e-09,5.1461185e-10,5.041523e-10,0.00010745075,1.4368101e-09,2.5971184e-15,0.9998926,2.7062476e-15
289,3,4.7823367e-09,4.8538076e-11,0.99511766,3.693939e-07,0.0037952077,1.0830464e-13,2.0443044e-07,0.0010865403
290,7,2.4098694e-07,4.388359e-10,0.16607966,0.009796571,0.0006964366,1.2202541e-11,0.82342714,8.1899065e-10
291,7,0.017247576,0.00069213775,3.3392084e-06,9.428259e-07,1.0666269e-06,8.059316e-06,0.98204684,7.9899564e-16
297,3,1.4520456e-09,1.8110593e-11,0.9988788,5.89335e-07,0.0011167323,4.060414e-11,1.6802784e-06,2.223302e-06
298,3,0.00014196396,1.1014145e-09,0.9998287,2.1764132e-05,3.6204294e-06,2.7071756e-10,3.933745e-06,2.6994587e-09
299,7,2.3222764e-08,1.1205943e-07,4.6734657e-14,2.8679896e-08,4.7576638e-08,2.3950186e-13,0.99999976,2.5021128e-18
303,6,7.986018e-07,2.44056e-05,6.9207305e-12,1.8956777e-16,9.406527e-09,0.99997425,4.848548e-07,2.1543075e-21
305,7,1.159817e-09,1.4398164e-09,3.8430368e-15,9.675633e-07,3.082526e-10,2.068674e-17,0.99999905,3.125805e-18
306,6,2.941988e-05,3.550548e-06,1.4734853e-09,1.9600693e-12,8.91813e-08,0.9999665,4.229418e-07,1.9041761e-19
309,3,5.815839e-07,2.3474747e-13,0.999997,8.5574567e-07,1.5371417e-06,2.1250588e-13,2.256817e-09,6.6513843e-09
310,3,5.3433507e-08,2.263705e-11,0.9999651,1.0357215e-08,3.4614695e-05,5.7073213e-12,9.11613e-09,1.7346288e-07
312,3,3.6782205e-10,1.5471168e-11,0.9993032,4.073373e-08,0.0006945885,1.1040435e-11,8.6093644e-07,1.2261233e-06
313,2,0.0025102661,0.99598557,9.9624455e-11,6.9927345e-12,0.00018363948,0.00012383459,0.0011966213,6.701773e-12
314,3,3.473901e-07,8.631505e-09,0.99876994,1.1483618e-06,0.0010820079,3.1245256e-10,3.6279089e-06,0.00014290583
315,3,0.0008748019,9.238008e-08,0.9724894,0.01268892,4.9607544e-05,9.5255075e-09,0.01389712,2.5289145e-08
317,3,2.1883459e-08,4.272835e-09,0.9921916,1.9856454e-07,0.0071027717,1.1918366e-11,3.2622863e-06,0.0007021244
321,3,1.0645234e-08,1.5920544e-12,0.9999969,5.321505e-10,3.108142e-06,1.6175329e-12,1.9319084e-09,9.598836e-10
323,3,2.0728155e-09,2.1900792e-11,0.9986124,1.6555393e-07,0.0013792939,7.789862e-13,6.98556e-07,7.443181e-06
326,3,2.4265933e-07,3.1242602e-09,0.9970841,4.032615e-07,0.0029092834,4.699634e-09,1.6782722e-06,4.3561968e-06
328,3,1.4007901e-05,1.5582303e-08,0.99997425,5.0628223e-08,9.613388e-06,2.606738e-09,1.9992874e-06,3.5863197e-09
329,6,5.345027e-07,3.3079396e-05,1.5002435e-07,3.765645e-17,7.3743513e-07,0.99996555,2.5712662e-08,5.9498924e-18
330,3,1.3038048e-09,1.270368e-13,0.9999944,1.1200593e-09,5.590317e-06,1.5792025e-13,1.1863447e-09,2.2610722e-09
332,3,3.1432343e-09,7.906602e-12,0.9994174,2.300821e-08,0.0005148646,2.3075071e-14,1.35106415e-08,6.763795e-05
333,3,0.00084217964,1.7192018e-05,0.9941598,5.8176487e-05,0.0041502146,1.3474248e-07,0.00014218668,0.00063012255
334,3,1.4849596e-08,1.5224805e-09,0.9813208,4.858513e-06,0.01231493,5.2520024e-12,1.2642155e-05,0.006346665
335,6,4.7974304e-08,2.2139935e-07,9.6959235e-15,2.3579869e-20,4.8918477e-11,0.99999976,1.144464e-09,2.1513832e-27
337,3,1.1872395e-06,1.9982704e-09,0.9999839,7.864067e-09,1.47696655e-05,8.6463126e-10,4.3956383e-08,1.16054416e-07
338,2,7.058648e-05,0.99992096,1.750676e-16,1.307323e-19,3.3050846e-08,7.42278e-08,8.2852675e-06,1.4084186e-19
341,3,8.522583e-08,2.3656754e-11,0.9999584,4.4943594e-08,4.0727235e-05,9.160992e-12,1.00678275e-08,7.693335e-07
346,3,1.537877e-06,1.035707e-09,0.9998449,1.4561023e-06,0.00015066842,5.5021304e-10,9.5334093e-07,4.62221e-07
348,3,1.394584e-05,1.5418635e-08,0.99997234,2.856685e-09,1.35736345e-05,2.9651614e-09,8.7893014e-08,1.071983e-08
350,3,7.095884e-07,1.0988352e-09,0.9999522,4.452226e-08,4.417854e-05,7.806216e-11,6.6569655e-08,2.6749542e-06
351,6,0.0046775234,6.7972164e-06,3.2171219e-12,9.44496e-12,3.6118635e-07,0.9953151,2.7540463e-07,7.930875e-21
353,7,2.8906138e-07,2.9982434e-06,6.7484305e-15,1.0560394e-08,6.8864395e-08,1.2305286e-11,0.99999666,7.9202756e-19
354,6,1.8872739e-06,1.3141332e-07,3.406945e-13,4.512523e-16,1.8555981e-09,0.999998,5.698142e-09,1.4546045e-24
356,3,4.2386603e-08,3.07137e-10,0.99971896,1.12040574e-07,0.00023691943,3.846109e-12,2.69805e-07,4.3739383e-05
357,2,2.4843702e-10,0.9999709,1.2801786e-22,1.2358682e-24,6.647131e-08,1.1333334e-12,2.9017061e-05,6.893209e-21
358,6,4.1288795e-06,8.833041e-06,1.2389635e-09,1.692937e-15,1.0179531e-08,0.999987,6.526233e-08,2.722609e-20
359,5,0.00016463899,0.00013391326,0.31990477,9.161828e-05,0.6014104,8.7515707e-07,0.0006599649,0.07763384
361,7,4.2692254e-09,2.3392044e-09,2.8938124e-18,2.4804057e-08,2.4530753e-12,4.3987943e-16,1.0,1.0914271e-23
363,1,0.8551738,0.0004536458,2.5762355e-07,1.7379931e-06,5.8688183e-05,0.14424981,6.200476e-05,9.648994e-14
364,3,0.000123782,1.2273482e-09,0.99986804,1.935376e-06,5.0483964e-06,9.320407e-07,2.3487733e-07,2.5584213e-10
366,5,1.0269305e-06,8.7348373e-10,0.0032319317,0.004537397,0.991959,1.8257393e-10,8.4689666e-05,0.00018596498
367,7,2.814266e-09,4.2611606e-10,5.2331486e-09,0.0007620642,7.482669e-07,2.1822839e-16,0.9992372,1.1959008e-11
368,5,5.298275e-07,0.00086296286,0.004973383,7.585105e-08,0.8181125,6.5991435e-09,0.0020787127,0.17397194
369,3,3.464791e-09,6.610285e-14,0.9999448,1.4773707e-05,3.9976832e-05,5.707312e-13,4.668023e-07,1.947547e-08
370,1,0.99961084,0.00022398686,1.4589968e-10,2.1313303e-07,1.4582708e-06,0.00015960107,3.8962316e-06,1.5334984e-14
371,3,0.0053880843,1.09099794e-07,0.99459696,2.4195028e-06,1.0312993e-05,1.8056804e-08,1.9868662e-06,5.1444324e-09
372,3,7.577029e-06,4.0390415e-09,0.9998938,5.489727e-06,8.5500484e-05,1.4327808e-09,7.495956e-06,1.146417e-07
373,2,8.720591e-05,0.9923505,3.7362898e-14,2.980637e-14,8.8336327e-07,2.6424796e-06,0.0075587947,1.1339437e-16
374,2,3.8733742e-11,0.9998167,6.637489e-24,6.748235e-26,3.240323e-10,5.142414e-13,0.0001833528,1.9175162e-24
375,7,2.2389049e-10,4.735551e-10,1.2555054e-09,2.3202675e-07,7.441954e-11,7.1422067e-16,0.99999976,2.6412977e-17
377,3,5.116661e-10,4.3465184e-12,0.997512,1.1679658e-06,0.0024223179,6.8988424e-13,7.377566e-07,6.373041e-05
378,7,8.774022e-06,9.280446e-06,3.1378342e-05,1.3551785e-05,1.9249806e-05,9.888961e-09,0.99991775,3.3701014e-11
379,3,9.2358166e-10,6.518669e-13,0.99968445,3.2393166e-06,0.00030785252,2.1839139e-13,4.400998e-06,7.386526e-08
380,6,1.5983328e-07,9.0304974e-07,1.2873249e-15,2.0451528e-22,1.1109359e-11,0.9999989,3.0674233e-10,6.0921124e-29
381,3,3.6068536e-07,2.9161035e-11,0.99999285,1.81093e-07,6.3624684e-06,9.7565366e-11,2.5861033e-07,8.177155e-10
382,3,3.9415924e-09,3.1996406e-10,0.7109761,1.6264514e-05,0.28537324,2.1413331e-11,9.812072e-06,0.0036245398
385,7,8.0711243e-10,2.8854137e-12,6.6540514e-07,0.010294133,6.6543047e-09,9.1464656e-17,0.98970515,1.6538524e-13
393,3,2.1878868e-07,1.7601996e-12,0.99999595,6.594439e-07,2.9825476e-06,2.502952e-11,1.1711986e-07,1.7895446e-10
394,3,1.7688777e-09,9.275312e-13,0.99977034,2.2103256e-07,0.00021798744,1.09242734e-13,2.5446113e-08,1.1468606e-05
395,4,1.3439466e-06,2.3525976e-14,4.674091e-09,0.9999554,9.291799e-09,2.1128155e-15,4.3252356e-05,4.7935975e-15
397,6,4.2763915e-08,6.9589945e-11,5.6117427e-11,1.7300437e-20,6.6637247e-12,1.0,1.2571318e-14,7.6180405e-27
400,3,7.7473226e-07,3.025027e-08,0.9960691,2.7360434e-07,0.0024005913,2.5523092e-11,9.809518e-07,0.0015282024
401,7,2.237867e-09,1.04069635e-10,4.320162e-10,1.398389e-05,2.8030863e-07,1.0710168e-15,0.9999858,5.693207e-16
402,3,2.7371898e-09,1.971987e-12,0.99890685,4.1739423e-07,0.0010392762,1.1420994e-13,2.6137544e-08,5.3406824e-05
403,5,6.0161423e-05,0.0005987035,0.040105917,0.0011248796,0.6336419,2.5395636e-08,0.24413118,0.080337286
409,3,6.145705e-08,2.242973e-11,0.99946207,7.6424505e-05,0.0004512343,2.9743142e-11,8.62934e-06,1.5882605e-06
411,5,2.3638138e-05,3.862228e-05,0.12261946,0.00013338067,0.8177109,2.8039625e-07,0.0016808148,0.057792947
414,2,2.5099461e-10,0.99930716,6.835637e-25,1.9026247e-25,5.7030444e-12,3.6212312e-13,0.00069279183,5.385155e-27
415,3,1.403044e-06,4.1515484e-09,0.99988294,1.2672092e-09,0.00011500933,1.5723929e-10,1.7722794e-08,5.68324e-07
418,4,8.3680595e-07,4.0683952e-13,2.7858163e-05,0.99991965,3.6623373e-07,6.7797965e-13,5.1311425e-05,5.432337e-11
419,7,2.8789346e-09,1.7678073e-07,1.3898865e-07,2.4249086e-06,2.7765175e-06,3.0804976e-13,0.9999945,1.4022077e-10
422,7,5.597344e-08,1.5373275e-10,2.3865727e-11,9.6659176e-05,4.1583476e-08,1.10235985e-14,0.9999032,6.9586685e-18
423,3,1.8328664e-07,6.948157e-08,0.9527846,1.5148292e-05,0.039010826,6.904265e-10,9.042367e-05,0.0080988025
424,7,5.8898977e-06,0.00054909283,1.0470504e-06,5.180057e-06,0.0003522917,1.5282616e-08,0.9990865,2.6581999e-08
425,3,2.9548198e-07,7.338971e-08,0.9937032,2.5967643e-07,0.005879961,4.2918327e-10,6.569777e-06,0.00040960047
429,3,3.0496703e-06,2.975631e-08,0.60574013,0.008120174,0.3438478,3.1799657e-11,0.0008754764,0.04141329
432,5,1.2616916e-07,3.8045592e-10,0.0673142,1.8387364e-05,0.9128881,4.3352457e-12,4.3384904e-07,0.019778838
433,3,2.7935e-08,5.8419346e-11,0.9987814,8.14784e-08,0.0012118221,1.0598042e-11,6.731374e-08,6.530043e-06
436,3,8.544269e-11,4.7480152e-15,0.99998343,6.8979924e-09,1.6603564e-05,1.1727714e-14,6.289982e-10,3.93282e-08
437,3,1.0557947e-09,1.7164186e-14,0.99998665,6.9754402e-09,1.32234145e-05,1.8523476e-14,1.590313e-10,6.971639e-08
438,6,9.1172055e-08,3.1860052e-06,1.940515e-14,2.2438306e-18,4.3616563e-10,0.99999654,1.730168e-07,1.1935005e-25
444,3,1.7187268e-06,5.2271165e-10,0.99986935,4.817079e-07,0.00012792913,5.466448e-10,1.9359054e-07,2.728336e-07
445,3,6.1393024e-10,8.204875e-15,0.99999595,2.1408223e-08,4.102172e-06,7.578756e-14,1.32469e-09,3.61434e-09
446,6,2.6212639e-09,5.1669558e-09,1.7452198e-16,2.1205813e-22,2.5905437e-12,1.0,3.1040146e-11,9.49291e-31
448,6,9.829642e-06,0.00017447867,8.2846566e-13,1.219003e-16,1.1641931e-08,0.99981445,1.3023173e-06,4.089436e-22
453,7,2.5315053e-06,2.2247117e-10,4.4174425e-11,0.0049393983,5.3536e-09,3.928417e-14,0.9950582,3.5593325e-18
454,3,5.129969e-07,2.261486e-09,0.9977481,4.4036394e-08,0.0022358843,9.994286e-11,1.2798081e-07,1.5338084e-05
455,3,2.4474755e-08,5.0632837e-10,0.9999577,2.0535884e-08,4.029643e-05,7.4525247e-10,2.0237064e-06,3.5090512e-08
456,7,1.5039416e-07,1.7499264e-09,3.9647333e-10,0.0004980076,2.9032465e-06,3.062417e-14,0.99949884,3.388972e-14
457,1,0.99982494,0.00016638651,3.7890464e-14,6.320853e-10,6.764672e-06,1.7391682e-06,6.629827e-08,2.476999e-15
458,3,7.524239e-08,5.453033e-10,0.9995029,9.776375e-06,0.00042537504,1.9389812e-09,6.154276e-05,2.3981318e-07
464,3,5.581979e-06,5.255167e-10,0.9999647,1.5740249e-06,3.5738358e-06,4.2654444e-09,2.4604382e-05,1.7081144e-11
468,7,8.90641e-06,1.0748242e-09,1.8955426e-10,0.003768965,1.5570036e-08,3.340549e-13,0.99622214,1.4916593e-17
469,2,7.321865e-05,0.96509373,9.8138074e-08,1.00174744e-10,0.031436708,5.703615e-06,0.0033894195,1.0950898e-06
471,3,3.3187767e-05,3.389046e-07,0.9957457,2.2658116e-05,0.003864469,8.2164924e-08,8.38124e-06,0.00032504345
473,8,6.029659e-08,3.7468098e-07,0.0082707675,1.3763022e-06,0.09794069,2.29556e-12,1.2392085e-05,0.8937743
477,3,2.9893385e-10,3.7029576e-12,0.99904543,1.0281175e-08,0.00094855775,1.440409e-13,4.6070085e-08,5.9045933e-06
481,3,1.0218943e-06,3.9465786e-09,0.9999708,8.771663e-09,2.7783228e-05,2.7941896e-10,2.1798384e-07,9.6197645e-08
483,2,3.0961285e-06,0.9918594,1.2235255e-17,1.563129e-17,1.5483263e-08,2.072849e-07,0.008137334,6.88028e-21
484,2,0.0020362593,0.9108527,1.37819e-10,6.4680704e-13,1.1083774e-05,0.08084304,0.0062569333,6.2545606e-16
489,3,6.5594974e-09,6.889842e-11,0.999941,4.8197633e-09,5.8914033e-05,1.7969434e-10,1.3669452e-07,4.074651e-08
490,3,7.0219386e-09,4.040821e-13,0.9999968,1.1976978e-08,3.218103e-06,1.7850512e-12,6.1020575e-09,2.7770866e-09
494,3,1.8506942e-07,1.4623806e-08,0.87941694,2.0801774e-06,0.120004505,1.0336554e-09,7.3291058e-06,0.00056893384
496,7,5.4678427e-08,5.15586e-08,2.6736827e-12,1.514912e-05,5.416309e-07,1.9163626e-14,0.99998415,4.2305877e-14
498,7,1.7405421e-06,2.2823663e-06,0.0003373206,0.00015535916,0.009824171,1.1007375e-09,0.9896791,9.83569e-08
501,6,0.07380702,0.00026259577,9.425191e-09,6.131547e-08,8.26167e-06,0.9258278,9.42822e-05,8.685672e-17
504,8,6.486873e-07,5.6023686e-07,0.087819345,6.785496e-05,0.28614786,1.8925872e-10,9.328652e-05,0.62587047
505,3,1.934402e-07,1.2748907e-09,0.9873307,2.7751626e-06,0.01016662,7.403502e-12,5.818665e-07,0.0024991664
507,7,2.5476332e-08,7.399022e-12,3.0951674e-12,0.00014916783,2.9590091e-10,1.5494739e-15,0.99985087,7.453976e-21
511,3,4.9821233e-06,1.3359112e-10,0.9999726,2.9986486e-06,1.8855953e-05,1.549642e-11,1.3318756e-07,4.439031e-07
512,2,4.944265e-06,0.99805164,7.633261e-12,4.709052e-16,1.3049226e-06,9.109741e-05,0.0018510227,6.0989903e-16
515,5,2.306069e-08,1.8658168e-08,0.00026050294,4.0182573e-07,0.99468875,1.1702006e-11,3.1293519e-06,0.0050472566
517,3,3.1923975e-08,1.7404685e-10,0.9201967,7.9910515e-06,0.07639882,3.766948e-12,8.892768e-07,0.003395585
519,3,4.674451e-07,1.2238637e-08,0.99792886,3.887393e-07,0.0019954788,5.1878385e-10,1.3186121e-06,7.3425836e-05
521,3,4.9627293e-09,7.230808e-11,0.99977595,1.0632412e-08,0.00022358929,5.1707114e-11,1.6478903e-07,3.1984177e-07
525,7,5.5399163e-05,5.6032595e-10,1.5868098e-09,0.06058604,4.7611284e-08,4.2983992e-13,0.93935853,4.3685873e-17
531,6,5.733423e-07,3.2549838e-10,1.7390013e-09,3.9219983e-19,7.006564e-11,0.9999994,6.372121e-14,8.339477e-25
536,3,8.363631e-05,1.0571197e-06,0.9995981,3.178578e-07,0.0003038369,4.3711054e-08,2.5276483e-06,1.0457985e-05
540,3,4.5939169e-07,7.720369e-10,0.99737716,4.866716e-06,0.0021099646,2.639423e-11,3.2147204e-07,0.000507277
541,5,8.653661e-09,4.2090942e-08,5.8406295e-06,1.41345655e-08,0.9998679,4.607691e-11,3.1678935e-06,0.00012289977
543,3,7.506925e-09,3.8158393e-11,0.9998221,4.9606515e-06,0.0001234388,5.346595e-11,4.936674e-05,1.3117422e-07
544,3,8.83404e-07,5.6436313e-09,0.9987367,1.4680672e-06,0.00092680706,5.6262568e-11,9.724444e-07,0.00033317934
553,5,5.2223953e-05,4.5305655e-06,0.3684013,0.033546835,0.4904144,8.477403e-08,0.0071236254,0.10045701
555,3,1.144682e-05,3.8668806e-09,0.99839276,3.2008427e-06,0.0010846242,9.923273e-12,1.4039118e-07,0.00050779915
556,6,8.731324e-05,1.1763776e-06,9.173003e-09,2.8357051e-11,3.610031e-07,0.99991107,1.03867485e-07,6.071196e-18
557,3,3.6485283e-06,1.3070841e-09,0.9998933,5.4390625e-07,0.00010198145,1.1357139e-09,3.430122e-07,1.9436291e-07
558,3,1.412978e-05,1.0638881e-06,0.9896209,1.0656947e-06,0.010136061,4.7271993e-08,1.1102688e-05,0.00021559143
559,6,5.5894748e-06,3.4301134e-08,4.0362096e-11,6.58485e-15,4.4613793e-09,0.9999944,6.7575e-10,1.050415e-22
560,3,7.267251e-09,1.3438121e-08,0.9782963,2.1087781e-07,0.018835701,1.0886347e-11,2.5599087e-05,0.0028420957
561,3,1.3002277e-10,9.884703e-12,0.99401915,3.1988992e-07,0.0059310016,9.736016e-13,2.385772e-06,4.7156296e-05
563,6,8.571579e-09,2.6655511e-09,2.5719395e-11,2.0540456e-21,4.0403427e-12,1.0,1.107604e-12,5.340959e-27
566,3,5.6603596e-07,9.195696e-10,0.99992764,1.9954158e-09,7.142671e-05,6.999423e-11,1.2078232e-08,3.857708e-07
567,3,1.702444e-08,3.3316854e-12,0.999997,3.9705847e-10,3.0055019e-06,2.9506627e-12,2.6356244e-09,7.015498e-10
570,7,2.4072912e-07,2.0909081e-07,5.8012384e-12,2.9611924e-06,2.4239228e-06,1.0659304e-12,0.99999416,5.339555e-15
572,3,3.046624e-06,4.3944912e-10,0.99991477,1.2902734e-05,6.3576204e-05,2.86384e-10,5.555434e-06,4.4413976e-08
574,2,6.6172566e-07,0.9991875,9.201969e-15,1.0080342e-17,3.3863876e-07,2.2289866e-07,0.0008112079,6.3225735e-17
576,3,0.0028637731,4.6285525e-08,0.99462503,0.00046642858,0.0017950315,3.1191596e-09,6.480294e-07,0.0002490679
577,3,1.124049e-07,2.3901044e-12,0.9999956,1.1818056e-07,4.2210368e-06,2.1521632e-11,3.8847357e-08,4.502484e-10
584,3,2.856866e-09,1.6121937e-11,0.999864,1.586544e-07,0.00013436751,2.540297e-11,5.500334e-07,8.9936054e-07
588,3,2.5981333e-07,4.7552925e-12,0.99994946,1.0007698e-06,3.9318893e-05,1.0544719e-12,3.986546e-09,9.907867e-06
590,6,1.310934e-09,1.825008e-06,4.866516e-12,4.2266455e-22,1.9031667e-10,0.9999982,1.9924076e-09,2.357015e-25
591,3,1.6347772e-07,2.1676005e-10,0.9990711,1.0060068e-07,0.00092371786,5.834641e-11,6.621545e-08,4.773411e-06
593,7,1.929808e-08,1.0694879e-08,2.6743134e-13,3.7846934e-07,8.536062e-08,3.1147072e-14,0.9999995,8.292556e-18
601,3,0.0037230344,0.00038406556,0.95804155,6.6541817e-09,0.0010463144,0.036775567,2.943885e-05,4.375604e-09
605,3,6.880091e-07,6.532299e-08,0.9943216,5.3681786e-05,0.004169655,8.893298e-11,0.0011191275,0.0003350984
606,4,1.2583291e-07,8.379692e-15,7.333318e-08,0.9999528,8.994549e-09,5.446655e-16,4.698633e-05,1.05221075e-13
607,3,2.280652e-06,3.0831816e-11,0.9999796,8.135069e-08,1.7753378e-05,1.2582229e-12,3.5574934e-09,3.3213513e-07
608,6,3.6115607e-06,2.1302053e-06,1.0530908e-14,2.7084516e-16,1.4641517e-09,0.9999939,2.6982465e-07,6.2382264e-26
610,3,1.7192038e-07,1.18739185e-11,0.99997747,5.2555603e-08,2.1946025e-05,1.0523503e-11,3.2744976e-09,3.4905452e-07
611,4,0.00010839297,4.990416e-13,6.454523e-08,0.99939084,2.6307606e-07,5.358168e-12,0.000500378,1.1584467e-16
612,3,5.1708917e-06,3.093806e-11,0.9999788,9.417597e-06,6.490372e-06,7.9692813e-10,6.970627e-08,4.651479e-08
616,4,8.652576e-06,3.4408024e-10,6.256356e-05,0.99062145,2.1450683e-06,2.6512887e-11,0.009305161,3.3571818e-10
617,8,2.9557741e-08,5.2159077e-09,0.16944416,2.208778e-05,0.013049413,4.53957e-15,3.391164e-05,0.8174503
627,7,4.137729e-07,3.9188723e-09,0.00012717264,0.16337095,0.0053706835,2.365469e-13,0.83113,6.3473954e-07
629,3,1.1714145e-10,1.1430554e-13,0.99997187,5.9701327e-10,2.8181246e-05,3.486082e-14,2.4754152e-09,2.654159e-08
631,3,8.789589e-10,1.4440807e-10,0.9991578,8.0728846e-08,0.0008307282,6.6240034e-11,1.0368381e-05,1.0128065e-06
633,3,3.019363e-06,7.381572e-12,0.9999654,2.100035e-05,1.0330087e-05,3.095215e-12,1.14203154e-07,8.677983e-08
637,5,0.0012810375,0.47242588,0.012079611,8.645275e-07,0.4749647,0.00019524351,0.033630595,0.0054220175
638,3,8.396437e-06,4.125066e-07,0.9965699,6.3738025e-07,0.0017979043,5.4940436e-10,3.0287367e-06,0.0016196909
639,7,9.398261e-09,1.1232305e-10,1.4271996e-11,4.2828426e-05,3.4315877e-09,1.8644214e-15,0.9999572,6.471367e-18
640,3,1.08513476e-07,2.094568e-09,0.99312747,8.33416e-06,0.0048581013,3.0263115e-11,5.0316603e-06,0.0020008693
645,7,4.354794e-10,2.2153529e-11,5.7741327e-09,1.9648198e-05,6.3544114e-11,2.3464247e-16,0.99998033,1.851662e-17
646,3,2.1998598e-09,4.2926313e-10,0.983869,6.2440125e-07,0.013651833,9.222744e-13,5.166848e-06,0.002473325
647,8,4.375813e-07,3.2190583e-06,0.026192585,8.9192713e-07,0.16041943,1.7927312e-11,2.1791866e-05,0.81336164
648,3,1.1704501e-08,1.7271828e-11,0.99979204,2.258533e-09,0.00020551308,2.5859756e-13,4.033042e-09,2.5118304e-06
653,3,1.997663e-05,7.950636e-07,0.96739745,5.0532453e-05,0.031962104,3.452193e-08,0.0003185774,0.00025050677
655,3,0.00018947502,5.4741044e-08,0.97326565,0.00019226839,0.02615055,2.615083e-07,2.5443483e-06,0.00019905329
656,2,2.1786767e-07,0.99835664,7.378349e-15,1.3949599e-16,2.4301896e-06,3.9561274e-09,0.0016407354,1.4129885e-14
657,2,5.0049737e-05,0.9911504,2.7295167e-12,4.6418195e-14,1.7568733e-06,6.847084e-05,0.008729316,1.01073e-15
658,2,0.004169726,0.99184155,8.104337e-12,8.863348e-16,8.064109e-06,0.003937383,4.3214462e-05,1.8410603e-16
660,4,0.00011808685,1.0360055e-12,2.426608e-08,0.999185,7.113631e-07,2.3277658e-11,0.0006960845,2.237791e-16
668,3,9.281531e-08,2.680348e-10,0.98554987,2.8836491e-06,0.014437833,1.1544213e-09,1.5678291e-06,7.759397e-06
671,2,2.5908244e-06,0.9999069,6.9512925e-18,7.3264395e-19,1.5133077e-07,8.0095924e-10,9.037421e-05,4.0017923e-18
672,3,2.53283e-07,2.9010457e-12,0.9999833,4.5670337e-08,1.4060614e-05,9.7595936e-14,3.9877587e-10,2.3728805e-06
673,3,1.1964964e-07,1.9068311e-13,0.9999969,3.7783147e-07,2.6598586e-06,4.5384517e-14,8.052643e-09,3.1843703e-09
675,4,0.035423342,6.8315385e-05,0.37968907,0.49283272,0.0049468423,6.509595e-06,0.08697853,5.4756023e-05
676,8,2.8979195e-12,2.0596582e-11,0.00090904615,3.728473e-10,0.0004898958,1.8957518e-20,8.4465475e-09,0.998601
678,7,8.3306804e-07,7.0236866e-10,6.1348605e-05,0.11267741,3.6425192e-07,9.32001e-13,0.88726,1.0642918e-11
679,3,0.01745315,0.0002887312,0.66560256,0.008073166,0.0008957596,5.6341265e-05,0.30762988,3.6697742e-07
680,3,9.985159e-07,1.0834385e-08,0.9986551,1.8118607e-06,0.0010851033,1.251666e-10,2.3470618e-06,0.00025464437
681,3,2.6953492e-06,4.1309035e-12,0.9999957,4.2701643e-07,1.0767099e-06,1.8193329e-12,2.6757284e-08,4.0214776e-10
682,3,7.456229e-09,4.5279835e-12,0.99829465,5.160614e-07,0.00072682946,7.717582e-15,2.0597485e-08,0.0009778946
683,3,2.2885149e-07,1.0114357e-11,0.99999905,4.967849e-10,6.9862597e-07,3.4939034e-11,2.7076437e-09,5.3369642e-11
684,3,1.4610503e-10,1.3720139e-14,0.99993956,4.0870056e-08,6.02846e-05,2.236043e-14,7.846114e-09,2.0139819e-08
686,7,8.402385e-08,9.246971e-10,4.390671e-06,0.0046530804,4.4067427e-08,7.128044e-13,0.9953424,3.7574615e-13
689,7,6.7575945e-10,3.1565668e-12,4.0946297e-15,3.0733845e-06,6.835551e-11,3.700045e-18,0.9999969,3.886373e-22
690,4,2.844779e-06,7.746763e-12,1.1731522e-08,0.9972362,1.5214049e-07,7.8972426e-14,0.0027608208,8.925007e-13
691,2,8.333133e-06,0.9849947,3.3884332e-12,1.0104325e-15,9.703675e-07,0.0038768165,0.011119068,9.125948e-18
692,5,5.1722477e-06,0.00015660787,0.00022017847,1.3984714e-05,0.96192527,1.2042868e-09,0.0070818556,0.030597009
693,4,4.0913747e-08,5.5684056e-15,2.8346502e-08,0.99987316,5.4607616e-09,6.0390015e-17,0.00012672119,1.1581723e-13
694,5,6.9330425e-05,5.506946e-09,0.18169867,0.011594949,0.8064245,1.2920045e-06,0.0002073602,3.972276e-06
699,3,3.2239839e-06,2.4836994e-11,0.999959,1.8352222e-05,1.8858755e-05,4.357064e-12,2.0995525e-07,3.445784e-07
701,7,2.2300249e-10,8.828032e-10,6.1581423e-10,3.2616376e-06,8.264638e-09,3.7619875e-16,0.9999968,2.2101146e-14
705,6,0.0054854704,0.0002933828,4.1493408e-08,6.7644964e-17,2.297304e-08,0.9942212,1.401279e-09,1.6186973e-19
706,5,4.961413e-08,6.849183e-09,0.039230283,0.00012638562,0.95914674,1.1847097e-10,0.0009234678,0.00057315716
709,2,8.5085736e-07,0.9978212,4.156962e-19,8.3075713e-19,9.835888e-09,3.4401915e-09,0.0021779756,5.5916428e-21
711,2,7.101273e-05,0.9771994,4.1266134e-22,3.528909e-16,1.0248384e-08,2.2393645e-10,0.022729626,1.5461849e-22
712,3,0.001128253,8.7971394e-08,0.99885213,2.2999572e-07,1.892532e-05,5.3789453e-09,3.9896787e-07,3.1949362e-08
713,6,0.004501331,0.00043130023,3.2857195e-06,1.2830459e-12,2.9405544e-06,0.995061,8.470351e-08,1.7099066e-14
715,3,3.9029555e-06,2.9927452e-10,0.9999627,3.8306425e-06,2.679988e-05,2.4553617e-12,2.673485e-06,8.633368e-08
718,3,1.2425942e-09,8.583721e-14,0.9999931,5.4888105e-08,6.904631e-06,2.7209997e-13,3.0172497e-08,3.1688776e-09
720,3,6.2768e-10,1.3176312e-12,0.9998559,6.220987e-09,0.00014235883,6.6491605e-14,1.0163027e-08,1.769467e-06
722,2,6.5575205e-06,0.9998479,9.555622e-16,6.3584963e-17,5.4847233e-06,1.1351693e-08,0.00014003947,4.2821895e-15
725,3,4.1200803e-08,2.6062102e-12,0.99999833,5.6426614e-09,1.593456e-06,3.6977053e-12,1.8715772e-08,1.9208944e-10
726,5,7.784514e-07,4.3404856e-07,0.014228604,0.0002583872,0.7013796,7.302396e-12,0.0007540159,0.2833782
727,2,4.2765596e-08,0.9998543,2.6111308e-18,3.6919297e-20,7.701842e-07,8.3964213e-10,0.00014478173,1.3233683e-17
730,7,0.0009928207,0.00026906442,1.1782757e-10,2.3773617e-05,5.342222e-07,9.607136e-09,0.99871373,3.1710877e-14
732,7,8.2071665e-08,1.4550671e-08,4.462992e-12,4.7785084e-06,1.6371082e-07,1.4736763e-13,0.999995,1.3558419e-16
733,6,0.01221283,4.808647e-05,6.193499e-12,3.0818834e-11,9.050716e-07,0.98773617,2.059724e-06,6.5421366e-20
736,4,0.00022481858,4.277836e-12,4.0479215e-05,0.9995369,0.00011970912,5.5613922e-09,7.819937e-05,3.2527303e-12
737,2,3.0005901e-06,0.9985266,7.494805e-18,8.8420314e-17,2.2247119e-07,6.9525635e-10,0.0014701507,3.0812885e-17
738,7,1.2269259e-06,1.2361518e-07,1.5065824e-09,0.0019210441,2.776026e-05,6.7613254e-13,0.99804986,6.0583684e-11
739,3,1.1087838e-09,3.1872287e-15,0.9999988,3.8140575e-09,1.2098808e-06,1.5963015e-13,6.313043e-11,8.78701e-10
740,3,6.0824683e-09,1.4944607e-14,0.9999933,2.0406287e-07,6.3785224e-06,1.98361e-15,4.0553925e-09,7.4159128e-09
741,7,5.351032e-07,0.00013714354,1.1735283e-14,1.3293845e-09,1.9421379e-05,1.03111575e-10,0.9998429,3.2244178e-16
743,3,6.2409505e-05,2.6174602e-09,0.99993634,2.8195227e-10,1.1329324e-06,7.392348e-08,1.1251145e-08,4.939077e-12
746,3,0.00029241314,1.1944352e-08,0.9007444,0.008550161,8.297044e-06,1.1363926e-09,0.090404615,5.4389444e-11
747,3,8.066578e-12,2.1588555e-15,0.9999211,7.2312862e-09,7.839927e-05,4.716469e-16,1.452491e-09,5.2421217e-07
749,3,3.2008234e-09,5.6628346e-13,0.9999949,1.3391052e-09,5.1474267e-06,5.748678e-13,4.06556e-09,1.3239989e-09
750,3,9.2577545e-07,2.1048477e-07,0.9990175,3.1606734e-07,0.00093616225,2.3836805e-08,2.333401e-05,2.1455213e-05
752,1,0.99934584,0.00017294963,0.00032678785,9.208471e-06,1.2624921e-05,4.379229e-05,8.874898e-05,5.1307018e-11
753,7,4.966531e-07,1.2480875e-09,1.2525136e-09,8.963304e-06,3.5830128e-10,4.8381346e-14,0.9999906,2.40922e-19
754,3,0.000103883234,1.1026245e-10,0.9988354,0.0009936085,2.2762897e-06,4.8848564e-11,6.4759035e-05,2.5485308e-10
755,6,1.3136171e-05,2.5299875e-07,1.7580887e-13,8.0065146e-15,4.8844235e-09,0.99998665,2.5171033e-08,1.6488052e-24
758,3,4.564921e-07,6.420644e-12,0.999995,5.135247e-08,4.4462718e-06,6.102925e-11,1.3982085e-09,2.8083392e-08
759,3,1.3834797e-06,1.1833826e-09,0.9997261,2.0204119e-07,0.00027114974,6.110174e-10,1.7311771e-07,9.566428e-07
760,6,8.3072666e-07,9.94518e-07,1.759376e-14,1.3540759e-20,6.8702107e-11,0.9999982,5.166293e-10,4.502406e-27
763,6,1.6661576e-07,4.9715343e-09,2.2082624e-11,3.0462082e-18,9.055454e-11,0.9999999,1.7957838e-11,2.3446524e-25
766,3,6.3454536e-06,4.4747976e-06,0.8525581,7.597734e-05,0.099838816,2.7002763e-08,0.00036797518,0.047148284
771,3,1.5888748e-08,8.460888e-12,0.9999355,1.3318396e-06,6.1862454e-05,3.9824567e-12,1.0486e-06,2.696044e-07
773,3,6.194339e-10,2.6060573e-14,0.9999827,6.996399e-09,1.7211632e-05,2.818336e-14,4.2632664e-10,7.663481e-08
774,6,7.063674e-06,0.13402018,1.560257e-08,1.5042602e-17,1.5261456e-06,0.8659396,3.1672982e-05,2.804074e-17
780,3,3.593848e-06,1.0697819e-07,0.9976598,1.5994311e-07,0.002329712,1.240815e-07,4.0366317e-06,2.4528094e-06
783,3,3.1169964e-09,2.1995372e-12,0.99996877,1.8704494e-10,3.1211734e-05,4.336196e-13,1.0326789e-09,2.9508556e-08
785,6,8.991361e-06,2.1141452e-06,1.1003326e-10,3.254036e-14,1.9568525e-08,0.9999888,9.3378816e-08,4.8302348e-21
788,3,1.5967496e-09,9.646434e-13,0.9999895,5.764367e-10,1.0519588e-05,4.906772e-13,3.794322e-09,4.923113e-09
789,5,2.3360235e-06,2.3019074e-07,0.1388125,2.3075629e-05,0.8349892,2.1013806e-09,2.8254735e-05,0.026144413
790,3,1.5235479e-08,3.349939e-13,0.99999857,4.7040216e-09,1.4620539e-06,7.6539263e-13,3.7420986e-09,2.1916147e-10
791,3,4.6391155e-10,6.473907e-13,0.9999695,3.081507e-09,3.047827e-05,2.285291e-13,2.8682967e-08,1.2773053e-08
792,7,4.264308e-07,3.353463e-10,1.6528548e-11,0.0004081398,4.388466e-09,5.3772376e-14,0.9995914,1.7969796e-18
793,7,5.0114156e-11,3.093999e-11,3.4572795e-14,7.9638863e-07,6.671671e-11,8.2831287e-19,0.99999917,6.2187516e-19
794,3,1.7727125e-07,1.6737859e-07,0.5734848,5.805619e-07,0.42287773,6.7900363e-10,3.547192e-05,0.0036010663
797,2,0.0035696744,0.9657849,4.4269655e-06,1.8607316e-09,0.0023042639,0.02317541,0.0051613236,8.839731e-09
800,3,8.925183e-06,1.8747983e-07,0.96726626,2.843227e-06,0.032487463,2.747864e-08,5.935992e-06,0.00022839068
801,3,3.022287e-06,6.2977233e-07,0.99154705,2.9755104e-06,0.007958161,2.6547013e-08,3.62777e-05,0.00045184427
808,3,2.3259949e-08,3.9038722e-10,0.9920527,3.6542556e-07,0.007917718,8.932215e-11,8.7292295e-07,2.8392331e-05
810,4,5.7554945e-07,1.8282297e-13,2.1924673e-06,0.9999268,1.4348326e-07,1.0032978e-13,7.0320355e-05,6.442409e-12
813,3,0.000119637814,0.0010526475,0.6693349,3.736047e-05,0.28000504,5.1044653e-06,0.0061469637,0.043298382
818,5,3.30632e-08,7.509572e-09,0.000117933785,1.0038946e-06,0.999816,2.599215e-10,1.1958626e-05,5.3045358e-05
820,2,6.0752846e-08,0.9998505,3.2198428e-25,4.684238e-24,1.4451142e-11,1.068733e-12,0.00014941067,6.183976e-27
822,3,2.5271697e-06,5.2029847e-10,0.98561895,0.012504809,0.0015409242,1.1743656e-10,0.00030864592,2.4186866e-05
823,3,1.7046408e-11,3.0608798e-15,0.99996233,1.36774325e-08,3.771916e-05,2.0431902e-15,1.0388802e-08,1.0570774e-08
827,6,5.846764e-05,1.8308491e-06,1.6081773e-09,3.2075014e-18,9.021058e-10,0.9999397,4.5478173e-11,4.3690833e-22
828,3,5.9760754e-07,1.585221e-08,0.99951196,3.684421e-06,0.00044047253,6.6353e-09,3.499687e-05,8.200409e-06
829,3,1.3714363e-06,1.01245625e-08,0.99700505,1.4358574e-07,0.0029907883,1.7536836e-08,8.693436e-07,1.7946978e-06
831,4,9.625015e-06,1.1261199e-11,1.8055114e-05,0.99897194,6.677103e-07,1.2146794e-12,0.0009996928,2.4417687e-11
832,7,3.1937313e-07,5.7613575e-12,1.960081e-11,0.0353987,2.584937e-09,1.0951272e-15,0.964601,1.6136204e-18
833,3,4.3366006e-07,8.013398e-09,0.9999732,8.7967456e-10,2.615498e-05,1.9869512e-08,2.1462243e-07,8.99396e-09
834,3,1.5932694e-06,2.1275431e-10,0.9999337,2.7144047e-06,6.1319486e-05,2.874303e-10,6.080303e-07,8.106058e-08
836,3,3.0339646e-07,1.2478486e-08,0.99874854,1.4565892e-06,0.0011135666,6.3556366e-10,7.996218e-06,0.00012810333
838,6,6.882273e-05,0.0012206861,2.899238e-11,3.901388e-15,1.4320783e-07,0.9987042,6.1221867e-06,1.9226785e-19
839,3,1.3134423e-08,2.579444e-09,0.96759486,1.9691093e-05,0.030522443,7.6491306e-11,8.856113e-05,0.0017743637
841,6,1.16775404e-07,5.3943074e-07,3.5304637e-13,2.0826554e-19,3.38255e-10,0.9999993,1.1039583e-09,1.4640143e-24
843,6,0.000119875906,8.658687e-07,5.036847e-12,1.4835002e-12,9.011063e-08,0.9998791,1.0806099e-07,2.0166488e-21
844,3,9.921301e-07,2.0175365e-11,0.9999651,5.6272097e-06,2.7208824e-05,1.4180115e-12,1.3601279e-07,8.9389994e-07
851,6,8.59809e-07,1.5804727e-07,4.6758396e-12,6.340809e-16,1.6460288e-09,0.99999905,8.3886444e-09,8.205771e-24
853,6,6.322604e-08,1.28061535e-08,5.9441846e-15,1.7320378e-20,2.3046582e-11,0.9999999,3.891473e-11,2.0683563e-28
854,3,1.3062949e-09,3.506324e-09,0.83021504,3.6502915e-06,0.16259286,2.515681e-11,0.00012760075,0.007060913
855,2,8.334103e-09,0.99290997,5.390278e-21,6.4564665e-20,1.6905949e-08,3.835825e-11,0.007090027,7.699745e-21
856,3,8.053036e-07,2.1224605e-11,0.999997,4.702835e-07,1.3059732e-06,9.91743e-10,3.0675798e-07,1.865144e-10
858,3,2.5386243e-10,5.3523405e-12,0.9986106,5.658469e-06,0.0012831247,3.4401474e-14,9.321994e-05,7.3424344e-06
863,3,3.2234625e-06,2.4015973e-08,0.9979226,3.8892864e-05,0.0012386334,6.912944e-10,1.7339737e-05,0.0007792776
867,3,0.0004889968,4.2590204e-06,0.99904007,1.284122e-06,0.00045131572,2.0686298e-06,8.991033e-06,3.1492402e-06
869,3,9.348749e-11,1.8422088e-15,0.999908,1.4630167e-07,8.6919e-05,3.142931e-16,6.045919e-10,5.0092613e-06
872,3,0.00052733003,4.1627706e-07,0.9976271,7.696586e-06,0.0016672194,2.3603347e-08,9.954515e-07,0.00016924887
874,3,0.0024735956,0.004598363,0.7378091,3.5843553e-07,0.25302917,1.739217e-05,0.00025608085,0.0018158724
878,4,3.268554e-07,6.0762803e-16,6.717423e-05,0.9999268,4.1275328e-08,2.6401771e-14,5.5966498e-06,3.1249414e-14
883,6,8.3627486e-07,7.453651e-08,2.843082e-11,1.059664e-15,1.1353467e-09,0.99999905,4.024808e-09,9.28836e-24
884,3,4.2067627e-06,2.847218e-06,0.99322104,5.104671e-06,0.0062307,2.3462054e-07,0.00036252989,0.00017333847
885,3,9.874295e-09,6.277797e-10,0.9833512,7.985463e-06,0.0066287667,2.1622622e-13,2.2737471e-05,0.00998923
890,3,3.212472e-08,1.4743819e-10,0.9998085,2.4298819e-09,0.00018974458,3.2693965e-12,1.7450056e-08,1.8183941e-06
895,3,2.977448e-07,8.794264e-08,0.9858314,1.0918169e-05,0.013431178,9.893953e-09,0.00011857038,0.0006075503
897,3,2.9700595e-07,2.0172858e-10,0.9999014,7.629268e-07,9.452207e-05,3.8795467e-13,2.2980134e-06,7.752567e-07
898,1,0.99933416,0.00039042762,1.1094685e-12,1.633313e-06,2.9495993e-06,5.0094303e-07,0.0002702518,2.6621432e-15
899,3,1.5431064e-08,1.0789623e-12,0.9999981,3.0949066e-10,1.8972482e-06,2.0576702e-12,9.604891e-10,2.9462713e-10
901,3,7.3347e-07,6.511189e-10,0.9996792,2.034086e-07,0.00031842172,3.3342787e-10,1.432129e-07,1.3027411e-06
904,3,0.0005660821,3.587972e-09,0.9994203,5.2175055e-06,7.804657e-06,6.324902e-10,5.9505055e-07,8.75806e-09
906,3,1.0282511e-08,2.9634377e-12,0.9999932,1.0881426e-10,6.7322767e-06,3.172998e-12,9.1300423e-10,1.5040095e-09
907,6,5.378753e-07,1.5760186e-08,3.617021e-13,3.90695e-17,2.1185997e-10,0.9999994,5.3266463e-10,2.1950628e-26
910,6,1.488904e-06,0.00018836273,2.6352415e-13,3.5361589e-19,1.6571324e-09,0.9998099,3.2430393e-07,4.5598606e-24
914,2,1.5499612e-07,0.9995147,1.9047306e-13,3.7532915e-18,1.4368858e-06,7.709711e-07,0.0004829469,7.8560924e-16
916,3,7.812596e-09,7.0222494e-10,0.99978024,5.966362e-09,0.00021861168,3.4542366e-10,8.9508154e-07,2.8621102e-07
918,3,2.6962923e-06,4.45762e-09,0.9999659,1.4679359e-09,3.1314416e-05,5.3455307e-10,1.7210793e-08,1.2925526e-07
919,3,7.8765304e-05,2.9891376e-07,0.99970776,3.5978562e-07,0.00020687711,5.2112064e-08,5.4936904e-06,3.2741207e-07
920,7,1.0073586e-06,5.2149056e-07,1.2192367e-06,0.0014737529,7.7778015e-05,2.7234954e-11,0.9984458,5.19673e-09
922,3,2.7472296e-08,1.9416728e-10,0.9949012,1.5040484e-05,0.0038913598,8.146131e-12,2.9132905e-06,0.0011893022
923,3,0.00016453117,2.2091692e-07,0.9935761,0.0037876666,0.00044962476,2.2509843e-07,0.0020182824,3.3929373e-06
925,2,0.0020588778,0.99783176,6.770657e-14,6.960282e-15,3.3364272e-06,1.1618081e-06,0.000104809274,1.818526e-15
926,3,0.00048043628,6.76455e-05,0.8084518,0.00040013515,0.17556985,7.2338316e-06,0.0006687388,0.014354242
927,5,6.187596e-08,1.3725032e-07,0.00050926034,2.3159767e-07,0.74837476,1.5735154e-12,2.1920505e-06,0.25111336
929,5,5.289832e-07,3.8419046e-10,0.23997821,0.0061592427,0.7533763,4.5370704e-10,0.00041828156,6.741896e-05
932,5,2.6578085e-05,1.4581897e-10,0.011844592,0.08820404,0.89977705,4.6053508e-09,0.00014661496,1.0367505e-06
935,3,9.881257e-07,7.7776497e-07,0.99466383,7.322941e-08,0.005178462,5.1921263e-09,1.2887718e-05,0.00014292728
936,3,5.4144034e-06,1.1717065e-08,0.9999665,1.3657594e-09,2.799271e-05,1.2732705e-09,3.4744435e-08,6.911601e-08
938,6,1.0492316e-06,1.2431282e-08,8.193441e-10,8.615361e-18,2.0271294e-10,0.9999989,8.589444e-12,1.0370059e-23
939,3,2.8609456e-08,1.4920211e-09,0.9973801,4.8141064e-06,0.002329172,1.1904662e-10,1.81095e-05,0.0002678355
941,6,1.466344e-08,5.077486e-09,5.864344e-11,3.789362e-18,8.204643e-11,1.0,1.1482572e-10,4.9347633e-25
942,3,0.000106690226,5.2570664e-07,0.994379,3.1570373e-05,0.0047919215,7.416155e-09,1.3277097e-05,0.000676949
947,3,3.094425e-08,1.080994e-11,0.9996013,6.5608043e-07,0.000386262,3.6347913e-12,3.1648657e-08,1.1732201e-05
948,3,1.9925481e-05,8.465759e-08,0.9991571,3.4144268e-08,0.00082199415,2.8100095e-07,5.082198e-07,2.36355e-07
949,3,4.204636e-08,3.7014333e-11,0.9999316,3.5733184e-08,6.6978806e-05,7.307763e-12,2.390959e-08,1.3657501e-06
951,4,0.00018293128,4.4022066e-09,0.00102652,0.54567564,0.44372866,3.4012293e-09,0.009386052,2.7533835e-07
953,7,2.3897323e-05,1.0178923e-09,0.0027379738,0.3653805,4.792502e-05,8.689967e-11,0.6318097,3.472556e-11
954,6,0.03179866,2.7912137e-07,8.6320506e-05,2.4311256e-10,8.241265e-06,0.9681065,1.7339884e-09,2.9016215e-15
959,7,0.00015083684,2.4153543e-08,6.1716156e-07,0.18803144,4.481664e-05,5.968961e-10,0.8117723,2.2662948e-12
965,8,2.937926e-10,9.097756e-09,0.00018508552,2.6870253e-09,0.0957387,2.9917283e-16,2.0041288e-07,0.90407604
966,3,1.4237222e-07,8.278317e-10,0.99979514,2.6916098e-09,0.00020266934,1.76499e-11,2.9148476e-08,1.9801341e-06
967,6,7.057882e-07,1.981547e-06,4.968513e-10,4.522791e-16,2.9194474e-09,0.99999726,3.219624e-08,1.5856535e-21
968,7,6.132582e-08,8.94668e-08,4.8920475e-07,0.00026041016,0.00023255071,4.903878e-13,0.9995065,6.2306142e-09
970,6,0.0003683509,2.7823347e-05,1.1946392e-10,6.3760616e-12,8.025463e-07,0.9996019,1.2304907e-06,2.6363307e-18
971,2,3.5703998e-08,0.9996619,1.1327573e-14,1.7342758e-19,5.609701e-07,1.908694e-07,0.00033729197,5.65138e-17
974,6,7.838556e-05,1.1284642e-05,5.228729e-09,1.9673645e-15,2.1849045e-08,0.99991024,5.8199996e-09,2.2572598e-19
975,3,2.8372904e-06,7.16774e-09,0.9895984,7.6504366e-05,0.008755536,1.0529049e-09,2.4322708e-06,0.0015642338
976,4,1.6557152e-06,3.817195e-11,1.3677536e-05,0.9967114,6.618205e-07,1.1720899e-12,0.0032726077,2.9123015e-10
977,3,2.374977e-08,1.7175993e-11,0.99989855,4.704056e-08,9.881842e-05,2.3331666e-12,1.8347185e-08,2.5863444e-06
978,3,2.9176658e-07,1.4122938e-07,0.7008396,4.1103667e-06,0.11600127,1.5910556e-11,2.510012e-05,0.1831295
982,6,1.9961333e-06,0.00026457486,1.8423318e-13,3.8841377e-20,2.7333533e-09,0.9997334,7.175776e-08,7.59293e-24
983,3,8.423007e-08,6.678004e-09,0.99650514,7.4049444e-07,0.003376292,3.7133666e-10,6.076424e-06,0.00011172979
986,3,1.3720651e-07,5.1372474e-12,0.9999993,1.319794e-09,5.544255e-07,1.5321142e-11,6.109456e-09,3.6261216e-11
988,3,4.2018837e-07,3.4299438e-10,0.97445786,5.683346e-08,0.025540449,1.0320075e-09,6.539021e-08,1.1605503e-06
989,3,3.3626502e-08,2.0483279e-10,0.87041664,2.3070868e-05,0.12908447,2.8767823e-11,6.4446035e-06,0.0004694101
990,3,1.0390836e-08,5.7675986e-12,0.9984084,3.1396553e-08,0.0015830245,3.81041e-13,8.472006e-09,8.531253e-06
996,3,6.030102e-09,9.3038764e-11,0.99989545,1.6139206e-08,0.00010393676,1.6801865e-10,4.4902995e-07,1.09442354e-07
998,2,7.5251535e-08,0.99916494,4.6606726e-19,7.219245e-21,1.0476425e-09,1.9887323e-09,0.0008349827,4.3045285e-22
999,3,9.7463315e-05,2.0910768e-06,0.99791926,2.1317808e-06,0.0019300076,6.4773116e-07,8.929448e-06,3.947233e-05
1001,3,5.0421327e-06,1.0844842e-07,0.97761405,6.1762235e-06,0.022075707,7.100236e-09,1.613864e-05,0.00028290137
1002,3,1.5473887e-08,1.45285875e-11,0.9994887,1.2852637e-06,0.00050213584,9.54833e-12,1.9282601e-07,7.5137286e-06
1009,3,8.500478e-06,1.1136917e-06,0.8779003,2.1563146e-07,0.11915368,1.41825e-09,3.4860914e-06,0.0029327865
1010,3,2.001808e-09,4.322537e-11,0.9998511,8.187953e-09,0.00014852667,6.402005e-11,2.7956585e-07,1.2980999e-07
1011,7,1.3233845e-08,3.201818e-11,6.010683e-15,6.2622917e-06,1.5731841e-11,5.6753627e-16,0.9999937,7.661695e-23
1012,3,1.0108292e-06,7.090154e-10,0.9999794,4.8139484e-09,1.9585246e-05,1.3848436e-10,2.5411417e-08,4.6439908e-08
1017,3,1.5533549e-09,1.2558865e-12,0.9997974,7.920434e-08,0.00019579953,1.1720128e-13,2.028746e-08,6.6550406e-06
1020,6,0.00015302424,3.6329998e-06,6.901862e-11,4.4273152e-14,3.1456555e-08,0.99984336,3.1446476e-08,4.3220038e-21
1022,3,8.339851e-06,4.676504e-09,0.99998903,1.0582716e-08,2.3773018e-06,5.620246e-09,2.705972e-07,6.5645656e-10
1025,3,2.8667012e-07,3.621212e-08,0.9991279,2.4944035e-07,0.0008492302,6.9335315e-09,1.0651612e-05,1.1747026e-05
1029,6,6.3363754e-05,1.639218e-06,1.7419598e-09,3.250164e-18,9.8636e-10,0.9999349,3.5514463e-11,5.1942515e-22
1030,3,3.871687e-09,1.7682222e-12,0.9999924,3.7398706e-09,7.5757093e-06,1.1268482e-12,3.8111118e-08,1.2473378e-09
1031,6,6.8097133e-06,2.9004459e-09,4.2737856e-06,4.7708504e-12,3.1681478e-07,0.99998856,7.500112e-10,7.099636e-18
1034,3,1.95059e-08,1.172954e-09,0.98971087,2.2033626e-06,0.00912277,1.4621264e-11,5.039769e-06,0.0011590892
1035,3,2.922775e-09,4.3207327e-10,0.986291,3.8743005e-07,0.011330541,6.0533067e-13,2.7499689e-06,0.0023753815
1037,6,6.780373e-05,4.3825923e-05,2.9932155e-12,9.2409235e-18,5.5907927e-09,0.9998883,1.16983525e-08,9.297118e-23
1038,4,2.0030868e-07,5.445536e-15,1.7716894e-07,0.9999641,3.384583e-08,5.2771084e-15,3.541475e-05,6.7668513e-14
1041,3,1.1426156e-09,9.638042e-14,0.9999933,8.730316e-09,6.64361e-06,3.6535182e-13,3.528262e-09,7.345007e-09
1042,3,2.9690735e-08,6.5243314e-12,0.99997425,3.5385817e-08,2.5710424e-05,8.8791925e-12,5.6317113e-08,6.918959e-09
1043,7,7.3950696e-07,7.566103e-05,5.277504e-05,3.0020397e-05,0.07588358,4.966048e-10,0.92390454,5.2692565e-05
1044,7,0.0008810355,3.3665397e-05,4.4973305e-05,0.12501575,0.092296265,7.672299e-08,0.78172207,6.117264e-06
1045,7,0.024276342,0.0016288871,0.07144383,0.008241579,0.037636615,0.0014609054,0.8553108,1.00334e-06
1046,7,0.0004699003,1.1842839e-07,0.011626031,0.009897929,3.8843345e-06,1.6455534e-09,0.97800213,3.2282417e-12
1047,3,6.838868e-09,3.966223e-10,0.9659632,7.036269e-07,0.016175142,8.975296e-14,9.837833e-07,0.017859884
1050,7,9.3957e-06,4.3149145e-10,5.6574084e-08,0.12724553,1.3503206e-06,4.748373e-13,0.87274367,3.8050817e-14
1051,2,0.00024538487,0.99899286,2.1962406e-10,1.1301661e-13,5.969404e-06,2.826875e-05,0.00072761707,2.587247e-13
1053,6,4.7906397e-05,2.6220814e-05,2.418201e-08,1.9921105e-13,1.06537414e-07,0.9999255,2.3186574e-07,6.383291e-18
1055,4,0.00038266333,8.510601e-10,4.0474406e-06,0.99545395,1.3832051e-05,1.495942e-11,0.0041455394,1.7439979e-10
1058,1,0.9995172,0.0004813032,3.627326e-15,1.5585391e-10,2.8962683e-07,7.4924503e-07,4.9223786e-07,1.2820098e-17
1061,3,0.0002669927,2.578523e-05,0.99844813,1.5937936e-06,0.0011708125,2.5556548e-05,5.067663e-05,1.0358417e-05
1062,5,0.0012756211,2.2766292e-07,0.0002702215,0.055588104,0.927702,7.143903e-11,0.015155826,7.965157e-06
1069,3,0.00020024198,5.6709416e-07,0.99614656,0.00019930195,0.0023337922,1.6177163e-08,2.276568e-05,0.0010967857
1070,5,2.466503e-05,4.939971e-05,0.10073536,7.2237444e-06,0.6237245,8.69237e-09,0.000115381445,0.27534342
1071,3,1.438017e-05,1.2880386e-05,0.87372553,0.00015756454,0.10156375,3.2614284e-07,0.0010940448,0.023431538
1073,7,2.1216466e-09,4.3857712e-10,1.3534368e-14,1.6467088e-07,1.5045584e-10,9.348836e-16,0.9999999,4.0511736e-21
1076,3,1.4337574e-07,5.378606e-10,0.9993748,2.6595768e-07,0.0005818401,2.0027618e-11,1.763172e-07,4.2822998e-05
1078,7,3.475085e-06,5.466637e-10,3.2618974e-08,0.077452764,6.750158e-08,8.6614316e-14,0.9225437,3.016799e-14
1079,3,9.974137e-08,2.4901964e-11,0.99999845,5.0192395e-10,1.3977035e-06,2.1021138e-11,1.1317685e-08,1.7396791e-10
1083,3,1.0216779e-10,2.4549947e-14,0.99998033,4.685139e-10,1.9658093e-05,9.306956e-15,3.6307052e-10,3.081319e-08
1089,3,4.97057e-06,4.0916017e-11,0.9999913,6.255154e-07,3.17236e-06,7.1859794e-09,8.454194e-09,1.0591423e-08
1090,3,0.0043714866,1.3929284e-07,0.9955947,7.637376e-07,1.0171232e-05,5.516818e-06,1.7247496e-05,7.0179773e-12
1092,3,6.602119e-09,1.2234498e-12,0.9999517,1.3145474e-07,4.758881e-05,1.4412543e-12,1.524337e-08,5.787424e-07
1094,4,8.068937e-07,2.4813385e-12,1.290839e-09,0.97634536,2.1139215e-08,2.1248607e-15,0.023653835,1.36673476e-14
1095,6,6.570499e-07,1.2563167e-07,1.9036842e-14,1.5499919e-17,5.434751e-10,0.99999917,3.4231937e-09,4.38841e-26
1096,4,0.057719983,3.667278e-08,0.0005601438,0.8883435,4.3190805e-05,1.0497913e-08,0.05333321,4.6779937e-12
1097,3,3.50479e-09,8.558383e-12,0.9989706,7.383279e-08,0.0007128643,1.14809505e-14,2.4374557e-08,0.00031645413
1098,8,5.268374e-07,3.8574118e-08,0.20681109,7.162695e-06,0.02666101,1.877622e-13,2.582801e-06,0.76651764
1100,3,1.1255212e-09,7.770893e-12,0.99570906,1.097444e-06,0.0034493776,1.4132331e-14,5.010756e-07,0.00084001163
1101,3,2.0204538e-06,1.1162098e-09,0.99995804,1.1221998e-09,3.9848972e-05,2.2729273e-10,4.9529274e-09,9.106062e-08
1103,3,1.6997756e-05,5.1803106e-10,0.99826705,0.00012718044,0.00081061485,4.900473e-12,1.5089395e-07,0.00077792094
1105,7,2.9534158e-10,1.8952526e-12,2.406867e-12,6.0226125e-06,1.322749e-12,2.4434657e-18,0.9999939,1.0892422e-21
1108,7,6.8798673e-09,2.069992e-11,5.805922e-15,5.918914e-06,1.5694144e-11,2.0900175e-16,0.99999404,1.2563283e-22
1113,3,0.00058427214,7.66399e-06,0.9729446,0.0014594482,0.00074901746,2.3895453e-07,0.02425155,3.2500154e-06
1119,3,3.5123318e-05,2.6333709e-07,0.99993324,5.358119e-09,2.9906216e-05,2.019543e-08,1.362118e-06,1.7654452e-08
1122,7,2.0920317e-05,4.6427787e-05,4.0191354e-11,1.9433229e-07,3.959382e-08,1.1689538e-07,0.9999323,1.441275e-17
1125,3,1.6280849e-06,3.1850848e-07,0.9694688,2.5130307e-06,0.0006810807,3.5118236e-10,0.029845638,5.0838874e-08
1133,2,2.0143236e-08,0.99955624,1.5836919e-20,1.1505447e-21,9.300658e-09,4.6651877e-10,0.00044374348,1.0252144e-21
1139,4,5.6659114e-06,1.7097777e-09,1.9671726e-05,0.59157616,0.00080216693,3.1901708e-12,0.4075963,3.3854408e-09
1140,5,3.985205e-07,5.600249e-09,0.05407607,6.303902e-05,0.94542325,1.4422389e-08,1.450715e-05,0.0004226392
1145,6,4.871609e-07,1.2527039e-07,5.4698185e-10,6.3561323e-19,3.7786713e-10,0.9999994,2.0901137e-11,1.7755323e-22
1148,2,3.853907e-06,0.9994584,2.7726855e-13,6.5778563e-15,0.00018420143,1.6231287e-08,0.00035351785,1.7796726e-11
1149,3,8.1004833e-07,1.031109e-07,0.9904621,2.3430084e-07,0.009507039,2.599207e-08,1.1129488e-05,1.850055e-05
1150,3,1.1417274e-09,1.9705552e-12,0.9998165,2.3171556e-09,0.0001780906,1.1964554e-14,2.8015297e-09,5.509783e-06
1151,3,4.96626e-09,1.9516996e-10,0.9997986,7.631117e-09,0.00020069703,1.2818567e-10,4.325081e-07,2.62426e-07
1155,3,4.917595e-09,4.7636088e-12,0.99983704,4.3482988e-08,0.00015884521,4.4912313e-13,1.8180627e-08,3.9964425e-06
1157,3,1.4661417e-06,9.1489465e-09,0.99996305,2.9233203e-09,3.52244e-05,5.3756366e-10,1.4865587e-07,1.1196538e-07
1160,3,4.2987006e-07,1.6013447e-08,0.74994856,2.3288073e-06,0.018688945,4.2249697e-13,9.393508e-07,0.2313588
1161,3,0.032601997,0.002946653,0.9401244,0.00046524685,0.013289714,0.00441323,0.0061005107,5.8245412e-05
1163,3,1.4017033e-08,2.2476947e-09,0.9901722,3.5011333e-06,0.009149598,8.3292706e-11,2.518874e-05,0.0006495854
1165,3,1.1546207e-09,1.4698454e-11,0.9958397,2.4726737e-07,0.003226788,2.7271185e-14,2.0493084e-07,0.0009330905
1166,3,5.3647677e-06,4.2247983e-11,0.999895,7.085982e-05,2.320105e-06,4.80251e-09,2.6446358e-05,2.3410003e-11
1167,7,7.2641004e-10,3.1439278e-11,1.6098052e-12,6.4062315e-06,1.8454855e-08,2.3882749e-17,0.99999356,9.862633e-18
1169,4,7.75357e-05,5.123249e-10,6.5853965e-07,0.8643004,8.993333e-06,6.7514605e-11,0.13561247,3.9294742e-13
1170,1,0.98747975,0.01250972,2.3045875e-13,4.9101948e-14,2.728447e-07,1.0190186e-05,9.677729e-08,1.016139e-17
1171,3,2.7175687e-07,1.0756203e-08,0.9892179,2.5962923e-05,0.010486526,2.553492e-09,3.88806e-05,0.00023053233
1173,3,2.2210607e-11,9.428691e-14,0.9947813,7.185813e-07,0.004929355,2.30522e-15,1.2475071e-07,0.0002885063
1174,6,3.0868975e-08,2.4358142e-09,1.1460003e-12,1.0037324e-18,1.5134281e-11,1.0,7.208204e-11,6.336086e-28
1175,3,2.1421417e-06,4.5092907e-09,0.9966781,5.780729e-06,0.0030474667,4.2986673e-10,5.763463e-07,0.00026593215
1177,7,0.00050763506,1.562497e-07,9.329662e-07,0.1262094,7.2655916e-06,5.648886e-09,0.8732746,7.7508876e-13
1179,3,8.743742e-09,1.1559949e-10,0.9884328,1.3380476e-07,0.011532258,1.0682456e-11,2.8009728e-07,3.453453e-05
1184,3,0.001974898,3.16024e-06,0.99618226,3.3569897e-05,0.0016606923,1.9295798e-07,9.048219e-06,0.00013624171
1189,3,2.0661146e-05,3.4476184e-06,0.7733304,7.609511e-05,0.2222546,5.012858e-07,0.0002659128,0.004048412
1192,8,9.471387e-09,1.182186e-06,0.0014621143,6.5233854e-07,0.1849707,6.091113e-13,0.00019542735,0.81336987
1193,7,9.711791e-07,4.580452e-07,5.8220633e-12,2.9536347e-06,7.3286664e-08,3.0942592e-11,0.99999547,1.3090592e-16
1194,3,0.0006608174,6.823582e-07,0.99869317,0.00013630585,0.00045790942,2.750416e-07,4.5218225e-05,5.5827236e-06
1195,8,2.239457e-09,1.3254994e-08,0.008327587,3.798775e-07,0.043700486,2.0721025e-14,3.6284605e-06,0.94796795
1197,3,1.6550809e-09,1.12711986e-10,0.99956304,1.5553926e-08,0.00043522197,5.732342e-11,9.216004e-07,6.962552e-07
1201,5,1.5698404e-05,1.5016395e-05,0.21989064,8.709345e-05,0.67545336,7.2906175e-08,0.0005139634,0.104024135
1202,1,0.9891817,5.150909e-05,0.010732393,1.2574809e-07,8.648971e-06,2.2914774e-05,2.7567717e-06,4.0815448e-11
1204,3,1.2092282e-06,1.1831126e-10,0.9999981,4.824711e-09,4.5131034e-07,4.0435613e-10,1.9382054e-07,5.599594e-12
1205,3,4.486539e-05,1.2574348e-08,0.99954957,0.00017576451,5.6849833e-05,4.1168647e-08,0.00017273531,2.4696085e-08
1207,3,9.728866e-09,2.7185549e-11,0.99991715,6.463316e-09,8.2501545e-05,2.091759e-12,3.542242e-08,3.4936318e-07
1208,3,1.0381192e-06,1.4523877e-10,0.9999801,1.2274798e-07,1.8151739e-05,5.906727e-11,1.887485e-08,6.2096393e-07
1211,2,1.2969904e-06,0.9997241,5.499063e-14,3.3690014e-17,1.9961539e-05,8.697256e-07,0.00025374474,9.922892e-15
1213,3,3.38278e-08,5.4205675e-11,0.9996487,1.7029e-08,0.00031470088,2.0184776e-13,8.620878e-09,3.662081e-05
1215,3,0.00010275329,1.2803893e-07,0.9998153,5.972361e-07,7.899902e-05,2.9307108e-08,6.705525e-07,1.4802755e-06
1219,5,1.5882719e-07,1.7244639e-07,0.006353726,3.196106e-08,0.992299,2.4472024e-10,1.6974508e-06,0.0013452424
1220,2,2.34899e-07,0.99967897,2.4488376e-16,3.666989e-19,1.5969154e-06,2.4837766e-07,0.00031891975,9.269985e-18
1221,7,5.8803714e-08,4.112835e-11,2.893426e-15,6.257221e-05,1.608258e-11,2.709642e-16,0.9999374,1.4477646e-22
1223,6,1.88719e-05,4.264177e-06,1.7768557e-09,9.125261e-18,1.0235435e-09,0.9999769,5.918857e-10,5.803434e-22
1224,6,2.024858e-08,1.9942286e-09,5.26742e-12,1.0830066e-18,1.5017966e-11,1.0,5.1289705e-11,2.1315332e-27
1227,2,0.046468712,0.9534256,1.2276266e-16,6.771667e-16,4.718756e-08,2.604295e-06,0.00010308338,1.2637216e-20
1232,6,0.0005698201,0.0004107324,3.5691855e-10,3.4971697e-13,1.3206522e-07,0.99901223,7.075863e-06,1.7843625e-19
1234,7,0.0002855077,5.1682846e-06,6.3272094e-09,0.0067132525,2.0812482e-05,5.558761e-09,0.99297523,6.82908e-12
1235,3,9.891773e-10,2.3887168e-12,0.99790835,8.2627004e-05,0.0019747387,2.1982145e-12,2.5235666e-05,9.12936e-06
1237,7,6.219387e-13,4.3180445e-14,6.5811744e-12,7.8931294e-07,1.4934104e-13,2.688347e-20,0.99999917,1.347445e-21
1240,3,8.460952e-06,2.443388e-06,0.7115822,4.4652526e-05,0.27943847,1.0144942e-07,0.00023053856,0.008693135
1241,3,1.0615888e-06,1.8984699e-10,0.9999248,5.229801e-06,5.9759954e-05,8.160959e-13,9.111813e-06,1.165671e-07
1242,5,1.0267566e-06,9.945074e-09,0.096716195,0.0024302625,0.8949019,3.588274e-10,0.0058853673,6.5157976e-05
1244,3,0.0009992521,2.3395884e-05,0.9707318,0.0011820227,0.017650457,2.0889414e-05,0.009379162,1.3000984e-05
1245,3,3.2362618e-07,1.1544132e-09,0.99995434,5.5252007e-09,4.4907272e-05,8.589805e-11,6.058834e-08,3.0911033e-07
1246,3,1.4828058e-06,2.6636788e-09,0.9975988,3.2743612e-06,0.0019016224,6.312998e-11,2.6739994e-07,0.0004945249
1247,4,1.7639795e-08,4.6674134e-14,3.3820572e-07,0.9976101,8.444799e-09,1.1929353e-16,0.002389494,6.695094e-13
1248,3,3.625181e-08,3.637733e-11,0.9999254,3.5539312e-08,7.294653e-05,5.7679395e-12,2.5973014e-08,1.6810878e-06
1249,7,6.374969e-07,9.042757e-10,9.7815374e-11,0.000102335296,5.3490514e-09,6.362243e-13,0.999897,9.754073e-19
1251,3,8.294691e-10,3.7511353e-12,0.9994024,8.3837875e-08,0.00058713707,3.4194807e-13,9.358733e-08,1.02667345e-05
1261,2,2.4939268e-06,0.9996245,6.097476e-15,1.9843303e-16,1.5737498e-05,3.7339287e-08,0.00035723837,3.026611e-14
1266,3,1.66376e-09,7.89783e-14,0.9999943,2.3926281e-08,5.724437e-06,3.207978e-13,6.188531e-09,5.4874123e-09
1268,3,5.2412306e-09,5.282033e-10,0.9914556,2.5165016e-06,0.008144209,2.7428752e-11,1.23164245e-05,0.00038539647
1270,7,3.2938857e-08,8.9065165e-11,3.5768227e-08,0.00016579388,4.4273255e-10,1.1875184e-15,0.9998342,6.0046774e-17
1273,3,2.2115862e-06,4.3219728e-10,0.9996172,0.00025103087,6.7727e-05,4.028908e-09,6.170344e-05,9.080086e-08
1277,7,2.9199593e-10,5.2149694e-14,2.5319395e-14,3.667061e-05,7.803643e-13,3.0457118e-19,0.9999633,3.752502e-24
1283,6,4.9139164e-08,1.6583677e-09,1.8462047e-16,1.4063545e-20,4.4465733e-12,1.0,2.5277514e-11,2.289275e-31
1284,7,0.0026085896,0.20924617,4.4340606e-05,9.7152615e-06,0.20722216,2.4801577e-05,0.58082104,2.3213715e-05
1285,3,1.6523089e-06,5.1680393e-10,0.9998479,2.580646e-07,0.00014935172,4.4980597e-10,7.48312e-08,6.6535017e-07
1286,6,3.154972e-05,0.00036949353,8.87625e-08,4.670464e-16,1.5044519e-07,0.9995987,8.605142e-08,1.2036173e-17
1287,1,0.9974105,0.0011189514,1.7894463e-08,1.2993814e-10,5.547587e-07,0.0014697473,1.6425388e-07,6.8193674e-15
1289,3,4.3772755e-10,7.601948e-12,0.9932922,1.3429566e-06,0.004965081,9.1889454e-15,1.2861807e-06,0.001740062
1292,3,7.54203e-09,4.074941e-13,0.9999976,8.369502e-09,2.3493028e-06,7.399313e-13,2.0359872e-08,1.6912391e-10
1294,5,1.10694494e-07,1.0731467e-09,0.12953353,7.570283e-05,0.86873645,8.365202e-10,5.857288e-06,0.001648366
1299,4,5.1338656e-08,9.6755735e-15,1.336189e-09,0.99961925,1.8385062e-09,3.1297844e-17,0.00038071114,5.0341176e-15
1305,5,0.00015365229,6.5070904e-05,0.16761631,0.001431164,0.7876374,3.6170586e-06,0.041867122,0.0012256738
1306,3,1.3625255e-07,7.4598355e-11,0.9999583,2.5776152e-09,4.1411105e-05,2.0307032e-11,5.4505707e-09,1.1956848e-07
1307,3,2.2216362e-07,3.3432417e-11,0.9999801,7.2802976e-07,1.8602392e-05,4.186556e-11,2.721595e-07,6.9012756e-08
1310,3,0.00040008887,8.7606855e-07,0.9960018,1.0347968e-05,0.0032849847,3.3153825e-08,3.1832437e-06,0.00029864223
1312,3,2.1905464e-08,5.626638e-12,0.99985707,4.2205257e-09,0.00014236984,9.646333e-13,1.8475853e-09,4.4483113e-07
1315,7,5.96105e-07,8.3486604e-08,1.3698768e-11,6.463932e-06,5.346229e-09,3.080305e-12,0.99999285,3.0744867e-17
1316,6,2.2367605e-08,7.441839e-08,1.7079691e-15,3.3768219e-21,1.7248652e-11,0.9999999,3.1677377e-10,1.1531563e-28
1317,3,1.17112535e-07,2.6879392e-09,0.9681359,9.850013e-06,0.027624097,3.5710917e-11,4.231559e-06,0.0042257225
1318,1,0.643454,0.29675934,7.303522e-07,1.5854366e-10,0.00056027086,0.0592002,2.54453e-05,4.391126e-11
1323,6,1.5493359e-07,1.0839729e-08,3.5845545e-15,1.9949725e-18,1.1568988e-10,0.9999999,3.3723996e-10,8.28275e-28
1324,3,3.328578e-08,4.0995284e-11,0.99935955,1.3337395e-08,0.00049483136,2.8151994e-14,3.5344694e-09,0.00014557841
1328,3,0.001621231,1.9406801e-08,0.6684846,0.32021108,0.00032345214,5.233432e-07,0.00935909,6.0854597e-09
1331,3,3.008365e-06,6.031992e-10,0.99998605,3.5794736e-09,1.0934221e-05,2.713599e-10,6.573182e-09,2.5913824e-08
1334,2,0.00027159604,0.9965578,2.347671e-09,2.0045238e-11,0.0010808405,2.6599046e-05,0.0020631114,8.4655616e-10
1336,7,8.33223e-07,1.1900358e-05,2.6621146e-07,2.8019567e-05,0.0010691239,2.0953117e-10,0.99889,1.21348895e-08
1338,6,0.0023756302,0.14856726,2.5679692e-10,2.986704e-16,1.108337e-06,0.849043,1.2961585e-05,2.3990304e-18
1341,3,2.0667407e-05,6.445605e-08,0.9999325,9.1825786e-10,4.659156e-05,5.6717786e-09,3.0682344e-08,1.5813927e-07
1345,3,1.4993287e-08,8.804335e-09,0.99801046,6.8619335e-07,0.0005498755,3.75215e-10,0.0014384891,4.7778497e-07
1346,3,8.379407e-06,4.8879905e-08,0.99709463,2.7952088e-05,0.0026729482,3.827154e-09,1.0731814e-05,0.00018537656
1347,2,6.0992706e-06,0.997908,3.1872417e-17,9.089488e-16,4.9715493e-07,5.870346e-10,0.0020854154,3.5373766e-16
1352,4,1.4097276e-07,6.233345e-15,9.1512014e-08,0.9991678,7.0445854e-09,9.162481e-16,0.00083202135,5.4537683e-16
1355,3,2.6997242e-05,2.86329e-07,0.99674714,2.4316238e-05,0.003009419,1.3620024e-07,1.116645e-05,0.00018055696
1356,6,8.8671413e-07,4.6318927e-08,6.036188e-11,1.7443673e-15,1.4528594e-09,0.99999917,2.6805178e-09,1.824486e-23
1359,7,7.627116e-09,7.636813e-12,7.019512e-14,3.5392513e-05,1.1923558e-11,1.0668466e-16,0.9999646,2.8169842e-22
1362,3,1.3411062e-07,2.7838512e-08,0.73208,2.176605e-06,0.24829707,3.7272452e-11,9.943328e-06,0.019610647
1363,2,6.949376e-08,0.99970645,1.3259643e-13,5.262612e-19,1.1252848e-06,9.3746826e-07,0.00029139442,2.7748566e-16
1365,7,2.9347118e-09,5.1502698e-11,2.7914695e-09,2.1524322e-05,7.727963e-11,1.8233344e-16,0.9999784,1.1973232e-17
1366,3,4.0349255e-07,6.9850152e-09,0.8793435,1.6285838e-05,0.120081715,2.1721176e-10,3.0423334e-05,0.00052773335
1367,3,1.1221786e-06,4.2875295e-10,0.9999968,4.4093773e-10,2.040851e-06,5.57304e-10,3.4501674e-08,8.460057e-11
1368,3,9.364021e-07,2.0764437e-11,0.99997795,7.705899e-06,1.2141235e-05,6.027932e-13,1.1398463e-06,7.076639e-08
1372,3,3.7609866e-06,8.841391e-10,0.99954444,5.01462e-05,0.00035852,9.549327e-10,8.368925e-07,4.2322525e-05
1376,3,8.1968356e-11,1.5445016e-12,0.99910563,5.7062575e-08,0.00089210505,9.928213e-13,3.666643e-07,1.8887557e-06
1379,3,7.659834e-08,4.8283082e-11,0.9999664,1.335468e-07,3.2966895e-05,2.3469438e-11,1.3307411e-07,2.8828978e-07
1381,7,4.2208625e-13,4.566897e-13,8.30086e-12,2.2530062e-07,5.837709e-13,6.0695754e-20,0.99999976,7.5497905e-20
1383,3,5.8219405e-07,5.442293e-08,0.8089666,1.0572047e-05,0.18623991,1.2990019e-09,2.2278977e-05,0.0047600525
1384,7,2.3230387e-08,5.359705e-08,3.2035171e-15,4.0481265e-08,6.799663e-09,5.104369e-14,0.9999999,1.7972122e-19
1385,3,3.3917033e-10,3.3335671e-12,0.99891424,1.2290063e-08,0.0010563774,2.2291832e-14,3.148162e-08,2.942639e-05
1391,7,4.8476554e-06,3.7935912e-08,8.618681e-09,0.0005344765,7.544701e-08,2.066285e-11,0.99946064,5.1701654e-15
1394,6,1.0933039e-05,9.886348e-06,1.0943995e-12,3.2224312e-18,1.4520712e-09,0.99997914,6.1630177e-09,1.1361154e-23
1399,4,0.000364416,1.4501214e-10,3.674198e-06,0.9995059,9.392537e-06,2.8235083e-09,0.00011662728,1.921743e-11
1400,3,1.674988e-06,2.1307994e-08,0.9985905,1.7683196e-07,0.001404197,4.2903828e-08,2.5434542e-06,7.9645463e-07
1407,3,4.885816e-06,1.127654e-08,0.9983966,1.3578967e-06,0.0012980258,1.9747934e-10,2.2219672e-07,0.00029890786
1408,7,1.2551068e-11,5.185702e-10,8.688525e-14,1.5679168e-10,5.106631e-13,2.3294885e-17,1.0,4.3210625e-22
1409,3,6.8915355e-08,9.348363e-11,0.9999392,3.8520285e-09,6.038009e-05,1.2205773e-11,1.1155552e-08,3.791155e-07
1416,7,3.0573898e-11,5.213023e-10,5.2849175e-13,1.5539253e-08,1.9277008e-08,2.0129538e-17,1.0,2.9359e-17
1417,2,6.272823e-06,0.9999355,2.0256477e-18,1.1167669e-19,3.7198546e-08,6.03528e-09,5.8154703e-05,5.306456e-20
1422,3,7.2245854e-10,3.4604333e-11,0.9986902,2.3825995e-08,0.0013019582,2.2560705e-12,3.893699e-07,7.449513e-06
1423,6,8.969949e-05,0.0002285734,1.3815314e-10,6.1828933e-15,1.329239e-07,0.999681,5.7828237e-07,4.619543e-19
1425,5,1.1173627e-05,5.3151514e-05,0.32074133,0.00032203904,0.6151266,1.109295e-06,0.00922203,0.05452259
1426,5,3.9178225e-09,4.4607942e-10,0.00049675093,6.001241e-08,0.9994862,2.0943001e-10,5.566772e-07,1.635149e-05
1431,7,0.05247741,0.015252823,0.0059391605,0.00022561944,0.0014035796,0.000267124,0.9244343,1.7514058e-08
1433,2,2.8099967e-07,0.99981505,4.3731517e-17,1.3467461e-19,4.4543094e-07,3.0445516e-08,0.00018425207,2.536291e-18
1434,7,3.37292e-10,3.4143327e-10,2.2456075e-13,2.0278013e-07,1.7222893e-09,1.1037823e-16,0.99999976,1.3455422e-18
1436,7,7.5078697e-06,3.0263248e-08,5.386619e-11,2.1274192e-05,1.1308098e-08,6.053809e-11,0.99997115,5.4897175e-19
1439,3,7.7742806e-07,9.372055e-11,0.9999832,4.789643e-08,1.5450561e-05,3.485249e-11,6.512054e-09,5.766714e-07
1440,2,1.7368344e-05,0.9979954,1.2251439e-11,3.704341e-15,1.3930295e-06,3.667199e-05,0.0019491985,2.660007e-15
1442,7,5.5405486e-08,1.0985487e-09,5.5217723e-11,0.00018402541,5.88525e-07,6.698941e-15,0.9998154,4.905221e-15
1443,6,3.3573672e-06,9.374766e-07,2.6736406e-09,4.536378e-18,2.9120686e-09,0.9999957,7.7038424e-11,1.00101625e-20
1444,2,0.00024101044,0.9965527,1.7993877e-09,6.1048654e-13,3.0420946e-05,0.0009918839,0.0021840453,7.808598e-13
1445,7,2.1026472e-09,3.3573753e-05,1.0115562e-14,2.3230343e-11,1.1712491e-06,8.437896e-13,0.9999652,3.2744962e-16
1446,3,4.4542936e-08,1.373399e-10,0.9999187,2.4786992e-09,8.082806e-05,1.0315081e-11,1.758329e-08,4.898407e-07
1447,3,3.9898855e-06,6.190278e-08,0.977634,2.4122874e-06,0.02203406,4.508312e-09,4.5921897e-06,0.00032088847
1448,6,0.00016061847,2.4137487e-05,1.6764938e-11,2.2188943e-14,4.015697e-08,0.9998149,2.3636608e-07,4.0079566e-21
1449,4,8.3697785e-08,5.435743e-16,1.4063519e-08,0.999992,2.2032236e-09,1.9515875e-16,7.852751e-06,2.226566e-15
1451,3,1.3287452e-05,2.3718096e-09,0.9999416,2.8235934e-06,3.9697356e-05,1.6794925e-09,2.639653e-06,2.619453e-08
1459,6,6.3279225e-07,7.770591e-06,7.191553e-15,3.8537038e-18,8.8260826e-10,0.9999914,1.9224674e-07,1.5787365e-25
1461,3,3.3243282e-06,2.0934676e-11,0.9999777,1.2285027e-07,1.8880828e-05,5.4986913e-08,4.0116017e-09,7.1953005e-10
1462,6,5.2172672e-06,1.3553567e-06,4.5858506e-14,2.1867772e-17,1.3249418e-09,0.99999344,1.0207828e-08,4.143272e-25
1464,7,1.4968045e-10,1.8218019e-09,7.359541e-17,1.6114461e-09,9.027497e-12,9.7235094e-17,1.0,2.6983332e-22
1466,5,2.459762e-07,1.2966747e-09,0.036782417,0.0007960109,0.96177495,1.4533477e-10,0.0005908243,5.5502962e-05
1467,3,1.919411e-08,3.608857e-11,0.9996481,5.0856124e-05,0.00013556099,7.937961e-11,0.00016534292,1.1631844e-07
1470,3,2.9240281e-08,2.1754868e-12,0.9999987,3.2715954e-09,1.2914547e-06,2.5297535e-12,1.8910082e-08,1.06055206e-10
1471,3,3.634293e-07,7.73969e-07,0.9685361,7.477349e-06,0.029300509,2.4178586e-08,0.00056644477,0.0015883563
1473,7,3.2052894e-10,4.3670945e-10,9.315278e-08,2.695145e-06,9.522724e-10,5.5689663e-16,0.99999714,1.0993222e-14
1476,3,8.19228e-08,7.1946654e-12,0.99999917,1.2640249e-09,7.768639e-07,1.0224004e-11,1.2326171e-08,5.9762625e-11
1477,3,6.881127e-11,2.6546914e-12,0.99912757,4.9905413e-08,0.00087033946,2.3675666e-12,8.067948e-07,1.305002e-06
1478,4,0.000111744055,5.364235e-10,4.0867081e-07,0.9150516,5.6612822e-05,7.4321736e-11,0.0847797,1.5519124e-12
1479,3,1.325021e-07,1.8815486e-13,0.9998634,0.00013198383,2.8225568e-06,3.5191153e-12,1.635862e-06,1.1701893e-09
1480,7,1.858912e-05,9.4836656e-07,1.752193e-11,4.5943907e-06,3.793166e-08,5.8777296e-11,0.9999759,2.228933e-17
1481,3,9.636337e-10,1.00733224e-13,0.99999166,1.3370571e-08,8.367055e-06,1.4268607e-13,2.2263396e-08,9.86145e-10
1487,6,2.5753295e-08,0.00016954722,1.5214129e-11,2.4946712e-20,1.0450695e-09,0.9998299,4.2189185e-07,1.3946919e-23
1490,7,3.6292167e-11,2.639794e-12,3.6619163e-12,1.2022981e-07,4.5301653e-13,2.3828201e-18,0.9999999,3.4473514e-22
1491,7,2.2433842e-05,3.452951e-09,6.157679e-08,0.02344514,1.5561609e-07,1.1966297e-11,0.9765321,1.9943113e-15
1492,7,1.7005934e-08,1.1571067e-10,5.93658e-09,0.0075413827,2.5653547e-08,1.0319898e-15,0.99245864,1.4023929e-13
1494,3,4.717106e-09,1.6536401e-10,0.99972063,5.552686e-08,0.00027345345,7.140909e-12,1.6503521e-06,4.0744367e-06
1495,3,4.7006873e-07,9.244553e-09,0.9992792,1.5890575e-06,0.00065339,1.0079172e-09,5.058166e-06,6.0375984e-05
1498,7,2.494352e-06,1.3855336e-09,1.52838e-06,0.00099695,8.38574e-09,2.1991853e-13,0.99899906,6.5820834e-16
1500,6,5.4591014e-06,0.00024979055,5.6089348e-12,1.8579543e-15,3.890231e-08,0.9997365,8.26064e-06,8.0324755e-21
1504,7,0.00034239638,0.003683215,0.00017109553,0.00020824617,0.0012531348,1.1314965e-05,0.99433017,3.5991133e-07
1509,7,2.6533716e-08,4.032453e-10,1.1982029e-13,4.3761934e-06,2.3645283e-10,1.0257119e-14,0.9999956,1.11235186e-20
1514,3,5.065825e-07,8.0843023e-07,0.7462868,4.315479e-05,0.16557916,1.8627389e-09,0.0003887594,0.087700725
1517,3,5.79311e-09,3.2346701e-12,0.99988747,5.221634e-09,0.00011175781,3.505672e-13,3.2149183e-09,7.3125767e-07
1519,7,3.951715e-05,5.9338947e-09,1.1002466e-09,0.005245092,5.760586e-08,3.4860168e-12,0.9947153,1.2380842e-16
1520,3,5.602136e-08,2.436997e-10,0.9974872,2.7555632e-08,0.0024959473,7.356343e-12,6.530126e-08,1.6670745e-05
1521,3,4.877274e-07,1.4233231e-07,0.9789605,1.8700997e-06,0.019342134,1.2459314e-09,2.021051e-05,0.0016746352
1522,3,7.952653e-09,5.4596305e-15,0.99999714,7.1795284e-07,2.0974462e-06,5.18652e-13,9.574191e-10,5.009739e-09
1526,6,7.266456e-06,5.965185e-06,7.529149e-11,5.043983e-16,9.061945e-09,0.99998677,2.3538142e-08,3.6212747e-21
1528,7,1.07157994e-07,9.183024e-10,1.7587538e-12,7.4179865e-05,2.4873657e-08,1.2887642e-14,0.99992573,1.2741705e-17
1529,3,0.001149952,2.8088849e-05,0.98290056,0.00012447774,0.014688501,1.0758745e-05,9.867304e-05,0.0009989836
1530,6,2.7761903e-06,2.1429332e-05,1.6002338e-13,1.5926533e-19,7.2738426e-10,0.9999758,1.100053e-08,1.25304e-24
1534,3,2.746611e-09,8.872126e-12,0.99888104,7.779036e-06,0.0010959931,5.119573e-13,9.743327e-06,5.4040097e-06
1536,3,2.0448306e-07,2.929822e-11,0.9999732,6.0978095e-08,2.5271343e-05,6.869027e-12,7.0036887e-09,1.2021909e-06
1538,6,1.4401945e-06,1.5234509e-06,3.8550272e-14,4.7690575e-17,1.48398e-09,0.9999969,5.0384585e-08,5.0995963e-25
1539,3,1.8999408e-10,6.800476e-13,0.99996114,8.569186e-09,3.823529e-05,1.3843595e-13,5.898082e-07,2.5174607e-09
1540,7,3.0221681e-05,9.808885e-10,1.0666104e-09,0.028464643,4.549743e-08,5.239056e-13,0.97150517,8.9955124e-17
1541,3,6.158458e-05,6.085318e-12,0.99992347,1.44832975e-05,2.729535e-07,5.374706e-10,1.1420054e-07,6.4384934e-12
1542,3,3.050953e-06,1.5997544e-11,0.60988986,0.38646325,0.0034005847,1.2276685e-09,0.00024272548,4.899074e-07
1543,6,0.00026983282,9.87449e-06,3.031082e-08,1.43212e-16,4.7575477e-09,0.9997203,4.64552e-10,3.4438683e-20
1544,6,2.875352e-07,1.02421026e-07,2.5446743e-13,1.7644437e-17,1.4052001e-10,0.99999964,6.657393e-09,1.0321232e-26
1546,6,0.00010853344,3.7486786e-06,4.6232954e-10,3.4159248e-13,8.926122e-08,0.9998876,6.1959646e-08,1.2118063e-19
1548,3,9.03544e-07,4.311338e-07,0.9648761,0.0003756192,0.023693115,3.598541e-08,0.010730352,0.0003235114
1551,3,2.1115306e-06,1.1778302e-08,0.99979097,2.5358761e-07,0.00020207581,4.5848374e-09,6.098935e-07,3.98762e-06
1553,7,2.2182649e-06,2.9378713e-10,7.706611e-11,0.0032309333,8.729645e-09,9.020553e-14,0.9967668,6.1637785e-18
1554,6,0.00022922602,0.0021176883,5.549438e-07,1.9417066e-12,1.6858213e-06,0.9976349,1.5944705e-05,1.922603e-15
1557,3,1.5680596e-09,8.020302e-13,0.99991906,6.94661e-09,8.0366444e-05,1.1886718e-13,3.1433909e-09,6.4128795e-07
1558,3,2.8506758e-05,3.4171958e-08,0.9992867,1.0104994e-07,0.0006594733,9.486275e-10,5.825755e-08,2.5266138e-05
1559,7,4.069637e-09,1.0021591e-08,1.2310661e-06,2.76901e-05,1.9152076e-05,1.1772263e-13,0.99995196,1.6357853e-10
1563,5,8.492675e-06,1.3951884e-05,0.0076064733,9.59871e-05,0.9741812,2.2169372e-08,0.017272936,0.00082097703
1564,6,6.993315e-06,3.5099029e-06,3.8289258e-10,1.4809396e-18,5.3988575e-10,0.9999895,4.637448e-10,1.078203e-22
1565,3,2.1893369e-07,1.8905229e-10,0.9996611,2.3353016e-08,0.00025694788,3.0523777e-13,5.4725e-09,8.178183e-05
1567,6,2.1043874e-05,6.8245085e-06,4.2415548e-15,2.0002815e-18,2.7783512e-10,0.9999721,2.720716e-08,2.2731695e-27
1568,7,2.2464978e-07,2.580628e-11,5.6389542e-11,0.009863029,1.1265192e-09,1.1367663e-15,0.99013674,4.858173e-18
1569,8,1.9702024e-06,8.520105e-06,0.010260282,2.8064726e-06,0.2830415,1.6570303e-10,3.3001088e-05,0.7066519
1571,3,1.2134174e-07,2.2489752e-09,0.8700314,7.685307e-06,0.12124511,1.7389925e-11,2.7624653e-06,0.008712868
1573,3,9.801338e-06,7.164161e-06,0.9011399,1.0957049e-06,0.09572974,3.1395086e-08,7.057886e-05,0.0030417442
1582,6,3.752414e-06,6.2884505e-06,5.009776e-10,2.1265912e-18,4.416771e-10,0.99998987,2.130169e-09,8.0091666e-23
1585,4,2.5308246e-08,1.4531667e-16,1.3619998e-09,0.9999814,1.8415699e-09,1.6266801e-17,1.8580962e-05,8.668127e-16
1586,6,5.387192e-08,2.0137676e-07,1.4974352e-10,2.0577481e-20,5.0959712e-11,0.99999976,7.80352e-11,8.857271e-25
1591,3,0.002093736,0.0008630614,0.98535305,7.6262876e-07,0.011397184,5.4519624e-05,0.00012105978,0.00011664277
1592,6,4.6020878e-06,8.363072e-08,4.420144e-12,7.431508e-15,5.560983e-09,0.99999523,4.158878e-09,3.6611947e-23
1597,6,0.00016675076,5.6356257e-06,1.274753e-06,2.886085e-11,3.9165909e-07,0.99982494,1.1118262e-06,1.3293503e-17
1601,6,6.6907575e-07,1.7123797e-06,2.4641381e-14,3.1037964e-17,1.0521777e-09,0.9999976,9.738304e-08,2.2840427e-25
1603,7,1.0636458e-07,2.0918797e-08,3.0559036e-10,3.0845964e-05,2.7878315e-08,4.996635e-14,0.999969,9.8416995e-15
1604,2,4.0024716e-07,0.9987167,3.0377136e-14,9.436086e-18,1.5128562e-07,3.7679828e-07,0.0012824008,3.819658e-17
1605,3,6.4530255e-08,3.6122358e-10,0.99618465,2.153755e-05,0.0028177411,2.2416213e-11,3.574772e-06,0.00097238855
1606,3,9.882879e-09,1.8014029e-09,0.9840184,8.2885435e-08,0.011080669,2.8125026e-13,9.123927e-07,0.004899999
1612,7,1.6990386e-09,1.0382152e-09,4.4665087e-14,8.01525e-06,6.9955965e-09,1.9528525e-17,0.999992,3.385988e-16
1613,4,0.00022979287,2.1405459e-11,2.1198288e-07,0.99938977,5.0425336e-07,1.2257095e-11,0.00037968764,9.6089206e-14
1617,3,5.081866e-07,2.6556698e-08,0.9954625,6.446802e-07,0.002586272,3.5259715e-11,2.6230343e-06,0.001947515
1618,3,0.00013305202,4.6362893e-06,0.9946812,2.152545e-06,0.005073994,7.542486e-07,1.3499985e-05,9.078086e-05
1620,3,6.162231e-07,4.2037512e-11,0.99973017,0.00019496877,2.117344e-05,1.2686144e-08,5.3079057e-05,1.3939724e-09
1623,3,1.5897425e-07,1.0919741e-09,0.9960615,5.267652e-06,0.0028733173,1.8800572e-11,1.4036259e-06,0.0010582778
1624,3,0.018221455,0.003629855,0.9735401,4.4638288e-08,0.0016409456,0.0029120776,5.4581382e-05,9.789399e-07
1625,3,5.7053057e-06,2.9239857e-07,0.9705345,7.377661e-06,0.024192033,2.0842068e-09,6.733227e-06,0.005253459
1627,5,5.476508e-08,1.4656457e-07,0.061469138,1.434965e-05,0.84355044,1.3502141e-10,0.00020265482,0.09476322
1628,7,4.211788e-08,4.8059338e-11,2.2947637e-11,0.0012386941,5.2769322e-09,1.1892073e-15,0.9987613,2.875526e-17
1634,3,2.7929937e-08,3.6203684e-13,0.9999956,2.17742e-07,4.1144576e-06,1.0667882e-12,1.9373017e-08,4.3886663e-09
1636,3,1.2618278e-09,1.3026223e-13,0.9999951,2.0654727e-09,4.8768484e-06,1.821025e-13,4.126939e-09,7.466135e-10
1639,3,3.86829e-07,1.9088944e-11,0.9999976,1.4416341e-08,2.0308055e-06,4.2749564e-11,9.506799e-09,2.4691742e-09
1641,3,2.814592e-08,1.8238537e-10,0.98862565,8.6508754e-07,0.011352087,2.4274738e-11,1.6995389e-06,1.9707864e-05
1643,3,5.5080367e-09,5.1789784e-10,0.9869271,1.3008615e-06,0.011253667,2.7085402e-12,4.6367745e-06,0.0018133903
1647,6,0.000103831306,0.00043697318,3.2275257e-13,6.491257e-16,1.2778851e-08,0.99945456,4.521221e-06,6.3081016e-23
1648,4,2.3700111e-05,2.0080517e-11,1.290274e-07,0.9992261,4.1250865e-07,5.775106e-13,0.00074966653,4.6581124e-12
1649,3,1.97553e-07,8.788502e-12,0.999895,4.393339e-05,5.5643344e-05,1.4632447e-13,4.7126473e-06,4.7948765e-07
1650,3,4.1669897e-05,1.1415272e-06,0.9641039,3.8928188e-06,0.03551185,1.396543e-07,1.073677e-05,0.0003267876
1653,6,1.6019262e-06,1.9605761e-09,1.2766184e-09,2.0309597e-14,3.4110554e-09,0.99999845,1.9003524e-10,8.8567604e-23
1655,5,3.634829e-06,3.1513738e-07,0.028253505,0.004491607,0.91888773,3.7584256e-09,0.048162915,0.00020037856
1656,3,4.231412e-06,2.8183396e-07,0.85391045,9.8991404e-05,0.14216214,4.569408e-08,9.2288785e-05,0.0037315164
1657,3,1.478899e-05,2.9091352e-08,0.99948347,3.5632457e-08,0.0005011453,1.939219e-07,2.665661e-07,1.1756553e-07
1658,5,1.5195723e-06,7.866746e-08,0.043065153,0.00010841444,0.95443213,1.0871587e-09,0.00021304433,0.0021796399
1660,3,2.8771328e-06,6.639532e-08,0.98824805,7.574068e-05,0.010321309,1.2533507e-08,3.0976018e-05,0.0013210103
1661,3,5.632622e-08,4.320547e-10,0.996942,2.2924817e-06,0.0030512079,6.8273094e-09,2.306178e-06,2.2320035e-06
1662,5,2.6565297e-06,1.448769e-07,0.17883547,7.4033424e-06,0.81346476,2.1889468e-09,1.1771413e-05,0.007677858
1663,5,1.0797429e-05,0.00043192296,0.0021496112,3.3950037e-06,0.8604741,1.6082792e-08,0.0016530188,0.13527714
1664,8,1.392551e-08,2.5639827e-07,0.0028008549,3.9817698e-07,0.06158209,4.4886694e-13,9.555984e-06,0.93560684
1665,7,9.274694e-05,2.771716e-07,1.850373e-07,0.0048472336,2.9106763e-05,5.175073e-09,0.9950304,4.868128e-13
1667,3,5.7146732e-08,6.1509894e-12,0.9999877,4.8847753e-08,1.2181541e-05,1.62332e-11,5.2895246e-08,2.4567057e-09
1668,3,1.5116894e-06,2.3477622e-07,0.9950191,7.0399824e-06,0.0047556655,6.8273096e-08,7.615365e-05,0.0001402352
1671,6,1.1437486e-05,5.688079e-08,4.2450605e-13,1.9620366e-18,3.7527932e-11,0.99998856,1.0769938e-10,4.045832e-28
1672,2,2.0023019e-05,0.9989641,5.3218276e-12,1.0747821e-15,2.2428744e-06,7.140403e-05,0.00094220485,1.5000747e-15
1673,3,1.7181821e-06,1.5158336e-10,0.99998915,2.6830076e-09,9.177531e-06,1.2455642e-10,2.268248e-09,1.6143119e-08
1674,3,3.3945957e-11,7.702591e-15,0.9999727,1.8216758e-09,2.7243617e-05,3.892717e-15,1.3087446e-09,2.4666894e-08
1675,3,4.25022e-06,1.7435976e-07,0.945902,0.00011275924,0.043447886,5.203591e-08,0.010531457,1.3190877e-06
1678,3,3.4731926e-08,2.076398e-10,0.99971896,3.3879948e-07,0.00025015973,2.4963467e-12,8.276293e-07,2.9676861e-05
1679,7,1.8921504e-08,1.1986062e-12,7.5944573e-10,0.43273842,8.388859e-09,9.2044994e-18,0.5672616,1.9717983e-14
1681,3,3.997088e-08,2.4706875e-12,0.99998045,9.0018055e-08,1.9117202e-05,5.1579843e-12,4.8911244e-09,2.4396488e-07
1682,3,5.3751677e-07,1.1899333e-07,0.96135515,6.0488865e-06,0.036572788,2.7997096e-09,3.209846e-05,0.002033335
1684,7,2.4070418e-10,1.1595808e-06,5.338556e-13,2.6138158e-10,4.379158e-05,6.813307e-15,0.99995506,8.152505e-14
1686,3,2.6934427e-07,3.4523016e-12,0.9999763,3.8886933e-06,1.8341552e-05,7.802916e-12,1.979766e-08,1.2202278e-06
1691,6,2.760445e-06,0.00020512045,2.8454057e-11,2.2546024e-17,2.5447195e-08,0.9997918,3.4246392e-07,1.2561186e-20
1694,3,0.0005231897,4.4213482e-07,0.9991534,9.637704e-06,0.00026775495,7.666807e-06,3.7909405e-05,2.9209103e-08
1696,3,1.3847376e-08,1.6530133e-09,0.9889671,1.1361259e-06,0.010045014,1.5234125e-11,6.349965e-06,0.0009803406
1698,3,1.9111253e-11,5.796946e-13,0.9974989,1.00239504e-07,0.0024824468,6.013443e-14,4.767961e-07,1.8038707e-05
1701,7,0.00050744094,1.5815888e-06,1.0510007e-09,0.00019253728,1.9665131e-07,1.3539876e-09,0.9992982,3.5293965e-16
1702,7,2.2315854e-07,4.7506465e-09,5.1769006e-13,1.8355347e-05,3.9402575e-09,1.5796429e-13,0.9999814,1.3074977e-18
1703,3,9.398675e-08,5.502624e-09,0.9963701,8.6153085e-07,0.0034992325,3.0668498e-10,4.6860127e-06,0.00012509667
1706,3,2.8455714e-08,4.3497708e-10,0.96101505,2.699323e-06,0.038912334,2.2932001e-10,3.854959e-06,6.6063e-05
1708,3,1.020467e-07,1.977018e-11,0.99997735,3.3463846e-07,2.1988657e-05,2.1707582e-11,1.2228939e-07,1.1731119e-07
1710,3,2.5389127e-06,8.380232e-09,0.99737984,9.37964e-06,0.0010499906,9.0803524e-11,1.4704542e-06,0.001556783
1712,3,8.126931e-06,3.2871534e-07,0.99705005,2.6409004e-06,0.002885159,1.9144998e-07,2.1419823e-05,3.217459e-05
1713,3,2.119196e-09,1.6951089e-10,0.99350184,8.943655e-06,0.0063787997,8.702005e-11,9.623547e-05,1.4206826e-05
1715,3,0.0074809287,3.3945715e-05,0.98438925,3.121941e-06,0.000103932354,0.006648018,0.0013408167,8.691603e-11
1718,3,2.6787868e-07,7.661708e-09,0.99462223,1.3006922e-05,0.004796711,7.4161405e-10,1.3985593e-05,0.0005537468
1719,7,3.3355374e-09,3.5797348e-11,0.001352051,0.0021046987,2.0599675e-06,1.9812627e-14,0.9965412,3.1914145e-11
1720,7,3.1767286e-10,7.944748e-12,4.1119045e-16,2.725836e-07,1.3731143e-11,4.3512244e-18,0.99999976,3.6404463e-23
1721,3,8.443984e-07,1.7601139e-12,0.9999815,1.349877e-05,3.843702e-06,1.8529618e-12,2.991208e-07,3.0478804e-09
1722,7,1.0337218e-05,1.6125727e-08,4.260488e-06,0.0053623053,3.735662e-07,1.08961874e-10,0.9946227,7.276102e-14
1731,7,5.470734e-07,1.18875604e-07,3.429533e-11,1.864415e-05,7.2423672e-06,1.5092824e-12,0.99997354,2.3177657e-14
1733,3,3.5122072e-10,1.3681706e-14,0.99998975,1.3908229e-09,1.0223843e-05,1.9818569e-14,1.5434279e-10,1.6967231e-08
1735,2,3.140998e-09,0.9999453,3.79222e-18,3.2704653e-21,2.517696e-06,4.5935596e-11,5.2212188e-05,1.857994e-16
1736,8,1.03619e-09,1.849653e-08,0.0031181492,1.576502e-07,0.036598325,1.2828614e-14,3.7715724e-06,0.9602796
1739,6,1.0350484e-06,1.75379e-07,1.5098751e-10,2.2910874e-18,2.9596559e-10,0.9999988,1.0058261e-10,1.548013e-23
1740,3,1.4411784e-08,2.2089376e-10,0.9702524,8.887248e-05,0.028880462,2.2813954e-11,2.3577422e-05,0.00075467903
1741,3,9.203732e-11,2.6707674e-14,0.9999682,1.00266675e-08,3.182971e-05,2.0135606e-14,1.36542875e-08,1.0515614e-08
1742,3,1.3624897e-07,2.9954712e-08,0.9754225,5.7446014e-05,0.023211813,1.8073671e-09,0.00039586765,0.0009123005
1750,5,2.8127342e-05,8.6002876e-07,0.0011552045,0.023006069,0.57920337,3.1651397e-09,0.39659885,7.450928e-06
1752,6,2.2347993e-07,7.1626154e-08,3.608152e-14,1.1929114e-19,8.68827e-11,0.99999964,1.7942677e-10,7.493554e-27
1754,3,7.3973226e-08,5.856997e-09,0.97238344,6.2328516e-05,0.02542263,2.7178856e-10,9.244912e-05,0.002039066
1755,4,3.979581e-05,2.4283917e-11,5.3528056e-06,0.99983895,5.817535e-06,1.6336611e-10,0.000110051624,8.805582e-11
1759,3,3.898623e-06,1.4417431e-09,0.9999783,1.7189741e-07,1.7200186e-05,3.4699518e-10,1.4972053e-07,2.6598457e-07
1763,3,1.7339593e-06,5.6024083e-09,0.9994615,1.003993e-05,0.00045405937,6.283642e-10,7.2319956e-05,3.5558574e-07
1766,3,0.00029478085,4.551799e-06,0.9778676,8.214485e-05,0.02134736,5.343899e-06,5.820766e-05,0.00034006912
1775,3,7.546823e-08,1.1914303e-12,0.99999535,1.9813797e-07,4.3242967e-06,1.417017e-11,4.8917027e-08,3.4774317e-10
1776,3,2.2502218e-06,1.2333651e-09,0.99997294,2.179479e-09,2.4747003e-05,2.890006e-10,7.191195e-09,9.933066e-08
1777,6,5.173069e-05,3.3260687e-05,2.4448594e-11,4.4919117e-13,1.9116167e-07,0.99991214,2.6240916e-06,1.1549358e-19
1782,2,2.4948594e-07,0.996201,5.3580098e-17,3.450465e-19,4.749579e-09,3.0492598e-07,0.0037983884,3.40026e-21
1785,7,5.6462824e-05,8.2859816e-07,8.37339e-12,7.488528e-06,2.1871603e-08,1.1122266e-10,0.99993515,3.077875e-18
1786,3,2.6533021e-08,5.987819e-09,0.92972845,7.039243e-06,0.049305502,1.1467944e-11,1.9756284e-05,0.02093922
1788,3,1.1014712e-05,1.3253065e-06,0.99438536,3.722013e-05,0.004819494,1.3441712e-07,0.00068981276,5.5670163e-05
1789,3,3.5009812e-08,9.828991e-09,0.9710646,4.48538e-06,0.026892938,1.7320723e-10,3.2274325e-05,0.0020055186
1791,2,2.7625043e-07,0.9994892,8.436799e-15,2.433679e-16,0.00012947778,1.6727366e-09,0.00038103625,2.3652137e-12
1797,3,1.0537025e-05,1.3161823e-09,0.9999559,1.6976354e-06,2.9665613e-05,1.3242921e-11,2.1085907e-06,9.518963e-08
1798,3,5.5257013e-05,3.3368508e-06,0.9985935,8.282195e-06,0.0012231779,1.5784024e-06,7.697583e-05,3.790645e-05
1800,4,1.7423099e-06,4.945379e-15,0.0007114193,0.9992411,2.7891767e-07,1.0361501e-13,4.545127e-05,1.6553843e-13
1801,7,1.7066211e-06,2.2939158e-10,1.6658333e-10,0.0072272406,1.7233686e-08,1.11733254e-13,0.99277097,2.5631225e-17
1805,7,1.8063778e-08,3.693979e-10,3.2319915e-17,1.544137e-08,1.2446314e-12,1.5586938e-14,1.0,7.1899525e-27
1808,7,1.1232984e-06,1.9702833e-11,3.802166e-09,0.36338562,5.7187915e-08,1.6727039e-14,0.6366132,2.5231902e-15
1809,3,3.8322216e-07,2.986322e-11,0.9999739,1.6466643e-07,2.5149058e-05,3.62391e-13,3.589879e-08,4.7046595e-07
1810,5,5.4855775e-07,1.5681784e-05,0.1723442,2.8773338e-06,0.4978735,1.09386e-09,0.0006637395,0.32909945
1811,3,2.9630795e-05,3.6497054e-06,0.7110106,0.00032826382,0.27588868,8.974699e-08,0.012494531,0.0002446503
1813,3,2.9316325e-09,1.0724845e-10,0.9997354,1.0546425e-08,0.0002627078,1.4206527e-12,7.9910495e-07,1.0184785e-06
1814,3,2.9180153e-05,4.588028e-06,0.95530623,3.90173e-06,0.03812929,1.6517168e-08,1.983455e-05,0.006507031
1819,3,2.631129e-06,4.4016394e-07,0.86499,0.0001029701,0.103069335,5.7590857e-09,9.029485e-05,0.03174436
1820,3,3.3335779e-10,8.90895e-12,0.9966517,1.2603051e-06,0.003333942,5.3400587e-12,5.011678e-06,8.1509e-06
1821,7,4.849519e-08,5.9178316e-09,4.4380033e-09,0.000105305975,5.654713e-09,4.7932556e-13,0.9998946,4.9724747e-15
1822,3,3.2588687e-06,2.2244503e-06,0.92672056,4.6518403e-06,0.07242283,2.1886679e-07,0.00025501163,0.0005912048
1826,6,6.172845e-08,0.0027139469,3.1830643e-12,2.8130044e-21,2.487621e-09,0.99728394,2.1147318e-06,6.651153e-24
1827,2,0.00020332848,0.7690018,1.6489459e-08,1.8216964e-16,1.4378843e-05,0.23073243,4.8149886e-05,8.941974e-16
1828,3,0.00028830403,2.7936217e-08,0.99968827,1.4755269e-06,1.9128172e-05,1.37621e-07,2.5834293e-06,2.6783151e-09
1831,7,8.023015e-08,8.617713e-06,4.211004e-15,7.3135203e-10,2.78213e-08,2.0115222e-11,0.9999913,4.254008e-19
1834,6,1.4517007e-08,1.6116828e-09,3.6086956e-11,2.4221415e-21,5.8282563e-12,1.0,3.3062775e-13,1.4150357e-26
1836,3,1.4398604e-08,6.0730854e-10,0.9809188,2.5901043e-05,0.015895773,2.2007791e-11,1.7518003e-05,0.003142023
1837,3,1.4711236e-08,1.1613884e-12,0.9998,1.7089435e-06,0.00019625749,1.9025374e-12,2.7727044e-08,1.9999306e-06
1839,3,2.813214e-07,5.883959e-10,0.9999455,1.4467036e-09,5.3952575e-05,7.014129e-11,1.4767527e-08,1.789778e-07
1840,3,2.0212005e-07,3.3968864e-10,0.99995995,5.7104153e-09,3.976788e-05,4.2476165e-11,3.51299e-08,1.57641e-07
1844,4,0.0005917364,5.558369e-10,4.9368067e-05,0.998594,5.080957e-05,2.0468181e-11,0.0007140374,3.2216176e-09
1851,3,2.3675089e-07,2.1927533e-09,0.99745566,4.1157973e-06,0.001965767,5.4972152e-11,2.0934988e-06,0.0005720961
1856,3,2.9605002e-07,4.911327e-08,0.99876034,6.606245e-07,0.0011899755,1.0045835e-08,2.7699862e-05,2.0934795e-05
1858,3,2.159336e-06,1.4950814e-07,0.4377404,0.00016760135,0.29750922,3.3444855e-10,2.3878782e-05,0.26455653
1861,3,3.1194674e-08,5.7989835e-11,0.99935514,2.0890101e-07,0.00060721935,2.2059576e-12,6.166664e-08,3.7361762e-05
1862,3,1.1659876e-07,1.2922334e-10,0.99975103,1.921549e-09,0.0002477555,4.602662e-12,5.149595e-09,1.0811482e-06
1863,4,2.6620294e-06,1.8125446e-11,1.0966481e-06,0.99827456,6.0287766e-06,5.489312e-13,0.0017155929,2.7767363e-10
1865,3,2.9366488e-06,1.2028706e-08,0.9999348,8.4057666e-10,6.206326e-05,6.62337e-10,2.6347982e-08,2.5277123e-07
1867,8,3.066438e-09,2.73305e-08,0.004113931,1.9939732e-07,0.05848197,2.7433723e-14,2.88117e-06,0.93740094
1868,3,1.5593173e-08,4.510096e-09,0.9826993,3.630118e-07,0.013775148,3.8622777e-12,5.121721e-06,0.0035200035
1869,6,7.109791e-06,1.5062111e-05,1.3703796e-13,2.4121074e-16,6.4638055e-09,0.9999776,3.1180056e-07,1.9060613e-23
1871,3,1.4693032e-05,6.723208e-08,0.999131,3.8596134e-08,0.0008530552,2.0957684e-07,5.3951004e-07,2.770142e-07
1874,3,0.0009397585,0.0002851284,0.98867023,6.2854184e-07,0.009887211,1.3789244e-05,8.035977e-05,0.00012280354
1875,3,9.003577e-10,2.6723914e-12,0.9998597,7.453546e-09,0.00013911864,1.1007032e-13,2.3971477e-08,1.1730762e-06
1876,3,4.925161e-07,1.9374e-07,0.9601457,1.1016682e-06,0.036404017,5.737992e-10,1.9146426e-05,0.0034293425
1879,6,8.16141e-05,5.287809e-06,1.12166525e-08,2.94935e-11,4.2311643e-07,0.999912,6.4261434e-07,1.1013927e-17
1880,3,2.4097155e-10,1.9064642e-13,0.9997911,3.6946787e-07,0.00020701652,4.3036486e-13,8.238378e-08,1.4562752e-06
1882,3,2.7261133e-06,3.6606118e-09,0.9999683,1.9107016e-09,2.884152e-05,5.427166e-10,1.7422646e-08,1.1433273e-07
1885,7,6.3827215e-06,1.1695532e-06,5.3526645e-07,0.00035366224,5.100077e-05,1.574485e-09,0.99958724,3.443491e-11
1886,3,1.3155217e-06,5.6580575e-07,0.99909306,1.5246623e-07,0.0008570146,3.8068347e-08,2.8572673e-05,1.9258949e-05
1887,8,8.0508284e-09,1.9765756e-07,0.0010234676,2.6778654e-08,0.35006198,1.02202054e-13,2.4747035e-06,0.64891183
1888,7,8.216784e-08,2.888553e-07,2.9105487e-10,1.5903333e-05,2.6839623e-05,5.6050633e-14,0.99995685,3.1204064e-11
1893,3,2.3060942e-08,2.3297662e-14,0.99998224,1.39286185e-05,3.6504678e-06,2.953581e-12,8.898306e-08,4.0193837e-10
1894,3,4.208692e-06,3.5197836e-09,0.99891937,6.476302e-06,0.00073206174,1.5453823e-10,3.102856e-07,0.0003375936
1897,3,7.267239e-09,3.4785917e-11,0.99987185,9.144553e-09,0.00012730644,2.0135146e-12,5.897283e-08,8.1844627e-07
1898,6,1.4283445e-05,1.5253462e-07,8.522708e-10,1.0165843e-18,2.4841743e-10,0.9999856,5.5469483e-12,2.2908238e-23
1900,1,0.9985261,7.089987e-05,3.0591174e-09,1.8160323e-08,9.562931e-07,0.0014017517,2.7661318e-07,3.1311272e-15
1901,3,0.0013664555,0.0005876049,0.92174506,9.2190663e-07,0.07547634,1.0111824e-05,0.00011136969,0.0007021116
1902,3,2.9294338e-11,8.083351e-15,0.9999703,5.12315e-10,2.9699668e-05,1.8834106e-15,3.4758724e-10,5.748485e-08
1903,6,3.1221684e-06,7.282968e-06,1.1371544e-09,2.549238e-18,4.3200568e-09,0.9999896,9.030874e-10,5.566064e-21
1905,3,1.2637023e-06,3.1679925e-09,0.9999217,1.9807004e-08,6.906512e-05,4.2172224e-11,4.1346265e-08,7.942606e-06
1906,7,6.544526e-08,6.8945028e-12,1.9484967e-12,0.0006371193,1.0034068e-10,7.861943e-16,0.99936277,2.4977601e-21
1909,6,3.1504027e-05,2.289007e-05,2.257398e-12,9.06946e-15,3.6342456e-08,0.99994504,5.54698e-07,1.7329264e-21
1911,7,1.962403e-07,1.4475528e-12,2.3158752e-07,0.36110434,2.8265217e-06,2.2332824e-15,0.6388924,2.0666789e-14
1912,7,4.7952426e-06,2.6336058e-05,7.927572e-14,1.1883622e-08,3.2020914e-08,5.130895e-11,0.9999689,2.3661704e-18
1913,3,2.8386943e-05,8.839513e-08,0.9983918,4.4992074e-05,0.0014293067,5.076233e-07,0.00010436595,5.1695747e-07
1915,2,2.5245306e-06,0.9979006,2.9724652e-12,4.922663e-15,9.559279e-06,1.2391897e-06,0.002086112,1.9651431e-13
1918,4,0.0051146206,6.260151e-10,0.19164827,0.8026892,6.788799e-05,2.8748115e-10,0.00047999207,8.816454e-09
1923,3,2.7740475e-07,4.9593973e-10,0.9977458,0.00030617588,0.0017571414,1.5235908e-11,0.00017917357,1.1450656e-05
1924,6,2.6981612e-08,1.3947633e-07,1.989279e-12,4.633231e-19,4.6035724e-11,0.9999999,2.695141e-09,2.8929616e-26
1927,3,4.5367782e-05,5.5945353e-08,0.9997274,1.1829093e-05,0.00020024685,1.2078009e-07,2.269514e-06,1.2697264e-05
1928,3,1.4073123e-06,5.7304654e-09,0.9995302,9.539893e-07,0.00046185704,1.7203917e-08,5.3663507e-06,1.8546011e-07
1930,3,2.9616908e-06,1.662871e-07,0.9940055,8.810443e-06,0.0052210344,8.016145e-09,2.1527523e-05,0.0007400289
1932,7,2.721466e-06,6.9913845e-08,1.8726519e-07,0.0017918022,5.6992224e-07,5.747831e-12,0.9982046,3.0566816e-12
1933,3,5.6494628e-06,2.126412e-10,0.9985599,4.0021645e-05,0.0013911155,1.191358e-07,3.1856694e-06,1.2348264e-08
1934,7,1.2502205e-06,3.8788757e-11,6.3269636e-07,0.45443517,3.9198153e-07,8.806282e-14,0.54556257,1.9606503e-13
1940,3,0.0003499492,2.794364e-05,0.72856325,0.0010666092,0.2645862,9.7265865e-06,0.0039498652,0.0014464676
1941,7,0.0006319941,3.4225795e-06,1.0718853e-08,0.00023542394,1.0770302e-06,2.1702653e-09,0.99912816,1.0522675e-14
1943,3,1.5842434e-05,1.9175361e-09,0.9999378,1.6712491e-08,4.17565e-05,4.5978663e-06,4.7559535e-08,2.3641303e-10
1944,3,2.290443e-06,7.3530714e-07,0.9971608,5.2294332e-08,0.0027947507,1.5748876e-08,7.158806e-06,3.429963e-05
1946,3,5.5917617e-09,6.419434e-11,0.999848,4.7111963e-09,0.00015138935,2.4730803e-12,1.16815876e-07,5.2907404e-07
1949,5,2.3479735e-07,8.443419e-09,0.07951066,6.713819e-05,0.90164435,6.410936e-11,2.4215038e-05,0.01875333
1953,3,6.5941337e-09,5.012769e-11,0.9989366,6.217452e-06,0.0010424068,1.54776e-10,1.3359299e-05,1.4202368e-06
1954,6,5.204619e-06,2.2397377e-05,1.7588459e-08,4.0326164e-16,2.4791312e-08,0.99997234,2.9749293e-08,1.8016106e-19
1956,6,1.2386439e-05,1.832834e-06,1.4262101e-13,2.9572845e-15,5.059355e-09,0.9999857,1.4610153e-07,2.5881006e-24
1958,3,8.8444686e-08,5.226852e-10,0.9955258,2.7230405e-07,0.004467416,4.7497534e-10,4.795e-07,5.8790965e-06
1960,3,2.276409e-06,2.7912448e-09,0.9999685,2.3112925e-09,2.8896617e-05,3.449001e-10,1.3953882e-08,1.8866254e-07
1962,5,2.1452328e-07,1.2358291e-07,0.0014629785,3.8245608e-07,0.989645,1.3726956e-10,1.8982117e-06,0.008889327
1967,3,5.11641e-09,1.2063171e-12,0.9999311,5.2840244e-07,6.7688976e-05,1.3236956e-12,8.167712e-08,5.589042e-07
1968,7,4.2090182e-06,4.936413e-10,2.345941e-11,0.017861973,7.805826e-09,1.04804464e-13,0.9821338,1.1061473e-17
1975,6,4.2454153e-07,9.46704e-10,6.615062e-10,1.5011978e-18,3.7152034e-10,0.9999995,2.9175555e-13,8.540537e-24
1976,3,3.5452013e-11,4.9530103e-14,0.9999374,1.1113143e-08,6.243404e-05,1.185211e-14,9.7737605e-08,1.2496222e-08
1979,3,0.0010973511,2.8422543e-05,0.9952435,9.681616e-06,0.0016490191,0.0018639001,0.00010698215,1.1883488e-06
1982,3,1.9687069e-10,6.7460496e-11,0.9982016,2.1575035e-08,0.0017906959,9.109122e-12,3.3290423e-06,4.318949e-06
1983,7,8.7248575e-10,6.8787667e-12,9.543844e-13,0.000112890564,2.4645935e-11,8.649234e-18,0.9998871,5.461935e-19
1986,7,1.1512126e-06,4.452346e-10,1.3746689e-13,0.0012099236,6.7893796e-10,6.460562e-15,0.9987889,2.2275762e-19
1991,3,8.987031e-11,2.0042868e-15,0.99993,3.047541e-07,6.609183e-05,8.320411e-16,1.5115553e-09,3.620717e-06
1993,3,3.2794516e-09,8.130929e-13,0.9999939,3.3196013e-10,6.0955936e-06,6.315078e-13,1.5799608e-09,1.8255127e-09
1994,7,6.968166e-06,6.9830436e-05,4.9458217e-14,1.62103e-08,1.3255747e-08,2.309076e-10,0.9999231,2.9191229e-18
1996,3,2.2503267e-08,1.6348185e-11,0.99994123,7.522541e-09,5.8426704e-05,3.4114604e-12,8.35055e-09,3.408204e-07
1997,2,0.28259864,0.71713215,1.0506547e-11,1.3213228e-14,0.00018760974,8.051629e-05,1.0949587e-06,5.591166e-14
1999,3,1.0562806e-07,3.170944e-11,0.9999708,1.387806e-07,2.8483702e-05,2.2442388e-11,4.5864347e-08,4.2340207e-07
2001,6,0.00015092817,0.016132025,7.855455e-08,3.3155922e-16,2.5667653e-06,0.98371327,1.0960379e-06,2.1635792e-16
2003,3,0.0001770086,4.4000853e-08,0.98525107,0.009998798,0.004374888,4.0736668e-07,0.00018517413,1.2485843e-05
2005,6,9.865612e-06,0.000117526724,2.890747e-12,2.5170836e-15,5.4276392e-09,0.9998603,1.23319205e-05,3.644899e-23
2006,7,2.3864025e-12,1.4695604e-09,1.2407121e-10,3.6578365e-10,1.3839876e-10,2.3825657e-18,1.0,1.354484e-16
2011,3,9.130745e-06,2.6157414e-09,0.9996859,6.3118905e-06,0.00027107287,1.5615731e-09,1.869217e-07,2.7400716e-05
2012,6,0.00023513462,2.2069037e-06,4.4926857e-10,7.171801e-15,2.5758036e-09,0.9997626,1.04238795e-08,4.747816e-23
2015,6,3.4075554e-05,2.7847622e-05,6.9607765e-08,2.2485531e-14,4.3460176e-08,0.9999379,7.174205e-08,4.0546078e-18
2020,3,5.71094e-06,2.7089242e-09,0.9999492,2.629322e-06,3.9229028e-05,2.860354e-09,3.0644171e-06,9.0548546e-08
2022,3,1.8008874e-06,1.8400433e-09,0.99315226,1.2298723e-07,0.006844827,9.985827e-09,1.5351561e-07,7.880101e-07
2025,6,5.4247503e-06,5.12988e-07,1.8305369e-13,2.763448e-19,2.379827e-10,0.99999404,1.754731e-10,9.352087e-26
2027,3,1.3244967e-08,1.8870279e-10,0.9998648,2.690812e-09,0.00013378583,5.3032695e-12,6.4068544e-08,1.166805e-06
2029,6,3.7261063e-05,2.0657144e-07,4.693572e-13,7.441964e-14,1.6239598e-08,0.99996245,2.0328267e-08,2.09594e-23
2031,3,1.8601126e-07,4.7674047e-09,0.9888237,0.00023448003,0.0093950555,6.118443e-10,0.00012550752,0.0014209956
2033,6,4.8938065e-05,5.944861e-06,3.7027155e-09,1.3908187e-17,1.7127476e-09,0.99994504,3.8943718e-10,2.4073716e-21
2034,3,4.825514e-05,1.10981304e-07,0.9999337,9.3942765e-09,1.6834725e-05,1.5174027e-08,1.11347e-06,5.140114e-09
2035,5,2.3241118e-06,0.10893485,1.3603635e-07,4.502714e-10,0.8083795,5.499574e-08,0.08267718,5.9485283e-06
2036,7,1.0590261e-06,1.4345501e-09,1.4823627e-08,0.0032354088,5.996823e-08,6.3106416e-13,0.99676347,4.3810314e-15
2038,3,3.589703e-08,1.588487e-10,0.9909293,3.3237407e-06,0.008976129,6.124992e-11,4.6869195e-07,9.0758294e-05
2041,2,1.4162702e-05,0.86281407,1.8955168e-13,8.8470626e-13,9.492727e-07,2.9909402e-06,0.13716784,9.940178e-16
2043,3,1.0806639e-06,1.7530614e-09,0.99982184,1.218868e-08,0.00014605162,4.0717876e-12,9.962619e-09,3.111226e-05
2050,3,4.286684e-08,4.5752998e-12,0.99993587,4.2875918e-08,6.3262916e-05,5.019365e-14,1.1184724e-08,7.7540693e-07
2051,3,1.9021851e-10,4.1780815e-12,0.99653757,4.0840905e-07,0.003437713,1.1071322e-12,9.0996514e-07,2.330545e-05
2054,7,1.2231425e-06,8.216916e-10,6.8471784e-11,0.002506573,1.8901838e-07,1.4236904e-13,0.99749196,2.1767364e-16
2055,6,0.1815005,0.00011219419,1.3222959e-10,4.6099866e-10,6.6529805e-07,0.8183815,5.1369548e-06,4.7804377e-20
2057,7,2.4270898e-06,5.8040346e-08,4.522918e-09,0.010128748,5.23065e-05,6.3823155e-13,0.9898164,1.1626516e-10
2059,3,2.8203171e-08,4.20508e-09,0.9922213,1.2742585e-06,0.007343649,1.0254088e-10,1.17732525e-05,0.00042195906
2061,4,2.3484769e-07,3.3011864e-11,1.5402394e-07,0.95522755,8.180008e-06,1.7286186e-15,0.044763852,1.0652565e-09
2063,7,4.8804627e-10,1.8052308e-08,3.955713e-14,2.5337448e-09,6.026616e-09,4.157157e-15,1.0,8.447923e-19
2066,3,1.1323341e-05,2.3337489e-07,0.99986994,3.613383e-08,0.00011658645,1.15452394e-07,1.0606885e-06,6.8722534e-07
2069,3,8.0673345e-08,2.2377983e-10,0.9999441,4.0104338e-09,5.561568e-05,1.694735e-11,3.652581e-08,2.3990646e-07
2070,1,0.9988858,0.0010847506,4.803751e-13,2.703952e-10,2.920993e-05,1.3454408e-07,7.323872e-08,2.389104e-13
2072,3,2.0238585e-07,5.5252207e-09,0.9984219,2.1487012e-06,0.0013561092,2.2877106e-10,5.813652e-06,0.00021370755
2074,3,1.5764414e-09,1.4101775e-10,0.99956256,1.057905e-08,0.0004358236,5.920805e-11,9.3387314e-07,6.268688e-07
2078,7,0.0008703907,0.022841863,4.8467918e-08,1.3164729e-06,0.098020285,2.901309e-06,0.8782633,3.835757e-09
2080,3,1.15866854e-07,1.4408755e-11,0.999961,1.4189428e-07,3.7978203e-05,1.1830309e-13,4.39118e-08,6.48992e-07
2082,3,1.1997364e-08,7.460479e-13,0.9999732,1.9764214e-07,2.644207e-05,1.7614223e-12,1.0355244e-08,2.1543715e-07
2094,5,3.138182e-07,5.5151786e-06,0.0019102009,2.5491458e-06,0.9921922,1.876009e-09,0.0017663008,0.0041229795
2095,3,6.6758395e-07,4.8894727e-10,0.9999962,2.1942112e-10,3.097233e-06,4.024879e-10,1.7227965e-08,3.5358358e-10
2096,3,3.8657205e-07,1.6611525e-10,0.99962795,8.305407e-08,0.00037010724,1.0934824e-10,2.7074972e-08,1.454332e-06
2105,6,8.03322e-06,7.0684155e-07,5.3649023e-13,1.753834e-16,1.9297983e-09,0.9999913,7.447507e-09,2.3039201e-24
2108,3,1.8057386e-05,2.43872e-07,0.9453169,0.00029143365,0.05355693,1.0975177e-08,0.0005397007,0.00027672123
2111,6,2.2064462e-06,4.1227114e-08,3.530692e-14,8.2158085e-18,2.0256428e-10,0.99999774,3.9018783e-10,4.639906e-27
2114,3,4.65218e-11,8.185411e-15,0.99996316,1.9343737e-08,3.674479e-05,1.2070287e-14,3.9199315e-09,1.14471575e-07
2115,3,5.3092554e-05,6.485446e-08,0.9998442,1.7899047e-06,9.0626425e-05,2.1970376e-08,1.0012654e-05,9.234642e-08
2118,3,3.3799623e-08,7.3699487e-09,0.9253921,0.001314352,0.06058414,6.5379424e-11,0.011561037,0.001148289
2119,2,0.004469678,0.94625574,1.3961211e-07,2.910446e-11,0.000105032224,0.046464384,0.0027050637,4.1954227e-12
2120,3,9.1222335e-11,6.304683e-13,0.99943,1.6517595e-07,0.0005686019,1.9203758e-12,3.6421855e-07,9.326351e-07
2128,3,1.9212054e-08,7.5634277e-10,0.9874328,1.1814805e-05,0.009018921,9.786169e-12,1.0699367e-05,0.0035257256
2130,6,1.07455556e-07,1.909925e-08,3.4383676e-11,3.2946273e-19,5.1122297e-11,0.9999999,2.7473043e-11,2.3829839e-25
2132,2,3.6290502e-09,0.9999492,6.6717337e-22,5.350711e-23,4.20824e-08,1.6613519e-12,5.0754414e-05,1.34131674e-20
2133,7,1.2169234e-06,0.0010577629,3.7439712e-10,1.4475722e-08,0.004286576,4.2352575e-09,0.9946544,5.1999106e-11
2134,3,1.33090925e-08,2.187538e-11,0.9958949,1.2481631e-07,0.0035083257,3.8289027e-14,1.5891784e-08,0.0005967305
2138,7,2.1617875e-07,6.8623117e-06,7.1396222e-12,3.6360808e-07,6.5460405e-08,1.6264169e-12,0.9999925,3.0588142e-14
2139,5,7.1486e-10,1.473571e-07,3.9057377e-07,2.101912e-09,0.9699829,2.0666956e-15,7.2780495e-06,0.030009335
2142,3,2.864632e-09,1.783233e-12,0.99991226,6.62905e-09,8.696555e-05,2.1138066e-13,3.6346033e-09,7.577078e-07
2143,3,6.679048e-10,3.501678e-14,0.99999356,7.3611195e-10,6.3949997e-06,5.0980707e-14,1.7976036e-10,8.509281e-09
2144,4,2.4461197e-06,6.6513284e-12,6.7316105e-05,0.9997516,1.4265303e-06,6.389898e-12,0.00017722955,6.2523453e-10
2146,6,0.00016468143,0.014990811,8.517817e-09,1.2381582e-16,8.070775e-08,0.9848406,3.8179414e-06,2.900084e-19
2148,6,1.5821058e-07,8.86363e-09,9.950047e-14,5.3360747e-18,6.667808e-11,0.9999999,3.53134e-10,1.4456382e-27
2149,3,3.259792e-09,3.2312423e-13,0.9999969,1.0207897e-09,3.0745161e-06,4.4692597e-13,2.5203999e-09,5.5091e-10
2151,3,0.00013077969,3.153948e-06,0.85831827,0.0006945614,0.039095987,7.021728e-07,0.10175615,4.6606877e-07
2152,3,0.00022723468,7.4415443e-09,0.9743183,0.024355019,0.0010429901,4.9261295e-08,3.5570672e-05,2.0805335e-05
2153,3,5.1224793e-06,1.2577107e-13,0.9999869,7.797645e-06,2.0608456e-07,1.620831e-11,6.6867174e-09,1.9039069e-11
2154,7,0.010276878,0.0009376768,0.24094988,0.0029826502,0.0028234061,2.0696984e-06,0.7420238,3.64688e-06
2155,3,2.2633631e-10,1.8988456e-14,0.9999871,3.9296727e-10,1.2867759e-05,1.526615e-14,1.5138947e-10,1.2474696e-08
2158,7,6.8675035e-08,2.5287026e-09,1.3840786e-05,0.00010505718,2.3890468e-08,1.2614159e-14,0.999881,6.171989e-13
2159,5,6.6832214e-08,9.885761e-07,0.0011203579,1.7444039e-06,0.99019825,1.6970496e-09,0.00018790642,0.008490669
2160,6,0.00045416347,5.0209695e-07,4.7801413e-10,1.3504388e-15,2.5209006e-09,0.9995453,2.5122734e-10,8.186017e-23
2161,3,3.0558334e-05,4.022618e-05,0.8854931,6.488595e-05,0.07441931,2.2769181e-07,0.00082454813,0.039127186
2162,3,5.8321494e-09,4.143776e-10,0.96544415,1.37916e-06,0.017228883,1.7477887e-13,2.128254e-06,0.017323578
2163,3,4.9215987e-09,2.3989031e-12,0.99999464,1.4526063e-09,5.3064173e-06,1.4156861e-12,2.0740115e-08,8.491242e-10
2166,3,2.5109198e-06,5.504195e-08,0.98717934,0.0009010362,0.010178026,2.1121389e-08,0.0003206634,0.001418212
2169,6,4.261988e-06,1.6997562e-07,3.1089633e-13,7.205584e-16,3.5179213e-09,0.9999956,4.439408e-09,4.61961e-24
2171,6,7.286266e-05,1.0058613e-06,1.3266814e-12,3.2208912e-13,3.8619625e-08,0.999926,1.3520939e-07,1.8890837e-22
2173,5,8.625001e-05,3.8656835e-05,0.16581,0.00010188578,0.64240235,9.678468e-08,0.00018722707,0.19137357
2174,7,9.543845e-07,1.1874806e-07,8.372592e-09,2.698903e-07,3.8238177e-09,2.7422334e-11,0.9999987,3.0552588e-18
2175,7,2.8420995e-05,5.868737e-09,1.5228157e-08,0.3288826,8.3081096e-07,2.8875092e-12,0.6710881,9.727558e-13
2181,3,2.8604758e-08,5.747205e-11,0.9999399,1.28389885e-08,5.967617e-05,6.3068435e-12,6.1976245e-08,2.1240442e-07
2185,7,5.219459e-10,1.5709718e-11,1.2952312e-16,1.9711582e-07,6.0668544e-13,1.6953804e-17,0.99999976,2.628503e-24
2188,3,2.078117e-06,5.883412e-09,0.9996538,1.3346815e-09,0.00034274126,1.2319999e-10,1.5780694e-08,1.3373054e-06
2189,7,2.2650253e-09,9.982687e-10,7.6526e-15,2.0091389e-07,1.6616665e-09,4.1115596e-16,0.99999976,1.0464946e-19
2191,2,9.247336e-08,0.99950135,1.0087539e-11,3.2311908e-19,3.5389283e-07,3.2857707e-07,0.0004978073,1.7345226e-16
2192,7,1.4771673e-05,2.5673955e-07,0.0027087799,0.008286636,0.058980945,6.0487366e-09,0.93000853,4.82519e-08
2193,5,2.402305e-07,1.8955053e-07,0.08757022,1.6396552e-05,0.8974402,2.905819e-09,9.850653e-05,0.0148743205
2195,5,2.680899e-09,2.4593265e-11,0.22547445,0.00010427512,0.7741241,1.1260449e-12,0.00025945654,3.7748447e-05
2196,3,1.7868161e-06,1.4887577e-08,0.9956766,1.14223305e-07,0.004318495,2.0845615e-08,9.007772e-07,2.0267814e-06
2199,7,2.965549e-07,0.00037093431,7.566718e-10,2.7898501e-09,0.0017865644,1.068556e-11,0.9978422,1.0215001e-10
2200,8,3.1355987e-05,0.0001671236,0.069434375,2.3971505e-05,0.19992162,1.6448865e-08,0.0003558628,0.7300658
2201,8,2.408447e-07,2.926824e-07,0.11324066,2.0903191e-05,0.19962198,7.559955e-12,0.000108296284,0.68700767
2202,3,1.5653992e-10,5.379908e-12,0.99928206,6.915281e-08,0.0007156822,6.8509903e-12,1.0427318e-06,1.1120167e-06
2204,2,0.0001428259,0.9543082,1.8921401e-11,1.8439677e-14,1.4672821e-06,0.032844644,0.012702805,8.117505e-18
2205,3,1.9473157e-08,7.508351e-11,0.9994504,1.1723182e-05,0.0005098336,3.9363454e-10,2.7734362e-05,2.785744e-07
2208,6,8.4201e-05,1.5483116e-05,4.538139e-12,3.599859e-15,3.8596394e-08,0.9999002,6.464936e-08,3.8660237e-21
2209,6,3.1242678e-08,2.8549976e-10,5.259682e-11,5.6242405e-21,5.767644e-12,1.0,4.0971607e-14,9.438694e-27
2210,1,0.99933225,0.00024343212,1.2758234e-06,4.94245e-05,3.7546466e-05,3.837192e-05,0.00029768495,2.6767049e-11
2211,1,0.97951573,0.0014463891,1.2410596e-10,2.0336277e-08,2.6733035e-06,0.018982725,5.2385807e-05,8.7102284e-17
2216,3,2.7237784e-08,2.4709226e-10,0.9973622,8.697118e-06,0.0025802846,1.1295907e-11,4.4639517e-05,4.244405e-06
2217,6,0.00017886181,2.6963971e-05,6.2951624e-13,2.1067901e-13,8.2852154e-08,0.9997917,2.472694e-06,7.901471e-22
2218,7,4.7312014e-08,2.1916605e-08,3.8378702e-13,6.486011e-07,1.6681375e-09,3.3497497e-13,0.9999993,9.395795e-19
2219,3,0.104478285,0.0033308652,0.5208907,0.035176,0.028178424,0.018126924,0.28980818,1.0559541e-05
2220,6,2.727263e-06,1.0028644e-07,1.01539445e-11,2.1013289e-15,2.981028e-09,0.99999714,3.1869656e-09,2.7920608e-23
2221,6,0.0015211467,7.737399e-06,9.181774e-10,9.625499e-14,6.78782e-08,0.99847096,1.000839e-08,7.900861e-20
2224,3,2.5381627e-07,3.0146483e-11,0.9999807,2.285828e-08,1.8788003e-05,1.8054308e-11,3.4780716e-09,2.566593e-07
2225,3,4.7255458e-07,1.1482179e-07,0.99806446,1.0444178e-07,0.0018924685,3.8233945e-09,6.857401e-06,3.5499757e-05
2226,3,1.4270503e-08,4.650685e-10,0.9926986,1.0140526e-06,0.006733725,6.50952e-12,1.6097572e-06,0.0005649853
2230,3,5.0443183e-10,1.21263e-11,0.7544556,2.7736094e-06,0.05491346,8.491736e-16,3.7752378e-07,0.19062787
2242,3,5.7215802e-06,3.5042127e-08,0.5314571,4.2113084e-06,0.36498955,2.3773542e-12,1.3297816e-06,0.10354198
2244,3,6.7141315e-07,1.4631296e-09,0.999925,1.544195e-08,6.745587e-05,1.9132208e-11,2.9102372e-08,6.830855e-06
2245,3,1.6174576e-05,5.182915e-06,0.99171865,3.0332481e-05,0.0071744276,4.4221423e-07,0.0006195913,0.00043510742
2249,3,0.000103803075,1.5099138e-08,0.92858607,0.01612193,5.214402e-05,3.5617707e-09,0.0551359,2.7120723e-09
2251,2,2.628921e-05,0.9994647,1.3004785e-11,1.7621777e-14,0.0002489814,2.399359e-06,0.00025772315,1.2593351e-11
2252,8,2.8777534e-09,7.3618023e-09,0.0058365352,3.281194e-08,0.0027832775,4.901381e-16,2.089276e-07,0.9913799
2253,6,7.2974353e-07,3.5253795e-06,3.3397856e-13,3.2046468e-19,1.0548079e-09,0.9999957,2.8722247e-09,6.208616e-24
2256,6,4.276446e-09,1.9561455e-09,1.9982817e-11,1.2812964e-21,2.811633e-12,1.0,1.0990664e-12,2.6116883e-27
2257,7,3.227455e-11,9.945559e-09,4.5932868e-18,3.0934116e-11,1.4097368e-11,5.711797e-17,1.0,1.3031672e-22
2259,6,3.5281544e-06,7.64599e-07,8.440803e-11,7.8237025e-17,6.8355477e-10,0.9999957,3.7397334e-09,1.2260945e-23
2262,6,9.873437e-06,4.664773e-05,3.1744867e-12,3.1148235e-18,1.4775273e-08,0.9999435,1.2993549e-08,6.6976285e-22
2263,3,5.2990075e-08,3.581641e-11,0.99983335,3.5599987e-06,0.00013171883,2.3407927e-12,5.872931e-07,3.0677358e-05
2266,6,9.1795824e-05,0.0005474101,4.857563e-08,2.4726475e-16,3.7456026e-08,0.9993606,9.7790284e-08,7.555049e-19
2268,3,3.9678138e-08,1.084095e-11,0.9997116,4.921123e-06,0.000281901,1.6337574e-11,4.552395e-07,1.0490913e-06
2271,5,3.810028e-07,2.3426708e-08,5.0262926e-05,0.00048331838,0.997931,1.9577789e-11,0.0014119153,0.00012318477
2273,3,5.3972556e-08,1.0315505e-09,0.963803,2.488381e-06,0.036112238,6.03261e-10,2.2041454e-06,7.9991965e-05
2275,5,1.5112933e-08,3.2550571e-09,0.40088192,6.8557138e-06,0.5919587,5.7503478e-11,1.4435332e-05,0.007138138
2276,3,2.9865896e-09,8.9948144e-13,0.9999919,2.712668e-10,8.076172e-06,7.106641e-13,1.2804826e-09,2.8771374e-09
2278,3,1.7822675e-05,6.16246e-08,0.9901786,9.623772e-05,0.008509883,3.41745e-10,2.0495552e-05,0.0011769094
2279,3,3.658456e-08,3.2650135e-12,0.99999857,1.3023489e-09,1.3426261e-06,4.136592e-12,6.3421584e-09,1.9933423e-10
2282,4,8.7879766e-07,9.774586e-13,4.2831707e-07,0.9997116,1.2718198e-07,7.815141e-14,0.0002869844,5.9701315e-12
2283,3,6.900615e-11,1.9349544e-12,0.9972784,3.3123698e-07,0.0026057588,5.663997e-14,9.177261e-07,0.00011465933
2284,3,1.0317597e-05,4.5447393e-08,0.9584323,0.00012493102,0.041047044,3.772439e-08,2.4404488e-05,0.00036084547
2286,3,6.4585035e-09,3.6801755e-13,0.9999924,9.4194625e-09,7.659894e-06,6.120681e-13,1.6482107e-09,2.5298677e-08
2288,2,1.14681925e-05,0.9988404,1.0010553e-10,1.4477593e-16,3.3355566e-06,0.00080529135,0.00033951923,1.4493899e-15
2289,7,2.1643977e-07,3.8213033e-10,1.3912574e-10,0.0003714632,7.443145e-07,4.1114766e-14,0.9996276,2.0501239e-16
2290,3,6.480969e-05,7.3115865e-07,0.9893323,0.00036082236,0.009307349,7.437075e-07,5.6559893e-05,0.0008766954
2292,7,4.0761623e-07,1.105618e-09,3.6988548e-09,0.0009918623,4.5954963e-07,1.5968524e-13,0.9990073,4.9784395e-15
2293,7,4.5258525e-06,1.1704402e-09,4.7322063e-11,0.022264298,1.6125316e-08,1.7272167e-13,0.97773117,1.4300932e-16
2298,3,2.5980147e-09,6.037428e-14,0.99997914,2.2634651e-07,2.059553e-05,2.654602e-13,1.9097687e-08,5.355831e-09
2299,3,9.58044e-06,1.6848865e-09,0.9999819,5.8708604e-08,8.477492e-06,8.73451e-10,3.1260054e-08,1.0771073e-07
2300,4,3.5394157e-06,7.291114e-11,9.0650735e-07,0.99520123,1.254578e-05,6.4869974e-13,0.0047818194,7.787972e-10
2301,3,2.659205e-07,5.3584113e-08,0.98132503,6.3583366e-07,0.017115816,2.0259193e-10,5.8833634e-06,0.0015524105
2305,3,3.8893107e-09,1.5322952e-13,0.9999887,5.1837867e-09,1.1162177e-05,1.3721577e-13,3.9356945e-10,6.094323e-08
2306,3,3.5696078e-11,5.2648576e-13,0.99773705,8.5793076e-08,0.002177062,6.7899783e-15,1.5613931e-07,8.562776e-05
2311,3,1.6880224e-10,4.9732252e-14,0.9999726,3.1859515e-09,2.7315626e-05,3.1646493e-14,1.7405607e-09,8.225083e-08
2312,7,0.008101245,5.355049e-07,8.8510504e-08,0.31512904,9.321989e-06,1.074234e-09,0.6767598,1.82821e-12
2316,3,1.2037881e-05,1.992752e-08,0.9994266,1.7335094e-07,0.0005269798,5.7953536e-10,8.487237e-08,3.4110173e-05
2318,2,7.205372e-06,0.9990766,4.8065824e-10,1.4434969e-15,1.3964903e-05,0.00029872148,0.0006034711,9.455794e-14
2319,3,8.281098e-09,7.520649e-13,0.999997,2.532513e-10,3.0299639e-06,1.4307662e-12,8.260208e-10,4.5242526e-10
2321,8,4.137885e-09,2.923695e-07,0.00024032246,1.8741463e-08,0.022433348,2.4540706e-14,2.113525e-06,0.97732383
2324,7,3.5077366e-12,9.9493906e-14,2.9801349e-13,1.2473738e-06,8.3799226e-14,3.46264e-20,0.9999988,9.6956155e-23
2328,3,1.5937627e-05,1.7632722e-08,0.99996805,6.827846e-08,1.5555179e-05,2.6577698e-09,2.9237225e-07,1.7890538e-07
2329,3,1.2579028e-06,7.4662694e-08,0.9508987,6.536131e-06,0.037104666,2.1758997e-10,5.256043e-06,0.011983525
2330,6,4.4009514e-07,1.4492687e-07,1.3692608e-12,1.0697854e-16,5.6816507e-10,0.9999994,7.986554e-09,5.551688e-25
2333,3,7.863198e-10,1.1579667e-11,0.9978393,6.9877916e-07,0.0021173568,1.87826e-12,1.0384339e-06,4.169538e-05
2334,3,5.3665353e-08,1.3035066e-11,0.99985445,1.5406367e-06,0.00010099494,1.0484198e-12,6.3838556e-08,4.2847063e-05
2336,7,5.427927e-08,1.965354e-09,1.5068288e-13,1.08095255e-05,2.2527178e-09,1.2512478e-14,0.99998915,1.0162312e-18
2339,3,2.2849482e-09,4.8515415e-12,0.99985754,2.428162e-09,0.00014030363,8.808655e-14,4.9334794e-09,2.0950704e-06
2342,7,8.554398e-09,2.891383e-12,8.563017e-13,0.00068249606,4.5780754e-11,2.9692727e-17,0.9993175,2.4591227e-20
2343,3,3.0495184e-07,2.6561704e-08,0.99495715,6.323056e-08,0.0045125843,3.184483e-11,6.432441e-07,0.0005292509
2345,3,2.5469376e-06,5.852907e-09,0.9998379,1.2521648e-09,0.00015880293,1.9413843e-10,1.4379165e-08,6.833788e-07
2346,7,1.675092e-06,2.7796687e-09,1.9101554e-13,0.0007865204,4.4797592e-09,7.031722e-14,0.9992118,3.940693e-18
2349,3,1.6763615e-05,2.1160165e-08,0.99997807,2.81073e-08,4.0647847e-06,4.0215877e-08,8.9749494e-07,1.7064326e-09
2350,3,2.6177755e-08,1.4824076e-09,0.9920014,3.9172983e-06,0.007420421,6.5015396e-11,9.16376e-06,0.00056515465
2352,3,5.4029486e-10,8.86461e-12,0.99962556,5.0040978e-08,0.000373362,1.4902279e-11,4.925382e-07,5.632607e-07
2355,7,3.769127e-11,1.8639573e-11,1.9641727e-16,7.104398e-08,7.971373e-12,4.3474897e-19,0.9999999,8.33272e-22
2358,4,1.15162244e-07,2.688204e-12,2.0694833e-09,0.96531373,2.5258684e-08,1.5720311e-16,0.034686178,6.6276157e-13
2360,8,1.922382e-06,3.003019e-07,0.107416846,1.4777191e-06,0.02478519,1.1266654e-12,1.2046308e-06,0.8677931
2362,7,7.939211e-07,1.6381867e-07,9.497735e-07,0.0008680995,0.002078064,9.811002e-12,0.99705195,4.1051265e-09
2364,2,1.2141562e-07,0.999841,3.0412675e-17,6.872524e-19,3.3805118e-06,9.364688e-10,0.00015549726,6.4460345e-16
2365,3,4.120889e-05,1.3251033e-08,0.9999527,7.1476194e-09,6.039861e-06,5.4622378e-09,1.14864704e-07,2.1983726e-09
2367,3,1.136968e-09,3.930599e-13,0.99998975,3.2411807e-10,1.0197579e-05,2.667527e-13,1.2146508e-09,4.7304325e-09
2368,3,6.9979994e-10,1.3628756e-12,0.99737716,7.088526e-05,0.0025165954,6.440666e-13,1.1865496e-05,2.349682e-05
2369,5,2.5699194e-06,1.3608951e-08,0.0003320152,1.1715879e-07,0.99958736,2.3967667e-10,1.144876e-07,7.784853e-05
2370,7,7.765645e-07,0.0023886922,4.563263e-11,1.0470591e-09,3.2320495e-06,3.2736658e-09,0.99760723,1.4905887e-13
2371,8,6.493248e-06,5.0469233e-05,0.06117648,3.634026e-05,0.1552825,6.1216463e-09,0.0005965875,0.78285116
2373,7,1.91176e-07,6.636985e-11,1.454581e-10,0.0025737598,2.2105855e-09,1.6852815e-14,0.997426,4.595817e-18
2374,3,7.008377e-08,2.2075046e-09,0.98180467,8.3752525e-08,0.01814124,9.009707e-11,7.088317e-07,5.3109445e-05
2377,3,1.8212054e-08,5.4661886e-08,0.9856784,2.915537e-06,0.012849944,7.2463935e-10,0.0012267649,0.00024187853
2378,8,2.112054e-07,2.165731e-07,0.074633926,3.4395067e-05,0.21176067,2.914509e-11,5.8433987e-05,0.7135121
2379,1,0.9991047,0.0006076406,1.3732272e-09,6.4349583e-06,4.7267304e-06,9.986025e-05,0.00017665552,1.2340533e-13
2380,7,1.8218344e-07,1.4270138e-09,4.3275945e-06,0.005957531,4.785001e-08,1.5050928e-12,0.99403787,2.1912292e-13
2382,3,1.4015973e-05,1.3384379e-09,0.999918,2.7421196e-05,2.6239904e-05,1.5528445e-11,1.401227e-05,2.4628068e-07
2384,3,5.926069e-09,1.2362678e-12,0.9999944,3.1924557e-10,5.5807873e-06,1.0247924e-12,1.0984395e-09,2.5107976e-09
2387,3,1.39787045e-11,2.339413e-14,0.9999354,1.3512585e-09,6.460477e-05,4.5186163e-15,7.0242936e-09,5.016526e-08
2388,3,1.9250623e-09,1.3820236e-13,0.99999654,1.2624387e-09,3.4941436e-06,2.3396733e-13,1.8044837e-09,6.5150696e-10
2393,3,1.7393693e-06,7.184481e-08,0.99946195,2.156076e-06,0.00018371771,8.88713e-08,0.00035012132,5.310149e-08
2394,5,3.334707e-05,3.171669e-05,0.27484438,5.3349972e-06,0.69161683,5.701677e-08,0.00013794823,0.0333304
2395,7,3.456649e-09,3.5163459e-12,4.8753905e-13,0.00018579868,2.7615873e-11,2.3040299e-17,0.9998142,1.8556506e-20
2397,7,5.8443753e-08,6.4241426e-08,2.7980238e-06,0.0008723459,1.9031511e-05,8.310663e-13,0.99910575,7.476948e-09
2398,6,6.262962e-07,1.4188581e-06,2.0637692e-13,2.0060332e-19,5.6099686e-10,0.999998,1.0744868e-09,1.7233708e-24
2399,3,1.6302154e-09,9.0265555e-12,0.9997489,1.2609597e-06,0.00024486176,1.09032765e-11,3.6500753e-06,1.2626396e-06
2400,3,3.0281686e-08,2.6747432e-10,0.9984395,5.6260797e-07,0.001551372,2.7997608e-11,1.8760701e-06,6.7126434e-06
2403,2,0.0003960378,0.9988103,2.1038711e-13,7.159123e-15,4.0197383e-06,4.9051767e-05,0.00074058864,3.9427817e-16
2405,6,1.4106723e-08,1.952711e-10,2.4689513e-11,2.1450146e-21,3.4554599e-12,1.0,3.3635085e-14,2.7639067e-27
2412,4,4.881298e-07,2.554712e-15,1.6526124e-09,0.9998252,5.4958895e-09,9.604851e-16,0.00017431821,3.1182962e-17
2413,2,0.0029709137,0.9335375,5.294761e-09,3.914782e-13,2.1017588e-05,0.06251332,0.00095729105,1.9540135e-14
2414,7,3.0021752e-07,2.9796231e-08,1.1287308e-08,0.00018062114,4.7753194e-05,1.2038145e-12,0.9997713,3.2035106e-12
2416,7,8.792803e-08,1.2342676e-09,2.4279012e-10,1.1649298e-06,1.2222674e-10,1.996912e-14,0.9999987,9.445593e-20
2418,6,1.6525016e-06,6.206288e-06,3.1888214e-10,5.5065754e-17,1.1203731e-09,0.99999213,3.1342047e-08,1.8872279e-22
2422,8,2.2501858e-09,1.1734018e-09,0.010450994,9.820369e-07,0.011411114,2.805248e-18,4.8912616e-06,0.978132
2423,7,1.736099e-07,8.0554216e-08,3.98196e-05,0.0013602414,1.0300791e-05,1.6045281e-11,0.99858934,2.6064018e-09
2424,5,3.877406e-06,4.112323e-06,0.120384455,7.792301e-05,0.54289067,4.27692e-09,0.00020325421,0.3364357
2425,3,3.880743e-05,9.870059e-07,0.9925668,5.501892e-06,0.007292438,1.086659e-07,3.795031e-05,5.7472367e-05
2426,4,9.678633e-07,4.9625435e-13,7.833872e-05,0.9995691,2.7298276e-07,4.7684618e-14,0.00035129374,5.0071683e-11
2427,3,2.0027499e-10,3.8947236e-15,0.99994624,2.203103e-06,5.0802206e-05,3.567012e-15,1.87383e-08,7.970972e-07
2428,3,0.00033633233,3.3607822e-07,0.983967,0.0083308965,0.0068722987,1.0713943e-06,0.00044433906,4.7739613e-05
2430,7,6.84476e-07,1.6829804e-09,3.847932e-08,0.23637879,4.17292e-05,1.1475676e-14,0.7635788,8.6753615e-10
2431,6,1.9104589e-06,4.50898e-08,2.8264305e-08,5.538609e-17,1.1004111e-08,0.9999981,2.7639028e-11,8.000964e-21
2434,3,3.729743e-07,3.650743e-08,0.9991092,5.2368415e-07,0.000859148,8.441147e-09,1.393448e-05,1.6682081e-05
2439,3,0.0002794602,4.607691e-08,0.99963,1.2046521e-05,3.7870526e-05,4.774168e-10,4.051543e-05,4.4235986e-08
2443,3,1.4948657e-08,1.3976128e-09,0.9956435,2.742759e-06,0.0042088577,2.2615236e-10,1.905921e-05,0.00012581107
2447,2,0.003190477,0.96917826,8.7341357e-07,9.16667e-09,0.0005002416,0.0033632752,0.023766933,2.9074203e-09
2448,5,5.1878636e-05,1.4744408e-05,0.19095743,0.00092841435,0.7798788,5.22613e-07,0.0020104633,0.026157774
2449,3,1.9894588e-07,3.0747135e-10,0.99995625,6.5431407e-09,4.310814e-05,2.851481e-11,2.1303057e-08,4.2794454e-07
2450,3,1.4995694e-08,2.896522e-08,0.98709875,1.7401193e-07,0.012176936,9.1857334e-11,3.4054123e-05,0.0006900016
2453,3,4.372778e-10,2.2995392e-12,0.99951637,2.8663885e-07,0.0004776058,1.1807857e-12,3.659108e-07,5.39171e-06
2454,3,7.523849e-11,9.031477e-15,0.9997614,9.238964e-07,0.00023717138,9.905373e-15,4.392867e-08,5.350188e-07
2456,5,9.232103e-06,0.00026212807,0.031020269,8.376214e-06,0.72599655,6.502334e-08,0.0013692325,0.24133408
2457,3,1.481138e-09,1.1106044e-12,0.9999186,3.781418e-09,8.076301e-05,1.1424147e-13,3.0608136e-09,5.720355e-07
2460,3,8.282991e-07,1.1784186e-10,0.9999232,2.2608888e-06,7.304202e-05,1.6876688e-10,4.5004734e-07,9.913645e-08
2464,6,1.1006272e-05,1.354953e-05,2.726256e-09,1.4627845e-17,1.1990569e-09,0.99997544,4.304155e-09,1.1724225e-21
2465,3,6.523439e-07,8.0942236e-10,0.9996928,2.3433908e-05,0.00025798928,1.0414636e-10,2.3530765e-05,1.68746e-06
2467,3,1.3530308e-08,8.7349404e-13,0.9999869,5.242504e-08,1.3081892e-05,2.8396155e-12,1.9561694e-08,4.057177e-09
2468,6,0.0001373508,0.00014861095,6.3918866e-12,2.1582362e-14,7.8110524e-08,0.9997118,2.0729683e-06,1.23915186e-20
2471,3,3.639272e-09,3.632155e-10,0.9167403,1.3323807e-06,0.07953878,1.8315549e-12,1.8604815e-06,0.0037177638
2474,8,1.9559822e-07,3.4673272e-07,0.029811155,1.5625847e-05,0.32025197,3.6451883e-11,4.527987e-05,0.64987546
2476,6,0.119200714,0.0012303629,3.6914475e-06,6.476406e-10,0.0006366552,0.8789281,3.5288775e-07,1.205452e-11
2477,6,1.3942433e-07,8.802775e-09,5.005248e-11,1.0747962e-17,2.9014674e-10,0.9999999,4.0465763e-11,5.5688732e-24
2478,6,0.024656132,0.0013021468,1.13904e-11,1.1709353e-10,3.954616e-07,0.9736148,0.00042652545,5.330277e-21
2479,6,3.362613e-05,3.6950383e-05,3.4657818e-13,3.7353732e-20,8.795035e-10,0.9999294,1.3313115e-09,7.9572094e-25
2480,6,4.262852e-07,9.645744e-08,2.3383853e-10,3.4688857e-18,2.1531413e-10,0.9999994,1.3181457e-10,9.9520436e-24
2481,3,0.001903297,0.00023060104,0.9609931,7.6397487e-07,0.036552973,7.8126795e-06,3.51927e-05,0.00027623685
2483,3,4.428465e-07,2.0490822e-10,0.99998605,2.3986674e-08,1.3381615e-05,4.1641864e-11,8.392028e-08,2.3430665e-08
2484,6,1.8324063e-06,1.5468655e-06,5.5636437e-12,1.9306344e-15,3.4262808e-09,0.9999964,1.3455386e-07,3.1564635e-23
2485,3,1.0568512e-07,9.236478e-09,0.9908332,0.000112635156,0.0061149243,8.713889e-12,0.0027419538,0.00019717288
2487,3,0.0001848314,1.5940604e-08,0.9997625,2.0011272e-05,9.135426e-06,1.4291915e-06,2.2155382e-05,3.821141e-10
2495,3,5.0382265e-10,1.3945852e-12,0.9990349,1.9209171e-08,0.00077458314,1.2260948e-15,9.243173e-09,0.00019056015
2497,3,8.311609e-09,1.3780646e-11,0.99792236,9.3532515e-05,0.0019427205,2.062549e-12,3.337645e-05,7.999157e-06
2498,3,0.00043294588,1.1911555e-05,0.9927817,7.6318724e-07,0.0067186495,2.08935e-06,8.814042e-06,4.326764e-05
2504,3,0.005736481,1.2275432e-07,0.99424803,2.4762471e-06,1.0734231e-05,1.8922686e-08,2.075816e-06,5.802151e-09
2505,3,4.2088626e-09,4.339274e-15,0.9999908,3.1216362e-06,6.0678335e-06,4.1481412e-13,8.086717e-09,1.9363233e-09
2507,3,2.0217299e-06,1.2963629e-09,0.99996936,8.441505e-09,2.8138207e-05,1.6755516e-10,9.625896e-09,5.0041797e-07
2509,7,2.7576643e-05,0.44519654,1.1027428e-06,1.1402437e-08,0.016664965,2.0208154e-06,0.5381069,8.088879e-07
2515,2,2.1131798e-06,0.9996799,2.6609216e-15,7.550585e-17,1.01379455e-05,3.68921e-08,0.000307899,8.292291e-15
2520,3,5.221687e-06,5.359274e-07,0.9012433,3.896862e-07,0.095937945,1.1113802e-09,3.6144222e-06,0.0028090207
2523,3,5.967894e-07,7.015786e-11,0.99998343,2.4677323e-08,1.5757012e-05,4.215577e-11,4.0183172e-09,2.5014128e-07
2524,4,1.2075832e-05,8.3355975e-11,7.973352e-08,0.6275962,2.849663e-07,1.3242564e-12,0.3723913,4.7308277e-15
2527,3,1.3516602e-08,2.64396e-08,0.60788184,7.437315e-06,0.17178592,5.098718e-12,8.155935e-05,0.22024328
2528,3,8.688053e-07,1.1595216e-08,0.734623,0.00041131006,0.13799433,1.903328e-11,2.075768e-05,0.12694976
2529,2,2.712795e-06,0.99719304,6.4723214e-12,5.890688e-16,1.0980048e-06,3.9678347e-05,0.0027635186,9.566601e-16
2533,7,2.7644821e-06,1.4397286e-09,1.9969488e-05,0.049291767,0.00025592625,9.078878e-12,0.9504296,2.3973734e-11
2535,6,1.9911067e-07,4.8205635e-07,1.2085635e-13,6.7098563e-18,9.508841e-10,0.9999993,7.957799e-09,1.6835284e-24
2538,6,8.306049e-10,8.7301044e-10,1.5551972e-12,6.88095e-23,5.490426e-13,1.0,6.525567e-13,3.320882e-29
2539,3,8.151729e-08,1.9163267e-10,0.93960464,5.5645047e-05,0.026420169,6.598018e-13,6.98961e-07,0.033918798
2541,3,1.7679034e-09,5.7285253e-11,0.94416016,3.6739115e-05,0.054906134,2.2598869e-11,1.1162807e-05,0.00088582735
2542,3,1.277377e-09,3.4341605e-10,0.98132193,3.5080555e-07,0.014906201,2.8748057e-13,4.2060883e-06,0.0037673146
2545,6,0.00044490056,6.171139e-06,5.042792e-10,5.4126835e-11,3.5789654e-07,0.99954164,6.878155e-06,2.97126e-20
2546,3,4.794669e-07,4.4249386e-08,0.99570775,7.1517086e-08,0.0039277836,8.680866e-11,8.577734e-07,0.00036302878
2548,5,1.1018245e-07,4.9643685e-09,0.0024917498,2.7285857e-06,0.9974564,5.2897557e-09,7.865131e-06,4.1134797e-05
2550,7,2.2743923e-06,5.3750823e-11,2.6637053e-09,0.051056735,1.1722235e-08,6.722593e-14,0.948941,1.8284533e-17
2551,4,9.472814e-05,1.3540969e-08,0.00091093633,0.5421622,0.43407556,1.2616271e-09,0.022754088,2.5227466e-06
2552,8,2.3873747e-08,8.978239e-09,0.049770296,6.4653216e-07,0.00963969,1.2037892e-14,7.3926117e-07,0.94058853
2553,3,4.0044824e-06,2.1281878e-07,0.43593648,0.00027337178,0.32670367,8.197129e-10,3.3828983e-05,0.23704843
2557,3,2.3688451e-06,2.9184233e-10,0.9997137,0.00010816751,0.0001683559,1.9479564e-10,5.2473997e-06,2.0923294e-06
2559,7,4.9548386e-11,3.3239763e-12,1.9444466e-12,7.868644e-06,3.6616296e-12,1.8942928e-18,0.99999213,1.6993738e-19
2560,5,2.7074684e-06,5.714076e-06,0.31321815,1.8092699e-06,0.5270577,6.3684236e-10,5.0737373e-05,0.15966316
2565,7,7.371804e-11,1.0199525e-13,4.595934e-15,5.081353e-06,3.2599842e-13,1.4466741e-19,0.9999949,3.9300577e-24
2566,1,0.89000076,5.2403233e-05,0.105155736,1.6374005e-06,6.6982066e-05,0.004706279,1.6189284e-05,4.6886717e-11
2568,7,4.6654874e-10,1.465292e-09,1.507465e-18,3.887943e-10,9.262838e-13,3.687773e-16,1.0,1.7385936e-25
2569,7,0.00014900528,2.4847094e-07,1.5627579e-06,0.07644904,8.687583e-06,4.1960697e-09,0.92339134,1.0231975e-11
2570,3,1.4276595e-08,8.2371626e-10,0.9953791,3.995051e-05,0.0038776645,4.8979737e-10,0.00069969107,3.5969344e-06
2571,3,8.586575e-07,1.0142767e-10,0.99999213,4.3639965e-08,6.855905e-06,2.1405547e-10,2.0137728e-08,2.4940062e-08
2573,3,6.7291876e-07,2.38841e-09,0.999798,2.2976296e-09,0.00020002718,6.891972e-11,2.2526496e-08,1.312187e-06
2576,3,4.388393e-08,7.931025e-09,0.9914663,1.2204166e-06,0.008031029,1.6049417e-10,1.3524371e-05,0.0004880177
2578,3,2.7458091e-08,2.4382179e-11,0.99995375,1.6454402e-08,4.6058376e-05,4.218779e-12,3.582522e-08,1.410414e-07
2581,8,1.5439256e-06,5.8392766e-07,0.17007235,0.00010069739,0.2760719,3.3372488e-10,6.531472e-05,0.5536875
2587,6,1.8943058e-05,1.563231e-07,1.5020038e-10,3.1708865e-14,1.4953619e-08,0.9999809,2.2782625e-09,2.3095668e-21
2591,3,9.1199545e-06,7.7298864e-07,0.9300704,6.6010754e-05,0.068428345,1.604723e-08,0.0011212836,0.00030404478
2595,3,9.159082e-09,3.2633737e-13,0.9999869,9.7224984e-08,1.2992114e-05,1.4294533e-12,1.9071189e-08,3.2623095e-09
2598,2,0.0010131618,0.9978278,2.2444994e-16,3.9287936e-14,4.6089385e-06,8.415065e-08,0.0011542226,2.730898e-16
2599,3,3.295147e-10,5.3575236e-15,0.99999297,4.3727905e-08,7.078542e-06,4.0899796e-14,2.2955982e-09,7.006553e-09
2600,6,8.462504e-07,0.00036495755,2.0093083e-14,1.1604865e-20,8.8505e-10,0.9996338,2.8863894e-07,1.7386465e-25
2601,7,3.0458527e-06,2.5384976e-09,2.1711284e-11,0.0008880377,1.4639284e-08,1.97125e-12,0.99910885,7.009091e-18
2604,8,5.2803063e-08,2.2836551e-07,0.014533694,3.1491172e-06,0.12377861,3.2310075e-12,1.9976438e-05,0.8616643
2605,3,1.7597276e-05,6.1976504e-09,0.99991226,1.3229734e-05,2.095918e-05,7.6432993e-10,3.6037814e-05,4.8141874e-08
2609,4,1.3929001e-08,1.9190575e-15,5.9724684e-08,0.9997842,2.2788962e-09,2.3734718e-17,0.00021574892,2.3383634e-14
2611,6,2.6382524e-05,1.4439933e-06,2.0286667e-12,4.7470493e-18,1.108894e-09,0.9999722,4.2852333e-10,5.439824e-24
2614,3,7.792839e-09,5.5633827e-11,0.9713083,1.0044361e-06,0.028626008,2.9067781e-12,1.5014517e-06,6.312225e-05
2617,3,2.330951e-08,1.4580162e-11,0.9999498,3.3759068e-07,4.9284747e-05,7.0823135e-12,2.969852e-07,3.0856552e-07
2620,2,0.0069472413,0.98078203,1.5195888e-12,5.045688e-12,6.1207015e-07,4.1737647e-05,0.012228405,1.7356665e-16
2622,3,0.00010078452,3.188211e-07,0.9940795,6.37171e-06,0.005108175,5.018865e-09,2.0606562e-06,0.0007028826
2623,4,6.095808e-06,2.5119156e-12,3.3374602e-06,0.9998061,2.2805716e-06,1.9335999e-13,0.00018214795,1.08684395e-10
2626,3,6.9428465e-06,4.582176e-10,0.99974674,1.2810712e-05,0.00023142195,1.5267054e-10,4.8518484e-07,1.554301e-06
2628,3,5.1011e-09,9.501582e-12,0.9998869,6.4394703e-09,0.000111922855,6.782782e-13,1.0952386e-08,1.208907e-06
2629,6,7.819373e-06,5.2596937e-07,5.4538558e-11,1.2780755e-14,1.0534571e-08,0.99999166,1.5129647e-08,8.792845e-22
2636,4,1.6534844e-07,6.5262327e-12,2.9157768e-06,0.93672967,5.3854936e-05,2.7963128e-15,0.06321345,5.0061894e-10
2637,3,3.5684403e-07,2.0229353e-10,0.9999801,1.1674148e-08,1.9529323e-05,4.5716923e-11,3.5736214e-08,4.624266e-08
2638,2,6.145851e-07,0.9716441,5.8426067e-13,3.728832e-14,1.4545979e-05,4.528998e-08,0.028340748,4.2399827e-13
2639,3,1.02414006e-07,2.4515723e-09,0.99018914,1.6361345e-07,0.009787749,4.033862e-10,1.058395e-06,2.1791973e-05
2640,3,1.0597611e-06,1.8391239e-08,0.9929376,1.6652068e-07,0.0070523787,9.292339e-09,1.5550244e-06,7.317075e-06
2641,3,1.8988016e-09,5.7660976e-10,0.98510855,4.3880155e-07,0.013201461,1.4575766e-12,6.9147527e-06,0.001682595
2647,5,1.0569739e-06,2.7968026e-05,0.22937116,4.2548403e-05,0.58147687,4.208367e-09,0.011671516,0.17740892
2650,3,5.9833533e-06,1.3005093e-08,0.99996364,1.0668737e-09,3.022534e-05,1.3793661e-09,2.1707812e-08,1.11428996e-07
2651,2,0.0004579845,0.981897,0.00022375902,2.273539e-09,0.0092874225,0.00054270943,0.0075876312,3.5528167e-06
2653,3,3.2996084e-08,1.2063563e-09,0.99204224,1.3067441e-05,0.005829608,2.627875e-11,1.3960441e-05,0.0021010274
2655,3,9.131491e-08,3.2637688e-11,0.99997723,1.7073434e-08,2.2613316e-05,1.0311476e-11,2.3563206e-08,4.8571035e-08
2659,3,1.7942689e-11,2.3938188e-14,0.99936587,8.265807e-09,0.00058322767,5.0061255e-17,2.487561e-09,5.0903378e-05
2660,3,2.6510947e-05,2.5323194e-08,0.99986994,5.5354343e-07,0.00010095028,1.0494205e-08,1.9100846e-06,1.402578e-07
2661,3,4.4825486e-09,2.0479666e-13,0.999998,1.9696833e-09,2.0749683e-06,4.4340277e-13,3.1496106e-09,2.1935037e-10
2662,3,7.372532e-09,1.9850053e-09,0.9756202,5.8896985e-06,0.015611702,6.0749236e-12,3.936967e-05,0.008722737
2666,7,8.310401e-11,5.772067e-12,3.961195e-13,2.2599333e-07,4.501663e-13,3.960807e-18,0.99999976,2.0576596e-22
2667,3,2.4469845e-08,7.6603675e-11,0.99867463,1.7376202e-05,0.0012970167,4.7097687e-10,6.1657624e-06,4.809509e-06
2669,3,0.00024433885,6.326627e-06,0.9932347,0.00061099214,0.00510415,1.1456196e-05,0.00064659404,0.00014148436
2671,5,9.806098e-06,9.6092386e-05,0.005753383,1.1336349e-07,0.99329513,6.993978e-07,0.00010130743,0.0007434794
2674,4,8.454538e-09,2.4729383e-14,4.7629334e-10,0.9954248,3.1885055e-09,1.1602174e-18,0.004575145,7.5868545e-14
2676,3,6.9326006e-08,6.861383e-11,0.9995536,2.309784e-06,0.00044169923,2.8634596e-11,1.3722814e-06,8.516748e-07
2677,3,1.8990606e-08,6.979048e-09,0.9924339,2.5562845e-06,0.0065390626,1.05666684e-10,5.6853663e-05,0.00096750085
2679,3,8.645669e-09,6.1997886e-11,0.99836546,2.822579e-09,0.00013207133,3.6640072e-16,1.01670965e-08,0.0015024849
2680,3,2.4518235e-10,2.0722844e-14,0.99991786,1.9576437e-07,8.182507e-05,4.660132e-14,1.0198766e-08,2.0729793e-07
2683,3,4.9759388e-09,1.1808152e-11,0.9992797,1.9822723e-07,0.00054236,6.419558e-14,6.5409374e-08,0.00017761279
2684,3,1.0176416e-06,1.0242682e-10,0.99989367,5.6456605e-07,0.00010453551,4.4017487e-09,3.8139497e-08,1.1434862e-07
2685,3,4.3738808e-08,3.5425678e-09,0.99393785,1.2810813e-06,0.005775732,1.2955813e-10,6.8171794e-06,0.0002782741
2686,3,6.2697254e-08,4.104982e-13,0.9999937,1.5452498e-08,6.306642e-06,4.6844053e-14,8.9237223e-10,1.8713257e-08
2688,2,3.055213e-05,0.9998952,1.5910516e-16,1.935178e-17,5.148187e-07,6.3197443e-09,7.3762945e-05,6.1012385e-17
2690,7,3.0245535e-12,6.6601065e-11,1.3144615e-13,7.1954337e-10,4.446673e-13,1.6140443e-18,1.0,1.4315119e-21
2691,6,0.0043610316,1.8449407e-06,2.0210329e-10,2.2024768e-10,3.6276657e-07,0.9956365,2.4492255e-07,4.0688268e-20
2692,3,4.2194478e-10,5.793348e-12,0.9992532,2.3280406e-07,0.00073690887,1.6085182e-12,7.3714176e-07,8.953979e-06
2697,3,1.3281529e-05,2.1319911e-08,0.9979377,0.00019552463,0.0017779645,1.0928096e-08,2.2704337e-05,5.2791365e-05
2699,3,7.3560926e-09,6.811918e-10,0.98889124,8.76844e-06,0.010178675,3.1757347e-11,2.7117434e-05,0.0008942808
2702,3,0.00018323862,6.592957e-10,0.99980897,4.900959e-07,7.338679e-06,1.8209806e-10,1.969391e-08,1.9377088e-08
2703,6,0.23711723,0.16671097,0.0009818752,6.519845e-09,0.00031393243,0.59465414,0.00022188001,5.7304556e-10
2704,6,2.3945604e-05,0.016992345,1.0042821e-10,4.796304e-16,5.736937e-07,0.98294085,4.2327913e-05,1.2692748e-18
2708,3,2.5155157e-06,2.8963264e-08,0.9987545,2.1146259e-07,0.0012392706,5.3949528e-08,2.253309e-06,1.1261394e-06
2709,7,7.935777e-09,2.1000483e-11,2.731676e-10,0.003644508,9.469496e-10,1.8670971e-16,0.99635553,5.663458e-16
2711,8,1.3902745e-07,2.3648875e-07,0.0336193,1.3524766e-05,0.2835161,2.0146091e-11,3.7298865e-05,0.68281335
2712,3,1.7967327e-06,2.3646426e-10,0.9973124,9.579851e-07,0.002684376,1.220844e-07,1.8122734e-07,5.487373e-08
2718,7,2.1734999e-05,2.7872487e-09,2.802838e-08,0.018296743,8.1104076e-07,2.3394479e-12,0.9816807,9.249665e-15
2719,2,1.3671247e-07,0.9998901,1.6459757e-16,4.595528e-20,2.1223346e-07,2.5030822e-08,0.000109567874,4.9180396e-18
2723,7,1.2130068e-08,4.7649536e-07,3.3516283e-06,7.687781e-06,0.00011175095,2.0466326e-13,0.9998766,3.836151e-08
2730,3,1.11750114e-11,7.1927174e-16,0.999967,3.663235e-08,3.2927514e-05,1.8443285e-15,3.345638e-09,4.132252e-08
2733,7,1.5767942e-08,2.9444852e-12,1.8925543e-15,3.1202802e-05,5.364867e-12,5.1147472e-17,0.99996877,2.886569e-24
2736,3,3.672632e-09,1.3391173e-13,0.99999833,1.1691691e-09,1.6821359e-06,1.4508373e-12,3.8650455e-10,1.4947171e-09
2738,1,0.95090884,0.03093475,3.0633798e-10,4.050672e-13,1.2127712e-06,0.018153917,1.2545772e-06,4.1321635e-17
2739,6,3.4889257e-05,4.5549024e-07,5.2095654e-11,3.029029e-13,1.1606031e-08,0.9999646,6.597487e-08,1.5612211e-22
2740,6,3.1221884e-07,2.2532984e-06,1.7162247e-10,1.23887e-16,1.8525487e-09,0.9999974,4.045461e-08,5.0890157e-22
2741,7,6.1688343e-09,3.0227015e-11,3.4959492e-12,0.00011708503,6.8917684e-11,2.5472187e-16,0.99988294,3.026243e-19
2742,2,5.1426225e-05,0.99860877,4.961659e-11,1.852527e-15,1.1782497e-06,0.0003971238,0.0009414782,6.280776e-16
2744,3,2.9506007e-05,1.5400661e-06,0.96504676,8.049402e-06,0.033039488,4.30522e-08,1.6092596e-05,0.0018585828
2749,3,2.1858099e-10,1.07610005e-14,0.9999862,3.0834183e-08,1.3827781e-05,3.6713176e-14,3.1376715e-09,2.6533312e-08
2751,7,3.2781256e-07,9.916164e-05,2.945396e-10,3.972807e-08,0.0003557902,4.6471405e-10,0.99954456,7.728259e-12
2752,3,1.41355105e-08,1.8879207e-09,0.98798555,1.9261537e-07,0.009689362,1.3801716e-12,1.5036774e-06,0.002323281
2756,2,1.8048679e-05,0.9989254,3.3480066e-11,2.006601e-15,2.0285872e-06,6.97434e-05,0.0009846735,5.369349e-15
2757,2,0.00048016003,0.9897368,1.0872301e-13,1.6977451e-12,1.3999416e-05,4.9791183e-06,0.009764095,1.4314715e-14
2758,3,2.0160344e-07,3.4136316e-10,0.99942267,5.213663e-06,0.0005631083,9.304267e-11,8.202649e-06,6.443429e-07
2760,5,1.7325174e-08,1.6929002e-08,0.021140896,1.2412802e-06,0.918485,5.8583923e-12,5.60149e-06,0.060367234
2762,3,0.00011804289,7.610003e-09,0.99943334,0.000100627236,0.00034438036,1.3366307e-06,5.9474286e-07,1.7190918e-06
2764,3,8.643347e-09,8.18974e-10,0.96626794,2.0669846e-05,0.025601156,9.565988e-12,2.6518645e-05,0.008083713
2766,3,2.349486e-05,1.0907804e-06,0.991895,1.6182252e-05,0.0074988743,1.4204937e-07,2.6240245e-05,0.0005388939
2769,5,5.9364282e-09,2.2002031e-10,0.00172967,5.431989e-07,0.9982273,1.12130874e-10,1.1672828e-06,4.1351486e-05
2771,7,4.9973497e-08,6.944591e-09,1.9449107e-09,1.4906014e-06,8.2546645e-09,4.894076e-13,0.99999845,3.024068e-17
2772,6,1.1682097e-06,1.9613235e-05,4.2938626e-13,3.6209087e-17,4.7017408e-09,0.9999789,2.5831216e-07,8.260289e-23
2773,2,0.00014705621,0.99967957,9.806139e-15,3.1427408e-16,3.4942054e-06,2.6269915e-06,0.00016722556,2.2152385e-16
2777,3,1.1932998e-06,1.6709109e-07,0.97340536,6.456176e-07,0.026552195,1.812629e-07,2.479565e-05,1.5344945e-05
2780,2,0.14234257,0.7713886,8.223322e-11,8.3888396e-11,1.896105e-05,0.0781143,0.008135573,6.0523665e-16
2782,3,0.005124717,2.2631793e-05,0.99407876,1.9048277e-06,0.00074267754,1.1755012e-05,1.569506e-05,1.9769482e-06
2785,3,2.815199e-08,5.4032123e-11,0.99992263,3.8220103e-09,7.6847165e-05,5.240398e-12,1.3022531e-08,5.25044e-07
2788,6,1.2596212e-06,6.363465e-07,5.0903066e-12,9.819103e-16,1.9588149e-09,0.9999981,4.8326147e-08,1.0234546e-23
2792,7,4.4190433e-06,1.9233115e-08,5.5657313e-08,0.0010870887,3.0301105e-06,4.1294546e-12,0.9989054,1.4518489e-13
2794,6,4.099962e-06,1.1190841e-07,4.378789e-11,9.276804e-20,2.8602168e-11,0.9999958,1.2612136e-11,3.6699023e-26
2795,3,2.291623e-07,7.485586e-12,0.9998857,5.481131e-07,7.646199e-05,2.6582146e-13,3.001811e-09,3.7173733e-05
2800,7,1.6220606e-06,2.4720546e-08,4.4637054e-07,0.0019499724,1.3802007e-06,6.2440775e-13,0.9980465,7.7253065e-12
2801,3,2.6011617e-07,3.6785492e-13,0.9999223,7.074785e-05,5.6133126e-06,4.7770022e-14,1.1126558e-06,7.701139e-09
2802,3,6.7968298e-09,1.1357045e-12,0.9999951,5.07525e-10,4.8558895e-06,9.484315e-13,1.2262382e-09,2.6463285e-09
2803,6,1.1492042e-06,3.34938e-07,1.4811353e-12,2.1923186e-16,3.6903978e-09,0.99999845,5.5911733e-09,4.4712986e-23
2805,3,2.5138747e-09,4.921133e-11,0.99980587,3.2237066e-09,0.00019235477,8.794405e-13,8.890799e-08,1.6295864e-06
2807,3,5.837947e-08,1.2521417e-11,0.999998,4.3721654e-10,1.9322745e-06,1.1651738e-11,5.0774274e-09,3.7115855e-10
2808,3,2.3373539e-09,6.861055e-12,0.99987626,8.1596605e-09,0.00012284642,4.0079588e-13,2.9655963e-08,8.021115e-07
2810,3,2.3187185e-06,6.172567e-08,0.8366898,0.00010316989,0.16067906,1.4355746e-08,4.3120916e-05,0.002482543
2811,3,2.846032e-08,7.2579103e-09,0.93932426,8.940457e-06,0.04488485,2.2982645e-11,3.0346935e-05,0.015751578
2813,4,0.008460972,4.9009463e-09,0.0003012803,0.9881207,7.2313545e-05,9.987878e-10,0.0030448001,4.2620923e-10
2814,4,1.081221e-05,1.2188908e-10,2.881242e-08,0.95422834,4.078545e-06,8.947278e-14,0.045756746,5.2007326e-12
2816,3,1.4089982e-06,1.190849e-09,0.9999349,2.2282045e-09,6.347328e-05,1.6224398e-10,8.590267e-09,2.4087512e-07
2817,3,9.017895e-08,1.0871244e-08,0.9951841,1.1842822e-06,0.0045983414,4.8446264e-10,1.186752e-05,0.00020434809
2818,3,5.124025e-08,8.121927e-11,0.9999417,5.147297e-09,5.7983994e-05,9.777719e-12,1.93476e-08,2.8275798e-07
2820,3,8.568169e-09,7.445561e-09,0.98979354,1.1629285e-06,0.00976438,2.2984234e-10,7.666935e-05,0.00036424538
2821,7,2.5747886e-09,6.0059135e-09,1.2777075e-15,1.7331098e-07,1.2908918e-10,2.0592598e-16,0.99999976,2.3111372e-19
2824,3,0.0056665232,4.3469674e-05,0.9892252,0.0003095112,0.0042443513,1.1366714e-05,0.00010921023,0.00039032742
2825,3,9.464772e-09,1.3940026e-09,0.9899946,1.1283685e-06,0.009154031,1.489913e-11,8.544591e-06,0.0008417986
2826,3,1.7991901e-08,8.965585e-11,0.99848807,1.7983824e-06,0.0015029783,2.6147945e-10,9.959857e-07,6.2298936e-06
2827,7,8.656318e-11,1.1734279e-12,1.784865e-14,1.121614e-05,1.2901799e-12,2.7078037e-19,0.9999888,3.3392902e-21
2828,3,4.827735e-08,2.7543517e-12,0.99998534,5.7273503e-08,1.4338498e-05,7.0080395e-12,3.7501375e-09,1.3743733e-07
2829,3,8.930401e-10,1.7322204e-11,0.99968517,1.5097406e-07,0.0003111111,2.4197566e-11,3.3148535e-06,2.2738494e-07
2831,5,6.895508e-08,0.0011675444,3.7594077e-07,4.688171e-11,0.9946608,5.7964446e-11,6.7757224e-05,0.004103373
2832,6,0.000100697616,3.6554372e-06,2.9486851e-12,8.471619e-13,8.7146574e-08,0.999895,5.642642e-07,1.7341426e-21
2833,3,7.4307e-05,6.037911e-06,0.9971999,3.3660483e-05,0.0012577928,6.135961e-08,0.0013905133,3.774231e-05
2835,3,1.6396285e-08,1.6716253e-09,0.9553479,2.0766438e-06,0.01710023,5.476513e-13,4.3511454e-06,0.027545458
2837,5,3.3170548e-07,2.1112403e-06,0.00029677188,1.4450015e-07,0.99591273,2.6877167e-09,1.4240011e-05,0.003773611
2839,3,0.0017933005,0.0010618399,0.9816319,2.6796575e-05,0.013395369,0.00014294418,0.0015351247,0.00041265303
2844,3,4.1412517e-07,5.572474e-10,0.9999335,2.0131945e-07,6.168971e-05,3.0548255e-11,2.2403958e-07,3.9357333e-06
2849,3,1.574984e-06,9.508067e-10,0.9999597,1.3845506e-09,3.8540627e-05,1.9981601e-10,5.727496e-09,1.02510356e-07
2850,6,2.5879954e-08,5.107305e-09,1.185824e-13,4.9330084e-19,3.337281e-11,1.0,1.1891713e-10,1.4031987e-27
2852,7,1.0445012e-06,4.545067e-08,1.2435279e-06,1.2273553e-05,1.005087e-08,3.8082457e-11,0.99998546,4.7173483e-16
2854,3,1.8269965e-06,5.5362198e-06,0.61963576,1.8877106e-05,0.28205794,6.5598655e-09,0.00045326236,0.09782681
2855,6,2.4453308e-05,1.4775725e-06,2.887334e-12,1.5995435e-14,2.38317e-08,0.999974,4.06447e-08,5.430261e-22
2859,2,0.0006568276,0.9931681,5.3495297e-09,1.2566162e-10,0.0053990763,4.4323556e-06,0.0007714192,1.2035426e-07
2860,6,9.171716e-06,1.4610042e-05,1.1500907e-10,2.0115173e-16,2.302261e-08,0.99997616,1.6680584e-08,3.212403e-20
2862,3,2.1107837e-07,6.351169e-11,0.999964,2.3194401e-08,3.4963115e-05,1.3348549e-11,6.9387514e-09,7.5667975e-07
2864,6,0.00030344102,1.5078808e-05,5.1305328e-11,8.0222623e-13,2.3171266e-07,0.9996809,3.5353165e-07,1.452955e-19
2865,3,1.1401488e-05,5.6705707e-10,0.9999852,8.3866134e-08,2.4361443e-06,1.0138821e-08,7.8435767e-07,1.773997e-11
2867,3,9.2764657e-07,3.0063876e-07,0.97423506,1.0069216e-05,0.0214828,3.5801289e-09,7.885579e-05,0.0041919206
2869,6,5.4574235e-07,4.178625e-07,1.4385443e-14,1.0279152e-17,6.434665e-10,0.9999989,1.2063483e-08,7.2752284e-26
2870,3,3.415151e-11,3.4717468e-14,0.99956304,1.5706439e-07,0.0004345905,5.9840095e-15,5.76419e-08,2.242095e-06
2871,3,1.1740735e-05,1.5782186e-07,0.9665522,3.504351e-07,0.033425327,3.5316957e-06,5.9051717e-06,7.9663124e-07
2873,2,0.00013556858,0.9844333,1.4094514e-17,2.9696413e-14,6.450257e-06,2.7919094e-07,0.015424465,5.6479892e-18
2874,3,7.571017e-07,2.2284821e-10,0.9929363,1.1216706e-06,0.0070477845,2.5722913e-10,5.19583e-08,1.4062001e-05
2876,3,1.1634595e-07,1.6129218e-11,0.9999684,4.1266734e-08,3.092037e-05,8.796074e-12,4.9700883e-09,4.976856e-07
2877,3,6.5823136e-10,2.8587972e-12,0.99747366,3.5061365e-07,0.002297961,3.480684e-14,1.0706764e-07,0.00022784587
2881,3,6.088135e-08,9.430376e-10,0.97630864,1.4360737e-07,0.022701059,1.9026506e-12,2.928666e-07,0.0009897482
2883,6,2.7026195e-05,1.0592329e-06,2.1664421e-09,4.014652e-18,8.027089e-10,0.99997187,4.4975513e-11,4.55167e-22
2884,6,1.2952488e-06,2.9014892e-08,1.8722335e-13,5.2916124e-19,1.7501431e-10,0.9999987,2.4205709e-11,4.655994e-26
2887,3,0.0001412224,2.441331e-06,0.96139777,8.187774e-05,0.037846286,2.4437954e-06,5.7158024e-05,0.00047078356
2891,6,3.1030922e-07,4.866249e-07,2.8570052e-14,3.0884307e-20,8.9213845e-11,0.99999917,5.6197313e-10,1.1806696e-26
2896,3,1.0884296e-10,2.6633045e-12,0.9956696,3.7880295e-07,0.0038741343,1.9030928e-14,6.1693663e-07,0.0004553419
2897,4,9.837543e-06,7.163505e-10,1.6832192e-07,0.8659255,4.2116176e-06,1.4351472e-12,0.13406026,2.1352992e-11
2899,7,1.0397818e-08,8.2981674e-13,2.6417773e-13,0.00094364356,1.9331255e-11,1.12607836e-17,0.9990564,1.0570681e-21
2903,3,1.8126222e-08,7.515007e-11,0.9998709,2.3989026e-09,0.0001282489,3.435569e-12,1.7563746e-08,8.865082e-07
2906,3,0.0002465901,7.3249447e-07,0.9989096,1.6072718e-05,0.00014668393,1.2568222e-07,0.0006801974,2.6676835e-08
2908,3,5.193152e-06,4.9841242e-11,0.9999839,8.751767e-07,9.987539e-06,3.1069836e-12,5.3456937e-08,4.8678476e-08
2909,3,5.496175e-07,8.257505e-11,0.9934661,0.0046767397,0.0017888827,1.4919173e-09,6.5662025e-05,2.1445012e-06
2912,6,2.342839e-06,4.965763e-08,1.1336048e-10,2.4187426e-17,2.1632886e-10,0.9999976,1.1910933e-10,1.3749866e-24
2913,6,0.00033173576,6.178451e-07,8.6350915e-10,2.9663867e-15,2.8716767e-09,0.99966764,5.991927e-10,1.375951e-22
2917,6,1.3326757e-05,1.075944e-07,2.2491183e-13,1.0490936e-14,5.70926e-09,0.9999865,8.733605e-09,2.5948844e-24
2918,7,4.0750634e-09,2.6141337e-11,6.2947504e-13,7.7314246e-05,6.7205214e-11,1.0467509e-16,0.99992263,2.5983105e-19
2919,3,7.784695e-08,3.0519974e-08,0.9591987,1.1608224e-05,0.029779967,1.5404224e-10,8.083443e-05,0.010928798
2921,3,4.215306e-09,2.3763549e-13,0.99999654,8.255798e-09,3.4008774e-06,4.250539e-13,1.2618926e-08,3.9231568e-10
2922,5,2.3445602e-07,0.0026930142,1.1981496e-10,1.6599331e-09,0.58391774,4.0984868e-10,0.4133891,1.2410438e-08
2924,6,2.2735365e-07,2.5401258e-07,5.2450855e-14,8.244518e-18,8.8727903e-10,0.9999995,5.097191e-09,6.4791528e-25
2925,8,2.7010572e-07,3.4175707e-07,0.05951098,3.0931827e-05,0.21305305,4.4357084e-11,6.298794e-05,0.7273415
2930,7,1.5971951e-05,9.343284e-09,6.145289e-09,0.000253511,4.8099718e-08,8.022336e-10,0.9997305,1.0789791e-18
2931,3,2.9767844e-07,4.881558e-12,0.99995625,1.8103879e-06,3.381193e-05,2.1840502e-12,6.3190693e-09,7.89726e-06
2932,3,3.091817e-09,1.3789989e-12,0.9999908,2.498838e-10,9.222951e-06,8.824566e-13,1.8026088e-09,3.258927e-09
2934,3,3.83718e-08,6.477e-11,0.9995308,3.481841e-06,0.00045712976,6.1804173e-12,2.1051392e-06,6.446611e-06
2935,6,7.852473e-06,0.0040012435,3.3448184e-09,1.174399e-17,1.516829e-07,0.99598974,1.0036146e-06,5.6593624e-19
2938,6,6.197034e-10,9.9980225e-11,1.2557994e-14,1.5524145e-23,1.174e-13,1.0,1.6990359e-13,3.2444067e-32
2940,8,6.6893147e-10,5.4792768e-08,0.00042158473,2.1417701e-08,0.026508844,6.00309e-15,2.1879152e-06,0.9730674
2941,2,0.015848381,0.9469054,1.7679158e-11,1.9515266e-10,0.00015916572,0.008579454,0.028507683,2.19767e-14
2952,3,1.0251696e-08,9.45645e-10,0.9862235,1.2167941e-05,0.010288963,1.3720778e-11,2.798593e-05,0.003447409
2953,3,1.2401541e-08,1.3182802e-12,0.9999974,1.391465e-09,2.5528254e-06,1.5736693e-12,4.328767e-09,5.303724e-10
2954,3,3.3591515e-12,2.6522147e-15,0.9993362,2.600434e-08,0.0006539787,9.041825e-17,4.2914383e-09,9.7988805e-06
2959,3,7.843607e-07,8.1316114e-11,0.99999285,1.5379857e-08,6.363603e-06,2.6016886e-10,4.541926e-09,3.348976e-08
2962,3,1.4815839e-05,4.594782e-08,0.99995434,2.9841143e-09,3.055324e-05,4.4842086e-09,1.5096936e-07,4.6778162e-08
2963,3,5.9564226e-10,1.959403e-11,0.9906859,1.0176841e-05,0.007979853,1.5683765e-14,2.5778867e-05,0.0012983736
2964,5,2.094119e-08,4.322235e-12,0.034430124,9.27439e-06,0.9655367,9.2684596e-11,9.130681e-08,2.3770712e-05
2965,3,7.6043204e-07,8.152349e-09,0.98743033,0.00033135043,0.010251214,3.3658345e-09,3.996201e-05,0.0019463506
2967,3,2.1748077e-09,2.9919203e-10,0.98537725,1.5086063e-07,0.011307501,1.288489e-13,1.1000214e-06,0.003314008
2968,3,1.6988794e-09,9.049243e-13,0.9998678,6.457663e-07,0.00013067562,6.999545e-13,8.6344784e-07,3.4003484e-08
2969,7,3.4586554e-09,1.5201328e-12,3.5001167e-14,7.095381e-05,5.796592e-12,1.0510746e-17,0.9999291,1.3346533e-22
2970,3,2.4444802e-05,6.1491034e-09,0.9926779,0.0064120004,0.0006812627,3.804111e-08,0.00019831405,5.907057e-06
2971,3,6.0209815e-09,1.5377295e-14,0.99999917,3.3124937e-08,8.5084866e-07,7.7110047e-13,1.1388147e-09,2.378986e-10
2973,3,5.2914123e-10,5.241185e-12,0.9996056,1.4935498e-08,0.00039369782,3.155765e-12,9.6799226e-08,5.873738e-07
2974,3,2.8366143e-09,2.9980463e-12,0.99986815,2.519513e-07,0.00012857244,7.652403e-13,1.2326444e-07,2.824932e-06
2975,6,7.708406e-07,3.5290798e-06,3.6356186e-14,3.8389265e-20,1.7257147e-10,0.9999957,2.7093552e-09,5.67933e-26
2977,3,4.720711e-10,1.0884347e-11,0.99865687,3.1259628e-08,0.001313218,1.6840057e-13,1.7022695e-07,2.9705896e-05
2978,3,1.3340946e-10,6.9697727e-14,0.9999622,2.7155173e-10,3.765382e-05,6.3548893e-15,4.3849369e-10,8.407385e-08
2980,2,5.385808e-06,0.99910706,5.3093675e-12,7.351181e-15,1.0848736e-05,3.6546527e-07,0.00087627425,9.45836e-13
2981,5,3.2321232e-06,6.6135357e-07,0.27151275,6.5049356e-08,0.72837627,3.3852114e-08,5.255047e-06,0.000101815844
2983,3,1.8882707e-07,4.7986966e-09,0.8231795,2.0581014e-05,0.10442717,6.4174985e-12,2.7831627e-06,0.07236981
2984,2,0.0008796118,0.9524619,8.7257174e-10,1.612739e-09,5.4778957e-05,2.0235653e-05,0.046583503,8.227688e-11
2986,2,1.4501878e-05,0.9997321,1.0246525e-20,2.9462049e-19,2.485949e-09,1.6318766e-10,0.00025335938,5.2415215e-22
2990,6,3.2240106e-08,1.2190386e-06,9.0208513e-10,1.1325356e-19,3.0944964e-09,0.9999988,4.6779924e-10,6.573487e-22
2996,5,0.00016385852,3.650547e-05,0.3345444,0.00032035774,0.5170958,3.0045737e-07,0.00028877528,0.14755014
2997,4,3.7959724e-06,5.8473087e-12,0.000969342,0.9989403,6.3291754e-06,3.2813776e-11,8.024675e-05,6.273974e-09
3000,3,2.19941e-06,4.2071014e-07,0.9973907,1.8201166e-07,0.0024952858,6.461672e-09,6.458429e-06,0.000104814106
3002,3,7.77368e-06,9.368472e-08,0.9550277,2.4621864e-05,0.04488666,2.138588e-06,3.390712e-05,1.704331e-05
3004,3,6.3503256e-07,2.6752652e-08,0.7527146,2.679918e-06,0.019302623,8.104022e-13,1.2157263e-06,0.22797818
3005,6,5.033019e-07,2.695357e-08,1.6406594e-10,1.7260591e-15,2.2404303e-09,0.9999995,8.4765905e-10,1.912353e-22
3006,4,8.9930336e-07,5.5373674e-11,0.00021363374,0.9588459,2.020621e-06,2.1447577e-12,0.04093755,3.8949635e-10
3012,3,6.574134e-06,1.6075519e-07,0.9994696,3.0040167e-06,0.000115075316,1.0510225e-09,0.00040501799,6.940913e-07
3015,3,3.2225088e-07,1.2429374e-11,0.99985456,9.37931e-05,4.1775605e-05,2.5998445e-11,9.57564e-06,2.893572e-08
3016,3,3.7985276e-07,8.249789e-10,0.98613095,1.3641186e-07,0.013861998,5.480805e-10,1.4600062e-07,6.3730345e-06
3017,6,1.3610929e-06,4.165747e-08,2.0077699e-10,1.941373e-19,1.4402984e-10,0.9999987,2.6424305e-12,8.131729e-24
3022,2,0.072731666,0.92680526,6.4787767e-12,3.974667e-13,1.836672e-05,0.00032953307,0.00011516382,7.4844865e-15
3023,3,4.5323163e-09,1.800628e-13,0.9999958,6.362961e-08,4.093886e-06,7.258898e-13,2.4915096e-08,2.1158673e-09
3029,6,2.3914674e-05,1.2547002e-06,8.882683e-13,1.9552999e-18,7.1947165e-10,0.9999747,3.1333644e-10,1.454876e-24
3032,4,0.0001368285,5.366954e-11,7.313855e-06,0.9798942,2.0225605e-06,1.5831004e-12,0.01995961,6.575473e-13
3035,3,1.0872105e-08,1.7480162e-09,0.97099763,1.6739157e-05,0.027547209,7.131765e-11,6.286569e-05,0.001375494
3036,7,0.0012294794,0.00029800853,2.0844211e-13,5.3242108e-08,1.4986552e-08,2.183249e-07,0.99847215,2.662256e-20
3042,2,3.9645543e-06,0.99977773,3.2884692e-13,5.168371e-16,0.0001403912,2.6529099e-08,7.791208e-05,5.8528473e-12
3043,6,0.0011981995,0.00013212934,4.2487446e-08,5.3816965e-11,1.3683664e-06,0.99866486,3.351895e-06,2.289177e-16
3045,3,2.2702429e-09,1.1307803e-12,0.99999094,4.5986456e-10,9.060406e-06,6.223382e-13,2.9833984e-09,3.8745185e-09
3048,3,1.4281115e-07,4.782557e-10,0.9997911,2.5163798e-09,0.0002071445,1.2241734e-11,1.6919463e-08,1.6282356e-06
3054,3,3.5500062e-07,1.5875197e-13,0.99638474,0.0035881514,8.322831e-06,5.6241226e-14,1.8451346e-05,3.2608665e-09
3055,7,1.540111e-05,1.3278163e-08,8.384813e-07,0.016614659,0.000387858,7.644222e-11,0.98298126,4.7615093e-12
3057,3,4.0068775e-09,1.08385904e-11,0.99900985,1.7228703e-07,0.0009846962,1.5476208e-12,1.4602814e-07,5.236579e-06
3059,6,2.0588016e-06,1.6701073e-06,1.6842842e-13,3.1008545e-19,3.4509393e-10,0.9999963,1.2610449e-09,3.063983e-25
3060,7,4.9798953e-08,1.5010057e-11,3.2621814e-10,0.006909659,2.480669e-09,1.6468946e-15,0.99309033,4.4583986e-17
3062,1,0.9951261,0.004843943,8.987641e-13,3.528867e-13,1.712186e-06,2.8252998e-05,5.2297235e-08,1.6140414e-16
3063,3,9.787886e-08,4.7280346e-11,0.99967456,4.6717264e-07,0.00032358704,3.181271e-11,1.1361383e-07,1.2100653e-06
3064,7,2.6561596e-08,2.4065064e-12,2.8957073e-11,0.008320726,2.0937839e-10,7.43839e-17,0.99167925,5.0648595e-19
3065,8,8.8680906e-07,8.7284644e-07,0.113957465,4.2770866e-06,0.021409903,7.885167e-12,1.51167915e-05,0.8646115
3066,3,2.4247969e-08,3.585152e-14,0.9999944,8.098748e-07,4.7478215e-06,6.1176984e-15,1.326433e-08,4.0545e-09
3067,3,1.4948444e-07,2.5505545e-10,0.999966,1.0239977e-08,3.326178e-05,3.7769298e-11,2.8620677e-08,5.669448e-07
3069,7,9.0719376e-10,4.3641132e-05,4.219711e-18,1.1839787e-12,1.6487801e-09,5.781011e-14,0.99995637,9.026429e-20
3072,3,2.983603e-07,2.4012252e-09,0.9659697,6.274714e-08,0.034024525,1.5612228e-09,4.5259577e-07,4.967345e-06
3073,3,3.579444e-07,3.8326457e-11,0.99990237,2.1607157e-06,9.370344e-05,1.4415173e-10,6.482496e-08,1.2859207e-06
3076,6,1.5563222e-05,6.777591e-05,5.0966825e-08,1.6684871e-16,4.4491724e-08,0.99991655,1.3417415e-08,2.3138483e-18
3077,3,1.7962902e-08,7.335244e-12,0.9999027,4.0721567e-08,9.511947e-05,1.1250099e-12,8.639021e-09,2.1108247e-06
3081,3,5.6288103e-05,1.7052967e-06,0.9610682,3.7664888e-06,0.03850373,1.8804572e-07,1.2010847e-05,0.00035409105
3082,6,5.2990596e-05,3.9070355e-07,3.6218504e-12,7.8922046e-16,3.6957923e-09,0.9999466,1.3437124e-09,1.4615051e-23
3084,3,2.0867812e-08,7.870743e-12,0.9999548,1.5024023e-07,4.4724286e-05,2.3916624e-12,1.9976713e-07,4.5594973e-08
3085,8,1.6697625e-06,5.3546387e-07,0.118259355,0.0053661666,0.13362756,2.301179e-13,0.012508808,0.7302359
3090,3,9.439293e-10,6.9596455e-14,0.9999825,8.5262295e-09,1.7389088e-05,7.709226e-14,9.603569e-10,8.537545e-08
3092,8,5.1553272e-08,2.9807353e-07,0.016513985,8.33152e-07,0.10423002,1.2833332e-12,9.846282e-06,0.879245
3096,3,3.8495952e-07,8.552053e-09,0.9999701,5.8984184e-10,2.9289278e-05,1.718223e-08,2.0543824e-07,8.4099e-09
3099,3,1.0617714e-08,1.1323464e-09,0.9763566,8.809855e-06,0.014446021,4.39893e-12,1.9126865e-05,0.009169389
3101,3,2.821355e-08,3.2802705e-13,0.9999975,1.0695469e-08,2.5020174e-06,1.7138349e-12,6.1838296e-10,5.70412e-09
3102,6,1.9690875e-05,7.9293017e-07,9.098838e-13,3.4129983e-15,1.1998035e-08,0.9999795,1.31596805e-08,8.1341537e-23
3103,3,1.6197994e-11,4.385968e-13,0.9869222,9.712099e-07,0.011509293,2.4873106e-15,7.764042e-07,0.0015667577
3109,3,2.1532196e-05,6.518827e-10,0.99997807,3.459499e-08,3.3406536e-07,1.4729018e-08,1.6870298e-07,1.0730924e-11
3112,3,8.183007e-11,2.9906713e-12,0.9944529,6.8660086e-07,0.005354668,1.1589835e-13,1.5721199e-06,0.00019018991
3113,5,6.9560133e-07,1.6607729e-07,0.270186,0.0007170336,0.71866506,8.4607255e-09,0.0015818139,0.008849186
3117,1,0.99968576,1.6494632e-05,8.6075033e-07,0.00022036722,4.4499044e-05,2.3833343e-05,8.14335e-06,2.1035787e-10
3118,7,1.4441683e-06,1.0695705e-09,2.7963424e-05,0.3176665,8.506354e-07,2.9045076e-12,0.6823032,3.490021e-11
3119,6,4.4730186e-07,3.3376256e-07,6.189736e-11,3.9614738e-16,5.367286e-10,0.99999917,2.5032072e-08,4.5068677e-24
3120,4,4.1185062e-06,1.0912589e-12,2.5562719e-07,0.99988616,3.4913018e-07,7.747784e-13,0.00010907597,2.363411e-12
3123,6,4.3361192e-07,5.8993577e-10,5.0500576e-11,6.1550634e-16,4.7846677e-10,0.9999995,1.3648784e-11,1.9971891e-24
3129,3,2.7381552e-07,9.105102e-13,0.99921644,4.0313485e-06,0.00077917776,1.913742e-09,7.654012e-09,3.3182385e-08
3132,5,4.297724e-08,2.1167045e-08,0.017292604,5.492986e-07,0.96555924,1.5963989e-11,3.536142e-06,0.017143996
3133,3,3.4880858e-07,3.8777337e-09,0.9984413,5.8123123e-06,0.0013896072,4.784559e-11,9.464232e-06,0.00015342266
3139,4,5.3437443e-06,2.903349e-10,0.0037402336,0.9933708,0.0010845009,6.9391104e-11,0.0017976883,1.3740556e-06
3142,2,1.870334e-05,0.90397006,1.9719533e-15,3.7544373e-14,8.032825e-07,9.917678e-06,0.09600056,2.7017392e-18
3143,6,5.856155e-06,1.7024659e-06,9.075713e-13,7.3836995e-16,1.1359919e-08,0.9999925,2.172911e-08,2.1233826e-22
3144,4,5.669257e-09,1.6311698e-14,1.5411276e-09,0.9959275,7.350991e-09,6.757745e-19,0.004072485,2.3674888e-13
3145,3,7.0933093e-06,5.772842e-07,0.74222887,2.426563e-05,0.25460014,4.8189918e-08,5.5151864e-05,0.0030839904
3148,3,6.200496e-08,1.1167499e-08,0.99490005,1.7005722e-07,0.004855974,8.431174e-11,3.6082215e-06,0.00024019303
3151,6,2.3373579e-07,4.2503407e-06,1.7748421e-13,1.3709448e-17,3.6500689e-10,0.9999951,3.8913464e-07,1.2513915e-25
3153,6,0.00038589624,0.003563653,1.1045994e-06,2.8681016e-15,4.3618816e-06,0.9960448,1.3729661e-07,4.2680178e-15
3165,3,1.0237521e-08,3.3611547e-12,0.9999951,1.3239665e-09,4.9186237e-06,2.1796115e-12,8.720779e-09,1.6410818e-09
3167,3,3.3151553e-06,7.9707135e-10,0.9999659,8.537186e-09,3.0439962e-05,1.6446365e-10,4.4738893e-09,3.4292364e-07
3169,4,0.003318015,6.4873085e-09,4.153315e-05,0.8007459,1.2685356e-05,2.1636694e-10,0.19588186,1.8370026e-12
3170,7,9.0941485e-06,3.7624515e-11,3.450097e-08,0.45295113,5.093363e-08,1.5266111e-13,0.5470396,2.4386208e-16
3171,2,5.26137e-06,0.9817717,5.884834e-16,1.53167e-16,2.847327e-08,4.0822733e-06,0.018218862,3.8947376e-20
3175,3,1.2289723e-10,3.707685e-13,0.99906677,2.5485662e-07,0.0009083537,3.679588e-14,1.0479923e-07,2.4572348e-05
3176,3,2.0973437e-06,1.3962782e-10,0.999995,9.454046e-09,2.9540727e-06,1.2251486e-09,3.0833318e-09,7.949997e-09
3177,3,6.415058e-09,1.4455101e-11,0.99983835,3.2333256e-09,0.00015934734,3.1486996e-13,7.2429587e-09,2.2276695e-06
3179,3,1.993074e-05,2.7500836e-12,0.9999566,2.2676362e-05,8.63966e-07,1.4364403e-11,4.794241e-08,6.198408e-10
3181,3,0.0046677613,1.4995489e-07,0.99531627,2.0749608e-06,1.15774765e-05,1.781814e-08,2.0847754e-06,9.105615e-09
3182,3,2.8953968e-08,2.9496987e-09,0.994568,6.8663513e-07,0.0052251946,9.283334e-11,5.7682482e-06,0.00020022002
3186,3,2.0152656e-08,1.4806695e-09,0.95413476,1.8658507e-06,0.044831723,3.5793667e-11,2.7553801e-06,0.0010288971
3188,7,1.849087e-09,8.0889705e-12,5.457983e-14,1.529886e-05,8.563951e-12,3.3778853e-17,0.99998474,1.3942921e-21
3190,3,2.6719693e-09,2.1595271e-12,0.9999902,3.8135572e-10,9.756034e-06,8.9242226e-13,4.7524464e-09,3.764769e-09
3192,7,4.75736e-11,1.7788025e-10,2.799498e-12,1.3848628e-06,1.1919542e-09,3.9451196e-18,0.99999857,6.729648e-16
3193,3,4.422139e-06,1.2317897e-10,0.99990463,5.866725e-06,8.3882296e-05,4.7923326e-10,4.8223022e-08,1.1758743e-06
3198,7,1.499546e-08,6.0218845e-08,1.03530025e-14,5.070374e-08,3.6302744e-08,2.7193928e-14,0.9999999,3.0340774e-18
3202,3,4.6882387e-10,1.8750172e-10,0.9769868,3.1041898e-07,0.017081821,8.8246325e-14,5.2846485e-06,0.0059258235
3203,2,1.0181353e-06,0.9982773,7.714887e-15,8.26704e-18,6.544167e-08,9.982485e-07,0.0017206754,1.9104983e-18
3208,7,1.2836262e-09,8.201233e-12,9.348198e-09,0.00015771844,8.986379e-11,1.7882474e-16,0.9998423,1.0197677e-17
3210,6,3.3133465e-06,0.00013297604,2.605793e-13,5.9394386e-20,2.6895053e-09,0.9998636,2.550972e-08,9.814151e-24
3211,6,0.0005261172,5.248991e-07,6.7114142e-06,1.3948511e-08,1.4296836e-05,0.99945027,2.0914308e-06,1.0572862e-15
3212,3,2.352834e-09,1.3317163e-11,0.9994374,5.041317e-07,0.00056029885,5.3787145e-11,9.544002e-07,8.2285896e-07
3213,6,4.8877296e-06,0.00031553072,5.78145e-14,1.1584784e-20,9.531909e-10,0.99967957,4.793562e-08,4.550541e-25
3219,7,7.641e-06,2.318422e-09,5.1963028e-08,0.05437101,3.307584e-05,2.539349e-12,0.9455883,7.1586416e-13
3220,3,4.3041247e-05,4.0435513e-09,0.9999187,1.2466061e-05,1.9057044e-05,8.476517e-11,6.60775e-06,1.7713775e-07
3222,3,0.0003240364,3.7364868e-11,0.9996222,4.831151e-05,5.338886e-06,1.2322919e-07,1.8342044e-08,5.2322974e-10
3225,7,7.031275e-07,7.940181e-10,2.6024499e-11,0.00049882056,2.6127728e-07,1.2506413e-13,0.99950016,4.3763294e-17
3227,3,0.00023314073,5.514962e-07,0.9693769,0.01075855,0.010945861,4.7342935e-10,0.008417427,0.0002675652
3230,2,1.3058185e-05,0.9993339,1.9530209e-12,4.3433725e-17,2.7965612e-07,0.00011262965,0.0005401059,1.5251091e-17
3232,3,1.7547972e-08,1.2770422e-09,0.9920272,1.0401495e-07,0.006855263,1.1821105e-12,5.682852e-07,0.0011168104
3236,2,0.07847282,0.8822811,2.8155657e-08,3.9035255e-09,0.00013735931,0.027291395,0.011817247,3.7710724e-12
3238,6,4.1188787e-06,7.367295e-08,9.49299e-13,2.8174746e-18,3.1685383e-11,0.9999957,3.5497136e-10,5.496764e-28
3241,6,0.0008219595,9.459871e-05,3.6650336e-09,7.331226e-18,4.1603045e-09,0.9990835,9.630873e-10,3.3733284e-21
3242,6,1.5864341e-06,4.665845e-10,1.1028882e-09,2.4462516e-14,4.0522665e-09,0.99999845,2.5294258e-11,1.5893063e-22
3245,3,1.0041714e-06,4.2085265e-08,0.99960726,1.6886428e-07,0.00038293868,1.0796503e-08,3.3659676e-06,5.3090835e-06
3247,3,4.1213086e-09,1.5901173e-11,0.99820065,1.0058533e-07,0.0010136497,1.0487351e-14,4.116935e-08,0.00078563043
3248,3,1.0284827e-05,7.366382e-06,0.9180669,0.00018814742,0.058262963,1.8543643e-07,0.0011795573,0.022284595
3249,7,0.00081365963,6.835244e-06,9.966897e-10,7.113935e-05,4.8526516e-07,3.4364702e-09,0.9991078,9.949052e-16
3257,3,1.7530548e-11,3.4499112e-15,0.99997556,7.4150275e-10,2.4427729e-05,1.7431222e-15,4.1009932e-10,2.8593997e-08
3259,3,4.0724473e-07,3.57866e-08,0.938971,1.8259949e-05,0.043229144,1.6534722e-10,1.63339e-05,0.017764792
3261,3,4.4260055e-08,1.0901186e-12,0.9998267,0.00012576589,4.5428664e-05,1.8630311e-10,1.9207228e-06,3.782659e-08
3267,3,7.454933e-10,1.3272261e-15,0.9999908,6.1953635e-08,9.106403e-06,2.0004814e-16,1.9706639e-10,9.888555e-08
3269,3,1.3753474e-09,7.097216e-14,0.9999738,8.6246246e-08,2.613622e-05,3.3422486e-13,5.127502e-09,5.9512093e-08
3274,7,2.683549e-05,0.008784774,3.0783546e-12,1.2971678e-08,3.1250034e-05,5.4929135e-08,0.99115705,1.1353696e-13
3277,5,0.0005033274,0.0001869185,0.4624806,1.9245495e-05,0.52869207,4.754998e-06,0.0003125618,0.0078005623
3278,7,4.094767e-05,3.3569811e-09,5.3794826e-09,0.014678672,1.2983148e-07,2.7365835e-12,0.9852802,7.71552e-16
3279,6,1.2146058e-08,5.635504e-10,1.00894196e-10,3.7791378e-20,1.8327857e-11,1.0,3.148758e-13,1.8207867e-25
3282,3,7.9932404e-05,2.069835e-06,0.9952626,1.20934255e-05,0.0043922756,4.5382686e-07,1.81738e-05,0.00023238649
3283,3,2.4382727e-08,1.3817971e-11,0.99957234,1.5281928e-06,0.00042502687,8.541923e-12,5.00602e-07,6.464509e-07
3288,4,1.5205217e-07,1.1020358e-12,1.0397763e-09,0.6610814,4.06688e-09,1.3516569e-16,0.33891842,3.8834078e-16
3289,3,0.00030269613,5.580973e-10,0.9565739,0.042635642,2.125528e-05,4.3381918e-10,0.00046655224,1.1074691e-08
3290,3,3.0344568e-06,3.32399e-09,0.99997187,1.2277777e-09,2.4974534e-05,5.9736066e-10,1.3356798e-08,6.2340064e-08
3291,3,1.19133325e-07,1.1264122e-08,0.99636555,2.4819906e-07,0.003527418,2.7997718e-10,3.0033677e-06,0.00010369289
3294,6,1.3057362e-06,0.00013139557,1.8353255e-12,2.5040914e-18,8.6136716e-09,0.9998671,2.327896e-07,3.3800186e-22
3297,3,2.324954e-07,5.639507e-08,0.9979265,2.6006805e-07,0.00202168,3.9223402e-09,1.3939571e-05,3.735428e-05
3301,3,2.7732014e-07,4.4107448e-10,0.9991666,5.656316e-07,0.0008308659,2.353884e-09,3.036862e-07,1.2949711e-06
3302,7,1.5877599e-10,3.899986e-11,1.108952e-12,4.5203774e-06,5.038024e-10,5.3915008e-18,0.99999547,1.2874467e-17
3305,3,1.0704104e-05,2.4844022e-08,0.9972915,0.00029731088,0.00022648805,2.8233906e-09,0.0021736817,2.0101744e-07
3306,3,2.7188662e-05,3.9816146e-07,0.9159484,0.0020219681,0.05139041,4.6541157e-08,8.9546105e-05,0.03052206
3308,5,2.1585148e-08,1.985287e-09,0.0021282698,0.00032917724,0.9878878,1.1863789e-12,0.0096124895,4.2253065e-05
3318,3,1.2236157e-07,1.0884059e-11,0.9999323,5.2643877e-06,5.9703667e-05,1.1785555e-13,6.565882e-07,1.8321402e-06
3321,6,3.4182405e-05,3.1430109e-06,1.5010799e-06,2.7330488e-15,2.4249837e-06,0.99995875,1.854234e-09,2.20402e-17
3323,4,9.132755e-05,1.2104391e-10,3.5311537e-08,0.98815143,3.612317e-07,3.2693607e-12,0.011756913,5.491197e-14
3326,3,1.9231709e-06,1.927446e-09,0.9998227,1.2076781e-06,0.00017231861,7.105707e-10,1.4673865e-06,4.4346e-07
3328,3,1.9828834e-08,5.1834693e-11,0.9999342,5.9131238e-09,6.551932e-05,4.237745e-12,3.5561257e-08,2.8712947e-07
3338,7,2.6808959e-05,2.5504454e-05,0.31879386,0.00042711376,0.001758946,1.130869e-08,0.67895883,8.911956e-06
3339,3,4.823127e-06,3.106725e-11,0.99994206,9.937459e-08,5.3014468e-05,3.8480835e-08,3.5019743e-09,1.5710594e-09
3340,4,3.387337e-07,1.8991627e-12,3.968851e-06,0.9993486,1.7483093e-07,6.056878e-14,0.0006469183,9.47147e-11
3344,3,1.5585798e-08,2.922464e-09,0.9996854,8.4024286e-08,0.00025191234,3.2044468e-11,6.180382e-05,7.438601e-07
3348,2,1.3694339e-08,0.9999064,1.2280002e-19,2.124651e-21,1.8886432e-07,8.2578167e-11,9.336539e-05,7.47259e-19
3350,3,4.4039052e-09,3.0903667e-12,0.9998703,1.7395921e-06,0.00012614952,1.3347293e-12,9.110522e-07,8.390917e-07
3351,3,2.1680858e-06,2.1567213e-11,0.9090996,0.0563535,2.3484e-05,5.7827435e-13,0.03452125,8.3855456e-10
3352,3,1.8629287e-06,2.2344366e-09,0.9802735,0.00078316376,0.014278198,1.12013405e-10,8.158756e-06,0.004655197
3353,8,2.0713675e-07,4.8863023e-07,0.14362156,4.0678306e-06,0.12742272,1.0531513e-11,4.5597895e-05,0.7289053
3354,3,0.0024456796,0.00011086387,0.9849141,0.00019254423,0.0112315975,3.353386e-05,0.00090196915,0.00016971628
3355,3,4.0030525e-08,4.4387983e-12,0.99984646,5.1216004e-05,9.843338e-05,8.811053e-12,3.2351022e-06,5.810273e-07
3357,6,0.00083958043,0.034128558,4.160693e-12,8.721701e-17,1.2242514e-06,0.96502554,5.130985e-06,1.3739789e-19
3358,3,4.3832736e-07,6.266552e-13,0.99999714,5.1507936e-07,1.9258487e-06,1.943595e-13,1.3403916e-08,1.8020014e-09
3360,3,6.217323e-11,1.8381992e-14,0.9999715,3.6692216e-09,2.8511795e-05,1.08032894e-14,4.596813e-09,1.4348209e-08
3361,7,7.3153296e-07,5.8276686e-09,1.3518834e-08,0.0021764447,3.614924e-08,1.9518725e-12,0.9978229,1.4108438e-14
3362,6,6.008886e-07,4.4880156e-08,1.0971132e-13,3.9586592e-19,1.4572663e-10,0.9999994,7.1979374e-11,2.815959e-26
3369,6,3.731714e-08,1.0536568e-08,1.2124588e-14,6.261748e-19,1.3479239e-10,1.0,1.9328973e-10,8.275364e-27
3370,3,2.1611919e-10,4.5167873e-13,0.9998405,6.039865e-09,0.00015749571,1.4964628e-14,9.841402e-09,2.0548932e-06
3371,3,5.172929e-07,1.1071964e-09,0.9999604,2.5889535e-09,3.893636e-05,1.13308495e-10,2.978266e-08,1.4074351e-07
3375,4,0.006287466,6.0898225e-07,0.089840144,0.66187614,0.22713718,2.4401454e-09,0.014602012,0.00025631473
3376,3,6.2236154e-08,9.5376984e-11,0.9993338,1.4559465e-06,0.0006201159,8.351149e-12,2.819145e-07,4.4322547e-05
3377,3,4.893066e-06,4.938676e-10,0.9998161,6.487879e-07,0.00017820709,1.9876131e-08,5.2117713e-08,1.5018043e-07
3380,6,0.00036961143,2.316576e-06,1.0406703e-08,6.2931487e-12,2.6983858e-07,0.9996278,3.2940353e-08,4.029716e-18
3382,3,2.9207847e-09,5.1622308e-14,0.99998415,9.5885134e-08,1.5492598e-05,1.1362612e-13,1.2466235e-09,2.395955e-07
3384,3,6.6113716e-06,4.0856925e-11,0.9998621,0.000110304565,1.9107465e-05,7.667804e-12,1.798938e-06,1.1305877e-07
3385,4,8.6870443e-07,9.189739e-12,5.135562e-09,0.97190607,1.7254754e-07,5.165106e-15,0.028092902,6.0225924e-13
3386,3,1.6497214e-08,1.5226329e-11,0.9998685,3.2716205e-08,0.0001280931,1.2593148e-12,1.5533418e-08,3.3352694e-06
3389,7,4.298419e-08,2.4988403e-10,3.391542e-14,6.4546907e-06,7.0431425e-11,7.632786e-15,0.99999356,1.4163101e-21
3391,6,2.1548979e-06,8.6983455e-06,5.383447e-12,7.3793636e-17,5.406917e-09,0.99998903,5.0187854e-08,4.6361434e-22
3392,6,0.00011234637,2.1758792e-06,2.7245082e-09,1.3292007e-12,1.09891374e-07,0.9998853,4.9792792e-08,4.1121338e-19
3396,3,0.007449647,2.748846e-07,0.8731068,0.06838559,0.041421946,5.463668e-05,0.009581066,4.816139e-08
3400,3,2.2310969e-09,2.949147e-12,0.9991879,8.888285e-06,0.0007699077,1.4196382e-13,2.0288223e-06,3.1243355e-05
3402,3,1.3274231e-05,2.2548376e-09,0.99997985,6.096812e-09,6.902703e-06,1.0833139e-09,2.4010557e-08,5.9054135e-09
3403,3,5.074036e-07,1.9672111e-08,0.99858415,5.526492e-07,0.0012506514,3.5287426e-10,3.1008515e-06,0.00016102988
3405,3,2.343773e-05,4.2090232e-06,0.9614951,2.262641e-06,0.037855074,1.7289777e-07,4.2954038e-05,0.0005767319
3407,3,1.4730801e-07,1.1068674e-12,0.9998745,9.6125616e-05,2.7775597e-05,5.349015e-12,1.3998726e-06,2.4319071e-08
3408,3,9.843359e-09,1.425525e-13,0.9999896,5.643887e-07,9.649028e-06,1.5115566e-12,8.426623e-08,5.5700455e-10
3409,7,7.1775605e-05,3.5168658e-05,1.6302996e-05,3.8360745e-06,6.755903e-05,1.1484223e-06,0.9998042,9.475978e-13
3416,3,5.1699845e-07,4.284631e-10,0.99995756,1.8906627e-09,4.175995e-05,8.438871e-11,7.526495e-09,1.4243093e-07
3417,3,6.689199e-07,2.837814e-11,0.9999926,1.5678327e-07,6.624663e-06,9.91271e-11,2.207058e-08,2.1482311e-08
3419,6,1.6742652e-07,3.4494214e-08,6.9556067e-12,5.3594355e-17,3.2691527e-10,0.9999999,1.2694573e-09,7.9264433e-25
3420,6,1.0295314e-06,8.109307e-08,2.8172987e-12,4.790037e-16,8.550762e-10,0.9999988,4.7195883e-09,1.0593924e-24
3421,7,5.2600967e-07,2.2364764e-08,5.6431976e-10,0.00014736361,5.9197487e-06,1.0002635e-12,0.9998461,5.992425e-14
3422,3,3.4592726e-05,3.839731e-08,0.9998653,2.0583118e-06,8.548475e-05,1.1874054e-08,1.2470793e-05,6.41969e-08
3424,1,0.96694607,0.03272334,2.3533712e-06,8.18691e-10,6.0696925e-06,0.00019595533,0.00012613759,2.211887e-13
3426,3,1.5398471e-07,1.2776259e-10,0.99995065,3.1909796e-08,4.78749e-05,2.1692597e-11,2.4244688e-08,1.2478848e-06
3427,4,1.7825573e-07,1.6828122e-14,4.7544245e-07,0.99755776,4.814812e-08,5.2477875e-15,0.0024414961,4.981068e-15
3429,7,2.1596748e-07,6.425831e-05,0.00033650172,3.556258e-06,0.0014077191,2.2826576e-09,0.99818665,1.1200254e-06
3430,2,3.8874887e-06,0.9991271,3.574556e-10,1.9928998e-15,1.4810317e-05,7.7091994e-05,0.00077713677,2.8082557e-13
3431,7,6.1901835e-07,0.000111190835,3.372299e-10,2.2803597e-09,3.4570117e-08,3.6079721e-09,0.9998882,3.1965057e-16
3434,6,4.4902223e-05,1.1218781e-05,7.262894e-10,1.7416817e-18,1.9450976e-09,0.99994385,3.293339e-10,6.702232e-22
3435,3,7.917813e-06,2.1003485e-11,0.99998426,4.9672935e-06,1.5596302e-06,4.967743e-12,1.2058373e-06,1.3869124e-10
3436,6,0.00017553849,4.8057194e-07,7.477645e-12,3.2970256e-12,1.195198e-07,0.99982387,5.681613e-08,3.466274e-21
3437,3,4.0683634e-08,1.0121429e-09,0.9799673,2.329879e-06,0.011372135,1.2439584e-12,1.3080497e-06,0.008656911
3438,3,6.6400416e-06,6.719753e-08,0.99942374,1.6227949e-07,0.00056427164,1.1792614e-07,4.72108e-06,1.9069076e-07
3440,7,1.1074546e-11,1.992109e-11,2.5742188e-13,9.192722e-08,1.0250267e-12,4.9041533e-18,0.9999999,1.5144433e-20
3441,5,4.7333074e-06,0.00017232433,0.014645711,5.2907186e-08,0.93697196,4.588954e-09,7.5567776e-05,0.048129678
3443,7,5.4722e-08,8.5239385e-11,2.8304635e-11,0.00044174868,7.952571e-10,7.119368e-15,0.99955827,2.0669012e-18
3444,3,2.9323077e-08,8.508083e-09,0.9910618,7.996729e-07,0.006180019,2.809214e-12,2.2760902e-05,0.0027343978
3447,8,5.471501e-07,4.3719615e-07,0.080214925,3.212226e-05,0.24630147,7.347607e-11,4.2430507e-05,0.6734082
3449,3,0.00057311676,6.005911e-06,0.9752161,2.60625e-05,0.0239966,7.5342427e-06,2.9212011e-05,0.00014531644
3452,6,0.00020128244,4.4325357e-09,7.467556e-11,6.9413403e-12,3.072614e-08,0.9997987,4.637297e-10,2.3553352e-22
3453,6,0.0013093548,0.33993658,1.5700797e-09,1.7127961e-15,7.829319e-06,0.65869623,4.998605e-05,1.6661502e-16
3456,3,2.2551065e-08,1.6688337e-10,0.99872595,1.295901e-07,0.0012601526,1.5483717e-11,2.655909e-07,1.3473813e-05
3457,3,1.1674623e-07,2.666857e-10,0.99984956,4.6964632e-07,0.00013721432,1.0468048e-11,5.074752e-07,1.2124484e-05
3466,7,5.8706633e-12,3.2063833e-12,2.7679182e-18,1.2598428e-09,1.4120228e-13,1.1854496e-19,1.0,4.7109556e-26
3467,3,4.356467e-06,3.5815768e-07,0.999716,6.723655e-08,0.00027110302,5.376221e-08,4.297836e-06,3.8018738e-06
3469,3,6.9154265e-09,4.458384e-12,0.9998584,1.8518286e-07,0.00013535861,7.8788115e-13,3.8290047e-08,6.034409e-06
3471,3,8.255613e-06,5.2112923e-09,0.9998696,5.9048585e-07,0.000120579905,2.9316791e-09,7.180852e-07,2.5583267e-07
3473,2,1.46284965e-05,0.99732435,9.9869744e-11,1.00004925e-13,3.1016913e-05,1.602592e-05,0.002613973,2.227485e-12
3474,3,7.8375064e-07,1.56079e-09,0.988816,5.9624696e-08,0.011181835,4.4445816e-09,1.7872635e-07,9.6328e-07
3478,2,8.4052335e-06,0.99984646,3.581621e-18,8.911042e-19,4.0963407e-08,3.778405e-09,0.00014512509,1.4883611e-19
3480,3,7.1865825e-06,2.1467184e-07,0.99895275,7.130391e-08,0.0010300187,2.1105794e-08,1.2924831e-06,8.435164e-06
3483,3,8.070222e-08,2.004504e-12,0.99991477,1.9375304e-05,5.5669025e-05,7.519959e-13,1.00729046e-07,9.964805e-06
3484,3,7.223043e-07,2.539772e-10,0.9998666,1.3497739e-06,0.00013054018,2.3827573e-10,5.4379166e-07,2.2606865e-07
3485,7,4.5948864e-10,3.5812766e-12,1.854123e-15,1.0093473e-06,2.157644e-12,8.7411914e-18,0.99999905,1.4104396e-23
3486,3,1.3264295e-05,1.6240584e-07,0.98697424,1.5629965e-05,0.012812397,1.6405613e-08,2.5105113e-05,0.00015931152
3487,6,2.081512e-07,2.3328557e-05,3.5892574e-12,6.18397e-17,1.4512115e-09,0.99997437,2.0364464e-06,2.4043101e-23
3490,3,1.0319661e-07,3.18184e-11,0.9999982,5.677614e-10,1.6806958e-06,2.5501148e-11,1.2138371e-08,2.80378e-10
3494,3,1.1169932e-05,1.1398099e-06,0.977539,0.00018564693,0.016486894,2.7321936e-09,0.00070956274,0.0050666053
3499,3,1.2758856e-09,1.6549128e-11,0.9985708,1.7375757e-07,0.0014218097,6.5788724e-12,4.2939632e-07,6.6912758e-06
3502,3,5.5047558e-08,2.121459e-08,0.8193429,3.4809034e-06,0.14829601,1.9845516e-11,1.8540182e-05,0.032338984
3503,3,5.707987e-06,2.9240597e-09,0.9999832,1.2531619e-08,1.0911762e-05,7.8371487e-10,1.6463677e-08,2.3095573e-07
3506,2,1.2136388e-05,0.9993729,1.103073e-17,7.628303e-17,1.2542888e-07,1.12362e-09,0.000614869,1.5407412e-17
3509,7,3.4524685e-08,8.753905e-12,1.0828177e-08,0.0017191718,2.3884533e-10,1.609797e-16,0.9982809,6.936229e-18
3512,2,1.499089e-08,0.9999087,1.1699257e-16,2.5120375e-21,1.5388328e-07,1.9992536e-08,9.108128e-05,1.5090764e-18
3514,3,4.3021223e-06,4.546537e-07,0.99467117,8.298196e-05,0.004103302,1.3494197e-07,0.0010829247,5.4729688e-05
3517,7,4.1757266e-06,3.473257e-08,8.970176e-06,9.109096e-05,2.6166713e-08,5.7325746e-12,0.9998958,1.25787866e-14
3520,6,2.4295562e-06,2.04765e-06,6.384063e-15,1.4744112e-16,1.5889023e-09,0.99999535,2.1398667e-07,8.0083735e-26
3523,6,0.00020011644,2.0154701e-07,2.1210479e-13,2.3582072e-13,2.401374e-08,0.99979967,1.6563137e-08,1.1246023e-23
3524,7,4.9876935e-08,1.6175837e-09,0.0003682969,0.0063910736,3.7878756e-06,1.9881416e-12,0.99323684,3.7441947e-10
3525,6,4.0660666e-07,3.3356724e-07,5.000644e-12,5.458114e-18,3.1014932e-10,0.9999993,2.1617588e-09,1.232081e-24
3529,6,4.100079e-07,1.3661746e-06,3.6177465e-14,1.5560976e-18,6.230789e-10,0.9999982,1.05839035e-08,3.5872523e-25
3533,3,2.90594e-10,2.4275265e-14,0.9999857,9.742662e-09,1.42578065e-05,3.158058e-14,4.825792e-09,5.122802e-09
3535,4,8.446593e-07,2.5413083e-11,0.0005571822,0.8465748,0.00032135448,1.782134e-14,0.15254587,3.1741159e-09
3540,3,3.0481814e-10,8.3237684e-14,0.9999795,3.6206127e-10,2.053284e-05,2.7752043e-14,4.067039e-10,2.8253485e-08
3541,6,1.1010771e-05,7.5750967e-07,1.444928e-10,7.8378263e-19,2.5699054e-10,0.9999883,6.517846e-11,8.336081e-24
3545,3,5.163915e-07,6.528058e-08,0.9995478,8.710775e-10,0.0004494768,4.093457e-10,7.934409e-07,1.2281206e-06
3547,3,1.1538322e-07,2.5502584e-11,0.99994767,3.3810366e-08,5.087709e-05,4.7279173e-12,5.2023834e-09,1.2476052e-06
3549,3,0.0005578192,4.2439156e-06,0.9975268,5.4618554e-06,0.0018700274,5.365692e-06,7.861652e-06,2.2407e-05
3551,3,2.247041e-09,7.8001165e-12,0.9999341,6.250534e-08,6.545287e-05,3.1653413e-11,2.4250033e-07,1.7258247e-07
3554,8,3.1270542e-07,5.956588e-07,0.0026191785,7.0057894e-07,0.40070227,4.9567997e-12,4.3791574e-06,0.5966726
3555,3,0.00026211079,9.651944e-06,0.91201645,1.4883622e-06,0.08719627,4.0797306e-07,1.04543005e-05,0.0005030833
3556,3,1.408807e-07,4.7660875e-09,0.9944224,2.219021e-07,0.005567463,3.0925502e-09,2.6818793e-06,7.166897e-06
3557,4,2.745222e-06,2.9728219e-12,1.254635e-08,0.9975674,6.657958e-08,1.5576421e-14,0.0024297882,2.4279054e-13
3558,5,1.67835e-06,7.4243025e-09,0.00065281964,3.384744e-05,0.99926656,2.3487743e-08,4.3123582e-05,1.982393e-06
3559,3,9.639339e-08,5.515751e-12,0.99993217,1.0087043e-06,6.6337496e-05,4.2360424e-11,2.1395877e-08,4.1095046e-07
3563,3,0.0033240868,1.9640328e-08,0.9966666,5.1966947e-07,8.53854e-06,7.923203e-09,8.586645e-08,7.4058897e-09
3567,7,3.19336e-07,4.93326e-10,1.7863499e-07,0.005047739,7.990568e-06,9.503122e-14,0.9949437,4.1786596e-13
3568,3,6.3014386e-06,3.4325176e-08,0.95816135,0.00031423732,0.025315337,7.523902e-10,1.1548105e-05,0.0161912
3570,7,1.9607946e-09,6.2733015e-08,1.1198795e-12,1.2536455e-07,4.9379304e-07,3.8991366e-15,0.9999993,1.3124759e-14
3571,6,0.00012938645,3.7412583e-06,1.6351406e-10,7.255158e-15,2.0315227e-09,0.99986684,4.7931433e-08,1.4357876e-23
3576,7,2.2244421e-07,2.4268815e-07,2.7373346e-05,0.0040878206,0.00018453652,3.7301286e-12,0.9956993,4.4140205e-07
3578,7,5.288647e-07,2.807725e-10,1.3847905e-11,0.0006854564,3.49822e-09,7.2576825e-14,0.99931407,1.297788e-18
3580,7,4.451947e-09,1.725898e-10,3.1658696e-09,2.9793553e-06,5.8776095e-10,4.1632366e-16,0.999997,1.6771716e-17
3582,6,5.4553453e-08,2.3815405e-09,1.1956941e-10,5.2393206e-17,3.2815597e-10,1.0,3.7898382e-11,9.2561815e-24
3584,3,1.47386805e-08,1.2016416e-10,0.99903595,6.1506864e-07,0.0009312771,2.8172393e-12,1.1906359e-06,3.0910844e-05
3586,4,0.0011271887,2.3006646e-07,0.00046881734,0.9607127,0.013346125,4.0784218e-10,0.024334813,1.0091999e-05
3588,7,9.1029256e-07,9.638332e-10,1.3839241e-11,0.00030393974,3.7892933e-09,1.3951175e-13,0.9996952,1.9879917e-18
3589,4,1.0115251e-06,3.6614956e-15,1.7939972e-09,0.9999285,2.2884308e-08,5.3329347e-15,7.043464e-05,1.9073706e-16
3590,3,2.9221628e-10,1.0204102e-12,0.9994037,2.6256387e-07,0.00058706227,2.9967326e-13,1.7923635e-07,8.709204e-06
3591,3,6.069962e-06,5.0701023e-11,0.9999821,1.4598339e-06,6.1685378e-06,4.115925e-06,3.3718084e-08,1.5757015e-10
3593,8,9.52299e-09,3.873511e-09,0.05981827,2.5658162e-06,0.013220015,4.743142e-15,3.6911792e-06,0.9269555
3596,3,4.555295e-10,3.4025061e-13,0.99978346,4.4346334e-07,0.00021394205,6.0452956e-13,8.5489944e-08,2.0083012e-06
3598,3,1.3517264e-07,7.895013e-09,0.99718994,4.633261e-07,0.0027159362,3.4990352e-10,3.273456e-06,9.022419e-05
3601,7,1.4205e-07,3.7274184e-08,1.06901155e-08,0.0004302217,5.9751046e-06,2.945633e-13,0.99956363,2.2153676e-11
3602,3,1.0774478e-07,5.985944e-11,0.99996793,8.707301e-08,3.1564567e-05,1.3438575e-11,2.0819631e-07,5.028424e-08
3606,7,2.3641632e-11,5.433766e-12,2.3353074e-17,3.5916642e-08,1.2247923e-13,2.378369e-19,1.0,2.7208008e-24
3610,3,5.104286e-10,6.972541e-14,0.9999931,6.714912e-10,6.970867e-06,8.2965075e-14,1.092131e-09,1.8764492e-09
3614,4,4.3132914e-07,1.7119104e-13,3.4666286e-08,0.99972695,5.8360307e-08,8.45582e-15,0.00027250705,5.9101503e-13
3615,6,2.8387538e-07,0.00016117832,2.964593e-10,7.5562964e-19,4.134248e-09,0.99983835,1.9225747e-07,1.0668273e-21
3617,3,4.965709e-07,3.7376463e-08,0.9896471,2.5169262e-05,0.009711347,8.088362e-09,5.5862398e-05,0.00056000013
3618,3,1.6585182e-07,1.9052777e-09,0.9999714,9.7165e-10,2.8271948e-05,6.155346e-09,1.2295521e-07,8.132204e-09
3620,3,5.635713e-11,2.104992e-15,0.9997973,1.4553083e-06,0.00020087197,2.5082507e-15,1.9324744e-08,4.9000784e-07
3621,7,4.4210775e-08,3.1092459e-06,3.244614e-11,4.005982e-08,6.0042044e-07,1.5562092e-12,0.9999963,3.0960515e-14
3622,6,0.0013547515,2.2069074e-05,1.1925257e-09,2.4505184e-13,1.1626778e-07,0.998623,5.6373004e-08,2.7133016e-19
3623,3,9.532536e-09,1.0815532e-11,0.9514009,2.122577e-05,0.04853109,1.0522718e-11,1.8403359e-06,4.499657e-05
3625,6,2.151492e-06,0.011845194,1.824806e-13,7.753269e-19,1.0568167e-08,0.98809505,5.755471e-05,1.722202e-23
3627,4,2.2743607e-06,6.0495234e-11,4.331538e-05,0.99848014,2.0621085e-06,5.037086e-12,0.0014721861,3.4682321e-09
3628,3,2.7362859e-09,5.9454694e-12,0.99840945,6.619798e-08,0.0015789063,5.4021143e-13,3.9056403e-08,1.1568245e-05
3629,3,4.856121e-07,1.0638621e-12,0.9999994,6.373351e-10,1.0665386e-07,6.940676e-10,1.7120759e-10,3.079638e-12
3630,5,4.5111104e-08,9.428499e-09,1.2888969e-05,2.9556581e-06,0.9998869,4.3309613e-11,8.495808e-05,1.2266808e-05
3632,6,6.0661487e-06,7.036198e-06,3.5710766e-08,1.0431069e-16,1.43781e-08,0.9999869,1.4964828e-09,8.207226e-19
3633,3,4.4568537e-07,1.7379453e-10,0.99992836,1.0212761e-06,6.744715e-05,4.839497e-13,2.224902e-06,3.9463058e-07
3634,4,5.2452185e-07,4.184939e-14,0.00019235058,0.9993799,3.769534e-06,5.390693e-13,0.00042347788,1.8237245e-12
3635,3,2.150395e-06,2.852055e-09,0.995695,0.00024820605,0.0039359303,7.1835177e-10,1.5840325e-05,0.00010294719
3636,3,3.3989414e-05,4.9190307e-06,0.8456944,0.00058325083,0.13243724,1.1771574e-08,0.0020466116,0.019199548
3640,6,2.185409e-08,1.2107512e-10,1.4339184e-11,4.6922507e-18,6.345731e-11,1.0,1.2127748e-12,9.6384166e-26
3644,3,1.7011528e-10,1.9196489e-14,0.99998486,1.1811974e-08,1.50861415e-05,4.777001e-14,3.3722858e-09,2.3469372e-08
3647,3,5.5690417e-09,2.4612983e-09,0.9826012,5.148341e-07,0.014700035,4.09549e-12,1.11798545e-05,0.0026871609
3648,3,2.4162496e-06,1.9056261e-10,0.9998229,9.039248e-05,7.562426e-05,1.2445411e-09,8.525175e-06,7.2541596e-08
3649,6,0.00044695073,0.0015065877,5.733889e-10,1.2022478e-15,1.1009917e-06,0.9980451,2.3955795e-07,6.86927e-18
3654,4,3.700541e-05,1.385135e-13,0.00072123285,0.9992397,4.6752598e-07,3.6253424e-12,1.6126115e-06,1.1578812e-11
3656,3,3.0120432e-06,1.0963889e-07,0.9664944,8.34111e-06,0.024935761,4.7565385e-10,7.032981e-06,0.008551387
3657,1,0.9999647,6.0654356e-06,4.6443762e-11,6.511229e-06,2.084321e-05,1.2707252e-06,6.473711e-07,5.1739613e-13
3659,3,3.3235487e-10,2.3754213e-12,0.9985208,3.7512578e-07,0.0014731666,2.4651056e-12,4.0108026e-07,5.339604e-06
3661,2,2.1885876e-12,0.99997544,1.2833672e-30,7.661875e-31,1.2519315e-12,1.05778884e-16,2.4504887e-05,2.223355e-30
3663,3,9.1309393e-10,2.4094765e-12,0.99913245,3.7589057e-06,0.0008545359,3.7260234e-12,1.281719e-06,7.908511e-06
3666,7,3.1053276e-07,1.5494345e-08,1.9202464e-08,0.010030094,0.00010762036,3.4235706e-14,0.98986197,1.3496165e-09
3668,3,4.601033e-12,9.552263e-16,0.9994735,3.1284196e-07,0.0005240873,9.512041e-17,2.0740304e-08,2.0583964e-06
3670,2,0.011099039,0.6739154,0.016342055,6.2980976e-06,0.08437866,0.0037255827,0.21046834,6.4702035e-05
3671,3,4.8415105e-10,1.8783113e-14,0.99998987,9.096439e-08,9.963757e-06,8.247035e-14,1.4047484e-08,7.5366655e-09
3673,3,2.1962128e-08,1.6702167e-12,0.9999895,1.5088787e-07,1.03761295e-05,1.7785674e-12,5.2233343e-08,1.8809189e-08
3675,2,2.2819477e-06,0.9998609,6.707707e-16,5.021538e-17,9.278786e-06,1.7201527e-09,0.00012750809,2.4358032e-14
3676,6,1.2040931e-06,4.838936e-06,9.8594556e-11,3.6588975e-17,1.564186e-09,0.9999939,2.1377902e-08,2.5264832e-22
3679,6,9.9941004e-05,9.227541e-05,9.547808e-12,3.6947925e-17,1.4408107e-08,0.9998078,2.9310131e-08,9.510299e-22
3682,3,2.5288778e-05,1.865213e-07,0.9957158,8.612777e-06,0.00420837,3.7550905e-08,2.1930788e-05,1.9792044e-05
3683,3,1.447527e-06,1.6600445e-09,0.9999769,3.3772924e-09,2.1706555e-05,2.379473e-10,3.3349245e-08,5.3783523e-08
3685,3,3.4273885e-06,8.1430934e-10,0.99994624,7.642612e-06,3.3536442e-05,3.5706796e-12,8.556022e-06,5.6366497e-07
3687,6,4.050972e-06,6.1187343e-06,2.8796996e-09,1.8715877e-13,6.12118e-08,0.9999894,4.562071e-07,6.5197926e-19
3688,3,1.0939741e-07,1.3204443e-07,0.9597104,9.670996e-06,0.037450615,3.6534202e-09,0.00028781578,0.0025412135
3693,4,1.1073796e-07,1.2586226e-14,1.2782058e-06,0.9994954,2.8509922e-08,3.8193893e-15,0.0005032161,3.5226376e-14
3695,3,2.0847171e-10,1.0915124e-12,0.998007,2.0514265e-06,0.0019600443,4.7532453e-13,8.658199e-07,3.0111587e-05
3697,3,5.487022e-10,1.2314649e-11,0.9995882,1.6595235e-08,0.00041093942,9.208868e-12,2.7512274e-07,5.3317103e-07
3703,3,1.9353172e-09,3.1867313e-12,0.9990939,8.894115e-08,0.0009026478,5.4502323e-13,5.6586536e-08,3.406279e-06
3708,3,1.9885913e-09,1.2828459e-10,0.9738174,4.807365e-06,0.014761092,2.4295908e-13,5.9942154e-06,0.011410688
3710,2,8.604678e-08,0.9994018,4.970263e-18,4.5948435e-20,6.6790715e-09,1.2309808e-09,0.0005980556,4.465928e-20
3711,3,3.0048237e-05,1.8050685e-08,0.9999616,5.372291e-09,8.204772e-06,5.713595e-09,1.5267112e-07,3.0658067e-09
3713,3,1.9450558e-06,4.272703e-08,0.9565584,7.847072e-06,0.043116882,2.201975e-09,2.3472207e-05,0.00029127413
3717,3,1.1868357e-06,1.4627022e-10,0.99990225,8.565066e-06,8.634521e-05,1.5535351e-10,1.5753666e-06,1.041157e-07
3718,3,0.0002810724,3.0822814e-06,0.9976546,6.0513084e-06,0.001998678,4.680896e-07,4.6653473e-05,9.459481e-06
3719,3,6.145381e-09,3.5869166e-12,0.9991736,3.177326e-06,0.0008066393,1.246771e-12,2.0328865e-07,1.6347545e-05
3726,5,6.549428e-09,2.9808118e-09,0.31727576,1.8045943e-06,0.677253,2.5431279e-11,1.1840896e-05,0.0054575293
3728,3,3.157366e-05,8.542985e-06,0.9821394,0.000109008266,0.0030998338,2.7264505e-08,0.014535962,7.55981e-05
3729,2,6.2684226e-06,0.9991825,1.3140994e-12,2.9437473e-16,1.3207635e-06,8.95947e-06,0.00080096326,1.288017e-15
3733,3,2.7519618e-06,1.2124251e-11,0.99998987,3.710926e-06,3.0312083e-06,2.0364485e-12,6.1169493e-07,8.2966073e-10
3737,5,5.732669e-05,5.161792e-05,0.22394691,0.00015689392,0.5887306,1.9012185e-07,0.0005405515,0.1865159
3739,3,2.2254122e-08,1.8178247e-09,0.5813735,0.0010628839,0.18731225,9.799215e-13,0.00026250677,0.22998877
3740,2,5.3073e-06,0.99688137,5.1331686e-09,7.003877e-14,1.8501893e-05,1.840403e-05,0.003076423,7.251133e-12
3741,1,0.9919525,6.983404e-05,0.007857885,2.3009528e-05,6.634486e-05,1.4609435e-05,1.5741163e-05,8.972249e-09
3743,3,2.529238e-07,1.355114e-10,0.9997906,1.582504e-06,0.00020636477,8.413437e-11,5.330319e-07,6.749087e-07
3745,6,9.03742e-06,6.274733e-07,4.271163e-09,8.299733e-17,1.8392765e-09,0.99999034,2.676865e-10,2.2933643e-21
3746,2,2.1726986e-05,0.9996884,5.857128e-15,4.563222e-16,5.0257254e-06,1.0842394e-07,0.00028477164,3.987242e-15
3750,7,4.4459407e-06,9.849209e-08,1.088347e-10,0.00016148346,3.8434164e-06,1.4659472e-11,0.99983,7.214598e-15
3751,3,5.4389893e-06,8.7921325e-07,0.9798013,3.259149e-06,0.019667502,5.0064752e-08,3.7064954e-05,0.00048454048
3753,7,3.017676e-08,6.5120097e-12,2.3865727e-12,0.0003786489,2.0896232e-10,7.8603175e-16,0.9996213,1.4381063e-20
3759,3,1.2939736e-07,1.2674029e-07,0.91738784,0.00043902567,0.029096344,4.5174094e-12,0.040769413,0.012307096
3764,3,8.281723e-05,1.3460027e-05,0.98014003,9.095129e-05,0.017643947,2.4572873e-06,0.00031902638,0.0017073854
3766,3,4.1454884e-09,2.5012428e-11,0.9998565,1.4954555e-06,0.00012909694,3.463946e-11,1.2768158e-05,2.3145209e-07
3767,7,1.7302737e-09,3.195706e-07,1.057326e-09,2.2999085e-09,1.5294708e-09,5.0664425e-14,0.99999964,7.769578e-16
3769,4,2.728024e-06,7.1853455e-13,5.3513034e-11,0.87770313,1.5485767e-08,2.4459478e-15,0.122294106,6.518326e-18
3773,6,2.8799047e-07,1.2792073e-07,3.424609e-11,3.7647835e-16,1.7220723e-09,0.99999964,4.612022e-09,7.336223e-23
3775,6,2.847761e-07,6.279512e-07,7.19706e-14,3.532891e-19,1.946284e-10,0.99999917,2.7838336e-09,6.116177e-26
3782,4,1.00521085e-07,1.7017812e-14,1.090116e-08,0.9942199,8.04942e-10,7.6295785e-17,0.0057800463,4.049628e-17
3785,5,4.365024e-08,1.7701673e-08,0.07177846,2.628844e-05,0.919341,7.9639556e-10,6.420256e-05,0.008790028
3790,3,2.6105472e-05,8.367313e-07,0.994856,2.8448148e-06,0.0050255246,2.2336371e-07,1.2329976e-05,7.613929e-05
3793,2,0.33158457,0.3378122,1.1482878e-08,1.26712825e-14,2.0486958e-05,0.330581,1.7845466e-06,1.0177461e-15
3796,3,9.803465e-07,3.0916403e-10,0.9999454,1.5511754e-08,4.989335e-05,7.5063645e-12,3.732021e-09,3.7280993e-06
3797,5,5.4629933e-08,8.5564864e-07,0.0019275704,6.248345e-07,0.9644413,3.461725e-11,0.00016229511,0.03346738
3799,2,0.0005903554,0.99485826,1.9267249e-07,1.4908942e-12,6.8860434e-05,0.00349116,0.0009912093,5.217935e-12
3803,3,1.11351504e-07,1.8263368e-08,0.9945431,4.0645392e-07,0.00520656,2.839364e-10,6.511517e-06,0.00024332275
3804,3,1.1442273e-09,1.596981e-13,0.999938,5.647612e-07,6.111991e-05,2.130043e-12,3.272553e-08,2.9215946e-07
3805,2,2.5764115e-11,0.99838734,6.768624e-19,7.5269416e-24,9.327934e-10,8.150202e-12,0.001612668,2.1853524e-21
3807,5,0.0052638436,0.0039310628,0.45097366,6.660613e-08,0.5382822,5.6615345e-06,4.213859e-05,0.001501381
3809,3,1.2316477e-06,3.0328898e-10,0.9998293,5.194137e-06,0.00015881142,1.9325637e-10,3.2246655e-07,5.0214844e-06
3812,7,1.5757047e-07,0.00039396074,4.54493e-09,3.8634784e-08,0.0010183231,1.11848725e-10,0.9985875,3.603533e-09
3813,2,0.0001604701,0.9922301,1.6502819e-09,3.6638599e-13,3.849292e-05,0.0043477193,0.0032232504,2.4637714e-13
3814,6,3.960836e-08,1.1038843e-07,2.3063864e-15,4.1536883e-21,2.3661705e-11,0.9999999,3.1458994e-10,2.5467243e-28
3815,5,2.468217e-07,6.6510083e-06,0.0006814446,2.2810944e-08,0.9903442,6.801283e-10,1.2069302e-05,0.0089554135
3816,3,1.0319134e-05,2.175992e-07,0.8716229,0.0008043155,0.075348966,7.3787363e-09,4.7972437e-05,0.05216522
3817,3,1.4868042e-06,8.379571e-10,0.9998253,4.9068267e-06,0.00016505111,4.048542e-10,3.0352735e-06,3.3861744e-07
3818,5,2.3163948e-07,1.5543225e-08,0.11930289,0.0043757963,0.7301226,5.9233326e-13,0.0022399533,0.14395845
3822,3,1.017381e-08,2.3077174e-11,0.9999913,5.7250773e-09,8.401987e-06,1.595311e-11,2.5230767e-07,2.91285e-09
3824,3,1.2725965e-07,1.9406807e-08,0.9555897,4.208887e-06,0.028920624,2.724087e-11,1.1138841e-05,0.015474131
3827,3,0.03103905,7.9484394e-08,0.96885306,1.4393684e-05,2.705618e-06,2.0164252e-07,9.059427e-05,1.4842634e-12
3828,7,5.3500958e-06,1.4180211e-08,1.939836e-08,0.016657444,2.60645e-07,1.08549645e-11,0.98333687,1.5728927e-13
3830,6,5.2277073e-07,3.7165682e-07,3.356541e-13,1.178646e-16,2.8545557e-09,0.99999905,1.1468871e-08,1.2778087e-23
3833,3,1.4003515e-05,7.946297e-09,0.99985373,1.2128605e-07,0.00013164253,5.6323626e-09,2.0032171e-07,2.1830094e-07
3834,5,5.1364673e-08,1.9243202e-05,2.8250413e-05,3.090377e-09,0.99279904,4.5958723e-10,1.9332047e-05,0.0071341093
3837,3,2.737542e-05,1.3800945e-06,0.78286666,6.70294e-05,0.21463422,3.4357987e-07,8.4558575e-05,0.002318446
3838,3,1.1614224e-08,5.6882784e-12,0.9999417,1.4636041e-08,5.787693e-05,1.6864527e-12,8.462503e-09,3.2396733e-07
3839,1,0.99951565,0.00048264806,2.414833e-15,6.677262e-12,6.1369013e-07,1.1436333e-06,5.5252865e-08,1.04649994e-17
3843,3,9.8581985e-08,2.9059068e-09,0.99690384,2.312322e-06,0.0026026855,6.253098e-11,4.516465e-06,0.00048652742
3845,7,1.7170915e-08,3.1557013e-10,4.7022786e-13,7.6303e-06,5.5614835e-10,5.287575e-15,0.9999924,9.953587e-20
3847,2,0.04269446,0.9571299,1.585302e-11,4.015784e-13,2.3876795e-05,7.1045884e-05,8.064401e-05,5.342377e-14
3848,4,0.00065300823,6.597494e-08,3.1314616e-05,0.99061066,0.00012864546,8.1686755e-09,0.008576287,4.0848835e-08
3850,3,8.1882405e-08,9.270068e-09,0.9727094,2.872477e-06,0.013757187,8.316202e-12,8.077339e-06,0.013522368
3851,6,5.2765864e-07,1.821203e-06,6.4879065e-14,3.7958328e-19,2.752487e-10,0.99999774,6.1729444e-09,1.1482349e-25
3852,3,1.9275238e-05,5.3611423e-08,0.9984211,4.2158525e-05,0.0009757941,2.3875522e-08,0.0005415603,1.0358658e-07
3855,3,0.00011258308,5.1665014e-09,0.9998853,3.841395e-09,1.7885005e-06,2.874497e-07,2.5523025e-08,4.621193e-11
3856,3,6.283513e-05,1.1007886e-09,0.99992394,8.3464727e-07,1.2289816e-05,8.1264925e-11,1.3644981e-07,4.0954394e-08
3857,3,3.3899335e-06,2.9132812e-08,0.8269458,0.046755955,0.1063314,1.7387031e-09,0.0014711824,0.018492311
3858,3,3.961345e-09,9.220971e-12,0.99962366,2.5025871e-08,0.00035052313,7.9525755e-14,1.7823035e-08,2.5671328e-05
3860,3,7.855231e-08,6.3900063e-09,0.888062,2.3566365e-06,0.07870239,3.1983869e-12,3.3826161e-06,0.033229753
3866,6,0.0005416996,0.0070602014,6.556056e-07,1.4877124e-13,7.4008376e-06,0.99238706,2.9937723e-06,2.1761323e-14
3869,3,9.314213e-08,9.822379e-11,0.9993794,6.161014e-09,0.00044418825,2.6391194e-14,1.609396e-09,0.00017628043
3871,3,3.7085204e-08,7.9818074e-10,0.63235223,0.0002513068,0.3514998,2.112084e-12,6.888617e-05,0.015827768
3873,3,5.4075946e-07,7.05797e-08,0.9951509,1.7098357e-07,0.004506422,3.2572742e-10,2.5319828e-06,0.00033942328
3875,3,3.206898e-07,9.375883e-09,0.8881059,8.86075e-06,0.11094376,1.468256e-10,2.5464029e-05,0.0009155492
3876,3,9.118858e-09,1.1791741e-09,0.9876194,6.188627e-07,0.010844999,3.9792544e-12,3.8131843e-06,0.0015312573
3878,6,0.0007018099,1.5213148e-05,2.1151253e-13,7.0233934e-13,8.54509e-08,0.9992811,1.8144979e-06,1.3987531e-22
3880,7,2.6373245e-05,1.2753267e-07,6.517737e-05,0.037051536,3.5199657e-06,5.7157246e-10,0.9628533,8.0296006e-11
3883,3,2.439568e-09,8.860287e-10,0.9829061,6.407687e-07,0.014672637,2.0551616e-12,1.0672636e-05,0.002409919
3885,3,3.4050058e-09,5.7468075e-12,0.99989796,1.0292794e-08,0.00010133297,5.078526e-13,2.0719252e-08,6.548747e-07
3886,7,3.6685567e-08,1.02095735e-10,5.2656426e-15,3.282218e-05,5.942858e-11,5.569819e-16,0.9999672,3.0739326e-21
3888,4,4.4023795e-06,2.4138144e-12,8.37512e-07,0.9998246,8.94152e-07,2.0072498e-12,0.00016932172,1.4853709e-11
3889,3,4.6074292e-10,8.597461e-13,0.9989662,4.456438e-08,0.0007873732,1.1234851e-15,1.1207153e-08,0.00024630676
3890,6,0.00022562173,3.825233e-05,4.494327e-09,4.1733045e-12,2.7887262e-07,0.99973446,1.4171306e-06,3.457162e-18
3891,3,2.5952724e-08,2.9824717e-12,0.9996456,1.8191993e-06,0.00018562339,6.922911e-14,1.9278007e-08,0.00016689264
3892,7,4.743914e-07,8.364231e-08,1.9387655e-06,0.00024332787,7.512945e-06,3.1199647e-11,0.99974674,1.6680294e-11
3895,6,0.16069014,0.035878237,1.3604678e-06,4.9321572e-15,1.9731176e-06,0.80342823,8.175856e-08,6.8663217e-16
3898,3,2.5549385e-09,1.997424e-12,0.99961144,3.2416942e-08,0.0003576218,1.7437583e-14,5.8806946e-09,3.0941188e-05
3899,3,1.4619812e-06,1.2322785e-07,0.89160657,0.00061100005,0.09185524,8.528304e-09,0.00024655822,0.015679073
3901,3,5.7498834e-08,1.4427736e-08,0.9789034,1.3613601e-05,0.020222476,1.8017212e-09,9.258371e-05,0.0007678325
3902,2,1.1767031e-07,0.9824896,1.9615776e-21,1.1152469e-19,5.455404e-10,4.3365547e-10,0.017510274,6.498468e-24
3903,3,4.540764e-09,7.5429584e-12,0.99903935,9.957747e-07,0.00095694937,1.2059956e-12,7.5038025e-07,2.0348818e-06
3904,8,1.4105614e-09,1.7296946e-08,0.0026147284,5.614043e-08,0.031692013,4.71626e-15,1.0763091e-06,0.9656922
3905,3,5.5436455e-08,9.36886e-10,0.9971795,7.707487e-05,0.0022857585,7.784348e-11,0.0004485876,8.941143e-06
3906,4,1.4022876e-07,3.1003312e-16,6.0951097e-06,0.99997854,6.966399e-08,1.8376512e-14,1.5191686e-05,9.309602e-15
3907,3,1.3731009e-09,8.795269e-11,0.9763157,6.1566257e-06,0.014627705,2.724239e-13,7.5286594e-06,0.009042873
3910,2,0.0004743241,0.9978504,4.345501e-18,3.5546217e-16,2.1494182e-08,7.5002895e-08,0.0016751152,1.31091115e-20
3912,7,2.7905114e-07,7.228778e-11,5.1858545e-13,0.0007142961,1.763332e-09,5.834568e-15,0.9992855,1.178729e-19
3914,3,5.3820328e-05,1.3568722e-05,0.9980597,2.1073818e-08,0.0018523886,3.3510509e-07,7.2078205e-06,1.2901021e-05
3915,5,2.0107642e-08,9.720315e-05,4.495629e-07,3.3544454e-09,0.98132634,2.4959307e-11,0.018542225,3.378934e-05
3920,4,4.7341775e-05,1.3516893e-12,4.2239685e-07,0.99993134,3.2932905e-07,1.3671427e-12,2.0614392e-05,1.1977085e-12
3925,6,5.56895e-07,6.605258e-08,5.749832e-13,2.9434374e-22,2.0825037e-12,0.9999993,4.2283724e-12,3.8233588e-29
3926,6,4.198462e-09,7.300821e-09,2.4507832e-16,3.1113005e-22,3.5210062e-12,1.0,3.5711933e-11,1.9997991e-30
3927,6,0.008782818,0.0094434135,4.424374e-08,1.3352252e-16,2.1776202e-07,0.98177344,5.8172272e-08,2.6908649e-18
3928,7,1.0855741e-05,0.00081948435,1.6158845e-11,1.6217722e-08,3.4236625e-06,2.5169152e-07,0.999166,1.973474e-15
3929,2,5.681497e-08,0.9994679,6.398214e-17,1.1602724e-19,8.89904e-08,9.028576e-09,0.00053194416,1.757132e-18
3932,3,4.7053703e-09,2.3235363e-13,0.99999154,1.39398635e-08,8.429767e-06,4.5538557e-13,2.05397e-09,2.2650468e-08
3934,3,2.6277783e-07,5.017484e-10,0.98797053,4.8911793e-06,0.011837954,1.1614902e-11,1.1954648e-06,0.00018514045
3935,3,0.00024472972,5.432713e-09,0.9843567,0.013034892,2.704395e-05,1.1202443e-09,0.0023366208,2.4141622e-08
3936,2,8.395776e-08,0.9997421,1.10172715e-16,3.920165e-20,9.412477e-08,4.701759e-08,0.00025767743,8.4287507e-19
3938,3,9.2727254e-07,1.5223836e-11,0.99999857,3.669032e-10,4.466064e-07,2.8450456e-10,1.3500662e-09,1.2985971e-11
3940,7,0.010291325,5.7891652e-06,6.4979304e-06,0.0024439364,2.3454351e-05,9.6789345e-06,0.98721933,1.23391304e-14
3942,7,0.00023361453,4.0655894e-07,2.0371441e-08,0.00019417665,1.3681004e-06,2.4366463e-07,0.9995702,5.783896e-17
3946,3,3.6411087e-08,5.93014e-10,0.939876,1.4240666e-05,0.059878077,5.170968e-10,5.366323e-06,0.00022615622
3950,7,4.6324503e-06,2.7501355e-06,0.014587146,0.024821594,0.1011204,1.2714048e-09,0.85897595,0.00048752062
3956,6,0.00011471825,5.700801e-05,5.520425e-12,2.91733e-14,8.983655e-08,0.9998274,8.27903e-07,1.455758e-20
3957,7,3.30496e-08,5.0454874e-10,1.6005144e-15,5.0368845e-07,1.2005787e-11,9.850037e-15,0.9999995,1.676269e-23
3958,3,5.170647e-08,7.984429e-09,0.99134433,1.2188499e-06,0.007917295,9.8708645e-11,1.0745449e-05,0.00072634104
3960,6,5.846582e-06,1.0733704e-05,3.140356e-10,1.2463696e-18,5.737097e-10,0.99998343,2.1979876e-09,7.142774e-23
3961,2,0.00016618239,0.9949092,6.421481e-10,2.191534e-11,0.0042118747,7.6789235e-07,0.0007120206,5.3372844e-08
3963,3,3.7152216e-07,1.6350543e-10,0.99810874,3.8966467e-05,0.0018396577,1.0269428e-10,1.1085264e-05,1.0725812e-06
3967,3,9.08722e-05,4.828882e-06,0.9349697,1.7820491e-06,0.06435375,1.9206817e-07,1.3277798e-05,0.0005656588
3968,7,3.1942133e-11,2.417135e-09,1.1502843e-11,1.261615e-09,1.13334325e-11,4.8665886e-16,1.0,4.1761268e-19
3972,3,6.113867e-07,1.0180158e-08,0.9998006,1.0958977e-09,0.00019745198,1.7713717e-10,7.544663e-08,1.1895897e-06
3975,3,3.863173e-07,4.2650505e-10,0.9879996,0.007815705,0.0037079393,2.942213e-10,0.00037331367,0.000102940954
3978,3,1.7470384e-07,4.8998104e-11,0.99996495,3.9258897e-08,3.3986416e-05,1.602041e-11,9.9977795e-09,7.485327e-07
3980,3,0.0013776936,6.932217e-06,0.99833506,3.0400013e-10,0.0002797305,2.8203755e-07,6.024452e-08,2.1214726e-07
3981,3,7.0249876e-06,3.6238816e-09,0.99995255,1.2443589e-06,3.7850677e-05,4.185494e-09,1.1659217e-06,1.5784427e-07
3983,6,5.5003184e-06,4.968699e-07,7.24523e-10,1.3572159e-18,3.097977e-10,0.99999404,5.2364876e-11,4.3549748e-23
3984,3,7.485909e-05,1.1491659e-05,0.9979686,6.7485585e-06,0.0015073109,9.903896e-08,0.00032301145,0.00010786033
3989,6,7.6670474e-08,6.8156496e-08,3.043715e-15,1.6245241e-21,1.4151974e-11,0.99999976,6.838845e-11,1.00861324e-28
3992,6,1.2569633e-05,1.9411398e-06,5.6841863e-13,1.9297958e-15,9.126581e-09,0.99998546,4.7572417e-08,4.221884e-23
3993,3,1.5084649e-07,4.1017167e-14,0.9999937,4.166532e-06,1.9377783e-06,1.0581084e-13,7.9682945e-09,2.6892035e-09
3994,3,2.9759931e-08,2.538792e-11,0.99967575,1.2435428e-05,0.00030348517,7.880999e-12,7.2451007e-06,9.725264e-07
3995,6,0.01315096,0.015354268,0.0026493147,5.387899e-08,0.0001478512,0.9668378,0.0018597794,1.2748182e-10
3998,7,1.8375418e-07,0.00031606213,9.305684e-08,3.102608e-07,0.0025510578,3.2252798e-10,0.99713206,1.1503858e-07
4000,3,5.858274e-08,1.4932998e-11,0.9998041,1.7139336e-06,0.00012038083,7.298791e-13,6.378118e-08,7.355202e-05
4004,7,7.193511e-09,8.625375e-11,1.5423238e-14,2.6438188e-06,1.186958e-11,8.11347e-16,0.9999974,3.1414052e-22
4007,3,6.4266095e-09,9.263421e-11,0.98993915,6.9135183e-07,0.009677231,1.7376321e-12,6.307137e-07,0.0003822755
4013,3,2.6978998e-07,2.2764117e-07,0.6775151,2.8517035e-05,0.18206555,2.2273641e-10,0.00010848458,0.14028186
4016,3,2.6769595e-07,2.5689423e-11,0.9998258,8.6112135e-07,0.000103427235,6.9302403e-13,1.25620225e-08,6.968082e-05
4022,3,5.2431304e-09,1.0822163e-13,0.9999924,5.1303775e-08,7.4982113e-06,3.513578e-13,3.1777363e-09,1.5382373e-08
4024,3,1.9608128e-08,8.2243007e-13,0.99999845,6.24819e-10,1.5744594e-06,2.4434474e-12,9.311977e-10,2.8144267e-10
4026,3,5.0633406e-07,2.8092944e-09,0.9806188,1.2310335e-06,0.019365761,6.2103345e-09,1.833206e-06,1.19059805e-05
4029,7,3.4219283e-08,2.4324097e-12,1.2655129e-13,8.4895524e-05,3.528837e-11,5.729493e-16,0.9999151,1.9955521e-23
4030,3,0.00582408,0.0029396766,0.85949486,0.0010051377,0.100961976,0.00012820683,0.026951112,0.0026949283
4031,6,4.37978e-06,8.978926e-05,5.1206386e-13,5.5948525e-17,6.21822e-09,0.999905,8.6371546e-07,1.091782e-22
4033,3,9.036487e-08,1.5362533e-10,0.9999615,6.759991e-08,3.7834743e-05,4.8676757e-11,2.3111156e-07,2.6920497e-07
4035,3,2.7676043e-07,2.849943e-11,0.99999845,4.0104478e-08,9.226431e-07,3.2627007e-10,3.819163e-07,3.8705702e-11
4038,7,0.0023546834,1.0854286e-07,1.596897e-07,0.030415587,1.3520578e-06,6.862976e-10,0.96722823,5.1291402e-15
4041,3,3.735913e-09,2.5123016e-12,0.9990351,5.396419e-07,0.0009279991,2.724305e-13,3.313045e-08,3.6347064e-05
4045,7,5.424839e-05,6.1267194e-08,5.909301e-10,0.003529598,1.77942e-06,1.6872116e-10,0.9964143,2.8597683e-15
4047,7,5.92858e-09,4.481978e-09,2.7203437e-10,3.3932625e-05,7.860777e-09,8.6773935e-15,0.999966,2.5149372e-14
4048,6,1.0379389e-05,9.780777e-05,3.7036624e-12,3.2369834e-17,6.9257275e-09,0.9998915,1.9544956e-07,5.1667754e-22
4050,3,7.490662e-08,9.164456e-12,0.9998368,4.047516e-06,0.00015768781,2.7201155e-11,1.384849e-07,1.1498636e-06
4051,6,2.44413e-06,1.9567015e-07,9.2248e-13,2.24878e-15,5.8189187e-09,0.99999726,1.0070639e-08,2.7606487e-23
4053,3,1.1660308e-05,4.5331636e-09,0.99997866,5.7257257e-09,9.680508e-06,1.3879904e-09,4.220108e-08,1.1134415e-08
4055,3,6.812322e-08,1.7034433e-11,0.9997861,1.6528198e-06,0.00021154108,1.4026958e-11,2.3247105e-07,5.4124325e-07
4057,2,1.3167413e-05,0.99996555,2.9657287e-17,6.02271e-20,1.1257161e-08,1.1678655e-08,2.1213173e-05,4.4525888e-20
4060,3,9.911976e-07,1.1564028e-10,0.9999087,2.9397535e-07,8.978694e-05,2.3210044e-10,5.5620948e-08,1.3071703e-07
4061,3,2.4504942e-07,2.3420808e-09,0.9972083,3.6375304e-06,0.0021475835,4.808759e-11,1.8602728e-06,0.0006382367
4062,3,0.00019141824,3.287595e-08,0.98139703,0.015780827,0.0020996884,1.8581893e-10,0.00027677836,0.00025408738
4064,6,2.8902845e-09,2.7034406e-09,1.2733716e-16,1.3023422e-22,1.9160474e-12,1.0,1.1542072e-11,4.0745723e-31
4065,7,3.6007327e-07,6.8635775e-10,1.153415e-12,7.352446e-05,6.753483e-10,4.7649083e-14,0.9999261,1.0383099e-19
4067,3,5.88882e-10,1.254169e-12,0.97656006,4.7804233e-06,0.023331376,2.1017876e-13,5.587988e-07,0.00010327983
4068,7,3.2641327e-09,1.9362893e-13,2.2746578e-06,0.004965404,8.28921e-10,1.091962e-16,0.9950323,2.6150863e-17
4069,5,1.394547e-05,6.379077e-06,0.3937069,5.8716087e-05,0.602467,1.473665e-06,0.0006516873,0.0030939365
4072,3,1.7713988e-06,1.5256556e-10,0.9999933,5.1836253e-08,4.7899894e-06,5.341886e-10,2.454341e-08,1.0498503e-08
4074,7,1.5581683e-05,1.9156488e-08,1.7626414e-07,0.018192397,7.4697986e-05,4.6604134e-11,0.9817171,2.5168667e-12
4075,2,1.6413029e-05,0.9421064,3.4645526e-09,8.6230446e-11,0.0011716533,1.0795472e-06,0.056704424,6.8255614e-09
4077,3,1.2022432e-05,9.804094e-07,0.6442517,8.731896e-06,0.35203743,3.1069423e-08,2.884516e-05,0.0036602959
4079,3,1.4046883e-07,3.040185e-10,0.99969494,2.1481833e-06,0.00030070677,4.315622e-09,1.522291e-06,5.712251e-07
4082,7,1.1797403e-08,9.212995e-12,9.317874e-13,0.0005663893,3.086229e-10,7.984181e-17,0.9994336,4.248652e-19
4086,3,1.2921285e-09,1.1324163e-13,0.99999535,8.9899543e-10,4.656989e-06,1.5918477e-13,1.0414911e-09,1.4659981e-09
4087,3,4.92299e-10,3.9428614e-13,0.9999765,3.8759136e-08,2.2781596e-05,1.5154941e-13,7.3751846e-07,1.1086259e-09
4089,5,1.7074395e-07,4.2891592e-09,0.3915838,6.7078225e-05,0.60461706,2.6650834e-10,3.698319e-05,0.0036948994
4090,3,1.479506e-09,1.215537e-10,0.9738331,3.5145138e-06,0.01559502,2.0056541e-13,6.031177e-06,0.010562277
4091,7,4.1137457e-07,4.6723403e-09,3.2164533e-13,1.056554e-05,2.161687e-09,5.893911e-13,0.99998903,8.843626e-20
4092,6,2.564466e-06,7.833806e-06,2.303052e-11,5.2535548e-17,3.0953165e-10,0.9999894,1.6620648e-07,7.8536443e-25
4097,3,9.798256e-06,1.4839286e-08,0.9999293,1.4834208e-06,5.356044e-05,8.538583e-09,5.588706e-06,1.478567e-07
4100,6,4.8801332e-05,0.0019619926,1.353901e-10,1.4127534e-15,3.1234669e-07,0.9979855,3.3543556e-06,1.5596863e-18
4102,3,2.1666903e-08,3.7237307e-11,0.99983597,3.2468457e-09,0.00016253165,1.3650998e-12,7.679616e-09,1.4069738e-06
4104,3,5.3669407e-08,3.1923266e-11,0.99986124,4.0576267e-09,0.0001380694,3.3399492e-12,4.3568273e-09,6.3362774e-07
4105,3,0.0077179037,7.9339304e-07,0.99185985,5.141266e-05,2.2713177e-05,4.0860343e-08,0.00034732308,3.7011518e-09
4108,3,3.8815556e-06,9.592038e-10,0.9999826,1.8961353e-08,1.2987486e-05,2.2869379e-10,8.130884e-09,4.0332912e-07
4113,6,3.7095986e-06,6.3960247e-06,4.6723852e-14,2.2229688e-17,1.7605674e-09,0.99998975,7.5250476e-08,1.006929e-24
4115,3,8.876488e-10,1.3471128e-13,0.9999927,1.3163313e-09,7.2426997e-06,1.5120598e-13,2.3625575e-09,2.0098165e-09
4117,2,9.126339e-06,0.99634784,5.7783858e-09,2.1506172e-14,6.1040824e-05,0.0018570086,0.0017249511,1.1715618e-12
4123,3,2.8204702e-05,2.3673122e-06,0.9714106,2.491183e-06,0.028244164,2.1729093e-07,2.5032487e-05,0.00028695798
4127,5,4.4624635e-06,4.1641723e-08,0.000119308395,0.008037723,0.98584217,1.2213745e-10,0.0059481366,4.8234746e-05
4136,3,4.9004525e-09,2.3065657e-11,0.9998926,2.1543416e-09,0.0001065172,1.0643898e-12,1.5874466e-08,7.9779744e-07
4144,8,2.293704e-09,2.980392e-08,0.0010509973,3.0023347e-07,0.068958275,1.3561841e-15,1.282973e-05,0.9299776
4152,3,2.0297677e-09,5.5466215e-10,0.97771317,0.00013970875,0.016539782,1.2226977e-11,0.0055177375,8.971376e-05
4153,3,6.0548526e-09,2.7534225e-13,0.9999976,5.9091914e-09,2.3338723e-06,5.0583046e-13,1.0187137e-08,2.1746072e-10
4155,3,5.750325e-07,1.1772645e-06,0.5445541,4.5220327e-06,0.22806022,1.4588078e-10,6.8100424e-05,0.22731121
4156,7,5.0313115e-10,0.00016471956,3.564924e-18,4.780287e-14,3.408855e-08,2.5747022e-14,0.99983525,2.8760142e-19
4157,3,9.665094e-06,2.0565545e-07,0.9325618,0.00015037863,0.06649857,7.545462e-09,0.0004229601,0.0003563142
4159,3,8.295461e-06,3.0819405e-07,0.6707707,1.7383181e-05,0.32614428,2.1386072e-08,2.0403962e-05,0.0030386087
4160,3,1.788893e-07,5.7616336e-13,0.99996495,2.5443802e-05,7.3766437e-06,5.4249953e-14,2.1020244e-06,1.5374493e-09
4161,6,1.8391911e-06,4.662395e-06,6.086565e-12,1.6688253e-15,2.9526481e-09,0.99999297,5.296864e-07,2.4752516e-23
4164,3,2.4261403e-06,2.2086782e-08,0.9838223,6.997233e-07,0.016169,1.9846374e-07,3.0917874e-06,2.316077e-06
4165,3,0.0013424644,0.0001664662,0.7290828,0.004662953,0.24620506,1.7263972e-05,0.007763371,0.01075965
4166,3,1.0539068e-08,1.4806528e-12,0.999995,3.3149353e-10,5.0421127e-06,1.3089267e-12,5.897531e-10,4.060546e-09
4167,7,5.236689e-11,2.362171e-11,2.003954e-14,4.2044665e-08,5.299716e-13,2.947177e-17,1.0,9.0517396e-23
4173,3,4.342778e-09,3.0754083e-11,0.99997103,4.9551666e-08,1.6039576e-05,5.0601606e-12,1.2900211e-05,2.2257023e-09
4175,3,4.772206e-08,9.011996e-12,0.9996338,4.5156437e-05,0.00031732506,2.2275909e-11,2.7346962e-06,9.419095e-07
4178,2,6.202933e-06,0.999728,3.4107603e-15,1.1027586e-16,8.172448e-06,1.07419176e-07,0.00025747385,3.832583e-15
4179,7,0.0008352665,1.9205323e-05,6.418035e-07,0.0010559009,0.000110618326,1.9103882e-07,0.99797815,1.02380795e-11
4181,3,2.9799537e-06,1.3042587e-06,0.99841,7.587281e-08,0.0015331437,2.469547e-08,1.1632806e-05,4.078873e-05
4182,4,3.3752391e-07,2.097153e-13,1.0018253e-07,0.999754,3.5295997e-08,7.4041666e-15,0.00024556363,9.383776e-13
4183,3,1.2423662e-08,2.439273e-09,0.99244505,1.6353554e-06,0.0072723483,1.3345625e-10,2.1172653e-05,0.0002598323
4186,6,0.0007308436,2.286655e-05,1.8056497e-08,3.7415947e-17,1.4659572e-08,0.99924624,2.0416775e-10,6.919161e-20
4194,3,1.1482737e-09,1.8412697e-11,0.9996687,1.6762192e-08,0.00033074358,1.7868708e-11,2.1577884e-07,3.9773622e-07
4197,5,1.9390234e-05,3.8328076e-06,0.0034170256,0.010328556,0.9275635,3.7740557e-09,0.05650604,0.0021616882
4198,6,1.3293918e-07,1.8299155e-06,1.2505337e-14,4.9606047e-20,9.676471e-11,0.9999981,9.291433e-09,8.393971e-27
4204,6,0.00010056957,1.0371299e-05,1.9886621e-14,2.9645845e-14,1.4756584e-08,0.9998871,1.909103e-06,1.8306801e-24
4206,8,2.3938182e-07,3.9925152e-07,0.048154064,2.4210427e-05,0.19727373,4.272964e-11,6.128327e-05,0.7544861
4207,5,7.772401e-07,7.703915e-06,0.00045579672,1.4089491e-07,0.7819673,6.8715394e-11,5.38255e-06,0.21756297
4208,3,3.6162617e-09,1.1108969e-09,0.9634486,2.8013321e-06,0.019827306,9.347968e-13,2.0115518e-05,0.016701177
4209,3,3.9971596e-06,3.9221453e-09,0.99976104,2.1785999e-07,0.0002334758,1.7832515e-09,2.4162094e-07,9.633303e-07
4213,8,2.2882947e-10,4.507961e-09,0.0011954637,1.03641336e-08,0.014056408,2.218274e-16,3.3582694e-07,0.9847478
4214,3,1.7283888e-06,5.8815197e-10,0.99997723,1.3359883e-07,2.0375453e-05,1.2664338e-10,7.580892e-08,4.884461e-07
4215,3,2.9245273e-06,1.7178142e-07,0.9827915,1.1171967e-05,0.014654943,3.4748053e-09,1.48995e-05,0.0025244434
4218,3,6.05692e-06,2.0286411e-07,0.94192034,5.241146e-05,0.057351552,6.189127e-09,0.00021281795,0.00045660802
4221,7,9.0269805e-06,4.165442e-08,1.8980398e-07,0.007995564,5.287575e-07,1.4585018e-10,0.9919946,2.3949552e-13
4222,7,1.5067084e-07,2.1339529e-06,1.6355592e-08,1.3011012e-06,4.3389042e-07,6.676178e-12,0.99999595,1.9649258e-12
4223,3,5.270156e-06,6.3519e-08,0.9584598,0.005416917,0.024897115,1.3654402e-08,0.011190841,2.9987394e-05
4224,3,0.0036030828,1.5612093e-06,0.9954828,6.698809e-05,0.00080622215,2.453574e-07,7.437126e-06,3.1584626e-05
4225,3,7.075553e-11,7.1680705e-15,0.9999747,1.2025929e-08,2.5169955e-05,1.5067342e-14,1.5448041e-09,7.557788e-08
4229,6,1.7474358e-07,6.4955236e-10,9.620828e-09,5.452711e-16,2.2278517e-09,0.99999976,1.1161063e-11,7.5342467e-22
4231,6,0.0008563338,4.6312416e-06,4.872681e-10,4.9191377e-14,4.203531e-08,0.99913895,7.265043e-09,2.246424e-20
4232,2,9.1639944e-05,0.9996227,2.9150072e-19,3.0863763e-18,4.1123787e-08,4.0516888e-08,0.0002856423,3.1559735e-21
4233,2,0.002239422,0.728132,1.0044727e-07,2.4818133e-13,5.6202556e-05,0.26927608,0.000296086,1.9473136e-13
4237,5,1.9914865e-09,1.6472691e-10,0.0005647526,3.109219e-07,0.9973003,7.3029744e-13,2.385367e-07,0.002134453
4243,6,0.0012514907,1.6892696e-05,5.4953885e-11,5.909934e-11,2.220935e-07,0.998725,6.3080906e-06,1.17751915e-20
4246,4,3.2887533e-07,1.7407774e-14,2.657967e-07,0.99997556,2.7126108e-08,1.08573725e-14,2.3869487e-05,1.9865414e-13
4249,3,3.5579267e-06,2.9539668e-09,0.9977869,0.0011211828,0.0008560129,2.3607824e-10,8.6469416e-05,0.00014578049
4250,6,1.6229214e-06,1.9340823e-07,6.525697e-11,3.1021053e-17,2.9082994e-10,0.9999981,9.88117e-10,2.0273222e-24
4252,3,2.0122879e-07,4.363391e-07,0.7989698,8.123515e-05,0.1912683,1.7047725e-08,0.008836748,0.0008431546
4253,3,6.691716e-08,8.34091e-09,0.9925504,7.020176e-07,0.006857881,7.966205e-11,5.8119294e-06,0.0005852387
4256,3,2.0903107e-07,1.1783844e-08,0.67205757,0.0002947424,0.1159029,4.1070175e-11,3.5695764e-05,0.21170878
4264,3,1.7397737e-08,8.393137e-13,0.99999857,6.057455e-10,1.4508822e-06,2.1832015e-12,1.540683e-09,1.5176993e-10
4269,3,1.9573594e-05,3.0302222e-06,0.9506718,0.00018051146,0.042301435,2.8404625e-07,0.00026283905,0.00656062
4274,2,3.1725458e-06,0.9999888,1.9919314e-18,1.9778072e-21,5.759948e-09,1.542238e-09,8.061288e-06,7.624636e-21
4275,3,7.067008e-10,1.3087855e-12,0.9997003,1.4443543e-07,0.00029715797,8.2900646e-13,8.3497206e-08,2.4121157e-06
4276,7,0.0011274902,7.7693535e-08,1.45136e-06,0.10453652,4.0639043e-06,3.8807912e-09,0.8943303,5.0117323e-14
4278,3,4.030971e-06,3.7493018e-09,0.99997985,2.6631952e-09,1.6091673e-05,6.870365e-10,3.685372e-08,2.43029e-08
4280,5,0.00012145628,5.2847486e-06,0.13792358,0.0036286563,0.844621,2.9622134e-07,0.013052311,0.0006473522
4283,3,6.008757e-05,3.8059227e-07,0.9869668,0.00017058784,0.0123707205,5.76088e-07,2.454197e-05,0.0004062513
4284,3,1.789729e-08,3.7465698e-13,0.9999951,6.4529345e-08,4.7617864e-06,1.1513163e-12,7.682671e-09,5.870823e-09
4286,1,0.99027634,0.005835464,0.00032743116,5.267443e-07,0.0029378326,0.00058648095,3.5949186e-05,2.4379114e-08
4288,3,2.0651953e-07,3.1534404e-11,0.9999553,1.1989766e-07,4.3630556e-05,3.0655185e-13,4.8962114e-08,6.710891e-07
4294,2,3.5090224e-08,0.999286,1.5596299e-17,1.3182074e-19,1.032223e-07,1.7915079e-09,0.00071387045,2.1995556e-18
4296,3,4.342554e-05,1.2723461e-07,0.9994436,3.8404716e-05,0.00041734104,5.9484396e-08,1.5075172e-05,4.1944306e-05
4298,3,5.2661807e-07,1.1127526e-10,0.9999845,3.3328598e-07,1.3903076e-05,3.100393e-11,7.5110023e-07,9.539716e-09
4300,6,2.1140181e-07,3.7822385e-08,2.7461304e-11,1.9594689e-20,4.0027818e-11,0.99999976,5.021549e-12,3.2345434e-25
4304,6,2.0582374e-05,2.275488e-07,2.9453165e-10,7.936217e-14,2.0269564e-08,0.99997914,5.0050355e-09,5.4514405e-21
4309,7,7.654319e-11,4.445136e-12,2.7227398e-09,0.00016115596,1.1745382e-10,8.954254e-18,0.9998388,8.3922643e-16
4312,3,4.4335646e-08,7.6556955e-11,0.9998871,5.6016733e-09,0.00011185096,5.796879e-12,1.31201965e-08,9.858319e-07
4314,3,1.97968e-05,5.5176764e-07,0.9220177,0.0007838584,0.0007758034,6.5531522e-09,0.076401696,6.7756565e-07
4319,3,4.0315978e-08,2.429247e-10,0.9882194,0.0002857002,0.011170399,5.617975e-11,4.8193982e-05,0.00027632684
4322,6,4.3440006e-05,3.5920539e-06,8.734881e-12,7.435873e-15,1.4276747e-08,0.9999529,4.9340457e-08,3.8835198e-22
4323,3,0.00018385268,2.966862e-06,0.99925035,2.8164902e-06,0.00025583073,1.1961032e-08,0.00030311284,9.4078433e-07
4324,3,9.309689e-07,2.5216013e-10,0.9998313,1.5401632e-06,0.00015629249,1.0265943e-10,8.276604e-08,9.729047e-06
4326,7,4.3186416e-10,1.4779729e-10,2.2791066e-12,3.705973e-08,1.4998893e-12,1.4587701e-16,1.0,1.2956236e-21
4327,6,7.74475e-07,3.3108834e-05,2.2287695e-13,2.2316661e-17,3.1260237e-09,0.9999654,7.0978115e-07,2.4672835e-23
4328,7,0.0009128427,0.00023153878,0.00028418764,9.862269e-05,2.873861e-05,4.5187736e-07,0.99844354,2.9028369e-10
4330,8,1.8676354e-09,3.1645992e-09,0.007346055,2.2992756e-07,0.17396148,6.015734e-15,1.1419422e-06,0.81869113
4331,2,8.682775e-05,0.9997017,5.209309e-15,2.8226296e-16,1.3231231e-06,4.776353e-07,0.00020967766,2.0735183e-16
4332,3,1.775456e-05,1.0664898e-07,0.9984976,3.705192e-05,0.0013680381,1.7743305e-07,1.2974855e-05,6.638366e-05
4333,3,9.3694103e-07,1.539695e-10,0.99999833,8.1340215e-09,3.4031402e-07,4.2194643e-09,4.0827047e-07,3.5423472e-12
4336,4,2.6741496e-05,2.9939426e-11,3.6456759e-06,0.9875516,1.3960779e-06,2.7505108e-11,0.012416576,1.5069357e-13
4340,4,0.00025317454,1.7648681e-11,0.0070791263,0.9912425,1.0308249e-05,5.251448e-10,0.0014148671,2.6133544e-12
4342,3,0.0002457046,2.0899325e-08,0.99972814,8.700333e-08,2.5783176e-05,9.300905e-10,8.971565e-08,1.0237017e-07
4344,7,2.6032728e-06,0.0008745459,1.1183489e-09,2.0169038e-09,2.3984654e-07,1.4867575e-09,0.99912256,1.8271766e-14
4345,3,4.2747885e-09,1.05112814e-10,0.9977552,6.920752e-07,0.002179947,1.2533785e-12,3.258721e-06,6.0940092e-05
4346,3,1.05134734e-10,1.0902692e-14,0.9999448,1.4838307e-07,5.4960805e-05,1.0130957e-14,1.6450208e-08,1.4509499e-07
4350,3,8.442232e-08,1.0120138e-10,0.9997594,3.1219956e-09,0.00023893944,3.4321734e-12,6.2872196e-09,1.5828289e-06
4351,3,7.848124e-06,7.1467827e-09,0.9998795,7.511646e-07,0.000109831395,2.6598823e-09,1.8689238e-06,1.647511e-07
4353,3,1.5485583e-09,1.7994006e-13,0.9999739,4.6351868e-08,2.5810747e-05,1.4039269e-13,7.2445485e-09,1.5645176e-07
4354,2,0.17642379,0.8231319,9.519367e-12,1.1377859e-15,3.5862201e-06,0.00043864036,2.10774e-06,2.0760099e-16
4356,6,0.0019901828,5.7047005e-06,4.3996093e-05,5.9195975e-11,3.207489e-06,0.9979569,1.6113479e-08,4.1952322e-14
4358,3,2.383229e-09,3.448253e-13,0.99999535,1.3241006e-09,4.5899164e-06,3.8580237e-13,3.7154309e-09,9.589819e-10
4361,4,7.808885e-06,5.2566856e-10,0.01553587,0.95653903,5.3364864e-05,1.07443264e-11,0.027863804,1.2917586e-07
4362,4,2.652825e-07,3.9212261e-13,3.6036053e-07,0.99952877,1.1403751e-07,1.4844166e-14,0.00047052145,9.162455e-12
4369,3,1.1883553e-08,2.3052536e-12,0.9999974,1.5486654e-09,2.646485e-06,1.773632e-12,1.3047894e-08,3.663084e-10
4372,7,2.045415e-11,1.749803e-11,1.0081981e-12,3.7534937e-07,2.0336079e-12,7.102613e-18,0.99999964,7.629232e-20
4375,3,4.6046765e-08,4.6586597e-09,0.9765311,1.3917178e-05,0.021876117,2.6335398e-10,2.8382703e-05,0.0015503843
4383,6,1.7937145e-06,0.00063596596,1.3185707e-12,1.2232789e-18,1.4488684e-08,0.99936146,8.219102e-07,3.46693e-22
4390,3,6.594036e-06,6.960417e-09,0.9999764,2.2101592e-09,1.7017137e-05,1.2034824e-09,3.5619372e-08,2.8335643e-08
4394,7,1.170894e-10,3.13324e-11,2.5677193e-12,1.4397657e-06,5.665214e-12,4.358448e-17,0.99999857,1.2866443e-19
4395,6,2.2930928e-05,0.001205024,1.0956418e-08,1.9785795e-17,6.5379005e-08,0.99877185,1.3158242e-07,6.917753e-19
4396,7,9.056781e-05,0.0001317475,0.1841126,0.0002132839,0.01670578,3.3554795e-07,0.79874,5.7429475e-06
4398,3,2.8237345e-08,5.3639464e-08,0.99044377,3.273914e-07,0.009195133,7.2798717e-10,7.241791e-05,0.00028835802
4402,7,9.16843e-07,2.8571618e-09,2.3446577e-13,1.6339016e-05,4.84579e-10,1.8742974e-13,0.9999827,1.3793083e-20
4405,3,4.0088015e-08,3.2175071e-09,0.9654048,4.6815776e-06,0.015701525,3.099759e-12,7.1870127e-06,0.018881889
4407,3,8.696933e-09,6.8758846e-11,0.999954,4.3271435e-09,4.5842175e-05,2.2530072e-10,1.04941115e-07,2.8709614e-08
4408,3,6.597421e-07,1.453082e-07,0.99834085,2.1589045e-07,0.001610585,8.20206e-09,1.20396635e-05,3.5508336e-05
4409,6,0.00048181246,0.011666654,2.8990675e-05,2.1322366e-11,5.4678152e-05,0.98773485,3.2969187e-05,6.539871e-12
4414,6,1.8446724e-06,9.983951e-07,7.498117e-14,2.0855472e-17,8.3835217e-10,0.99999714,1.585083e-08,2.507467e-25
4415,8,2.4807775e-07,9.1532087e-07,0.015707636,0.0014185086,0.062875144,2.116554e-14,0.029967574,0.89002985
4418,3,1.8025607e-06,1.0495003e-11,0.99997604,1.3925384e-05,4.624838e-06,1.1251717e-12,3.634681e-06,7.1863326e-10
4420,2,2.8870027e-06,0.9998265,4.1608916e-16,2.9457553e-17,1.7426906e-06,2.1753768e-09,0.00016894267,1.8841528e-15
4422,4,0.000103389706,5.2778143e-11,5.4712837e-07,0.99910456,1.7623867e-06,8.2633764e-13,0.00078974146,2.4999053e-11
4423,3,1.5113896e-07,1.671491e-10,0.9999728,1.0465825e-07,2.643437e-05,7.137715e-11,3.5680264e-07,1.0541172e-07
4424,3,8.043186e-08,1.0606261e-10,0.9999331,2.076626e-09,6.6594905e-05,1.7854662e-11,9.13218e-09,2.1094549e-07
4425,4,0.0010465026,3.3245308e-07,0.00019201137,0.4693064,0.12735164,4.017876e-08,0.40210304,4.0883478e-08
4427,3,2.96568e-05,1.8177909e-08,0.9999602,4.1618513e-09,1.0097342e-05,5.610434e-09,9.6114455e-08,5.1418776e-09
4429,3,1.315783e-06,1.2733806e-06,0.9964832,2.9555893e-06,0.001807148,4.1170622e-08,0.001685666,1.846729e-05
4432,3,9.023763e-08,7.1088578e-12,0.99996376,1.152817e-05,2.332555e-05,1.5680669e-09,1.3704977e-06,8.853206e-09
4433,3,1.7167588e-10,3.6862967e-15,0.999992,4.9114863e-09,7.957055e-06,2.0924206e-14,2.5168456e-10,1.2159776e-08
4438,3,1.5693981e-08,3.197279e-10,0.9925466,3.0009276e-05,0.0072920285,2.2444484e-11,0.000106305095,2.5074307e-05
4440,4,2.01101e-08,1.3473627e-12,9.173001e-07,0.62812686,1.3446006e-08,2.629443e-16,0.3718722,2.5158692e-13
4447,7,3.802836e-06,1.0179164e-06,5.370361e-08,3.8683604e-05,0.001164612,4.73271e-10,0.998792,9.377918e-12
4448,3,7.576088e-06,9.102656e-09,0.9977998,4.3646774e-06,0.0020357335,1.1104788e-09,3.442002e-07,0.00015210174
4449,3,8.239751e-07,1.1662671e-09,0.9900989,0.0002989466,0.008579965,2.7631192e-10,5.5750265e-06,0.0010158106
4450,4,3.4164508e-08,9.373474e-15,2.0843197e-08,0.9995301,4.5268675e-07,3.8212088e-17,0.0004694007,9.859102e-13
4452,6,8.714259e-08,5.9790406e-10,1.0648597e-08,4.2103798e-16,1.4761562e-09,0.9999999,1.6611738e-11,3.8423085e-22
4454,7,2.0360862e-07,4.4025937e-12,1.2911373e-10,0.03403395,1.2698922e-09,9.3334e-16,0.96596587,1.2140339e-18
4457,3,2.9423227e-05,7.4649375e-07,0.9996501,2.7410671e-08,0.00031701324,2.2713077e-07,1.2967944e-06,1.1204232e-06
4459,3,1.404789e-08,3.7560826e-09,0.99122834,7.1780204e-07,0.00829792,5.463145e-11,1.347193e-05,0.0004594934
4460,3,2.9658383e-06,4.0871262e-10,0.9999397,8.050117e-07,5.6283894e-05,5.5587507e-10,2.9773594e-07,5.6698855e-08
4464,3,9.200623e-06,3.0518692e-07,0.9787315,4.712543e-06,0.020993238,5.2750103e-08,1.217646e-05,0.00024879441
4467,3,5.953098e-07,5.4422876e-11,0.9994954,3.032379e-05,0.00032722973,1.1652747e-11,1.4346938e-07,0.00014633778
4468,6,2.2610975e-07,9.270614e-09,7.758197e-11,6.458076e-19,6.733986e-11,0.99999976,7.762278e-12,5.199795e-25
4472,6,4.4006272e-05,0.0060538063,2.3403523e-08,4.698132e-15,4.0316152e-07,0.9938885,1.3230641e-05,1.35473655e-17
4473,3,1.7372419e-06,9.009108e-09,0.99749726,0.00040403102,0.0015907248,2.756692e-10,0.00018512415,0.00032111778
4477,5,7.137457e-05,9.446491e-05,0.20431688,6.808505e-05,0.697607,3.9217525e-07,0.00070692576,0.09713499
4479,3,0.00032260918,1.1222803e-07,0.9995272,9.539096e-06,6.0916012e-05,8.377201e-10,7.9616024e-05,5.4474018e-08
4486,3,1.4580594e-07,1.6736806e-12,0.9999994,3.6832548e-10,4.708716e-07,1.600554e-11,5.0234683e-10,3.09042e-11
4488,3,9.153873e-11,1.0823471e-13,0.9995449,2.2571483e-07,0.00043062534,1.9114099e-15,6.327109e-08,2.4056866e-05
4489,3,0.00012850008,1.0208537e-05,0.90829396,2.6421262e-07,0.09151159,1.7112834e-05,3.1151547e-05,7.1475347e-06
4490,3,2.1853857e-06,2.257354e-10,0.9995184,0.0001107413,0.00035191755,3.6477027e-10,1.6657938e-05,1.1311933e-07
4493,3,9.1685547e-07,5.3440427e-08,0.57292855,6.8126246e-06,0.42688856,7.682017e-08,2.8757924e-05,0.00014632795
4495,3,7.177129e-11,2.5287006e-15,0.9999864,4.2710678e-08,1.3590236e-05,1.336238e-14,3.8774357e-09,1.1660203e-08
4498,6,2.0038573e-08,6.413452e-09,7.527787e-14,2.0492893e-19,1.5662182e-11,1.0,1.7809439e-10,2.2113162e-28
4499,3,4.1614294e-06,5.1559415e-09,0.99997747,1.3287174e-08,1.775505e-05,6.510598e-10,3.5545913e-08,5.195196e-07
4501,4,1.3080596e-06,4.4839802e-11,9.647377e-06,0.6855374,3.5623648e-06,1.1167845e-13,0.31444806,9.246283e-12
4502,3,5.4696925e-10,2.5763561e-11,0.99919266,4.765099e-08,0.00080465706,1.4656274e-11,1.0116283e-06,1.7151312e-06
4503,3,2.3690127e-08,1.458542e-10,0.88303155,7.946052e-05,0.0655679,8.0693275e-13,1.6135002e-06,0.051319495
4504,6,5.986273e-07,3.279466e-07,1.4515324e-13,1.465342e-19,3.1104022e-10,0.99999905,2.0784698e-10,4.2425216e-25
4505,3,1.7007741e-07,8.643345e-10,0.9986002,8.591103e-06,0.0011492989,9.324775e-11,2.6854266e-06,0.00023903688
4509,3,2.0306141e-09,3.0995074e-13,0.9999745,9.75641e-08,2.5367359e-05,2.4230135e-13,3.524612e-08,5.7969995e-08
4510,3,2.2812399e-09,1.3298888e-10,0.9996867,2.3226965e-08,0.00031144853,8.5975685e-11,1.4848086e-06,4.6329922e-07
4512,3,1.0075743e-06,1.3929886e-10,0.99999,1.3875964e-08,9.054791e-06,6.4483634e-11,1.1758332e-08,2.4772794e-08
4516,3,2.7250306e-09,5.043657e-13,0.99993587,2.9927435e-07,6.3319356e-05,5.8244463e-13,3.372585e-08,5.575973e-07
4520,3,0.00011244276,4.972929e-07,0.9988657,0.0002256472,0.00058578263,2.7715598e-07,0.00018814106,2.1549142e-05
4523,3,0.0005711447,1.7385048e-09,0.97178215,0.027337981,0.0002835345,2.9306735e-10,1.3775388e-05,1.1450429e-05
4524,6,7.4887616e-06,3.1143392e-07,3.4570927e-13,1.027035e-15,5.4575793e-09,0.99999213,6.329767e-09,1.14670636e-23
4525,6,5.1916305e-07,9.864337e-07,2.8601237e-13,3.2691338e-19,5.510938e-10,0.99999857,9.896358e-10,2.3366859e-24
4528,7,7.8796664e-05,1.3050808e-07,3.6977768e-09,0.004509863,7.98644e-06,5.436771e-10,0.9954033,3.0768157e-14
4532,3,1.3585517e-07,9.274834e-10,0.71524566,0.00027307757,0.26591092,3.1965222e-11,1.085646e-05,0.01855934
4535,1,0.9989374,0.0010406565,1.2258696e-12,5.282851e-12,4.5976162e-07,2.132348e-05,6.3991294e-08,7.655319e-17
4536,4,0.0013792005,1.843843e-08,0.35566327,0.63054264,0.011054432,6.942648e-10,0.0013097851,5.0751507e-05
4537,7,0.0005995748,2.2468204e-07,2.885591e-05,0.046993863,6.6078196e-06,4.3745512e-08,0.95237094,2.700922e-13
4541,3,2.1873616e-06,2.6827343e-10,0.99999094,1.6523263e-08,6.8026475e-06,6.681948e-10,5.6032166e-09,4.335435e-08
4542,6,1.9570953e-06,6.0313428e-06,1.14209255e-14,3.852456e-18,8.2939816e-10,0.9999919,6.211201e-08,1.3267045e-25
4546,1,0.9595408,0.023481572,7.033374e-10,1.880492e-12,1.1480968e-06,0.016974503,1.9255535e-06,1.0801292e-16
4548,3,9.166412e-05,2.7466967e-05,0.9888954,3.0562833e-06,0.01023974,7.312415e-07,6.9328424e-05,0.0006726797
4554,7,6.431007e-07,4.0537998e-07,9.865246e-07,0.0012992176,6.624211e-05,1.3218231e-11,0.9986325,5.7222507e-09
4555,5,3.027387e-07,0.009397447,4.2097335e-07,1.7235126e-09,0.92135924,9.982963e-09,0.06922125,2.1249403e-05
4556,3,9.0310346e-07,1.3577235e-07,0.9689728,1.1710188e-06,0.02956217,1.0794994e-09,9.506984e-06,0.0014533428
4565,8,4.0388243e-10,9.209169e-09,0.0011665326,1.1167438e-08,0.014204447,4.814374e-16,3.8107166e-07,0.9846287
4567,3,1.6561569e-09,5.570449e-14,0.99999535,9.716033e-09,4.6768882e-06,1.2968045e-13,4.905071e-09,7.888715e-10
4568,3,0.00025817222,1.29882455e-05,0.98361903,0.0005009149,0.0014103089,4.058905e-06,0.014190179,4.390715e-06
4570,5,3.4685527e-08,4.8088325e-05,0.005248593,2.6563516e-06,0.78582674,1.6163071e-11,0.11058938,0.09828447
4575,3,3.8226608e-10,6.5793947e-13,0.9975044,2.8273078e-07,0.0022590556,6.4824257e-15,2.9964866e-08,0.00023627921
4577,2,5.333845e-08,0.99856704,1.7328615e-16,1.05069134e-19,1.4541483e-08,5.7880232e-08,0.0014329132,9.2596633e-20
4578,3,1.130203e-09,6.787723e-14,0.9999691,1.3687443e-06,2.9193905e-05,9.721573e-14,2.2014785e-07,2.7694098e-08
4579,1,0.998919,1.8477542e-05,0.00033311147,0.00046180887,0.00011838745,5.6613364e-05,9.260331e-05,4.4021978e-10
4584,3,8.602413e-09,4.4185733e-10,0.9795639,8.788414e-06,0.013214069,2.2338125e-12,8.663903e-06,0.0072046337
4585,6,3.6673597e-09,9.2264834e-08,5.3080225e-16,1.4101782e-22,8.462143e-12,0.9999999,2.138702e-10,5.696704e-29
4590,3,1.0569483e-08,2.6556613e-13,0.99999857,6.5648786e-10,1.3610384e-06,1.116594e-12,5.674379e-10,2.0946066e-10
4591,2,0.031866357,0.5624386,1.0807225e-07,1.107899e-11,6.659958e-05,0.4051559,0.00047248363,2.5714527e-13
4592,3,1.7259433e-09,5.455768e-13,0.99995995,2.6430226e-07,3.9580744e-05,8.676625e-12,6.172208e-08,1.2848244e-07
4596,7,7.8434437e-10,2.446482e-09,1.70687e-10,7.39232e-06,2.9115055e-08,5.751113e-16,0.9999926,8.1220485e-14
4597,3,1.959921e-05,7.01423e-07,0.9372634,1.256154e-06,0.06234164,3.6219816e-08,6.4564615e-06,0.00036680963
4598,3,2.4095892e-08,6.864068e-09,0.9898372,4.2739657e-08,0.008560046,2.118209e-12,1.1746571e-06,0.0016015791
4601,3,5.4126563e-06,7.173234e-09,0.9999746,2.4242117e-09,1.9970103e-05,1.0884321e-09,3.87216e-08,4.34172e-08
4602,7,0.0017962911,0.0007410348,5.202519e-06,0.00011851147,4.314666e-05,8.417674e-06,0.9972874,5.4681804e-11
4603,7,0.0014239682,0.00019038832,6.044806e-08,2.1498803e-05,2.6141159e-05,3.2801726e-08,0.99833775,1.2144686e-12
4607,3,6.193182e-07,6.644234e-08,0.99923015,8.5148037e-07,0.00072179775,1.2952273e-08,3.6242036e-05,1.031885e-05
4612,3,1.9742029e-05,5.2346167e-07,0.9992478,1.0401739e-07,0.0007200391,5.885281e-07,1.11237905e-05,2.2762819e-07
4613,7,8.245545e-08,2.0900466e-09,1.6554583e-13,2.9625705e-06,1.5554284e-10,1.3102072e-13,0.9999969,8.059894e-21
4615,6,3.4852372e-09,7.907507e-06,6.4665356e-10,2.7922428e-20,6.953507e-09,0.99999213,7.821051e-09,1.1575458e-21
4616,7,6.2078055e-07,4.197819e-09,4.9057572e-08,0.0015280669,3.1807735e-07,7.719749e-13,0.99847096,9.616911e-14
4619,7,1.3835088e-05,5.4421675e-05,4.2529085e-05,6.7467354e-06,0.00054166926,6.0052416e-09,0.9993407,2.1132796e-09
4620,2,0.00013237445,0.7939699,2.0587341e-15,8.7790105e-13,4.2933408e-07,4.973824e-06,0.2058923,1.7932885e-18
4621,7,7.255865e-07,0.022978883,3.4075538e-07,6.041683e-09,0.0076384866,2.699923e-08,0.9693814,1.5827929e-07
4625,4,0.00029659626,1.2503047e-09,2.0298235e-06,0.5303506,9.487244e-07,5.8262326e-11,0.46934977,6.2542833e-15
4629,3,9.009623e-08,2.11324e-11,0.99997485,7.1972464e-09,2.4959465e-05,9.954973e-12,5.8722156e-09,6.2746324e-08
4630,6,1.1266528e-05,5.58813e-07,3.4630645e-13,9.168604e-16,6.205241e-09,0.9999881,8.486397e-09,1.510811e-23
4632,3,2.7172919e-05,3.1858208e-06,0.8787518,0.0071798754,0.09524699,4.3835396e-07,0.0042614294,0.014529026
4634,6,0.00024067277,1.9717887e-05,4.0663754e-11,1.355642e-12,4.0688735e-07,0.99973863,6.3081654e-07,4.5740586e-19
4636,3,3.5135393e-08,1.3268206e-11,0.99996567,2.286714e-08,3.41964e-05,4.6110316e-12,2.127309e-08,8.6311864e-08
4646,6,5.4011893e-05,9.606112e-06,1.0359305e-12,1.4824003e-15,1.4683355e-08,0.9999362,6.8489015e-08,1.7134793e-22
4650,3,5.5754604e-06,1.7394341e-06,0.96989226,2.248845e-06,0.029339038,5.36642e-08,5.708269e-05,0.0007018831
4654,6,1.2442759e-05,9.0925845e-08,1.4467774e-10,3.160317e-14,1.25291875e-08,0.9999875,1.7158351e-09,1.5923968e-21
4656,3,7.1334945e-08,5.6986543e-08,0.99624926,2.5358202e-07,0.003643094,2.4207376e-09,3.891788e-05,6.832548e-05
4660,7,0.00022950122,9.761184e-08,4.505327e-08,0.018201293,2.9621167e-06,3.7463685e-09,0.9815661,2.168342e-14
4664,4,0.06746208,3.167706e-07,0.013308127,0.83202535,0.00028475825,1.1116401e-06,0.086918324,8.600433e-11
4670,1,0.8928929,0.018493598,0.00029633887,2.3117076e-07,0.0003241676,0.08795987,3.28616e-05,2.7643383e-09
4672,7,0.029879075,8.6428394e-05,0.13837734,0.19422932,0.14793259,7.274502e-05,0.48941886,3.6300848e-06
4676,3,1.2711694e-06,6.4154394e-12,0.9999852,1.704954e-06,1.1136024e-05,3.6628704e-11,3.4763568e-09,6.266233e-07
4678,7,2.9833862e-07,0.00019230573,1.3946936e-12,2.2259572e-08,2.3774563e-05,6.947715e-11,0.9997836,6.978547e-13
4679,7,6.289785e-06,3.3122908e-06,2.1245844e-15,7.48178e-10,1.9231079e-10,2.9313078e-08,0.99999034,2.7177967e-25
4683,3,1.3414299e-08,5.1283656e-12,0.9999207,4.6756403e-09,7.8995676e-05,1.5546913e-12,3.1768117e-09,2.514583e-07
4686,3,6.477222e-06,4.162786e-08,0.99997056,2.3576446e-08,1.5875336e-05,6.0783955e-06,8.21223e-07,2.4806963e-09
4687,5,8.757235e-09,6.5117914e-05,1.2116374e-06,2.6637772e-11,0.9363586,7.6270576e-13,5.040176e-06,0.06357005
4688,3,0.022577029,4.5590725e-05,0.9771857,2.0404865e-08,1.812317e-05,0.0001230175,5.0432333e-05,3.5142663e-11
4690,3,0.00015174433,4.923515e-09,0.9998079,8.844497e-06,3.100706e-05,8.270603e-08,1.3402702e-07,3.279252e-07
4691,3,1.2284525e-10,4.3655175e-12,0.9977779,4.3370656e-07,0.0021420957,2.3278395e-13,1.7545847e-06,7.778027e-05
4693,2,6.818216e-09,0.99780613,3.1509245e-20,9.121252e-22,3.7959635e-10,5.043445e-10,0.0021938714,4.079476e-23
4694,2,0.0005654264,0.9974395,8.8311564e-10,4.033625e-13,3.8163536e-05,0.00096048816,0.0009964369,5.582324e-13
4696,6,9.88108e-07,2.1875185e-06,2.1138042e-13,1.8277944e-19,7.5768697e-10,0.9999969,1.1610053e-09,2.1738772e-24
4701,3,0.0020033356,2.5031418e-06,0.9899859,8.880915e-05,0.00012415877,7.807062e-09,0.0077953157,2.309715e-08
4703,3,5.9138566e-10,6.8217983e-12,0.96473056,1.0170299e-05,0.0346954,6.3868324e-14,5.670479e-06,0.00055826746
4704,4,6.8549565e-07,4.7356813e-11,0.14097597,0.85292864,0.003017873,1.1768386e-11,0.0030719868,4.80949e-06
4707,7,7.9792066e-08,1.8869244e-08,9.561491e-15,2.512952e-07,2.6646743e-10,3.3310832e-13,0.99999964,7.519951e-21
4710,7,4.6085574e-10,6.10037e-08,1.6507853e-06,3.5815303e-06,5.980092e-06,3.876947e-14,0.9999887,4.689937e-09
4712,7,1.7995738e-08,3.656823e-09,9.840808e-12,0.00021069549,1.1479895e-07,6.84181e-16,0.9997892,1.2340111e-13
4713,7,2.0050757e-06,1.6873868e-08,5.7833617e-08,0.0042619584,3.7074738e-06,8.1626155e-12,0.99573237,1.2837819e-12
4714,2,8.82497e-08,0.9990465,1.4315863e-16,5.3705017e-19,1.1656661e-07,1.4805359e-08,0.0009532709,3.570451e-18
4715,6,4.945714e-08,5.4138195e-07,2.2882972e-11,4.4743298e-20,8.4878306e-11,0.9999994,4.6051446e-10,2.2925943e-24
4722,7,4.343381e-07,2.2560696e-10,1.3542137e-11,0.0019316643,5.374345e-08,1.5038956e-14,0.9980679,3.4899276e-17
4723,3,0.00041057146,6.573294e-08,0.9216902,0.07485913,0.00071080093,9.996924e-07,0.0023268403,1.3886612e-06
4724,6,9.458684e-06,5.39129e-05,6.9823715e-13,2.2214343e-18,1.3766506e-09,0.9999366,5.088198e-08,9.002403e-24
4726,1,0.99370533,0.0007378765,2.595282e-09,1.2766658e-06,5.0649487e-05,0.005481511,2.3321496e-05,7.394496e-13
4730,8,5.347372e-06,0.00012309176,0.059534658,4.5830316e-06,0.45079252,6.760694e-09,0.00074449,0.48879522
4732,6,0.0020660243,7.145312e-06,1.4343189e-10,1.8458939e-10,2.0611306e-07,0.9979234,3.226602e-06,9.824197e-21
4735,1,0.51433456,0.48372516,2.4738041e-12,3.2830302e-17,4.2321135e-06,0.001935973,1.3010403e-07,5.2442246e-18
4736,3,4.750741e-09,4.4679776e-12,0.99976104,4.694912e-08,0.00022756612,1.4636794e-13,1.3939735e-08,1.1364664e-05
4737,7,1.90446e-07,7.240119e-08,7.028271e-11,2.0136282e-05,1.6068966e-06,6.015516e-13,0.99997795,4.0228556e-14
4745,5,4.1098836e-08,1.217961e-07,0.0103111835,5.886309e-07,0.9676724,7.377538e-11,1.3468621e-05,0.022002237
4747,3,1.3830566e-08,3.0790346e-11,0.99988866,3.4597956e-09,0.000110726236,2.8949564e-12,1.2605442e-08,6.034302e-07
4752,4,3.536606e-05,7.4713873e-13,4.7856414e-08,0.9998988,9.0824706e-08,5.291846e-13,6.5744396e-05,1.6046451e-14
4753,3,4.6122858e-10,1.6787666e-14,0.9999162,5.977953e-06,7.7595396e-05,8.274821e-14,2.511288e-07,4.060709e-08
4754,3,4.9720117e-09,1.1279062e-09,0.98521453,2.237371e-07,0.011811361,7.662194e-13,2.7708472e-06,0.0029710596
4757,3,1.094056e-07,1.9152749e-10,0.99995244,4.7350945e-09,4.7264053e-05,2.2399853e-11,2.6794226e-08,1.9505924e-07
4758,3,1.570893e-05,4.2960824e-06,0.85847527,7.6168976e-07,0.1368743,9.4515515e-09,1.7826238e-05,0.0046118177
4761,7,4.839702e-06,5.092965e-08,1.7532617e-10,0.00044643265,4.950344e-06,7.6194025e-12,0.9995437,1.30990765e-14
4762,2,0.06359011,0.9361732,4.0479797e-11,9.537113e-12,3.5749028e-05,1.5546353e-05,0.00018538613,1.4614511e-12
4766,3,0.00015606463,1.0338471e-05,0.9163288,2.4381218e-06,0.07838542,4.0802554e-08,9.775291e-06,0.0051071774
4767,2,3.488032e-07,0.9995521,2.2468947e-16,4.926684e-18,2.4194776e-06,1.6798513e-08,0.0004451851,3.191618e-16
4768,4,1.8568376e-07,3.5429372e-14,7.643384e-07,0.99986076,3.302233e-08,7.459933e-15,0.00013818526,3.655843e-13
4772,6,1.07324674e-07,3.9683904e-08,1.4240735e-11,8.455265e-21,2.354708e-11,0.9999999,7.2303556e-12,8.903609e-26
4773,7,5.336916e-06,2.2771468e-08,6.828404e-11,0.00086426665,6.984722e-08,8.214815e-12,0.9991304,3.702248e-16
4775,5,7.64095e-07,7.329478e-08,0.117551744,5.121689e-05,0.4638752,1.5274743e-11,1.8928164e-05,0.41850197
4777,7,1.9297102e-07,1.0526003e-06,1.8572787e-07,8.639973e-06,1.4729911e-05,2.6548243e-13,0.9999752,4.9565724e-10
4784,5,3.0155242e-08,1.106877e-07,0.0030509934,1.9774632e-08,0.9904281,1.6339962e-11,1.7120127e-06,0.0065191193
4786,3,1.3404603e-05,1.1725621e-06,0.9727903,3.7461846e-06,0.026740713,9.5469225e-08,2.6219097e-05,0.00042442404
4790,3,4.907459e-08,4.2900368e-09,0.9850648,6.069381e-05,0.013067733,3.639045e-10,0.00011603534,0.0016906348
4792,6,5.3757134e-07,0.00040574244,2.9086018e-11,6.4514356e-20,9.469552e-10,0.99959344,2.921571e-07,1.0799278e-23
4796,5,1.3223309e-08,2.5649936e-07,2.0688562e-07,6.511398e-08,0.99969506,2.065158e-11,0.000295909,8.489929e-06
4798,3,1.4509828e-10,8.041267e-13,0.9995466,1.0017321e-07,0.00045245708,2.3149852e-12,2.1680255e-07,6.382418e-07
4799,6,4.2619757e-09,8.4913765e-08,3.4689773e-12,1.3976201e-21,4.815381e-12,0.9999999,1.5987678e-10,2.9767535e-27
