incident_id,predicted_killer,p_killer_1,p_killer_2,p_killer_3,p_killer_4,p_killer_5,p_killer_6,p_killer_7,p_killer_8
0,5,0.06778642304403552,0.01257859316592542,0.036722155681062095,0.011432620951332793,0.7047594375276265,0.01206242591829113,0.1019871045499962,0.05267123916173039
1,7,8.15970311485119e-05,0.00016750582238363588,3.2109233030069505e-05,6.745925227526556e-05,0.0010986909835546458,0.0005759715157783744,0.9978743254582875,0.0001023407035418211
2,3,0.0031177210274884915,0.0024146245457461048,0.9364267582566485,0.0016588740646341915,0.02617437503036307,0.0009433506056392538,0.006810205525867863,0.022454090943612837
3,7,0.0022954429620956323,0.00045325191314659545,0.00024575087030717104,0.0012311933769547669,0.0003246356243689533,0.0013942442620793129,0.9937755265536641,0.00027995443738356346
4,3,0.009429024715379444,0.0035313496010540516,0.6653683297175433,0.006510445943729158,0.19240430762306804,0.0030267800255437535,0.009400075920425799,0.11032968645325657
5,3,0.002811429284668685,0.0008907508949457428,0.918203096196141,0.00041068196549287687,0.05442308823621026,0.0003531005283284903,0.0012219947623402787,0.021685858131872408
6,3,0.0011526404286547897,0.00045762768868693913,0.9338139227417889,0.00019632930615107435,0.043674525041605704,9.121087775924062e-05,0.0025836640016420847,0.01803007991371146
7,4,0.0034088811371370637,0.002800811193676902,0.001584041174900567,0.5604659606986703,0.011078675088088647,0.001923597726777417,0.4168661224405794,0.0018719105401695246
8,6,0.0005222695146972203,8.616416604701026e-05,0.0002630610103456062,0.0007791599587452768,0.0009475562470612458,0.995899203160231,0.0007708936176536967,0.0007316923252190294
11,3,0.101830815035263,0.005970505877701407,0.8590886533475377,0.008412984196145312,0.009910761085666136,0.0038134109798980942,0.005050561796677478,0.005922307681111243
13,3,0.0002506060110994071,0.0001806310952998814,0.9219833746451981,0.010647940844387735,0.054030865922264436,0.00017710997678681666,0.004618093818138477,0.008111377686825672
17,6,0.0009265527355196408,0.0004960958350260113,0.0012029480106197398,0.0008939577316667584,0.0006717726740196073,0.9942767113531049,0.0008980484028191952,0.0006339132572240429
20,3,0.002565466586904883,0.0008989217017894637,0.9050164750701423,0.0005274515650783708,0.0540484448058329,0.000265142147549786,0.0014807218673339299,0.03519737625536778
21,4,0.0005865157653317857,0.00034177869782779673,0.0007308804311849689,0.9697695439355459,0.0014304985421158293,0.0007034755825226117,0.025521861785496956,0.0009154452599741829
23,4,0.029508681930619826,0.02213661028838211,0.02841001009469902,0.6813833259935529,0.06312869980313544,0.024770241745079368,0.11812197834251108,0.032540451802020254
26,7,0.0007990221667855254,0.12517177867061124,0.012725584406451565,0.00047272951733379486,0.0032573695902053186,0.00011402669976868033,0.8571000808714545,0.0003594080773893988
27,7,0.000317945344971735,0.00038377855168751694,0.00019851840875270466,0.00040279962364077657,0.010685284630064754,0.0007391825308251959,0.9870130908217783,0.0002594000882790738
28,3,0.0033215553353019888,0.0022081248739034016,0.800104551679702,0.04836145334793843,0.117879681015891,0.0018003429975492016,0.01104816845868944,0.015276122291025044
29,7,0.0001396823635269002,9.391908857898755e-05,0.0006554837303838271,0.0020538027843572757,0.005452448554429261,0.0003055222095551245,0.991202137775313,9.700349385533393e-05
33,3,0.0017677432414992032,0.0005270405365141291,0.917212937987037,0.0002947365757217156,0.04913167295921587,0.0003157735131897946,0.0017980498848589068,0.028952045301963478
35,7,0.007365025342561674,0.003259458446438205,0.0010096697712396762,0.016715655325642512,0.01680093025476359,0.0030227979022409645,0.9460903626690592,0.005736100288053998
36,3,0.006749194034787881,0.0015576635813884165,0.6864510640665864,0.0011642273680718767,0.25022172446146784,0.0008675010074688376,0.008395673609505182,0.04459295187072346
38,3,0.0011181385255510268,0.0004810812632643094,0.9637666106686,0.007117598940187841,0.020823671382174242,0.00021310556105741057,0.000876220993970826,0.005603572665194045
39,3,0.0024351710318754683,0.0003723138337680319,0.9323377707522486,0.0002959622473546012,0.052511600115619464,8.686448411560783e-05,0.0027352607040818278,0.009225056830936709
40,1,0.5985460188891231,0.35139220933897075,0.006151401460816066,0.0019669506995635693,0.005604346990929504,0.006085114774677715,0.02691184280594367,0.003342115039976005
42,3,0.003190213061493741,0.0019090265408847334,0.9758486484998856,0.0010037354610891206,0.010538571063596697,0.00013284295254431763,0.004047532895981525,0.0033294295245241035
44,4,0.001211425404872017,0.0004306829388820358,0.011907564276655016,0.9577110668868769,0.0029460225354725578,0.0008336923625779726,0.023786050994224938,0.001173494600438537
45,3,0.0030147921759639306,0.0003531560948075856,0.9336842168506689,0.0036784831924138004,0.03420849554589861,0.000247482413011233,0.02140531681979033,0.0034080569074449664
48,3,0.0038280621424655794,0.0009501337151299354,0.9784080805950666,0.001141080597081346,0.007937633441210358,0.0001865258331835035,0.0008190196383824448,0.00672946403748047
49,3,0.005536863722167657,0.001634519405000895,0.9620382497613335,0.00020942584600465287,0.020578125980475273,0.00014684425062288392,0.0044536914261829735,0.005402279608212541
51,3,0.0011230710787329193,0.0005774719667753637,0.8438862077754906,0.0006415696840761864,0.08732943556310684,0.00033566395608865664,0.009304892001671238,0.056801687974058164
54,3,0.000668086554685084,0.00017476801890588413,0.9424310759139959,0.00016010202795534533,0.0438459544218246,6.502116505926297e-05,0.0003916908878192259,0.012263301009755026
55,3,0.0016750079651148494,0.0002690425074769237,0.9544191477500685,0.001425676558213772,0.03446576228116432,5.7297864987566956e-05,0.0049909177220884195,0.0026971473508853082
56,3,0.004366545310780832,0.0007875208845864873,0.9552975588016765,0.00023853990389548118,0.03158219281726378,8.749030011995127e-05,0.004701450917830748,0.002938701063846214
58,3,0.005696266540446624,0.0010254335378648187,0.9830884766856451,0.0010906076126988597,0.0034108669028818745,0.00021021109426500576,0.0005489328409005951,0.004929204785297556
60,7,0.0005491316322008838,0.0003209413384549266,0.0008686782077683372,0.006305119351804866,0.00694246299283173,0.00019913102252863715,0.9845727740875319,0.0002417613668783346
61,3,0.0016736654372955118,0.0025731642340174814,0.9500344544324799,0.00139591619959095,0.021387525738831917,0.00015330327286489434,0.020462469171341674,0.0023195015135773463
62,7,0.0015613748350871547,0.0011820663833520407,0.0007714489139960742,0.0033886514012216695,0.010580818810269284,0.0010930466070315356,0.9786186539052423,0.0028039391438000588
64,6,0.00035258279867771917,5.489041062345612e-05,0.00023460107552965257,0.0006316020344872338,0.0007401662320746395,0.9970507602293956,0.00033436968121756846,0.0006010275379937852
67,6,0.01606825176569701,0.0014015807451181366,0.0027573577821477097,0.0027591502458506217,0.0023190833709320837,0.9613148817534245,0.011483710693375863,0.0018959836434542152
69,2,0.005995624295856171,0.9093721025372844,0.0014718507283083273,0.0017148708642708988,0.0016242220559931724,0.006727435960613738,0.0714348194714737,0.0016590740861997326
73,3,0.0003887823723734216,0.00017077334717270333,0.8470636255266231,0.007501132359892262,0.1201461957396364,0.00031453304657175647,0.0027627020799920144,0.02165225552773876
75,6,0.0007862940986645757,0.00029050012406905073,0.0007214252447754404,0.000650958815642854,0.0007073849060237055,0.9955284390121687,0.00073886151168873,0.0005761362869667826
76,2,0.002358763221755254,0.6289015988255163,0.0006079024315681147,0.001597481529015928,0.002975011032628552,0.0004895303538418984,0.3613729487188641,0.0016967638868100208
77,7,0.00040656162803866973,0.00047362704463188197,0.00021291516845163542,0.01030833827891571,0.0066261731672844,0.00046891873253745986,0.9811221853236914,0.00038128065644836936
80,3,0.0020135149751975287,0.0010772868524256908,0.9583514133943115,0.0001838878860328255,0.026905567427697823,0.00010325112560049258,0.0020358515075093154,0.009329226831224747
81,3,0.007057732818204212,0.00465762173234531,0.7818609218577818,0.00479544425414253,0.13234845130844503,0.0018527325119578808,0.015005047168109421,0.052422048349014094
82,1,0.8607406186671647,0.009837518447451824,0.015313873688771077,0.006311229742876988,0.04214193306333498,0.023342602749044573,0.014879974078931643,0.02743224956242451
85,7,0.00017437929995119808,0.0013023321405032386,0.0013919033868006862,0.0001386817628502772,0.0042482554922289115,8.388320452847387e-05,0.9925164141472985,0.00014415056583900335
88,3,0.002919555551978452,0.0005915964076613733,0.8703514223999714,0.0011089208549638532,0.08035562924822723,0.0005602150672055381,0.006845167680280791,0.03726749278971126
90,2,0.00048610848452553993,0.9778492071908108,0.00017961914422306077,0.00044982075431761117,0.0012338230560741223,0.001924911562574187,0.016975635986576348,0.0009008738208983092
91,7,0.0006884624352481081,0.0018250830689286747,0.03548041791770115,0.001049779415148853,0.00995852610894283,0.0001358896660932234,0.9504600420326879,0.0004017993552496188
94,6,0.000976709045405288,9.261404478427299e-05,0.0006802712643519828,0.0006794777949995897,0.0005715877336107982,0.99584864539761,0.000654202257024623,0.0004964924622132041
96,3,0.0006194500443213176,0.00020098126772957484,0.8960458548588578,0.0007371904362021098,0.0678395854793138,0.00023235886054197486,0.0005161898404363082,0.033808389212597406
99,3,0.00045411273191487913,0.00017236880155247633,0.8834183378180748,0.002648224949791824,0.0800376077068423,0.00020674039305258057,0.0007316817612277571,0.03233092583754373
101,3,0.000663717865855041,0.00019843524827158646,0.9495822182317131,0.00017456137328089634,0.042719767679537106,4.1658538171323606e-05,0.0008274480402805196,0.005792193022890077
102,2,0.003805866883899746,0.960891337051868,0.0007612705498097036,0.0015115200514180533,0.0021573695751636803,0.00238290423688768,0.02678834669207979,0.001701384958873554
106,7,0.019804817075066844,0.36396093474896485,0.06273665849947488,0.006825403476363189,0.02634095061063605,0.003986697913862377,0.5111553118584437,0.005189225817188155
108,3,0.0031454686282672934,0.00047644739113624705,0.9511470490656847,0.0004127464748411388,0.029486454819678373,0.00017355342142865866,0.0011177002368740517,0.01404057996208944
109,6,0.008736481613762481,0.002642747103360623,0.00722660162031659,0.003723483976317933,0.0019230923238081285,0.9700032184892516,0.004328200062747002,0.001416174810435004
110,7,0.003998573020355014,0.00977628759564325,0.003096159197296357,0.01426570644989482,0.047573608860451214,0.00631143264810113,0.9036832843271967,0.011294947901061753
112,3,0.0014880368145725152,0.0004131793591398778,0.8060301843379768,0.0006710041779191779,0.14390177694108583,0.000370295208271966,0.0026885135336841507,0.04443700962734962
113,3,0.0036133774882511327,0.0037353083342055106,0.9067945189628702,0.003043510957146342,0.04597276855157268,0.0012654322311126084,0.012349357048964674,0.023225726425876135
116,1,0.9264909082478759,0.02421481496105156,0.011762598915288455,0.0031089549971498854,0.007656903251172289,0.011959015094803809,0.007875782515027446,0.006931022017630981
117,3,0.0020685239248463476,0.0008540641112712124,0.8672250155585497,0.0006814923609422706,0.10683282807680726,0.0002084117183622031,0.004428453482096215,0.017701210767124873
119,2,0.005877561939135354,0.9205455268099489,0.0012652235314539134,0.0028200219964698166,0.0036234873470314477,0.007360146504185635,0.05575296600955731,0.0027550658622176403
120,3,0.0016619405177438974,0.0004179130373798172,0.9296521042808309,0.0005012823208323215,0.052752199981160354,7.380520722782324e-05,0.004291377038940696,0.010649377615884205
121,3,0.0037368823995786228,0.010705857839504881,0.9382716305309577,0.0004604578813959419,0.023335709363399425,0.00019745028903381053,0.020869214824464886,0.0024227968716644442
122,6,0.004296119118230304,0.0021127902167067105,0.001473187680063331,0.0007329409879696007,0.0006269640159460658,0.9892329267047744,0.0009071996417498166,0.0006178716345599263
126,5,0.054576462595984684,0.011666081780609232,0.11783922923078374,0.00962539988162201,0.6771590515557605,0.016887818242327438,0.049256468148794474,0.06298948856411797
127,3,0.023141704339925878,0.006969134536231918,0.26904276384276915,0.00924448210566845,0.5588508420893099,0.0077261781657182735,0.024366794433898026,0.10065810048647816
128,6,0.0020007354683636135,0.0004990749737870778,0.0008241962177589132,0.0006964289266354085,0.000706455783068653,0.9939301055035622,0.0006462864608713389,0.0006967166659526514
132,2,0.00032918868080738324,0.9634071767375884,0.00017612755460480386,0.00018341780997705058,0.000539982820920865,0.0001768938070960089,0.03463580173320497,0.0005514108558003036
135,4,0.004079423715038682,0.0029321748416951893,0.008999934641904692,0.7526341424400039,0.025073784444947067,0.002716671699354172,0.19681829224153904,0.006745575975517295
139,1,0.8968520014911368,0.04487542887626032,0.009678010348022698,0.0027038305606760763,0.006824165510032181,0.022435202288598247,0.009327890458640454,0.007303470466633277
141,3,0.0007463058268924985,0.00037671791431704226,0.9204025864852556,0.00026235631818195636,0.055665800568397594,0.0001892570917956059,0.0007910288345946787,0.02156594696056516
145,3,0.00679088554894189,0.00557439641411934,0.9356607093927561,0.0011319386091235364,0.017048657703364587,0.0005848626740470628,0.0034675315990822905,0.029741018058565077
147,3,0.009718805341166174,0.001403692640419189,0.9675797225496886,0.000811344002174614,0.008501919555501029,0.00017670109122377582,0.002844393284170537,0.008963421535655991
148,3,0.011526656360594354,0.0014095923605390195,0.921771770119102,0.0006853164389463576,0.04380537845718741,0.00034558571473740303,0.0035818427356674233,0.016873857813225836
149,3,0.0010130846185150426,0.00043609182975407106,0.9404097074444336,0.0001315147930165794,0.04240542009503533,7.409205965745253e-05,0.0011169887899001064,0.014413100369687721
151,7,0.006207165207378721,0.0009145210010153954,0.004395478266807458,0.008538675534439114,0.0054879029639159265,0.0005877599795443533,0.9718284727178201,0.0020400243290787704
154,6,0.03679681429605167,0.2385158178677348,0.009595137811660208,0.002642363033328945,0.0027406542577996956,0.6928531916470645,0.015193249161884541,0.0016627719244754226
156,3,0.0014586479487980002,0.0009110447599489684,0.9548164805017217,0.0002321930577817537,0.03519427518248782,6.238016700470593e-05,0.003830664987401485,0.003494313394855758
157,3,0.006324729648086575,0.0017059446673678418,0.9727853429775762,0.0006690859526952572,0.011018355352500769,0.0001607755862938981,0.004179621184965677,0.003156144630513535
161,7,0.00011963743084077288,0.00018834236054533494,0.0059065887166143746,0.0011328413759948306,0.02818335262783484,0.0001798025757993905,0.9638568929708001,0.00043254194157056467
165,4,0.00014539822059219054,0.0003012857931777496,0.000793142311056884,0.9861453613165613,0.00039535480483712213,0.0008069034657850931,0.01121945857265003,0.0001930955153394445
166,3,0.005889850497712597,0.0014520869077013804,0.6636892804125087,0.0037633346327078294,0.2658355897067389,0.0007589704537831755,0.00885300026225808,0.049757887126589156
169,7,0.0004075879291471898,0.0001792282373290724,0.0010008712731303035,0.012740721234500015,0.0007202853238393579,0.00032154456235848974,0.9844330719149943,0.00019668952470115053
171,3,0.04714991020385642,0.0030849516074200993,0.92900119520786,0.0014868476244822748,0.004454296166251101,0.0002980921848160613,0.01230119914547683,0.002223507859836991
173,3,0.0006382750462730169,0.00012322359197658702,0.9480081366870952,0.00025656924502654355,0.042401611356494985,0.00011403048533330855,0.0035033514647001005,0.004954802123099906
177,3,0.005682618184757036,0.0028014175577338444,0.8366086389702388,0.002175708893906637,0.06891095610302732,0.00119124407760263,0.010475023364871345,0.07215439284786203
178,3,0.003050457989110637,0.002904436575119393,0.6860880911978628,0.021930695027702528,0.15614374945758858,0.0025702514519147803,0.05441797742827782,0.07289434087242354
180,3,0.004333595426104728,0.0015680493323534518,0.8706613836345766,0.021709300835408427,0.07085565221561355,0.0011419491817011916,0.011655743008736638,0.018074326365505843
182,6,0.0003830899192912238,0.00040461141108239656,0.00048824091003081744,0.0004625319817140733,0.0004020813224471035,0.9970844381829786,0.0003836599654916634,0.0003913463069638605
183,3,0.001165067203324421,0.00044518339397695163,0.9673994308974587,0.0003703684433466172,0.01566188436751379,0.00011200227251320866,0.0008576914745654408,0.01398837194730121
184,6,0.03567191513764797,0.011803313956321178,0.002743773043146746,0.0009911370078786318,0.0008668486416161466,0.9446584062876224,0.0025245618724063354,0.0007400440533605225
185,4,0.0014243150688791307,0.0006281867048014139,0.0313493421222597,0.6066945900641251,0.00931695504138613,0.0005931472790580446,0.34936055619675227,0.0006329075227383022
186,3,0.0019817500281684294,0.0014846208588496328,0.8892366637154078,0.0013847718965260816,0.0687711496596676,0.0004822227929636846,0.003719019097693119,0.032939801950723886
191,3,0.0021498116101190956,0.0005519851880243966,0.9346230000673174,0.00045269096591527117,0.04289325433264943,0.00015059075161531277,0.00395745620376437,0.015221210880595071
194,3,0.001407061246267885,0.0003080509724169025,0.9163094090890512,0.0004221432445153632,0.0640516885928867,0.0002012168997865741,0.0005276195086586375,0.016772810446416823
195,3,0.0018602603090555685,0.0002444268004425692,0.954477758793263,0.0009248799032670201,0.02785501017160137,0.00021842142627026936,0.0003918243424207832,0.014027418253679503
197,2,0.011883807142150255,0.9414578387194769,0.0009489493364819504,0.0010669467994704272,0.001638347326922303,0.0015845680151307367,0.039930650847560575,0.0014888918128067846
198,3,0.0004094552201831281,0.0003059292426998095,0.8979345426627099,0.005077488133467096,0.06281933240867008,0.0002240208095323601,0.007321171183472984,0.02590806033926463
200,3,0.0013297674588937612,0.0023758750239316366,0.8752098139028638,0.002872699559563222,0.08206160452995584,0.0002693714955237266,0.0020834782542406456,0.03379738977502772
201,5,0.003587479921801038,0.0035230104666371343,0.003462726944998293,0.002111174875887427,0.6572282801903646,0.0015463202393934826,0.30532184505293086,0.023219162307987172
203,2,0.02954770084158027,0.7729545073247934,0.0021411315724165643,0.0014029800058436813,0.002989843613025812,0.003830841876958201,0.18529036890959497,0.0018426258557869757
207,3,0.0016953387639797566,0.00224474063477827,0.935517891112125,0.0109163994062316,0.03781983068319481,0.0006522811655463626,0.007166666836005246,0.003986851398138966
209,7,0.00033750164183724224,0.0004376667881214008,7.897049667649585e-05,0.00021776953749157537,0.0006333624793112885,0.0005301373680338168,0.9973944158309533,0.0003701758575747026
210,6,0.0007655553961421825,0.00032906612454454946,0.000535006531408506,0.0019407782656607644,0.0015599026999349556,0.9915081604256192,0.002201064533654779,0.0011604660230349756
211,3,0.0009316891856114483,0.00047138368763292724,0.7763011636457035,0.024207055526721314,0.15866622988151238,0.00046169939584133317,0.0017661215496206958,0.03719465712735619
213,3,0.00219929440652942,0.00048795526446724345,0.8628045026958412,0.0002571068851427839,0.10617850348845373,0.00018998203838134972,0.0012602399682263951,0.02662241525295784
214,4,0.00011463453765833143,0.0003623030196713729,0.005937709831971384,0.9857334272565607,0.00306721121217171,0.0009088285221145589,0.002845986224900928,0.001029899394951484
217,7,0.0002782191373602649,0.0001769840295488623,0.00011636569020799906,0.0003408359706821406,0.0009248293122205674,0.0001767287111723957,0.997540709030259,0.00044532811854884277
220,3,0.0018251753177377793,0.0003660836272427818,0.9082128034488205,0.0002768394688142959,0.06749963322250337,0.00018031054310532247,0.0007729257430907724,0.02086622862868494
221,3,0.0005832028761525248,0.00017776039087480025,0.9304711854975488,0.0014202133216145538,0.04510125828301695,0.00012899033608501845,0.0005545180850640028,0.02156287120964346
224,6,0.00824264949843789,0.013344038968191212,0.0015766687662097478,0.000845751454477581,0.0008537762573674259,0.971972636749952,0.0024789713905050905,0.0006855069148596096
229,3,0.0028989981584642316,0.002289781369491129,0.8645351852149499,0.05115718897320069,0.05462909256220946,0.0011498399686463779,0.007239371691097572,0.016100542061940497
231,3,0.0054472407042586105,0.004358759662422563,0.7081255242809169,0.10778169975562105,0.1380711378612567,0.0034406155982549137,0.009133503862192497,0.023641518275076958
232,7,0.002406028138294681,0.001700463851025704,0.0008668691460563737,0.006698621033869296,0.01543410148954025,0.0009035683372690646,0.9706863389637956,0.001304009040148604
234,7,0.0005219358943209329,0.0008432340366045909,0.012988616268016624,0.0035894305870229934,0.004061720720820147,0.0001168971179199126,0.9775415711863042,0.00033659418899062275
235,7,0.0010050875787478966,0.0003083099471501695,0.0001822092032377881,0.012426968902840863,0.0004266416166737267,0.0009439029468699667,0.9845355769875521,0.0001713028169277375
236,5,0.032706249626317095,0.031110605773098102,0.07357228394963876,0.03493702407521373,0.5684819422814245,0.026502674502358804,0.12096122650909047,0.11172799328285873
237,3,0.001579808404556313,0.0018495768880817038,0.8854045642462378,0.016448987046216463,0.0554138617776006,0.0003084818748664207,0.02943268753699308,0.009562032225447646
240,3,0.0015818633453744066,0.00021890675917965541,0.9528348725697307,0.0007285239093376602,0.025963509350551466,0.00022836353370020708,0.0003458363591838438,0.018098124172941963
244,3,0.002527683750707837,0.0015758071120548554,0.9659211438141417,0.01749458993296971,0.005448845560989439,0.0002646326674362601,0.0019498092535183734,0.00481748790818181
246,3,0.0027485368699218245,0.001870045030080723,0.9613667605358341,0.0004908197420495093,0.020579574044498075,0.0001507458761683315,0.0019157674036530097,0.010877750497794688
247,3,0.004664525700725012,0.003770636817100949,0.7717061755575376,0.005421314004810318,0.1448983021544906,0.0016152414658486176,0.011353511028481499,0.05657029327100521
250,6,0.001009990341161226,0.00032951623421134197,0.0009644772133208076,0.000739089128927801,0.000607494379143821,0.9950499178943014,0.0007135778115753816,0.0005859369973582731
253,6,0.0018258992206636653,0.0005045778072599824,0.0005607259950538807,0.0009205137289241906,0.0011249097338366717,0.9929120684167407,0.0012852402077543647,0.0008660648897665246
254,3,0.0009531759033092182,0.00014071346504743794,0.9617285235802528,0.00015055894853449706,0.03202111891884081,7.472605885694319e-05,0.0007144187505707626,0.004216764374587358
255,3,0.00293570598218993,0.00045656143962308936,0.9420508772725913,0.003443953752559464,0.030246717811390218,0.00028399367346842894,0.0006754197555948085,0.019906770312582367
256,6,0.00014672837607129533,0.0005679141220750087,0.00029388888976008236,0.0005860477707658355,0.0005487399748559348,0.9964534464700722,0.0008813990276639205,0.00052183536873563
259,3,0.000382863864065739,0.00020274197927540425,0.965121145367186,0.004869352148630047,0.019941740274697167,0.00010984103637662306,0.0005431261731560444,0.008829189156613059
260,3,0.000525074186885426,0.0003484236108568016,0.9281505188140353,0.00024312017013355524,0.05229914884643646,9.145960578613738e-05,0.0006868731456540485,0.017655381620211807
261,7,0.0005509113777246433,0.0022900751775348366,0.001971080885183517,0.0011528202754999008,0.0021800617681876607,0.0001224167095648038,0.9913308989210912,0.0004017348852131001
262,3,0.0050219278691071255,0.0006033732098228502,0.9805215983277208,0.003414532647282816,0.005545416524433407,0.0002060140357299778,0.0016138114854173688,0.003073325900485326
263,6,0.000772657854421621,8.297290276284408e-05,0.0006836032311419941,0.0009469304906297875,0.0008591247794755307,0.9951744671875158,0.0007914811378571543,0.0006887624161952217
265,6,0.0009679584456265695,0.00013353967082409854,0.0003488372509011797,0.0004364572396634569,0.0004565663620335904,0.9968185106063644,0.00041932582326626263,0.0004188046013201453
269,3,0.0008790505391923361,0.00071262875555644,0.8719070853352343,0.01915138194232855,0.05854620770524332,0.0007505378140940434,0.030570240630598308,0.01748286727775247
270,3,0.0006893045001385814,0.00026158734666094157,0.9066745831873178,0.0004779573002802619,0.06966780178978434,0.00017423391184329115,0.0016256066970216881,0.020428925266952908
275,7,0.0057710116445437885,0.008138018645683032,0.0029630064335515413,0.014690873702768753,0.018910021211836846,0.003285657084934828,0.940438999039862,0.005802412236819459
277,7,0.0048088093560710345,0.001176601098569468,0.0013054156482375254,0.0036909611796803366,0.008168424275432,0.0007688586960609351,0.9783092840179473,0.0017716457280014572
278,7,0.007565747869771016,0.008814762202505906,0.003227653378867843,0.014599871855246785,0.027061219618837663,0.005047364655968611,0.9254416523977222,0.00824172802108003
279,3,0.0028795154465713103,0.0011708776192556332,0.9797797675709645,0.0013550930231066556,0.006198197058963553,0.00020563215797273374,0.0008710774046989693,0.007539839718466675
280,2,0.0016245432352431307,0.9484110312541583,0.0006110722172188932,0.0002787684055311524,0.002284488751471376,0.00062862831952749,0.04502495930156668,0.0011365085152832421
283,3,0.0009374201588897402,0.00028333840353422275,0.9387945710228126,0.001562803262442447,0.03250124004912346,0.00033305399437875564,0.0012569133320254231,0.02433065977679345
285,7,0.0002506943380422146,0.00021947078443273858,0.0008953990004699957,0.000623884514965472,0.00179709839528372,9.419231213240591e-05,0.9956652647917492,0.0004539958629238728
287,7,0.000267003727931619,0.0003010393739277705,4.7084780462152945e-05,0.0012417328768846584,0.0004431951278176029,0.0005559511916930041,0.996907589536705,0.00023640338457812845
289,3,0.0013589592500331583,0.0004988319277820882,0.9453040711494335,0.00045018766611227385,0.0317750890014715,0.0003224862718899982,0.0008466712337426178,0.01944370349953504
290,7,0.0004749425609643827,0.0006412012602638175,0.04038840202729237,0.00661566412084325,0.028401844950028662,0.0001941373625847704,0.9226479562845934,0.0006358514334293786
291,2,0.00668260391719596,0.7800617275793275,0.007347802417838444,0.0006947256588002246,0.0010666889561671727,0.0021691391871563595,0.2014612188865585,0.0005160933969558615
297,3,0.0027170656846937148,0.0005283707448354582,0.9335041165113875,0.0002612363858417464,0.04189278795191695,0.00017428844749227637,0.0009903542718737038,0.01993178000195841
298,3,0.007160900272701024,0.0034162957915851366,0.9582664162377768,0.0003231084772995164,0.016540261440504442,0.000193128737147806,0.002545619050649165,0.011554269992336509
299,7,0.000992579543924461,0.01135131665784495,0.0014168605552160477,0.0009931298471499749,0.006656123384982811,0.0005814412972203109,0.9773993922046613,0.0006091565089999291
303,6,0.0002652338019803869,0.00033593038958003535,0.00017585926941070384,0.0004050594593323773,0.00045094903812899727,0.9977024734051336,0.0002545829028939555,0.0004099117335402809
305,7,7.5005084889202e-05,6.071911171892617e-05,8.852056440391089e-06,0.00018568161370340354,0.0008207624089375923,0.00046469888854543475,0.9983195077613032,6.477307446214736e-05
306,6,0.0002922500446098333,8.208414393152323e-05,0.0003843077691874606,0.0010396338765077781,0.0008779029093379102,0.9957895431834725,0.0008221741062458351,0.0007121039667072785
309,3,0.0019218803407232766,0.0006373572005920097,0.7893569543519953,0.00042207257992289715,0.18299647268526342,0.00038092506647234987,0.0015038551177302619,0.022780482657300254
310,3,0.0011855137947848846,0.0007235248041256156,0.8891130139011693,0.0022295034176149525,0.07446297766974336,0.00015063010140116333,0.0012110108930896875,0.030923825418071014
312,3,0.0005740225824099738,0.00026663681694815913,0.9169845040228415,0.00026682009012166775,0.06289768823801567,6.014725936263252e-05,0.002259579011915601,0.01669060197838502
313,1,0.36691045251082793,0.513592218377256,0.05441083782280035,0.005813288379821119,0.006683738788100178,0.025562497489439763,0.022545328877236287,0.00448163775451826
314,3,0.0014652817569969633,0.0003974837678432061,0.9418693480112948,0.002541307929161651,0.037889083042424915,0.0001876846173499584,0.001276208781543169,0.014373602093385621
315,3,0.001164191627490649,0.0005632063436322195,0.9722540477868445,0.0022050727041381516,0.01701200237241979,0.00022651699552792473,0.0036961239539952703,0.0028788382159512823
317,3,0.0023868829320380382,0.0004619173590746738,0.8429000556739169,0.00042552125824916554,0.11590165943266421,0.0003161558943496352,0.0013078774391159617,0.03629993001059181
321,3,0.001285695376073709,0.000741901039150939,0.9575969240420943,0.0003535210661505668,0.025570758367107656,9.20706219391168e-05,0.0008174493039953533,0.01354168018348845
323,3,0.003064210701584125,0.0009263280338239028,0.8697911650320324,0.0007080341947780866,0.06190716769049575,0.0007311668207457598,0.0032241584855974303,0.05964776904094245
326,3,0.000519625208368743,0.0005732395498063475,0.9103365810372781,0.0009504944407828454,0.059517833015355605,0.00010142178123118985,0.002199191475712899,0.02580161349146414
328,3,0.004562789556523119,0.002745104022279447,0.952908855694015,0.005537157158549104,0.013519394503309528,0.0006604398296212474,0.016244423533602035,0.003821835702100348
329,6,0.0012333334880738733,0.007159867586471332,0.0003158926319585117,0.000521958933832969,0.0006417040244706395,0.9887387656283481,0.0008487535808037157,0.0005397241260415357
330,3,0.0005639096569608936,0.00030199556853736817,0.9232099090521417,0.00020954133334265225,0.058225673174863324,6.885798033351689e-05,0.00046321274595952,0.016956900487860863
332,3,0.001346720218642837,0.0004952802945792762,0.9061423249656463,0.0012310839894590876,0.04955020164159703,0.00039227112764871937,0.0011752460104059049,0.03966687175202082
333,3,0.0010195023590178047,0.0005268602753579941,0.8946778580012589,0.00016896155759154062,0.07725963027046556,8.400072794958994e-05,0.01981666845100413,0.006446518357354231
334,3,0.0003679532920030849,0.00013480886312142217,0.9097500521536658,0.000628712278328079,0.06434133778393808,0.00018277268671352553,0.0005963099552135704,0.02399805298701629
335,6,0.002489298478817447,8.611615154043762e-05,0.0007272828318866584,0.000736082633307415,0.0006592816613622784,0.9937660640887279,0.0009563550953888887,0.0005795190589692186
337,3,0.005909769919126017,0.00199543850419343,0.9308521945168171,0.008266229950015818,0.035286898347842655,0.0005392644407844786,0.004073073124692532,0.013077131196527982
338,2,9.208932091960445e-05,0.9854029794003437,9.424399526368258e-05,0.00014059450177501934,0.00036703512478273014,0.00016640603623405842,0.013310362503366936,0.00042628911731447047
341,3,0.000384334172313322,0.00011969389881396565,0.9450026461524692,0.0006608918647963497,0.034610715148619256,0.0001336182475365285,0.00044733586157032397,0.018640764653881
346,3,0.000920915459359691,0.0012499684005660482,0.9199313626058714,0.0006481458806549434,0.04717730970364722,0.00012007466589943126,0.001706940830553056,0.0282452824534481
348,3,0.01738610740503408,0.0024463358487689965,0.9626153664406994,0.0009873458620877984,0.008290177859210256,0.000289477657648791,0.0052763171042336165,0.0027088718223167944
350,3,0.0007512311465169724,0.00032913444914783917,0.9667760023291339,6.516756759802783e-05,0.02342096669658606,4.637451409787032e-05,0.0011937525232557388,0.007417370773663624
351,6,0.008184378408334188,0.001220575439366235,0.0010899086586460395,0.0007622838436806831,0.0008356966403290244,0.9858800192624406,0.0011851877740626266,0.0008419499731405244
353,7,0.002623128900204122,0.11949737331612965,0.0013754615462631303,0.0011730589031664477,0.0040818571176140135,0.0010102160435788254,0.8690806870878339,0.001158217085209969
354,6,0.00039484114613886907,0.0002881973595692276,0.00025189538059797694,0.0004309911363979249,0.00045090594038078857,0.9974033982891843,0.00033929175100780003,0.0004404789967233296
356,3,0.0018334130954728992,0.000699717413343098,0.6548117067477236,0.0004939720766715142,0.28838195883620443,0.00041334542322697063,0.007057997548417566,0.04630788885894015
357,2,0.009214546198419863,0.9094897177338883,0.004544741407270749,0.007292093151320578,0.008865662453784333,0.007582670952848353,0.048319001270900795,0.004691566831567087
358,6,0.00010760271400396777,0.0001773349820995243,0.0001384993501040668,0.0004089677985078657,0.000419898653570307,0.9980622565819184,0.00027344010618052245,0.0004119998136153925
359,3,0.0009577817018606175,0.00027582819746891296,0.9429231988954833,9.947371751702992e-05,0.040690224924830036,0.00011629467383191158,0.0006931318300176949,0.01424406605899058
361,7,0.0030751502970107676,0.011091130694005821,0.001374438351917972,0.004146584854722036,0.009740899692161,0.00136651766872939,0.9663629880754708,0.002842290365982147
363,1,0.7523738000675088,0.14770873349116403,0.006447878843259493,0.0025670003285241977,0.013108946465246742,0.05644719746700271,0.014013693272941727,0.007332750064352614
364,3,0.1383151710043408,0.010670961493267083,0.668974368776396,0.04122339149186954,0.01795212295188766,0.07826095344006033,0.013275811293519103,0.031327219548659385
366,3,0.00039630087665585987,0.0002541293104079133,0.7301883951464881,0.008945891709828681,0.20896896333827752,0.0003151221337138088,0.0017058858862432206,0.04922531159838441
367,7,0.0014264499320417237,0.000272149738196031,0.0003921629575075172,0.0006929364135028634,0.0012571216437210278,0.0008603693686582445,0.9948342844294203,0.0002645255169520592
368,5,0.0025336425325083564,0.0030016532209796937,0.02398192648010251,0.0027804977258747156,0.8068741736019011,0.0014496139141549724,0.0393923838439662,0.11998610868051234
369,3,0.0002844154358563759,0.00014443268202588995,0.920332912667851,0.004006956190201209,0.05663956105227176,0.0001153898185578164,0.0009757644351437772,0.017500567718092302
370,1,0.8374191031373005,0.06427569196461869,0.07063952427746009,0.002276620224005462,0.005368709947571225,0.004262325297974061,0.01071885548964838,0.005039169661421381
371,3,0.009840443299012215,0.0013305170093136545,0.9797965717204615,0.0006897478133567152,0.003565921379475253,0.00021444762141066017,0.001186471004788035,0.0033758801521817485
372,3,0.0017412320022868672,0.0019574621792237696,0.9629000116636717,0.0005944778435236926,0.024049377744100847,9.861586485490132e-05,0.0031312955212962515,0.005527527181042115
373,2,0.010614230716221461,0.7216527946362646,0.0015813688222369297,0.001760598565926818,0.002607535656298265,0.0016671968104647673,0.2584151082002648,0.0017011665923229113
374,2,0.015631807970192514,0.8296050898254728,0.009912740252887565,0.014815814404160367,0.015382551992438244,0.014856950141506297,0.09062605641129136,0.0091689890020511
375,7,0.00042032714567598876,0.0010534326740452603,0.004246149992897528,0.000817694830869439,0.001760719466476798,7.339049649914732e-05,0.9914185129803168,0.0002097724132191678
377,3,0.0015704610664144657,0.00048028014581256745,0.9155010070276587,0.001675248783357648,0.04590094033756161,0.0003682174027193363,0.001432035221260825,0.03307181001521465
378,7,0.0014882214850732009,0.0009086615287575084,0.003318801096984061,0.0010116501639359575,0.002246139785634745,0.000156087669562668,0.990154098068525,0.0007163402015268269
379,3,0.0012061927087460918,0.00034337775288240357,0.9134936965093068,0.00047542517106071076,0.058785946017186556,0.0001699898095617408,0.005058054878575002,0.020467317152680554
380,6,0.001802732613096382,0.00024174171666988814,0.001567827395075984,0.001655914414802549,0.0015629310199249972,0.9901033090121805,0.0019464528586554378,0.0011190909695942548
381,3,0.006737299570101635,0.0051883617335146985,0.9256030902377831,0.00038551353990653314,0.039454609229509253,0.0003127175949504156,0.006036782713028349,0.01628162538120595
382,3,0.0018654165039212244,0.0005726226378656878,0.8794378743851146,0.0012252325331102438,0.08515783467849014,0.0003565296772078569,0.0018267904732035892,0.02955769911108679
385,7,0.0001782922483458978,0.00020531388192514963,0.00020778051898351035,0.0013228987917990069,0.0010501241720502236,0.00026413264911739556,0.9965082558686814,0.0002632018690975972
393,3,0.005417849965863758,0.003491573132981789,0.9566437182737114,0.001231353336894222,0.016273020517164238,0.00030778783904061483,0.001479952250683074,0.015154744683660407
394,3,0.0003547276968811027,0.0001905135912305064,0.8479402119412618,0.002176554912805441,0.10483195953882361,0.0003005115596768226,0.0018748323540285657,0.04233068840529178
395,4,0.0009474782729782656,0.0006387228008463315,0.0007479726661577841,0.96233902134841,0.0016421103638052984,0.0011514981915284673,0.030831795119854916,0.0017014012364191865
397,6,0.004377360359343476,0.0038884172735240185,0.005903019964991362,0.003692349628507604,0.002129394074763339,0.9728549607222122,0.005562987027099613,0.0015915109495589714
400,3,0.0020412234958222092,0.0006311338929812231,0.79496530182954,0.0004901762048857048,0.16986738229624895,0.00036873207030325576,0.0014206765986508173,0.030215373611567876
401,7,6.803412648267854e-05,6.710373391042363e-05,0.0015875624368272725,0.0002257940397319328,0.004187205115812736,0.0002661014248582043,0.9935291974158034,6.900170657339869e-05
402,3,0.0008745433255691685,0.0002878701445589594,0.8887426335881417,0.0007487994897975514,0.06442381009348036,0.0003009838900296077,0.0005276390963515509,0.04409372037207115
403,5,0.008347890150058412,0.00455495383173086,0.02423022032894841,0.0018056671548878243,0.7974604719320292,0.0023213386772455834,0.05786677387466019,0.10341268405043966
409,3,0.00019465964727401986,0.0001203666598525096,0.9245042184666057,0.004984272936453679,0.05666195968185486,0.0001446746497156997,0.00257738450106954,0.010812463457174022
411,3,0.000750033806212774,0.00012704767094068046,0.9517656909183925,0.00018244442583499176,0.039113130479202236,9.406585612922109e-05,0.002287461861414887,0.005680124981872792
414,2,0.013850143686174468,0.8497704018048758,0.007159147748279886,0.011551234063882284,0.012125841470116831,0.011354179308649308,0.0869146055323002,0.0072744463857215
415,3,0.003919925978213649,0.0005214903234628672,0.931831475604847,0.00022430046363061166,0.04589855627600964,0.00015277665319623807,0.0012932095519793975,0.016158265148660717
418,4,0.0010228772131568567,0.00039183314259631866,0.0014891783588327928,0.9439811344799052,0.0021801170572794174,0.0007440278206098742,0.04908370792049218,0.0011071240071275365
419,7,7.994412500555061e-05,0.0006738735820120617,0.0001540124147605253,0.00011924225645506291,0.0039038547231843948,0.00025227073031696426,0.9947198541662872,9.694800197826915e-05
422,7,0.0005001034484164199,0.0003573527800461368,9.846115679418414e-05,0.0004232608023385058,0.0036137534436092734,0.0001977946966473101,0.9945688779350369,0.0002403957371111602
423,3,0.0006197962951756632,0.00026401127876090637,0.8165905544627912,0.0026148489642642053,0.135606390929013,0.0003916800130346373,0.007084575412703144,0.036828142644256795
424,7,0.003033098070272909,0.12263654125028146,0.027065376422165867,0.0020297519877173625,0.018171961395525345,0.0007254508873456247,0.8241970841208642,0.0021407358658272783
425,3,0.0009300915203501652,0.000415078499249736,0.9181046656151012,0.00024692587472149337,0.05351338990736035,0.00013232621157358577,0.0022026669895490224,0.024454855382094486
429,3,0.0008273064002751056,0.0005099520366327307,0.6963793792289914,0.002891763659740803,0.24598804215856168,0.000335808004206896,0.009395633644701994,0.043672114866889426
432,3,0.00289466147000975,0.0019380410492247945,0.5508349709180554,0.005566666985487553,0.36119437838968643,0.0017551742719663446,0.004512174545477799,0.07130393237009174
433,3,0.001862900124647881,0.0004209030224983061,0.9109692366997894,0.0003825519118208745,0.06177186734097652,0.0002156625564292502,0.0008364249249984635,0.023540453418839164
436,3,0.00046217828773575253,0.00023356711565565458,0.8820432180073575,0.003168878317118054,0.07557872536807275,0.00022854379656186334,0.002033961832708324,0.036250927274790005
437,3,0.0011950324710202718,0.0014524405904807645,0.622133814354584,0.0016234316180532486,0.3216450121650327,0.0005996953081938952,0.005077701768358195,0.04627287172427661
438,6,0.01497894748432135,0.0004985619062788328,0.002332894475250072,0.0018843934305094812,0.0013709684869909412,0.9723168604139367,0.005550778496452338,0.0010665953062597734
444,3,0.0021265537459507306,0.0011776744493767577,0.9512932495970023,0.00034498967980971446,0.020506626067340702,0.00021975947057116407,0.0011670360210598988,0.023164110968888832
445,3,0.0003996425222393456,0.0001864756535247209,0.8978726605709526,0.008569655288023675,0.06675024055077489,0.0001524153673343946,0.0005690197800326895,0.02549989026711752
446,6,0.0005595959343124,3.20872284645932e-05,0.0003489709694538621,0.0007895933858378005,0.0007791974313329538,0.9963891111214754,0.0004687087305909546,0.0006327351985320869
448,6,0.006490468939060219,0.033341284132604176,0.0025311648518147834,0.0007350856580175928,0.0007453923034775213,0.9532220663251502,0.0023383255255458946,0.0005962122643294843
453,7,0.0016551468183538924,0.0012245532441775143,0.0005229609907240718,0.005893860671957098,0.013600478355133802,0.0006550171817253812,0.975421128439385,0.0010268542985435761
454,3,0.009112642345480133,0.0017894367106365751,0.4878563627134798,0.0011058653625112213,0.4346844058480781,0.0009739771974492872,0.010392684121903726,0.05408462570046096
455,3,0.004106959308483388,0.0020455821358498338,0.9645458358228436,0.0032886833009414087,0.01723377019896217,0.0003792938555516592,0.004762238807656528,0.0036376365697113775
456,7,5.4275859921878765e-05,4.4164741424955494e-05,2.3386946716267005e-05,0.0010942416403258541,0.002625834181226592,0.0003074296480844708,0.9957973845255702,5.328245673000148e-05
457,1,0.9272200515122435,0.008414791799352585,0.005254141546516215,0.005545309361388643,0.015296730489671454,0.014517715676157547,0.012614462290653107,0.011136797324017025
458,3,0.0016202312998861905,0.0024294486383829926,0.9600200405790508,0.0010922899899165406,0.024205976245303452,0.00011617020452181361,0.00526839060838189,0.005247452434556175
464,3,0.04286172143489263,0.0034462410006989054,0.9254990888725584,0.0071279762881515185,0.006897845862698977,0.0005885346769879087,0.009975090334293092,0.0036035015297185623
468,7,0.003708206406186345,0.0010777872576111934,0.0004467533062021532,0.002469607364579761,0.008667150458002799,0.0004577083673551156,0.9823188953793864,0.0008538914606759799
469,7,0.01476132441072979,0.22193789072041795,0.07382757924570693,0.00816277541808245,0.02500738504683217,0.0058295207099785615,0.6446812646214227,0.005792259826829191
471,3,0.0007988923181437404,0.00019101912601060487,0.9620522621014747,0.0023054564365046007,0.020814506454321785,0.00015103870051189433,0.00026554084250647017,0.01342128402052645
473,3,0.001184622235295567,0.00028820039922376463,0.8808024733559578,0.0005145231876535859,0.08496580140056331,0.000309438371928632,0.0009744706059836461,0.030960470443393766
477,3,0.002413389834964311,0.0021400103574865438,0.8566954324199191,0.0015686222266645957,0.09823130075977442,0.0007913205807067265,0.005431571762645222,0.03272835205783933
481,3,0.0017364207618690828,0.0065525832057473955,0.8846502719840794,0.002615802458357043,0.06890550143150445,0.00032281810427022266,0.014264804066855229,0.02095179798731718
483,2,0.003899606985469901,0.9358582726014248,0.001215532121802812,0.0025060879394047234,0.003327028965562264,0.002201973204783673,0.04877034257730082,0.002221155604250887
484,2,0.0032711179910469216,0.9879321096347259,0.0005595070832520456,0.00023069555942824329,0.00020249159988702488,0.0007694851865677599,0.006790533954660138,0.00024405899043202734
489,3,0.002412108801218658,0.0012079185600671937,0.9655362957842257,0.0007137670195181499,0.020195208937473442,0.00014165975839743012,0.002092353231205803,0.007700687907893504
490,3,0.0011460449924344987,0.000273626701979331,0.9380493061659604,0.0013605905478297862,0.04223697160004265,0.00021357043859140408,0.000570008135274062,0.016149881417887955
494,3,0.0029000609774250566,0.00048728549631942377,0.7487679943881929,0.0005610144125132817,0.1918311268420521,0.0005736018827789521,0.0017732652610303664,0.05310565073968816
496,7,0.00017062412614366146,5.0131837759444355e-05,4.41243364319367e-05,0.00024364805168738217,0.0011378832806883574,0.0004430504243794658,0.9978628250484884,4.771289442105061e-05
498,7,0.0003024718098331946,0.0014478423920477306,0.011396723499369796,0.00038384292120986687,0.041408992726018806,0.00017967795350760403,0.9441827145041157,0.0006977341938973337
501,6,0.2825445196873073,0.10600251516351394,0.0212425892462978,0.0030347439266444065,0.0031540438663584694,0.571438119307831,0.009887304879848928,0.0026961639221979266
504,3,0.0020722364180399957,0.00310091198459772,0.25238356379356164,0.02703182697546959,0.6343447370215375,0.0012787402222739466,0.013297371089676718,0.0664906124948434
505,3,0.0012872547599031973,0.0004746111281591928,0.9032812525757316,0.0004367710734559804,0.06597114401109438,0.00019335972059777437,0.0008705252766645095,0.027485081454393444
507,7,0.0003979554627592505,0.0005009049052837971,0.00015958177008186517,0.0014559986655152922,0.005461302795572423,0.0003109621052509334,0.9914286377967106,0.0002846564988265172
511,3,0.002251053544969547,0.0003791593191958196,0.8860835795302525,0.0005564765550435404,0.08032594077136805,0.00031993022592054796,0.000895801659268155,0.029188058393982017
512,2,0.006268586194224697,0.9593900588288845,0.00072575407904319,0.0007232975290640583,0.001311843788686712,0.0009797935944582145,0.02956542845371802,0.0010352375319203394
515,5,0.009855507863268538,0.006255686327762399,0.17596891363953204,0.005566746722147122,0.6216434468289804,0.0043150430772475,0.02025932342636979,0.15613533211469224
517,3,0.0017570481866257773,0.0011198688759556175,0.8740957896367227,0.003032029016122235,0.06239552862496731,0.0006242924492065465,0.0018095937285980323,0.055165849481801664
519,3,0.0021415467411332787,0.001546463043604819,0.9410602577671526,0.0009791351050308706,0.028379135547300465,0.00032271401966246327,0.0011071674742873323,0.024463580301827735
521,3,0.0014910603183732052,0.0005289114573706386,0.9397563793775673,0.00022302312440994934,0.036037745712377015,0.00013398336584735144,0.0006277966528969282,0.021201099991157532
525,7,0.005754124710643315,0.001724577334655442,0.0010666362174755176,0.022109579978850807,0.012701523656115076,0.0010573042741267322,0.9535453979717239,0.0020408558564087584
531,6,0.000429400593261374,0.00016102953835394948,0.00024545354686852103,0.0007165357757168679,0.000691568450263167,0.9960719565287872,0.0010447718947514239,0.0006392836719975584
536,3,0.0032589084154834957,0.0034343390244372268,0.9724964752029243,0.0004620548740675571,0.01199513625340101,0.00011312509000580512,0.004379487546884459,0.003860473592796318
540,3,0.00044112545134127696,0.00014081737565076403,0.8901212738230504,0.000966974752502963,0.0852608100185956,0.00021370706797065327,0.0010787706272481895,0.021776520883639943
541,3,0.004105575621673244,0.001941578403333696,0.25082352104606975,0.001326317751146151,0.6745232562853486,0.001268701814632054,0.007310820185652159,0.058700228892143866
543,3,0.001775956956620324,0.0007765895463581793,0.8569353639986718,0.10052827161723692,0.01271635848133248,0.000372428722016177,0.024693519589062952,0.0022015110887012145
544,3,0.0008467982476070695,0.0006606944804509338,0.8068038891100305,0.0006608629329493506,0.15024696719782912,0.00019047793694447815,0.0010276989994827154,0.03956261109470544
553,4,0.0008132684536512077,0.0007200910513071242,0.3355099587833872,0.6163139581937066,0.036402993005031685,0.0006917137707243661,0.004291613114661922,0.005256403627530106
555,3,0.0018794883644694365,0.0003319378302451632,0.9128495906029491,0.00019235703364466587,0.06757230791787708,0.00016594004360542136,0.0007228821758079421,0.01628549603140122
556,6,0.0002521181010785703,0.000162779193619295,0.00031122124930477765,0.0008446014343208102,0.0007285595513116765,0.9958812174166687,0.0011729692058409823,0.0006465338478553078
557,3,0.0016139289599223115,0.001142603213194368,0.9539052672519643,0.0004777369987958899,0.02867460748508101,0.0001184234569850072,0.0013238350039419349,0.012743597630114874
558,3,0.02512242549816822,0.003706082137577001,0.7926220622724011,0.0020383934913695287,0.1303694788998322,0.002884968593141323,0.01624836132058205,0.027008227786928556
559,6,0.000175507332785903,0.0001256900311666119,0.00028223707450204317,0.0007470114950228949,0.0006604709928350761,0.9965467369012618,0.0008880158737909116,0.0005743302986345838
560,3,0.003420613092470354,0.0007027021393712467,0.7643892665937396,0.0004970937391168143,0.1909275145642999,0.0005112938674872699,0.0018349012817075586,0.037716614721807006
561,3,0.0017363330262045987,0.0004465261460323619,0.9022725867207968,0.0003083312125225534,0.06709699517170337,0.00023926800072023534,0.0008349225638327573,0.027065037158187314
563,6,0.0006877609144686344,0.0001288665059965859,0.0004823744925018877,0.0008366438520063264,0.0007522425700921591,0.995892725886579,0.0005807123388209401,0.0006386734395347814
566,3,0.0017504339398438996,0.0006675108111408955,0.9136257888325293,0.00032525491331815936,0.052552626025605266,0.00017703449135197157,0.0018629727920001396,0.02903837819421043
567,3,0.006583285528634627,0.0009012361984986415,0.9583130870741762,0.0002620899365255405,0.022099674308714057,0.00014623425307349578,0.0016856980852953066,0.010008694615082131
570,7,0.00013221259577433906,0.0005523619239011717,7.448664615971192e-05,0.0007915554396556734,0.0033183290109240027,0.0006168497116791612,0.9943381251730171,0.00017607949888843267
572,3,0.00919247767835872,0.0022972980142415608,0.9551838759031169,0.00539035372593277,0.015353943092645764,0.0002546097815533025,0.0031827989610476825,0.009144642843102515
574,2,0.0009426747516646984,0.9765835621744735,0.0002828397546235913,0.0007173696182381698,0.000936742060643588,0.000748335554685363,0.018892053171597232,0.0008964229140735107
576,3,0.02136194259973785,0.0011634303904795556,0.9265083037593597,0.002077554999002556,0.022561969228096234,0.0017740322464590364,0.0022130978819954322,0.022339668894870338
577,3,0.006984979307237569,0.0027579820725535968,0.9541101535081263,0.0005816714076571713,0.013623373488481944,0.0003801051802821013,0.0017191801869488278,0.019842554848712928
584,3,0.0007784384898615021,0.0009518730672064877,0.8827873697966471,0.012349288236967291,0.07963051139613686,0.0002362237297840801,0.0036630577849322333,0.01960323749846454
588,3,0.0008605443661668061,0.00027146284404134315,0.9215714541391947,0.0009382411397887875,0.041113680776487006,0.000344081474347179,0.000802474311680271,0.03409806094829383
590,6,0.0011727626231423083,0.0008037676211318898,0.0005601665249211655,0.0009082476952931456,0.0010559361939925824,0.9940186999753149,0.0006593990581115175,0.0008210203080929954
591,3,0.0030646158084610404,0.0010552693430888444,0.8925298914499824,0.0007044611465431982,0.06273586853609327,0.0003802293370734635,0.003308144487598896,0.03622151989115861
593,7,0.0003497575800398861,0.0010359397781535959,0.0001510180757014527,0.0006056494340360005,0.004903046760447806,0.0003525187282181178,0.9923447740274531,0.0002572956159499433
601,1,0.5704470275482645,0.016769854755691708,0.2320073684500307,0.024825013201675218,0.009569781878665475,0.12798532963456483,0.007841068976809263,0.010554555554298344
605,3,0.0008165280567743181,0.0002701890287454868,0.8466181209548627,0.0014303016737782503,0.1111526833371709,0.00018925969200198254,0.009938575580516744,0.029584341676149675
606,4,0.0001583946976474222,0.0001239010408492745,0.0012880502364602767,0.9950592551870434,0.00037456769156178843,0.00044434111048407513,0.0022210593593756916,0.00033043067657814696
607,3,0.0014235593771822629,0.00078232828622948,0.8624162813381273,0.0005715937850581321,0.10407114552226325,0.00027993505532651646,0.0016741659055538542,0.028780990730259203
608,6,0.007937837476455429,0.00046093225605174507,0.0022294634054100997,0.0023247409003290145,0.0017764691980059115,0.9751581547563939,0.00872215490558924,0.001390247101764774
610,3,0.0007428651104254684,0.00021486465601706082,0.9584226671068139,0.0009064735146846312,0.019836834417594817,0.00023054818686011366,0.0004927027453091161,0.01915304426229483
611,4,0.010358256919825675,0.0015073574698650774,0.004262492619094,0.7731282273598887,0.007197466451734231,0.0012165320866919407,0.19805541483556866,0.004274252257332044
612,3,0.0029266417349775318,0.0016092422416809598,0.8940178909949313,0.045259770709404616,0.04037951572827079,0.0007582392570999219,0.0034305302483794414,0.011618169085255424
616,4,0.0034021932473434855,0.0009831922164327367,0.0024364969139924228,0.629140595509561,0.006097789009471273,0.0013091652454117477,0.3539909270205193,0.002639640837268192
617,8,0.007966784958387742,0.010097009129789536,0.046761298017526556,0.03321316054256532,0.10006460242685516,0.008216269055156978,0.07048551816731342,0.7231953577024054
627,3,0.005986069847795908,0.006431731076773711,0.13679706775210673,0.021230644614156725,0.27042378523775834,0.004970054926024149,0.5355267014923522,0.018633945053032053
629,3,0.0013019292664117079,0.0006640156718938409,0.924012561281579,0.0005617135715892526,0.04402852465736047,0.00042124408106612547,0.007073069424284951,0.02193694204581463
631,3,0.0007254858971891697,0.0004150943698807545,0.952010970094825,0.00044595286343730863,0.03204296231738959,5.0916422931208384e-05,0.011012030563435148,0.0032965874709118643
633,3,0.001018762342975127,0.00022221653392600995,0.9415950447522652,0.0012206282648352528,0.03161040283666808,0.0003112692623369622,0.0003807825522764109,0.023640893454716674
637,3,0.029930139173346276,0.051996097883038765,0.7849469112153215,0.006335230709445431,0.03356130509993235,0.002611880050237911,0.08221518753648734,0.008403248332190498
638,3,0.004446117721220607,0.0008763319545967632,0.9117975817638879,0.0005888407202680113,0.05360250834351897,0.0003384839814116028,0.0021593254872102293,0.026190810027886025
639,7,0.001761171993137494,0.0015058043223682733,0.0002598901834307816,0.002768382397560429,0.011523731229523765,0.0010740096708067562,0.9799051717017202,0.0012018385014522465
640,3,0.00041049543676266594,0.0002512472097237037,0.9282041182642591,0.008084011047755057,0.0395410046470676,0.00020705833214330638,0.0006500025125634562,0.022652062549725332
645,7,0.001070926072693866,0.00024790905646413517,0.002224289178369391,0.004674399917697443,0.0026142187383269406,0.00024172244260083742,0.9883435870604879,0.0005829475333598388
646,3,0.0013805957691070325,0.0006201716422143196,0.8772276911431905,0.0011462946820645877,0.07817556410419352,0.000410254083106986,0.0024077856430423576,0.03863164293308069
647,3,0.016551438694616852,0.0100394566249923,0.35622870760080966,0.011605217506552365,0.4354170414128547,0.00789452909910164,0.018886006090707945,0.14337760297036461
648,3,0.001916040875111007,0.001017329116693803,0.9259848792396472,0.0008262603711233227,0.04328330803484483,0.0004587594477059379,0.0027019837598663632,0.023811439155007424
653,3,0.0005564261251263648,0.0003386489556607083,0.9428525921675159,0.00017801896404297685,0.04166620816428075,5.807101875441764e-05,0.002007900073329643,0.012342134531288896
655,3,0.0017837130426838633,0.000246344203789645,0.9211471513801355,0.0008918242459469726,0.04935218697831986,0.0003097485235357033,0.0007104630796338113,0.025558568545954268
656,2,0.00219304522356749,0.7653282845391509,0.0005009474514811691,0.0014039799299810378,0.003191232561197277,0.0011909500364385211,0.22447450899265944,0.0017170512655236517
657,2,0.0009223635321578571,0.9164557348307963,0.0003919366505683994,0.00047989621500390357,0.0004677625690965375,0.000934577825581979,0.07972164801156695,0.0006260803652277901
658,2,0.05235748422798482,0.9377674546776132,0.002190231263317438,0.000326843942068195,0.0003723269208163528,0.001482377993326391,0.005134461145447089,0.0003688198294263364
660,7,0.015408113256049266,0.0028133243490766364,0.003206245270417257,0.3011191637920182,0.012057252639913817,0.002256285331700809,0.6572094324907581,0.005930182870065797
668,3,0.0011388459391590065,0.00022067184050408493,0.9407909856021076,0.0002699413450856156,0.04690920510511602,8.748706659672641e-05,0.0004784218967508147,0.01010444120468013
671,2,0.00252031556530796,0.9371894994851798,0.000614536944143706,0.0009393046002421757,0.001181491366901121,0.0017284303798368978,0.05460122534349714,0.0012251963148907472
672,3,0.0031367159046543007,0.0011468441505419486,0.8424006704353039,0.004151993164217785,0.0789482556237427,0.0011372703525583876,0.005036120421715245,0.06404212994726571
673,3,0.0004342829834865776,0.0002448932722570395,0.9000071188919665,0.00027288408731150155,0.07557506099370524,8.502270516839404e-05,0.001122399711616664,0.022258337354487873
675,3,0.004079224398847938,0.0024975445517216774,0.7180120185417278,0.18924631489338545,0.04358218653947996,0.001173283137494048,0.037483559311245015,0.003925868626098221
676,3,0.010093479169665456,0.00711782504716791,0.8493966904269363,0.006502301059729901,0.02297983015703844,0.0028082914029429725,0.01218699584090303,0.08891458689561564
678,4,0.00709356898466476,0.0025183663056184656,0.005180445699204384,0.5200384455952525,0.012921072488155059,0.0011783863744723934,0.44869128628792804,0.00237842826470471
679,3,0.012332788088518926,0.006787266510906089,0.4661541731544108,0.0251629908707049,0.01895077625713221,0.00320272960291971,0.4624854493872007,0.004923826128206864
680,3,0.0009225444570848937,0.00029465732421003293,0.9385379579245056,0.0006707592555836089,0.042547660704149684,0.00010343420412069773,0.0006365379950352764,0.016286448135310536
681,3,0.002778311002967806,0.0013616628819594452,0.9590008234013695,0.0006149133919150667,0.015694696846853637,0.0002077385507723666,0.0012731078172096282,0.019068746106952243
682,3,0.001395092587680813,0.0005731764818644265,0.8715289386140801,0.0011928690437291055,0.061485511733884765,0.0005293545692666651,0.0008150838547927059,0.0624799731147018
683,3,0.005999478592812102,0.00090424113189668,0.9816722835187743,0.0025209766351528486,0.003073320267642818,0.00022350795965699738,0.0006074612361496158,0.004998730657914618
684,3,0.0007085991599446533,0.00025816797894162645,0.897524031685017,0.0003060022214068729,0.08829669990155152,8.820632400725358e-05,0.0005507277674767934,0.012267564961654433
686,7,0.00586518889424192,0.0008127738074096908,0.002014890906737079,0.012877334547527845,0.006056509039273743,0.0006543023130169539,0.9696033154592368,0.0021156850325563304
689,7,0.0009053858679518186,0.0008089809593772356,0.00013582420858377237,0.0013728736933427087,0.007588929571247311,0.0007356618911917615,0.9877032195973496,0.0007491242109562462
690,4,0.000868435517360051,0.00038497357147375687,0.008238900462354903,0.7387582860440095,0.0026554713231584787,0.0005512193504332654,0.24796228774189738,0.0005804259893125962
691,2,0.006557439909629265,0.9642567421234843,0.0009633784455576807,0.0019142811627099496,0.0022239413093660867,0.001918870590910654,0.02025953586591747,0.0019058105924246894
692,5,0.005739732707481572,0.0037958778372633242,0.03154395784845083,0.0017010965775808512,0.8478322816660283,0.0017475377202090297,0.03217601537416647,0.07546350026881928
693,4,0.00014739378643014968,0.00027584734323010137,0.0013767295514117918,0.9943893402022006,0.00030498089677071975,0.0008630893268546053,0.002301811259907401,0.0003408076331946986
694,3,0.0014217058109470661,0.0004595545507763701,0.9143391417598096,0.0177265885692756,0.04380650577205711,0.00039737839530777825,0.0007038138457697667,0.021145311296056627
699,3,0.000997083179746407,0.00032288123596236674,0.9308123842465014,0.001869048499971414,0.039044612653866495,0.000274629845842051,0.0007484933699400278,0.02593086696817006
701,7,0.00012842026912792675,7.265937651053481e-05,2.295160486790455e-05,7.070514469276749e-05,0.0011262112201712734,0.0006001539789251951,0.9978286819954691,0.00015021641023511996
705,6,0.013471785586847085,0.01616229286194961,0.004226953199664243,0.0020380122796965165,0.0015602602558911995,0.9565211421143888,0.00473709937047518,0.0012824543310874514
706,3,0.00041225601726109273,0.0001596654235921738,0.8901690310314567,0.001481814396886722,0.08028711689845389,0.00019574448811406585,0.001479708453797624,0.025814663290437342
709,2,0.006698786773550021,0.9465101611360845,0.0016149133808403035,0.003100973916683789,0.003565093271750028,0.002301663617858744,0.033459399474364576,0.002749008428867716
711,2,0.007647686261055748,0.9504316594910078,0.0013180207427522484,0.0022669814266645535,0.0024908745522332822,0.0018871553053725625,0.03182412572154536,0.0021334964993684783
712,3,0.06709753895628032,0.008358207254584622,0.8542776663866026,0.0007221583638901339,0.04203323198358655,0.00096348798121616,0.014417486505137718,0.012130222568701691
713,6,0.033025283978054314,0.007670138124296201,0.002217728503146594,0.0011404692537560271,0.0009293478832056017,0.9521840926754505,0.0020684690914946563,0.0007644704905959813
715,3,0.000594116108024299,0.00020700949974178414,0.9167745218085543,0.00036025786999978836,0.06817653071057111,6.032006560945028e-05,0.0008301624044319959,0.012997081533067582
718,3,0.0004972651683693895,0.00031080731706204477,0.9087664516170545,0.012781668084661846,0.06464514476202893,0.00023294117659461387,0.004218272734221961,0.008547449140006878
720,3,0.0022796464246083925,0.0005018715795715974,0.9495084922932567,0.0003528863063772539,0.027068473605572005,0.00042467159374914035,0.0008369661796810056,0.01902699201718389
722,2,0.0004997876380205702,0.9478307856166012,0.0003097972387886232,0.0003031577502322746,0.0006577377055840287,0.0012432976243636968,0.048450400958515015,0.0007050354678945194
725,3,0.002189825900441169,0.0031730354689584375,0.9583985069305517,0.0026784738775894575,0.022034777580598092,0.00016940800581552868,0.003279221807429924,0.008076750428616032
726,3,0.0011632022094633843,0.0014376392801136507,0.5751640864427316,0.009276659790253038,0.3586448615267826,0.000388790544357528,0.006609971427706419,0.0473147887785917
727,2,0.008465812749157869,0.9740395087224841,0.0009375670065423233,0.0015884470699344723,0.002145078665391339,0.0017687463724672583,0.009269434195563862,0.0017854052184584626
730,7,0.004795721759575758,0.0011110093249527963,0.0040482829885270626,0.0020683615901462378,0.006454460930960551,0.0009132878747416468,0.9786643165200906,0.0019445590110058171
732,7,3.060514709483044e-05,0.00020710017277384663,2.7037288899730208e-05,3.4387111671467234e-05,0.0013808668534792223,0.00011520997858775246,0.998154093932088,5.069951540510959e-05
733,6,0.013116535117434918,0.002919219136631777,0.0009231658311227844,0.0006920407832229334,0.0009070102869070113,0.9795112321863694,0.0010184914278022598,0.0009123052305093178
736,4,0.0008172108356610178,0.00022936518452127444,0.060688547085286676,0.9256561133324465,0.005111320442197478,0.000518254301932901,0.00570403202139358,0.0012751567965609675
737,2,0.000362412099882518,0.9865303348166407,0.00010644251476813515,0.0002071589341474316,0.00038064910380669376,0.00029075058994225503,0.011601556651021338,0.000520695289791065
738,7,7.779307166524288e-05,8.571277540596874e-05,0.0018560891328531838,0.0010301312854788765,0.00729440549388577,0.0002521355849764004,0.9892864732242653,0.00011725943146946539
739,3,0.0010224527738532845,0.00022325066129575774,0.9401200940649874,0.0014904984710592145,0.032103312561344244,0.00033286230702456626,0.0005674560586924313,0.02414007310174324
740,3,0.0005115887048904406,0.00028573800955092224,0.7474648194706556,0.0006595804599606318,0.22034728058544356,0.00013346153032969309,0.0010827867602589932,0.029514744478910032
741,7,0.00011581371283838132,0.01168814328503897,0.00015887909053262787,0.00045662763322381315,0.005111338922930037,0.00025754805220105757,0.9818840798896951,0.000327569413540326
743,3,0.010999513523717261,0.0017613266449913359,0.9627126970240517,0.008581220590877962,0.004277588266523126,0.0014433566862666475,0.0037946912063118714,0.006429606057260237
746,3,0.0034921551550458458,0.008362427263728133,0.9180440850289381,0.012998237944192274,0.019230255992625633,0.001255304873792794,0.033149439785697246,0.0034680939559800796
747,3,0.001756430879103266,0.000673835215153578,0.9072451423039835,0.001817033540794659,0.049942950648430344,0.0004460432688873841,0.001641036313152243,0.0364775278304953
749,3,0.00157195428490461,0.0009091799303134621,0.9459972476210522,0.00063310217848791,0.023711154624829676,0.00020106738578207814,0.0014634281792095863,0.02551286579542057
750,3,0.0027170070166781016,0.0035115434644304466,0.9663982948765154,0.0010072220163927826,0.017865342201717333,0.0001458781861806941,0.0037894939230783443,0.004565218315007134
752,3,0.01114217429826114,0.001203494395796814,0.9680719285195268,0.00940365680862092,0.0032281010418428826,0.0005629342585599199,0.0025510162025350227,0.003836694474856081
753,7,0.00858777176054843,0.0014022199691821576,0.0005705495232562469,0.003649396275096343,0.00855433835995791,0.0011338745865257045,0.9736959448813132,0.0024059046441203148
754,3,0.0026060594984931478,0.0025492589340389274,0.9478368048453304,0.0023789016365326453,0.027518753971316506,0.0002043429319837059,0.003450654208469611,0.013455223973835735
755,6,0.0008779397172525694,5.447579644095134e-05,0.0006240242202417348,0.0011450224717636241,0.0009541083127999195,0.9945055400942056,0.0010956910764488216,0.0007431983108467757
758,3,0.0018266555392203834,0.0008033543435027856,0.9226389287632989,0.02338612172321687,0.030782190562418762,0.0005470178967827539,0.0010201096404838482,0.018995621531075674
759,3,0.0026468011687353957,0.0005374029650393469,0.9413412190872292,0.0001639048537443727,0.037654889022216496,0.0001343312633798382,0.000919738483939103,0.01660171315571642
760,6,0.002173001940578659,0.0030667525950326363,0.0029607660331320423,0.001159427120452446,0.0008624985157177036,0.9872922266312752,0.0017412141505554195,0.0007441130132561567
763,6,0.0003000433836587321,0.00029557202741826375,0.000526172842077632,0.0011916001596999543,0.0009720764355501902,0.9938339554823006,0.002069149837777826,0.0008114298315163979
766,3,0.0008848171436776187,0.00016912841101164935,0.9499543187928048,0.0005016091695097535,0.027250299367682747,0.00022011597598311006,0.0002816942170157228,0.020738016922314403
771,3,0.0004525406282314371,0.00046370323278283813,0.9095759082320902,0.03886614637381276,0.037022172068613336,0.0003077383505679947,0.008392551193953839,0.004919239919947612
773,3,0.001036245548656534,0.0004321570703401115,0.8751385307900591,0.0005372099282408419,0.09567927757433035,0.00021492574029000896,0.0009994355276356282,0.02596221782044733
774,6,0.007294170117019118,0.005790361856830198,0.002195556267718412,0.0011979500945223875,0.0018162686017773105,0.9760544008317106,0.0043179336505464894,0.0013333585798753042
780,3,0.0011966757835046899,0.002644277112661381,0.8118870527760838,0.0009391784853877116,0.10861483856628376,0.00028235140441277255,0.017960757718836137,0.05647486815282978
783,3,0.0029886453663922796,0.0006345739284058989,0.8713217235713595,0.00033671913273045957,0.09814102615146035,0.0002982859678905364,0.0022322277472466845,0.024046798134514227
785,6,0.0005934473009702426,0.00012411536625497058,0.0003189668181959882,0.00046154648906089873,0.0005082633007250834,0.9971600913894066,0.00037838904646291427,0.00045518028892347425
788,3,0.0009356252549572229,0.00018760394142018733,0.9470005424844603,8.439950938940741e-05,0.041686651101058306,5.0017987256233225e-05,0.0005504335347370656,0.009504726186721555
789,3,0.004430590225981658,0.0008813355195859621,0.811936431706226,0.0021881570447004873,0.13666324984421765,0.0011567586721802612,0.004387291957295628,0.038356185029812646
790,3,0.0024110438374930166,0.001881832335294675,0.9520063632145486,0.004997488004543727,0.02111441886958814,0.00019647748969609918,0.0011964033412426918,0.016195972907593174
791,3,0.001132003079140366,0.00046213031912833514,0.8479464452003646,0.000633042690366051,0.10027605795775227,0.0002259967801094008,0.011050560214643429,0.03827376375849576
792,7,0.00033208288856767293,0.0003355500217922879,0.00016186610464563866,0.001118810217097879,0.004840431718489996,0.00020688714497043334,0.992804009354262,0.00020036255017420008
793,7,0.00018652274386800883,0.00010808274734025827,1.610026663367505e-05,0.000284827407443212,0.0005683492820878996,0.0006947049964025797,0.9980715219120515,6.98906441731886e-05
794,3,0.008233747991091412,0.003701187977319139,0.3581647183609265,0.0037565445712469357,0.5469992508209617,0.0031872426509957216,0.01767870629126514,0.058278601336193676
797,1,0.41787520827513536,0.2777637058012814,0.16700617162832865,0.009407949317089825,0.05686014808625945,0.00859274360901509,0.0502388897249559,0.01225518355793437
800,3,0.0007357914105199567,0.0004356949354323371,0.8014850544472172,0.0011384656348753803,0.16951387416968985,0.0001527899113082891,0.001996399980581011,0.0245419295103762
801,3,0.005541237273787929,0.0011814254974522773,0.9195502207454991,0.0002687360464333657,0.051699089801731234,0.000272768948347622,0.0032746141860609634,0.01821190750068744
808,3,0.0012438698287100794,0.0006961502577125375,0.7833656141114957,0.0017526311111200055,0.1530647893109558,0.0003398433681034008,0.006639781026955782,0.052897320984946525
810,4,0.0007768982990806863,0.0012125820561145859,0.0007524567782905868,0.9760309696829613,0.002021170362980502,0.002148216904165913,0.01425715269902429,0.0028005532173821174
813,3,0.0031071430947849027,0.006148496347255643,0.8178137006908832,0.001137551138674498,0.1145758775551361,0.0004383981061942655,0.046287081813628624,0.010491751253442577
818,3,0.002071349308115512,0.0005951523482669113,0.8473209325558307,0.0004490219458643783,0.09632618252009507,0.0002613669578148109,0.002543066229863527,0.05043292813414915
820,2,0.008953374412152814,0.9169970575418198,0.003333928436698004,0.006159979670757839,0.007440072372773886,0.0073076625157876985,0.04564716766322812,0.004160757386781915
822,3,0.00033398314799055226,0.00020523406866982573,0.9394549540828326,0.00800554470978477,0.037580991503765204,0.0002513235091839229,0.0018489161839932648,0.012319052793780207
823,3,0.002883448864726534,0.0007332624728413591,0.8707343112630821,0.002161107955820003,0.09507495821861502,0.0005690078198237902,0.003312760511264744,0.024531142893826595
827,6,0.0006363964452338893,0.0001977062561496217,0.0003046178690394372,0.0005186903339944951,0.0004973776065492519,0.9967733070572486,0.0005578173735487391,0.0005140870582362758
828,3,0.005023912016615685,0.0017244818723764516,0.8250539482071473,0.11158762307347725,0.03610613138365239,0.0010671069306838173,0.014353880186226194,0.00508291632982083
829,3,0.003129155281553176,0.0004689953462743924,0.9412072094151038,0.00023074289303295686,0.03902824030682244,0.00012640804189521882,0.0008567200686247017,0.01495252864669344
831,4,0.010660008074432466,0.004859899419643151,0.025698344649211214,0.6032034632186579,0.04204292182333962,0.0040709887868874105,0.29926759041841416,0.01019678360941406
832,7,0.0030790678722598264,0.0032291837730886487,0.0008777111694827938,0.3410692161207055,0.009673130946987532,0.003362564345609895,0.6362268020034321,0.0024823237684336915
833,3,0.010566464936047345,0.004415296210046087,0.9572147391392833,0.0012713525769538065,0.014612193626780477,0.0006823901802119115,0.0043142551935492065,0.006923308137127534
834,3,0.0011955565071243592,0.0014806467223296906,0.9563417762832624,0.002399697745001924,0.023907267226794007,0.00013544232664686707,0.0013196828511055675,0.013219930337734767
836,3,0.0005888274333438802,0.00040116771759460046,0.9738917024392864,0.002851612611047604,0.01394533574175313,0.00011403931309526907,0.001124836735227914,0.007082478008651371
838,6,0.008638825648184434,0.012971134252969148,0.0028759585332112586,0.0008302501626940294,0.0007700257470646825,0.9709019121400234,0.0023743901652023554,0.0006375033506508035
839,3,0.0010307024287625774,0.0002769270246321439,0.8546307825179249,0.0014084127029961372,0.11048400886338997,0.0001769778690433778,0.002570168740714561,0.029422019852536226
841,6,0.00015662161256133132,6.020971013787066e-05,0.00019071800712396763,0.00048073008217350976,0.0004981829588521534,0.9978179172747262,0.0003474793330911325,0.00044814102133385226
843,6,0.0016272615247223826,0.0002584469496277254,0.0005688219219126408,0.0008457658053784054,0.0008231411585917336,0.9940320367261992,0.0011210523904985677,0.0007234735230698103
844,3,0.0006232551654812833,0.00020413379876660432,0.8886468571087374,0.0009998016233391212,0.08069036841697987,0.0002214948820804747,0.0006734011035467443,0.027940687901068552
851,6,0.00029077751611542295,2.9070460198033558e-05,0.000241966260356474,0.000635461947791459,0.0006510349122304479,0.9972462178892881,0.00035571755704861575,0.0005497534569712314
853,6,0.00020316340281812523,7.347766870880964e-05,0.00021443137579714653,0.0005460049725494792,0.0005431389814488566,0.9974260596482735,0.0005157004468316983,0.0004780235035725567
854,3,0.0016970046365930493,0.0016912829877997648,0.3746806612998468,0.012930350605741658,0.2905865462303196,0.0013132519966657982,0.2639908041140688,0.05311009812896469
855,2,0.007426830240621395,0.9432772828319467,0.002421711470389204,0.004527452011430783,0.006919709390629008,0.002909877486821584,0.02874145215669514,0.0037756844114663294
856,3,0.003393329408660064,0.0009298456139793998,0.9696599940415277,0.004463550158249364,0.015524033059596792,0.0003338728937050848,0.002347884716451988,0.0033474901078295316
858,3,0.006638451166206389,0.007288478268522255,0.21268081645522155,0.0519342927479025,0.2184862120223052,0.005723855845929344,0.4490419310149896,0.0482059624789234
863,3,0.00037819037796887894,0.00014496049769569485,0.9514709932532074,0.0027181426822601665,0.028837848975824625,0.00011713538617594826,0.00047222226565239527,0.015860506561214908
867,3,0.0062076125911254615,0.0005851105027243839,0.9522825308243522,0.030422887841420946,0.0033755127116740736,0.0003430041557080323,0.0032101578030532467,0.003573183569940958
869,3,0.0022770133832657577,0.0017149891165026301,0.876169338946749,0.0022602962298521154,0.05443125057286685,0.0008293402237976737,0.0042124446041759255,0.0581053269227901
872,3,0.003141328815598442,0.001356537109263295,0.931256156830985,0.0006995802694688526,0.029206880264584095,0.0003531651737293676,0.0015749943310504532,0.03241135720532019
874,3,0.006803930226765693,0.0032054421179660442,0.7714491056527973,0.0002552358655546544,0.17990546499885318,0.00033622195174338684,0.012412923535191349,0.025631675651128026
878,4,0.0007910740665344522,0.0005818191927312078,0.002162135785843599,0.9687865003873546,0.002588656417907794,0.0017454054811562396,0.019496822551779428,0.00384758611669258
883,6,0.0008079040134551747,0.00010097729115408849,0.00030024311364682725,0.00040346388603148414,0.00043799679600963555,0.9971576819763083,0.0004083257642814645,0.00038340715911314133
884,3,0.009740634957541947,0.003917946313034819,0.9699777576542121,0.00030840179207463947,0.008974327235233961,0.00013027983617715168,0.004367192983622591,0.00258345922810242
885,3,0.0014003986354187913,0.0005783742161374598,0.8938479654762239,0.0026175646319048077,0.05838894536280021,0.0005090741937050859,0.0020863078350789213,0.040571369648730975
890,3,0.0010037665122828515,0.00020618957390505858,0.9460122616383151,0.00012917457678042016,0.039982059677237565,0.00013995867517775412,0.0006798576640963324,0.01184673168220464
895,3,0.001512283424445841,0.0005640622345246063,0.9549716459112458,0.00035131714981575954,0.03198861991894413,6.179731109186712e-05,0.00424973935548532,0.006300534694446626
897,3,0.0012001699553594873,0.00032068944091803925,0.9223835540040232,0.0002486982646540554,0.04896794095972668,0.00023012822917501495,0.0014541981779757844,0.025194620968167474
898,2,0.02759202155544322,0.5164347053230445,0.4284799654262983,0.0012707055451715115,0.0032244961829254615,0.0005694168376308584,0.020322992548859903,0.0021056965806259564
899,3,0.0032995564497398373,0.002286533473579329,0.9341107874006845,0.0046893085925995325,0.024791696818226183,0.0004865992890957542,0.003836206526302554,0.02649931144977243
901,3,0.002182667909438034,0.0005929471067384317,0.9214964656062684,0.00017635291773846675,0.052398268089355084,0.00017934870954004046,0.0012989630862675417,0.02167498657465442
904,3,0.004337679595373208,0.003600173354592304,0.9566690273612483,0.0009991506198137844,0.01596305880826814,0.0002895201580519155,0.001241095427193484,0.016900294675458956
906,3,0.005418890111185859,0.000843604190231855,0.9071820979892063,0.0004093068925903084,0.06566514886847666,0.0003547149203416347,0.002819456770422052,0.017306780257545416
907,6,0.0003152702045112269,0.0001267537256523231,0.00026107701101572134,0.0005973104392593962,0.0005710631681868819,0.9971132219339119,0.00047406295021112677,0.0005412405672514768
910,6,0.01258954786088408,0.001623131165130845,0.001268387005061915,0.0009431253680279905,0.0009239944586505853,0.9748664690995258,0.006987191654248415,0.0007981533884705461
914,2,0.0023260597641361824,0.9523002487246257,0.0006207064370926561,0.0013960801495246057,0.001974115244278491,0.0017276206174813497,0.03811509690520813,0.0015400721576527302
916,3,0.002592138106394305,0.0023507004675465807,0.8943559494377864,0.0003095728890058504,0.06473962585476109,0.00022898796704013048,0.007064061781990577,0.028358963495475457
918,3,0.003654598579779954,0.0018447858308940873,0.9579091131329012,0.00021405826587881402,0.019895044327364705,0.00016573068392996412,0.0015908878838028452,0.014725781295448114
919,3,0.010247915820824379,0.011322787502797993,0.9237180227887836,0.0009506883004223276,0.032263527530755814,0.0004735887240778922,0.011800469984558944,0.009222999347778878
920,7,0.00019581998866565167,0.00015779203075928007,9.290789587195049e-05,0.0010288546638457525,0.0032385218326568765,0.00024109818162293647,0.9949223792546198,0.00012262615195785358
922,3,0.0004617083233424999,0.0002955583277095358,0.7474926253625145,0.052181906945685856,0.16828735597798297,0.0002736217386113043,0.0014365965815984708,0.02957062674255462
923,3,0.0024751000355342744,0.00045744936573704516,0.9625395017291319,0.015829393421800012,0.01315414459422674,0.0003403049371827998,0.00230682670849391,0.0028972792078931987
925,2,0.0013808110311436025,0.9902147521647889,0.0002520312435641269,0.00010642890033549633,0.00029519108519123264,0.00030175163161977293,0.007162275021966505,0.00028675892139031167
926,3,0.002603207867106598,0.000768156023581686,0.9626473599341193,0.00036508736969703546,0.019307910521953964,0.00011941829731500205,0.0007018480870883145,0.013487011899138316
927,8,0.0062802372516330245,0.011238087752368103,0.04690087108764002,0.027402463663947427,0.4567424588430258,0.005202269244988529,0.038078575587869694,0.40815503656852725
929,3,0.0017834908374118187,0.0011762985889932772,0.5468580000093132,0.04738490394864287,0.3465531644066406,0.0012537832621724097,0.0031939639311872508,0.051796395015638735
932,3,0.0004052036578501739,0.0003038388119100035,0.6728993186758443,0.03703076415781126,0.24488499131747163,0.0003731829970864943,0.0033436193112236236,0.04075908107080264
935,3,0.004201239009453829,0.0006714937229964539,0.9286137141633194,0.00010716895383791223,0.0577619508623099,0.00017577476207007335,0.0014200073310054284,0.00704865119500715
936,3,0.01497946647636131,0.003471312375138799,0.9542038778218328,0.0003973724596356875,0.01543026675516153,0.0002135087630310858,0.005078815330047636,0.0062253800187905784
938,6,0.0006442156931804712,0.0002115183267721829,0.0007912847948358427,0.0012114144226144782,0.0008648858440827726,0.9940858281607061,0.001461601927425829,0.0007292508303818069
939,3,0.0006247501097066253,0.00043700030732282273,0.935097763106704,0.008071743810774036,0.04289742664907197,0.00023126931649172127,0.0075449019529056326,0.0050951447470232196
941,6,0.0026354755708578714,0.0004182137345903214,0.0009287856894884536,0.0023501105204950757,0.0023109058020279556,0.9875095664796882,0.0022279631946003258,0.0016189790082516014
942,3,0.00047253424877890675,0.0001341471483177946,0.9461817294501572,0.0001197144633093617,0.04251656578841094,4.887702958123009e-05,0.0006474615224777954,0.009878970348966952
947,3,0.0007518369161320164,0.00025680447071006025,0.9159870663664,0.0015126304171662686,0.04705306100052701,0.0002601017931232785,0.0010048345616915006,0.033173664474250034
948,3,0.007812960542645284,0.0017661994104189974,0.9585078666091178,0.00029196565928187853,0.01957514749014441,0.00024065828470420947,0.0021278427574388,0.00967735924624875
949,3,0.0005185581025538364,0.00029359219926700276,0.8951881041985089,0.007009829600171479,0.06403909376564325,0.00023888516264528633,0.0019074775886427863,0.030804459382567508
951,4,0.007116320610355393,0.0045544604457531624,0.04512600518027529,0.8227190476815138,0.04932357250128055,0.004396302547829046,0.05332058116143876,0.013443709871553232
953,3,0.0015362064305176628,0.001576881544766609,0.7787696863973955,0.04451566801351104,0.029845132903612154,0.0007601653748490728,0.13815906749094792,0.004837191844400078
954,1,0.9010962506790479,0.008941211111010634,0.005616211989932325,0.0064107117553070395,0.009970355699896027,0.04879916276287174,0.010687765584359042,0.008478330417575527
959,7,0.007140533074849257,0.004622242055424411,0.019153104461708016,0.21479924625536698,0.026076813813751307,0.0006969773064704828,0.7252224603691385,0.0022886226632912476
965,3,0.0038014035393323124,0.0018466773532535576,0.9178510792964939,0.002572115003694043,0.028139385057732457,0.0007935039269809995,0.002562698015385173,0.042433137807127645
966,3,0.0014545042110283293,0.000408262846186449,0.9114588250766833,0.0001553047495345132,0.06187086762797273,0.00018768264333374074,0.0016349594986101615,0.022829593346651047
967,6,0.00035078556346603403,4.6520883649126305e-05,0.0003382397513290179,0.0005914086117231619,0.0005896329680234472,0.9971663073108187,0.0004225224655865253,0.0004945824454037998
968,7,0.0004115782029441107,0.0004832168315807957,0.0054643450111891674,0.0005907394127815312,0.1034915369890375,0.0002944372163310209,0.8881553417390019,0.0011088045971339102
970,6,0.006243245511969593,0.001833049706171803,0.001069858817646808,0.0006913308285164096,0.0008108319237422039,0.9873312217282288,0.0012879743037670988,0.0007324871799569863
971,2,0.004979843328403946,0.9446352631010106,0.0014239026674145025,0.002101504766971316,0.00291890272610278,0.0038035360210196966,0.03807667406875852,0.002060373320318081
974,6,0.000678167547680153,0.0008792467125620586,0.0008804747065275179,0.0011932400609776792,0.0008853743759950303,0.9926811966479184,0.002048496447237372,0.0007538035011016811
975,3,0.0030991419456950497,0.0002801617002825718,0.9349956341099694,0.0006022893995122724,0.036503533473311194,0.0003808710670902595,0.0007629082988050225,0.02337546000533424
976,4,0.0022671207663081615,0.0008790181849992502,0.003422591676368313,0.7807450110203222,0.004054751209453847,0.0010295291411658394,0.20621076231743637,0.0013912156839459033
977,3,0.0005193384011630503,0.00013388792136185418,0.9031804172554,0.0004342967172778525,0.07289888401906026,0.0001796538190392456,0.00043116765083046037,0.02222235421586748
978,3,0.006433629806661695,0.002848992867894452,0.3720370909077931,0.002413527937836037,0.4269033311867993,0.0017929814611645305,0.01689095919804435,0.17067948663380617
982,6,0.008987933881029394,0.0005382183724440016,0.0015200689015181174,0.0011305471654970444,0.0013497470002630711,0.9840822125683435,0.001375193614037736,0.0010160784968671647
983,3,0.0011517878611049456,0.00037883371132607895,0.966808694456118,0.0007047646586244414,0.022889338966766617,5.674970045328344e-05,0.0007009751832985921,0.007308855462308093
986,3,0.003759277300904594,0.001979830576015038,0.9766851664722985,0.004421440415503917,0.005335667401933163,0.00026403971223554006,0.0013437647073566506,0.00621081341375265
988,3,0.0005172706643977024,0.0002899452803277537,0.8181353482945675,0.00033962135796970484,0.15290723622872776,0.00013301889872798674,0.0007331065862888619,0.026944452688992752
989,3,0.0009722106009617969,0.0006024064892131519,0.9016465870538992,0.0006361378787694741,0.056211848982823,0.0002569028169625559,0.004639541860653756,0.03503436431671694
990,3,0.0010125020496257544,0.0002627455661958932,0.9181990351642485,0.00030010715246410447,0.06613037632890861,0.0001980683670273382,0.000394178867049856,0.013502986504479703
996,3,0.0017042970625921177,0.0014217283802355806,0.9676892424024349,0.0010165187034964775,0.01833361080377749,9.38174557732258e-05,0.001902164115348906,0.007838621076341475
998,2,0.01437966709671166,0.8854827406191659,0.0033905032760813245,0.005106847188436715,0.006178723091533275,0.009005421815851341,0.07220353588255367,0.004252561029666334
999,3,0.003073290564739944,0.00270443287648947,0.9646794719068326,0.002539584895421212,0.01900285636732392,0.000147378600305841,0.002619724518159078,0.0052332602707280676
1001,3,0.0020382143430258235,0.0006705212738801325,0.9234005416740716,0.0003826236197560144,0.0428442184721975,0.000236886830058559,0.001009366281836224,0.02941762750517431
1002,3,0.0005355925418773752,0.00017088129408472584,0.8485902950929216,0.0025321640473142926,0.1186527052179907,0.0003012750109931519,0.0013407198161740211,0.027876366978643898
1009,3,0.0032002129331921026,0.00232442857613056,0.8946837390569816,0.0025884777740440034,0.0603962354830938,0.0010946361732638214,0.007553075368569314,0.028159194634724608
1010,3,0.0015125937462272749,0.00098564028979816,0.9508562363924121,0.0006576245986415852,0.030709748027703966,0.00011335928167574727,0.0032548777791145916,0.011909919884426213
1011,7,0.0023135534438000877,0.001235319431529601,0.00022854681334785696,0.0015265326822097793,0.009746123711478535,0.0007552127354292443,0.9829666467666396,0.001228064415565487
1012,3,0.002922967070680494,0.0009420925310374308,0.9750712467057943,0.0004270141312097785,0.01233217590898854,8.575655917046553e-05,0.0013152738382838204,0.006903473254834824
1017,3,0.0005302562139164406,0.0001602878504917393,0.8810698563296749,0.0010094757763657793,0.08623330755247821,0.0002485008393901911,0.0005695504266242106,0.030178765011058522
1020,6,0.006471046067627614,0.0013015079195061623,0.0030803210928934148,0.0017298218636471636,0.001342405042023308,0.9827221338571532,0.002155211797698475,0.0011975523594507699
1022,3,0.034231846104966705,0.04840394400660975,0.8882376000423599,0.000844765066730832,0.012106560154342423,0.0004694527911522657,0.011030403498071748,0.004675428335765857
1025,3,0.003040991341015695,0.0007768967989613336,0.9827858260472141,0.0012510381979249669,0.00718392565560098,7.250498093337676e-05,0.0027909615906088897,0.002097855387740356
1029,6,0.0007937796435497285,0.0003452019268048992,0.0004217968434531922,0.0005405698078417356,0.000520150830029892,0.9961666233812302,0.0006735228714497732,0.000538354695640681
1030,3,0.0005682337190594801,0.0004666267172913991,0.9498510230282863,0.0003145660539545115,0.0372958976094081,4.385783513576222e-05,0.005548228322111487,0.005911566714752995
1031,6,0.0012183742518803655,0.0006245864173852552,0.0003183116001781443,0.0005231522577764078,0.0006134221917488617,0.9951752872388859,0.0009718939315585601,0.000554972110586494
1034,3,0.0008559262463816032,0.00035292953706703015,0.83421411781117,0.0008533756363427724,0.128921081465364,0.00016041744508094372,0.0008696441050252378,0.03377250775356878
1035,3,0.0028936561001003972,0.0012357691433243407,0.9027851884978434,0.0008760840426217029,0.04950795190505523,0.0005975742978339793,0.0015845186217268153,0.04051925739149397
1037,6,0.001962324475004646,0.0013656932960757122,0.0004530777026606715,0.0006083945505467438,0.0006847182697406885,0.9935129646757349,0.0007737932525696205,0.0006390337776672052
1038,4,0.0005308030556323528,0.0011586468375564538,0.0015109437994025306,0.9838777234968862,0.0019446124716421959,0.0027011464945549744,0.005785915019384606,0.0024902088249408295
1041,3,0.0005859617950485334,0.0001369608268447019,0.9549169264188314,0.0006450693733066804,0.02722116129302343,0.00017160984912184765,0.0003097981088127982,0.01601251233501069
1042,3,0.018225117746082133,0.0020322224139754865,0.7434728420386428,0.0008361867103196546,0.1917978492170443,0.0007791259481400671,0.009903232389828091,0.03295342353596755
1043,7,0.0005170946668532876,0.0018558777965923974,0.04112896233390554,0.00037755589425099895,0.19143136257934829,0.0002613524736119622,0.7610677631223635,0.0033600311330740083
1044,7,0.002921961730110503,0.003632623203461546,0.0836508277312765,0.36930162898110264,0.01350728779491664,0.002106807085326658,0.5212058817420442,0.0036729817317613703
1045,3,0.04280960790463706,0.013265229037504817,0.8998688155088946,0.0065498059732923665,0.016349733743716573,0.002651394337969656,0.014373061309467274,0.004132352184517542
1046,7,0.008567436071416488,0.0020795248264613383,0.05342761391650112,0.04015139419837853,0.01351424177909352,0.001328954369633203,0.8788918753158731,0.0020389595226424934
1047,3,0.00391406328304499,0.0026493108948955906,0.8060860480638469,0.007999146256489073,0.07994532286207545,0.0016589384638673059,0.004322727471082498,0.09342444270469832
1050,7,0.001961068590348889,0.0017695574191558215,0.0028452353533571654,0.2731973961187544,0.01366766996669543,0.0008418778335164355,0.7046182359569791,0.0010989587611925857
1051,2,0.0007845221480501544,0.9613380651982693,0.0005482308692050667,0.00020307329437866032,0.0006457065234422278,0.00022491011455535363,0.03574469958743921,0.000510792264660123
1053,6,0.012191625876780954,0.005345283024623448,0.003858017287023983,0.0010421168062559618,0.0009193768648704567,0.9743669438900419,0.0014464950297669319,0.0008301412206364687
1055,4,0.007481756097334162,0.0023298568319076074,0.09390493378581691,0.722289479181112,0.02270160030152742,0.0007042205278473678,0.14777603804354159,0.002812115230913479
1058,1,0.7887874581851939,0.13363225901078746,0.009087914877427545,0.0016519466989195083,0.006625829493134731,0.0062881994264512575,0.04951502115895028,0.00441137114913555
1061,3,0.01265862439432769,0.0034782703455784585,0.9516647301658729,0.0043220058905518895,0.018884613912585103,0.0007391341173394487,0.003798323406135973,0.004454297767608534
1062,3,0.0018138462160496541,0.0019747145045229406,0.6036693745494318,0.07186340107492112,0.19290688649528867,0.0005374009055312306,0.10243337301783684,0.02480100323641724
1069,3,0.0004716689146727045,0.0001959630797212576,0.9228117333136084,0.0036713374127258537,0.05113236277431988,0.00014855947351515405,0.0010859695542834186,0.020482405477153326
1070,3,0.006181317527714595,0.0022219008418294427,0.7746022749883392,0.0018499898857609442,0.14293922993675226,0.0009239300711984419,0.013527081717061082,0.057754275031344324
1071,3,0.0011909564089450635,0.0019686545786065427,0.8563259338304052,0.004710757151633024,0.105578678297722,0.0001763539071170113,0.010316973490679704,0.01973169233489162
1073,7,3.929603005860287e-05,0.00013899026859569706,2.1545339033678913e-05,3.2410373588282844e-05,0.0012291887486981694,0.00020023050790781693,0.9982779821024087,6.035662970888556e-05
1076,3,0.000629750651837519,0.00011200679559450545,0.955126500782434,0.00013298612048123933,0.03822762602544746,4.815469655859439e-05,0.0008364296256561141,0.004886545301990358
1078,7,0.0027407519199356563,0.0016586092178026558,0.002507603130265758,0.09240810441195393,0.018098545345045167,0.0004929891783469709,0.8809494145980149,0.0011439821986346417
1079,3,0.0061373134228978315,0.0035164276480108485,0.9642512764425117,0.0005681718920875385,0.01424589365402311,0.0001945587239478442,0.006152289949125696,0.00493406826739518
1083,3,0.001168679188480973,0.00044759776884910265,0.9200959577187051,0.0003455133633851115,0.05457936272331525,0.0002049536999706289,0.0008457432736444743,0.022312192263649548
1089,3,0.008264639560814175,0.0018535610741297224,0.9277395771125615,0.013465480958640873,0.02637410329529042,0.00128459847283192,0.004235199277090168,0.016782840248640567
1090,3,0.04559296926017691,0.0032702484798446713,0.9365351457367446,0.002734236119782741,0.005166694201651238,0.0007644404897753301,0.0015565015950595527,0.00437976411696508
1092,3,0.00037674288252491193,0.00014385529385396714,0.8674768166965247,0.006301660709374785,0.10901276878426115,0.00017375329311015351,0.0013851704439163956,0.015129231896433814
1094,4,0.00046085956938619096,0.0004263081535809115,0.004177929126671022,0.7738862762653815,0.002572093546635663,0.0009093301238441293,0.2171521144337164,0.0004150887807838946
1095,6,0.0010704366123604325,6.51858233319209e-05,0.000577266896092703,0.0011949608939403522,0.0011824618936196588,0.9938586565874169,0.0011701259495579496,0.0008809053436801831
1096,7,0.023160095116289248,0.003036962141916615,0.01082210497923767,0.38935585861212785,0.01432093854129146,0.0030304431465595165,0.5485405688944684,0.007733028568108763
1097,3,0.0021204006483423786,0.0007580308677517052,0.9226518008569231,0.0006058898038306065,0.04643066776383847,0.0004268603854846155,0.0006933151658123875,0.026313034508017055
1098,3,0.0009535527580852763,0.00022998641705187508,0.932137603518501,0.00026313972445222555,0.053384323584912324,0.00015532651713562302,0.00032563029029095445,0.012550437189571054
1100,3,0.003633402330895482,0.0017065993833076229,0.8402876622627078,0.002461240443605179,0.07268338635650544,0.0009884921348235463,0.005404867853363815,0.07283434923479092
1101,3,0.00920664284752981,0.0012714849944622522,0.9521546950151935,0.0007220374384179088,0.018518295283028896,0.0003841551450523404,0.0015446883399461483,0.016198000936369094
1103,3,0.0006814441812205525,0.0002117221547275238,0.9263257265173112,0.0008718874015665788,0.04159885100480477,0.00023277127397702092,0.0009042536000224199,0.02917334386636997
1105,7,0.004314387613681908,0.0024336978798627415,0.0007114461961491829,0.005156996069537642,0.01779455816984335,0.0017359512587879677,0.965163227058667,0.002689735753470003
1108,7,0.0009066229233087021,0.000770248314761571,0.00011708526537430983,0.001208676830283656,0.007090824708074081,0.00048637950309022307,0.9888990042560535,0.0005211581990537235
1113,3,0.005256865172188839,0.002365947391929485,0.9268872749228092,0.01092068949787327,0.013779761931263367,0.0006204861003774767,0.03603200342592598,0.004136971557632339
1119,3,0.005986325793513774,0.029515690900438186,0.9255569696480986,0.0009258346873950587,0.01276276838208541,0.0004904521427989296,0.021679116448781333,0.003082841996888667
1122,7,0.031728490364672374,0.00834978106260627,0.007148315656817074,0.026435457298945333,0.018551715386731293,0.015093384349338252,0.8815310533504233,0.011161802530466438
1125,7,0.0005045598285819238,0.0020198543081020805,0.005404999820826945,0.0013800599392056415,0.015999919019870718,0.00014617697884190229,0.974139496451762,0.00040493365280869204
1133,2,0.00990841909916006,0.9266051502105392,0.002851939617588816,0.004702184805038579,0.005610602181501117,0.006936919835002559,0.039877659050772736,0.0035071252003977507
1139,7,0.003030650110704031,0.0023336561730939033,0.003940076063498344,0.4492253551129602,0.016002963085778605,0.0007941441325888893,0.523201354010435,0.0014718013109408425
1140,3,0.0006685578976126583,0.0008502428704797291,0.7776889375127358,0.0062011588932943,0.1682060049770955,0.00016370233502282965,0.010195642467374803,0.03602575304638423
1145,6,0.00037322651029044667,0.00024095806053498647,0.0005148403968200621,0.0012885725762454261,0.0011292531593226677,0.993702454139304,0.001882290823497414,0.0008684043339846288
1148,2,0.0003859551029378073,0.8442115854860733,0.00048341526976019645,0.00029735227012160176,0.0009252661018835938,0.00018068661732706517,0.15300408811430305,0.000511651037593351
1149,3,0.0023891786192486763,0.002049834119356519,0.3708230049059693,0.0018240811997699165,0.42878436445558876,0.0010276362135233051,0.056264705159261644,0.13683719532728159
1150,3,0.006066580447970101,0.005391602856835684,0.8484626321162234,0.005847003798331951,0.0696098193186119,0.0020441903148069574,0.023350085666446446,0.03922808548077397
1151,3,0.0019230784623491912,0.0007140292044769154,0.9546060393233717,0.0001904606918205658,0.030227957897667544,7.757487435368307e-05,0.0012520028320283534,0.01100885671393201
1155,3,0.0007838127387543592,0.00016333542155584987,0.7890779360838837,0.0005339715806099778,0.1716976139787618,0.00039728052324549805,0.0007803965312495485,0.0365656531419388
1157,3,0.0016684799323866274,0.0036003783439702993,0.9410012080123922,0.0007259702513034149,0.0353874807352581,0.0001393063325962801,0.008460763502685195,0.00901641288940808
1160,3,0.0011043575044662568,0.0006002162754106773,0.8552446902492995,0.0029847591295762248,0.08649505726322451,0.00043677396414085136,0.0012424774353940377,0.05189166817848791
1161,3,0.02448256966782431,0.003131037890478697,0.9235236871857135,0.027114158599932624,0.00636570922632425,0.000828120999730971,0.010111904352473413,0.004442812077522362
1163,3,0.0007544485237532103,0.0003936410712028093,0.9260186448633365,0.0013044636548966335,0.050367521236947634,0.00012322348882374344,0.003817446828017116,0.017220610333022225
1165,3,0.0047527480111452984,0.0019782143250361307,0.8873380333678378,0.0013060126432759593,0.029843657590773405,0.0010569284865513601,0.002760412823838714,0.07096399275154167
1166,3,0.008475055433701124,0.002933553268657937,0.8143114115749217,0.1361869624488339,0.016225950652901663,0.0024697429880734412,0.014621470839779778,0.0047758527931308385
1167,7,8.966458063283805e-05,8.893479323739904e-05,8.846360920066823e-06,0.0003181607581923065,0.0008674359342949807,0.000496823099061735,0.998077771196771,5.236327688926059e-05
1169,4,0.01178615306688368,0.002986380279093143,0.022266695080796366,0.6338787685781094,0.013024079941216776,0.0008388252422623427,0.31286647433192966,0.0023526234797081377
1170,1,0.7660626204583151,0.160463800736162,0.006190041477132125,0.0015143199759691767,0.01030159600710568,0.005911344767374969,0.04463890480956806,0.00491737176837317
1171,3,0.00146746452331082,0.0007694285759330958,0.8042996444067415,0.006965308354167376,0.14228802422078018,0.00035500979603864287,0.022864623225716158,0.020990496897312326
1173,3,0.002379342275346836,0.0015409121812722506,0.7956897614976337,0.005720313473401862,0.12326904485817651,0.0010318907805763546,0.002565242713265036,0.06780349222032704
1174,6,0.00033447436849232516,7.966584205427787e-05,0.0002827815420571495,0.00048349871192080964,0.0005001255198364412,0.9975659998490503,0.00028667220268065673,0.00046678196390820617
1175,3,0.005378749641416145,0.0008003441526889195,0.9250712416699518,0.0004497428117490632,0.04271179015789564,0.00027045402900119576,0.0012030074366913993,0.024114670100605442
1177,7,0.010290674119883264,0.0015813832192064807,0.0009390498775961404,0.04134670000812071,0.008828692674547034,0.0007701603695752803,0.9346676562875714,0.0015756834434996504
1179,3,0.0006727019373904551,0.0003544983159689097,0.8234440748131682,0.0035385923854976222,0.11404864662395646,0.00046482189465409866,0.006988751745410889,0.05048791228395301
1184,3,0.0016602612092509292,0.0010521126571152073,0.9612852179551619,0.00028903108665848885,0.02224260986959564,0.00010280067325014124,0.001939390433557364,0.011428576115410666
1189,3,0.0009915821431110512,0.00022949701966300457,0.9311950478076287,0.00016555154205523411,0.05374347295694954,8.052677249415207e-05,0.0022324522741922676,0.011361869483905584
1192,3,0.007793651071191123,0.006510444479260869,0.34515892060482534,0.008337822696567116,0.42475624091960446,0.0046568916338758,0.04691796779795154,0.1558680607967234
1193,7,0.000703780375665388,0.0007004965267961762,0.000861815301326645,0.0013008053962807638,0.003543861263260384,0.00022497832872075908,0.9918224638540991,0.000841798953850985
1194,3,0.01093314347363734,0.0009584775570311259,0.97572902016183,0.0019151993481829872,0.005377551105608385,0.00018900640769232527,0.002540972974180975,0.0023566289718366705
1195,3,0.001436866788058985,0.0008458763045878248,0.8353727891105742,0.002697252973868599,0.09879226320725143,0.0005889554273779674,0.0020390932747463577,0.058226902913534925
1197,3,0.0008701704616397292,0.0003500050883825659,0.9392427887528144,8.574095767258703e-05,0.04857091264517187,5.5065474560023916e-05,0.001726247986220074,0.009099068633538578
1201,3,0.0007826764613904546,0.0001715605060604406,0.9498232421634004,0.00014729564850921657,0.0352706149792041,0.0001290116437876494,0.00040725794200372877,0.0132683406556441
1202,1,0.4710322036903017,0.25556480033311685,0.2073975920906913,0.006102911272568649,0.012229637166209511,0.01022355434612372,0.02632872860191961,0.011120572499068842
1204,3,0.010252692659201444,0.001062822894287226,0.9702244129808535,0.005745221581810473,0.005126939180651553,0.00044362982218653057,0.0037753323938255153,0.0033689484871837565
1205,3,0.0035863734951103476,0.0014320022670498524,0.9600024531832575,0.013841566034765496,0.011800860598286214,0.0007360410118261543,0.004658432047846687,0.003942271361857987
1207,3,0.0024919952009733776,0.000764144605359414,0.8726485967099817,0.0009877424900644517,0.08966261202369247,0.0002531391727731965,0.004971421662874253,0.028220348134281214
1208,3,0.0008517817999973559,0.001358312447521712,0.9362266471319111,0.000651214925969152,0.03724360088630512,0.00013250892310832045,0.0012181853170187785,0.02231774856816849
1211,2,0.014301169395721082,0.9397623438759339,0.0007306368380461895,0.0011562171741659865,0.002016692550939079,0.001935766802899363,0.038358613878423965,0.0017385594838703223
1213,3,0.0035597310659199266,0.0008036095705114716,0.8839806770421432,0.001288090191613375,0.06946231496955298,0.0005765707640466649,0.0019901353383353702,0.03833887105787688
1215,3,0.0028300300268268765,0.001557124856779437,0.9715084114427956,0.011784981378754304,0.0052219853449131355,0.0002209346144382605,0.00311156915788802,0.0037649631776047188
1219,3,0.016353634331653304,0.011646592341827026,0.2767764650866602,0.012963031129033341,0.5319411657637162,0.00915218404528481,0.045901463812619885,0.09526546348920477
1220,2,0.004951081194922553,0.971407994726013,0.0015368653676734662,0.002754156872403606,0.004481661442603025,0.0019254426273842616,0.01050191369655622,0.0024408840724438694
1221,7,0.006083353897050622,0.004707122096849158,0.0019394227498395246,0.010543396873186272,0.021807015287078006,0.0040550210690600795,0.9411471367349624,0.009717531291973995
1223,6,0.0007542847120970536,0.000368742792740533,0.0005274202866020993,0.0005334016871130687,0.0004959127272561828,0.9963211406343906,0.000550473018570107,0.00044862414123008726
1224,6,0.001571211937602669,0.00013961262310725826,0.0005773962375042364,0.0010445859982716242,0.0012267792247007395,0.9934844704320235,0.0010130040412229403,0.0009429395055673409
1227,2,0.004429220864738125,0.9575084966651028,0.0010580030846211546,0.0010458233498789379,0.0008337118154640967,0.011604267322929436,0.02272868684485214,0.0007917900524132087
1232,6,0.0018507566153866315,0.00214081404656915,0.0017124494610839226,0.000677760627552197,0.0008023908159766703,0.9911698033925687,0.0010262695586990723,0.000619755482163761
1234,7,0.000977053721438326,0.001362640923277099,0.006410469142301461,0.0019254265763463511,0.009271841508163216,0.00018283988991668973,0.9793659863859117,0.0005037418526452348
1235,3,0.0003488304755670047,0.00016148081482490062,0.8924574173822897,0.007460054352681006,0.07884144454756112,0.00015507109635286043,0.0012770605662570913,0.019298640764466166
1237,7,0.0003494805806393171,0.00012081751114129471,9.884273466368676e-05,0.0007773656982037725,0.00022278477921005454,0.00039239136953577765,0.9979601264844673,7.819084213848855e-05
1240,3,0.0008475358006605195,0.00019718803377453194,0.9193556812013356,0.00018735529641658827,0.06456384249236394,0.00012840274374048246,0.002812809761471608,0.011907184670236892
1241,3,0.0008955681566812051,0.00013107497199278494,0.9485418919066773,0.0004683063145338595,0.043503147499335114,9.858663443711701e-05,0.0006248673911335024,0.005736557125209111
1242,3,0.0008375162533406668,0.000190595454433689,0.9290519138198445,0.0005074457809351952,0.05547530074591642,0.00020951666546994987,0.0012857495654777556,0.012441961714581227
1244,3,0.002453613088382266,0.002072755491071313,0.98003120667016,0.0005861022168773245,0.007740054146091842,0.00013741934580206112,0.004845713470646815,0.002133135570968194
1245,3,0.0016417212365529381,0.005994260956062801,0.5695350137001516,0.0035827393812346018,0.25932901618586146,0.0006655484292689648,0.046905139398298656,0.11234656071256878
1246,3,0.002325826354999822,0.0002492820587386542,0.8643188425830823,0.0004301380882587849,0.10052659843997254,0.0004070352745121721,0.0007611259574250462,0.030981151243010974
1247,4,0.00048712283758348975,0.0008545922172585455,0.0021809971330576487,0.918733832641073,0.0011358276836495528,0.001309915759865218,0.07478394861410988,0.0005137631134027147
1248,3,0.00043454253299401833,0.00019832498940664848,0.8999074205162368,0.00315250799940543,0.06750945596419766,0.0001615010941853819,0.001215259505414671,0.02742098739815921
1249,7,0.010409963532302528,0.00931425376071792,0.01506953676852564,0.18368901529108184,0.0377915630507782,0.005325649200374406,0.7285977139719544,0.009802304424265275
1251,3,0.002471999851961064,0.0006245612505019033,0.9208408645219173,0.0007301045245425802,0.04268084848886717,0.0005093813863272056,0.0020946797915182475,0.030047560184364497
1261,2,0.006259060354428915,0.8483894118397407,0.0008184583040495418,0.0009573859057098818,0.002054710425661024,0.0005228284634094933,0.13978967241646778,0.0012084722905326493
1266,3,0.0003887730886238333,0.0001564238188911807,0.9575916663591383,0.0027039368528431413,0.023753210324902584,0.0001274695226398337,0.00037851723648998686,0.014900002796471147
1268,3,0.0007335344884581177,0.00025017916199310015,0.8791880310467529,0.0018586607453872739,0.10500215346273162,8.14022963755743e-05,0.00650401100461958,0.0063820277936820075
1270,7,0.002048573518785432,0.0007991665511000771,0.0005167522109633898,0.004967785396906698,0.009354311321584262,0.00042555944498093404,0.9810032295121364,0.0008846220435427372
1273,3,0.0008717037665142128,0.000345800434279553,0.9703487996751333,0.005717523677137718,0.01681771238458226,0.00013990040861245286,0.0007325960996660635,0.005025963554074589
1277,7,0.0011522612412894313,0.0009054597042460833,0.0004796957934318776,0.0015399181366037634,0.007190437449042305,0.0006547326895897926,0.9863715591742028,0.0017059358115944514
1283,6,0.003911021809663535,0.0010020123395442439,0.0015959135109162473,0.0068839356162218425,0.005700484199345147,0.966378560893172,0.011073583417854013,0.0034544882132827902
1284,5,0.006175575407437802,0.02448139224533108,0.055992300662838765,0.007807373530300911,0.3751476434198962,0.0025176129186973944,0.49433641919826216,0.0335416826172361
1285,3,0.0019114429304080516,0.0012332332425650247,0.9266254096335365,0.00036772572402321763,0.0417904820510262,0.00020561731445021696,0.0007405562501250092,0.027125532853865694
1286,6,0.005509360304232195,0.005679193087539309,0.002257444349405548,0.0008278361157556119,0.0007288727864949322,0.9831226335085809,0.0012365288618264002,0.0006381309861652273
1287,1,0.5781279549148305,0.12312994852057646,0.17880901065828503,0.009477896131023919,0.023269269117780465,0.03132735590047601,0.037539999320936844,0.018318565436090797
1289,3,0.0007310988130750401,0.0003700758203309113,0.8715202794442058,0.001372605070001389,0.07360431280056451,0.0003570236090558229,0.0018955352857121578,0.05014906915705457
1292,3,0.001558851811017913,0.0006268758281986659,0.9763985681317877,0.001451878291284038,0.014441683115965071,5.9524895167056686e-05,0.0021799307898312157,0.00328268713674867
1294,3,0.000507097217457378,0.00016868445662329172,0.8891171451300013,0.0011992560869581433,0.07916544025133282,0.0002425414370789186,0.0006832993039117001,0.028916536116636325
1299,7,0.0013216026352888442,0.0005600791684214346,0.0023120937644202397,0.4414047496267108,0.008859764158101408,0.0007290083685409844,0.5437334689042551,0.0010792333742611863
1305,3,0.0014773139176448753,0.0006732019609894991,0.9313884646700813,0.002037429639214273,0.04681907667248466,0.00023165479578994097,0.0027777826311322753,0.014595075712663228
1306,3,0.0024768162830749916,0.0003975680249169711,0.9699853226490373,0.0005740657887417121,0.01484757123908122,0.00010374172154412852,0.0006511971564953917,0.010963717137108187
1307,3,0.0004073451840855537,0.00028232687567738483,0.9650265033525433,0.010511884249117854,0.019286402565352523,0.00015498505735563246,0.0013347601771750356,0.0029957925386925174
1310,3,0.0007570780884582886,0.00022747333080194897,0.9468101173794264,0.00014935174740019364,0.04065257424515728,6.15522233600982e-05,0.0006494164369727102,0.01069243654842343
1312,3,0.001095594320600192,0.0005077480173397953,0.7212709549001575,0.0009678188806016929,0.24692301638556238,0.0002588514669945983,0.001520662223070746,0.027455353805672926
1315,7,0.0008837016666096776,0.02300404719648454,0.02363092630409563,0.002832771357463664,0.006968720998055614,0.0004455242988135022,0.9413606753750015,0.0008736328034762046
1316,6,0.0003885639183118644,4.0976040176981474e-05,0.00021005694119645259,0.0004458167399587084,0.0005135775475850633,0.9976684327154626,0.00028716542325863,0.0004454106740497316
1317,3,0.0012988929540919633,0.00034849811180273963,0.9136912965082504,0.0012670887814864953,0.04660950495303436,0.000363411502086669,0.0005231376021409843,0.03589816958710651
1318,1,0.9428734363661571,0.0190421875149076,0.0040901476387602085,0.0022341592203327766,0.007559095702095354,0.006132910365479984,0.012453120860454034,0.005614942331812969
1323,6,0.0009380129665422054,0.00030354808315859644,0.0005671003662207443,0.0021544629437515997,0.0017996199097419449,0.990695745357447,0.0022682800577300383,0.0012732303154073274
1324,3,0.007120149899699754,0.0045355201170016015,0.8062155399750472,0.009682467960063178,0.10401470813922013,0.002308355749224976,0.015767354070833187,0.05035590408890994
1328,4,0.006338264640359638,0.0011237377873406795,0.007176293934165567,0.8268734659118155,0.004839433661583385,0.0036705321441707754,0.1463831036930148,0.003595168227549589
1331,3,0.0027651290149330186,0.003681928551214817,0.9295063449123024,0.0033517773684760845,0.037019923571331714,0.000355884130800109,0.002879353187844844,0.020439659263096942
1334,7,0.0018316503704749265,0.36083776581019406,0.0027272881796717796,0.0007833002390456624,0.001325972056632091,0.00042880238360377255,0.6315299487685315,0.0005352721918460746
1336,7,8.899981394685832e-05,0.0005011857499860255,0.001381611402014057,0.00015277136757826237,0.00294198899034429,6.417953032756734e-05,0.9947764300549913,9.283309081192409e-05
1338,2,0.014989313274658923,0.9547034500155657,0.0029367124447676734,0.0004089611293060056,0.00046391470602333886,0.021132853745731518,0.004932255065759896,0.00043253961818704047
1341,3,0.015091389773734918,0.011160615122193535,0.9105475331042852,0.0005197004054670165,0.031501780773164116,0.0005704134075458335,0.008025158629498678,0.022583408784111164
1345,3,0.005064587858013509,0.022402625526594527,0.7701260877322462,0.01769980803338722,0.0661288581231451,0.002997576801651868,0.10805549299644233,0.0075249629285197
1346,3,0.0018620489324244584,0.00044115509172041575,0.9637870623235051,0.0001743185674920699,0.024296096481357395,5.9293764923850256e-05,0.002147465424055821,0.007232559414520501
1347,2,0.0015083560235627852,0.9507304714088484,0.0004768338974869284,0.0007246568243959781,0.0009014657588673937,0.0005834936421952598,0.04409230988514369,0.0009824125594995194
1352,7,0.01565474953145694,0.005797342819990811,0.007775933373048861,0.1793736296027819,0.03335808183979624,0.005560701723098689,0.7417748258821968,0.010704735227629726
1355,3,0.0006309585534093471,0.00023634938567508202,0.9349924627852385,0.003155972968000858,0.04573484138075913,0.0001230255416014208,0.0007995772095044184,0.01432681217581155
1356,6,0.001305223597048072,0.00016096639307728287,0.0005853226272165505,0.00046046057077401485,0.00044370659399139387,0.9961732068886322,0.00048652849144480164,0.00038458483781543356
1359,7,0.002734280386032077,0.0012938350838548334,0.0008369108537378535,0.0037923514844667282,0.008863237819887383,0.001232291398408467,0.977368259541103,0.0038788334325097133
1362,3,0.006052325901320916,0.0025632394470838918,0.8577922247042774,0.001822819863306783,0.027267193197230664,0.0014696517388847758,0.0030766675205796444,0.09995587762731595
1363,2,0.001696183841492892,0.9494548118593853,0.0005316603733497984,0.001447128612494537,0.0025773187133496067,0.0024548975066427123,0.040162339371121625,0.0016756597221635656
1365,7,0.00034805412560304016,0.0005280095684932904,0.0003234703926187444,0.004342353166987521,0.007472264055882536,0.00033215350521233715,0.9862920270967346,0.00036166808846776127
1366,3,0.0035577444777456883,0.0011494716556220055,0.8447177778308946,0.0008229443995458641,0.07648399051657469,0.0006207180041296888,0.004049584284291518,0.06859776883119668
1367,3,0.03814080172275415,0.01189103486137682,0.940906934634832,0.000475451387530735,0.0030033797300480242,0.00019441714068108617,0.0031441955769141647,0.0022437849458630307
1368,3,0.0017936681940170225,0.0004852687583619196,0.8757784924099237,0.00020858854632769852,0.08957129281867013,0.00017085622068891071,0.0019827772682672155,0.03000905578374351
1372,3,0.0004316864435239738,0.0002758063284913139,0.965448044437546,0.005759786962646211,0.021917099553005852,0.00015289204746390118,0.000905374426415241,0.005109309800907035
1376,3,0.0011675496037089387,0.00012879448756851315,0.9667825495660773,0.00031821651490019666,0.024203251547755288,8.851012544057139e-05,0.00034209940610772634,0.006969028748441199
1379,3,0.00034101499163065904,0.0003912663894680231,0.9099863003137387,0.013329429854546574,0.05770662320604518,0.00013359953649539271,0.008421236789882538,0.009690528918192682
1381,7,0.0005212759938266615,0.00019610872107128538,3.801081482650499e-05,0.0007266110555777598,0.00014486769179159744,0.0006913400799744013,0.9975864028094839,9.538283344819691e-05
1383,3,0.001754318402153622,0.0002944610527447832,0.9485773223053526,0.0004841741132003799,0.03562147592513187,0.0003007874977803666,0.0004083059916163768,0.012559154712020092
1384,7,0.0009460094547191159,0.002716011770686269,0.00039351339607372613,0.0008027257342264792,0.006215031088901252,0.0006835706093159271,0.9874150467564707,0.0008280911896065375
1385,3,0.011752435296396016,0.005158280683854301,0.6737957722099487,0.007357070975866119,0.18661611875279804,0.004246167147029817,0.014767975504870388,0.09630617942923635
1391,7,0.003236483343259007,0.009149464534706477,0.28823573156705545,0.04922934138865159,0.043476553091576144,0.002169142480217634,0.6001325235347713,0.004370760059762224
1394,6,0.0038790035548402547,0.0008217125776439588,0.0010790757107375418,0.0006258285799623531,0.0006408582873949711,0.9916345921581751,0.0007177231799555902,0.0006012059512902667
1399,4,0.003210883121501526,0.0013362030027869124,0.005953232851134732,0.8544833554006205,0.004903156541247388,0.0035531436447120684,0.1222505923857002,0.004309433052296786
1400,3,0.0015793725410636328,0.0007819349635264952,0.9720472057958359,0.00037024667445756783,0.015084285211071921,6.934058849535353e-05,0.0020899394657918455,0.007977674759757204
1407,3,0.0033852031716499927,0.000410868574677073,0.8529950112739361,0.0009027987600062996,0.1074379749237412,0.0005225597844675445,0.0036503029440322415,0.03069528056748953
1408,7,0.00032587118131675256,0.008332359852015218,0.0005828608355009082,0.0003259483268616846,0.0026730443487103994,0.00027897239569174537,0.9872333134975717,0.00024762956233183536
1409,3,0.000659686193619929,0.000272597947911012,0.9326325791867847,0.00024208078952445123,0.04730406500343257,6.59456284096932e-05,0.0005619634053275555,0.018261081844990066
1416,7,0.0007620011877334252,0.00023703407280240718,0.0006011349765824435,0.0007385392130326964,0.0087396089798807,0.00079157112912918,0.9877614217324877,0.0003686887083514272
1417,2,0.0009066639251175682,0.9798992089237976,0.00033573786811569593,0.0010909607855798678,0.00236806431851396,0.0016061162604693606,0.012372713861581213,0.0014205340568246283
1422,3,0.0023394749102870994,0.0006519146024466377,0.8994748228191046,0.00038686874408084274,0.06351048864982507,0.0003321773276705082,0.0026855056479577386,0.030618747298627434
1423,6,0.004785022530354005,0.0034916896795105226,0.0005927992319185356,0.0006229881823009856,0.0008560230553510154,0.987972428457678,0.0008763706372576581,0.0008026782256292391
1425,3,0.0005333346304610113,0.0005600551514486118,0.8022436301082985,0.03496395472526073,0.05252121776324102,0.0005054332203140701,0.09908629797037805,0.009586076430597371
1426,3,0.004629788182765927,0.0012459970481716101,0.7330040668668107,0.0008218368719879965,0.18339317140230965,0.0006841727297773576,0.006663474257198658,0.0695574926409784
1431,7,0.015169077353294216,0.011222427140235624,0.007566375860416631,0.02240942977579949,0.022382259485053662,0.00469199798250515,0.90920718457802,0.00735124782467608
1433,2,0.006683732323471678,0.9308337241810003,0.0018692706880327834,0.0032715588296522635,0.004486091957233626,0.00523583928139731,0.04477080137505775,0.0028489813641542888
1434,7,0.00016385527224531778,0.00015121301347646824,4.220430456875649e-05,0.00020092751296019385,0.001151799507576382,0.0006079555791449345,0.9976049698508089,7.70749592190152e-05
1436,7,0.009238446033438085,0.01230717845824874,0.00649632379269651,0.022941779110140482,0.024896536123118464,0.005591430509480136,0.9113013151065389,0.007226990866338606
1439,3,0.001261769911221315,0.0006722112195501426,0.9567992338060229,0.0003100952872435562,0.025059987110591073,0.00011750491493392875,0.00046415622287722104,0.015315041527560034
1440,2,0.010953683798132097,0.9227830613834639,0.0008728930052333119,0.0010399812110244554,0.0024569328264525056,0.0011050697082128317,0.05941817147399582,0.0013702065934848287
1442,7,8.001459870868405e-05,7.640219033369843e-05,1.0402010176601547e-05,0.0011096880978047788,0.001350895385908959,0.00042762097880811396,0.9968896811424213,5.529559583792094e-05
1443,6,0.0008350242928972651,0.00037720747333744027,0.0005133111368092105,0.0007568296183208974,0.0007602725247232078,0.994898541000599,0.00116903864505245,0.0006897753082600112
1444,2,0.005660520764075386,0.965063992851627,0.0013518227462977258,0.0002691143998119067,0.00026299040501730735,0.0005694279841586884,0.0265228567704778,0.00029927407853427656
1445,7,0.0022223929319218354,0.012164012147372394,0.001093142636376179,0.0014354833697958122,0.006128263182683524,0.0008008583151476381,0.9750571536520369,0.0010986937646659054
1446,3,0.0008213240924747636,0.00023762487214354762,0.9204237232413541,0.0001906803914683499,0.06240415729680787,5.548826573587621e-05,0.0014716136219396268,0.01439538821807568
1447,3,0.0010391511041655246,0.00047765720108731643,0.9045950335597067,0.0002962230850365556,0.06827113494443657,0.0001657664503740245,0.0007079014372232319,0.02444713221796981
1448,6,0.005938610205733266,0.012159572537041578,0.0012688729571209679,0.0007640546048369723,0.0008737596485409343,0.9769121038627867,0.0013392527092020204,0.0007437734747376871
1449,4,0.002027451344725162,0.001991420166772792,0.0015635506557878287,0.9060437956721334,0.006615286076400288,0.002379293142426954,0.07364948870601773,0.005729714235735825
1451,3,0.005339320606997721,0.0014328653547326935,0.9711981931468269,0.0020317269731588245,0.013275417002033768,0.00014980971630149104,0.002797387945980816,0.0037752792539677287
1459,6,0.00020758742282707453,0.0002466808411776162,0.00014434188219389162,0.00045651362829839484,0.0005546833231701076,0.9976514122678382,0.0002581734955477026,0.0004806071389471652
1461,3,0.0020154094795121827,0.00048431684323000317,0.9677950759292442,0.003746481451738304,0.013681477217111642,0.00026126599209786935,0.0004704247207081465,0.011545548366357716
1462,6,0.0011811815944707098,0.0005335981697547979,0.0006372986339633105,0.0010313973391522378,0.0009389930806758687,0.9930958166397869,0.0018395471277395806,0.0007421674144560232
1464,7,0.0005062690404778743,0.012277514416395826,0.0003767633614135157,0.0006099767429960659,0.0019557466210267413,0.0003261640078665534,0.9833462888422693,0.0006012769675540992
1466,3,0.0013190042480481917,0.002059074358436571,0.48778349976993174,0.00418491678761752,0.44565160892605876,0.000582388383692458,0.004291234133408076,0.054128273392806556
1467,3,0.0013007090339239888,0.0010044704897970336,0.5826060345498503,0.38177957072248814,0.014535409413297564,0.0006282016808839737,0.01623159385946514,0.0019140102502937756
1470,3,0.0039011169421477618,0.0015629639834553277,0.9634306238278234,0.001845871329632871,0.019924794878039696,0.00014278600972404278,0.005939596810791448,0.0032522462183857785
1471,3,0.001967582468247345,0.0008637913501797972,0.9225464609022774,0.00027163328228881355,0.057280903125728345,8.181094868732059e-05,0.011925956578123302,0.005061861344467505
1473,7,0.0002692726201765676,0.00032202804242683643,0.016348517660172292,0.0020296641369731165,0.008804166061586412,0.00022293554337649157,0.9714922777174944,0.0005111382177937728
1476,3,0.007415258838830017,0.0006852610425203888,0.9847645191182682,0.001413877443990857,0.002381356718168283,9.672989728517559e-05,0.0010617075639318962,0.0021812893770054563
1477,3,0.0012194070764106283,0.00020673634725370375,0.9293472326440202,0.00023231739929435705,0.061625977490545,8.768814620042861e-05,0.0013565303928233209,0.005924110503452173
1478,7,0.0012657478165906584,0.0009404590578089435,0.048897292679636856,0.1920723464921965,0.006217280720455525,0.0007152083204965351,0.7485971566153315,0.0012945082974830202
1479,3,0.0007427123622997724,0.0004908122286811904,0.6085689043786571,0.36666911792266443,0.014288093957953416,0.00035337443221297634,0.005601654396500819,0.003285330321030377
1480,7,0.0007399218325762867,0.03424431458642215,0.004434662048159537,0.0004417889418143415,0.0025043056042749266,0.00023615517734596,0.9570393448826798,0.00035950692672707295
1481,3,0.0011943593209162498,0.00032567301185731625,0.9488683830668652,0.0010737108924819612,0.03779377441239939,7.12165641241006e-05,0.002581714008969954,0.00809116872238606
1487,6,0.005569712717004505,0.0005094119671128883,0.0010424171816827193,0.0014580328263464003,0.0014613904161666748,0.9864480012918332,0.0023106561159704875,0.0012003774838831001
1490,7,0.0002930011246292718,0.00032514299010942397,7.318095268873674e-05,0.0002750099931700545,0.002868122954093027,0.0002448484154600093,0.9957659591800535,0.0001547343897959804
1491,7,0.003251110068108517,0.0011159055500423547,0.020904648709299086,0.06967901943815165,0.006819202714068308,0.0006696441369250347,0.8961236006853271,0.0014368686980777041
1492,7,0.00021141657569351025,0.00021083000273535576,0.003446859478962014,0.010535586789219354,0.0007211955846086677,0.0002479863290939421,0.9844570094167306,0.0001691158229563141
1494,3,0.0005101865963802991,0.0005198591711116331,0.8580689439632341,0.0035215797505376047,0.08675354317283306,0.0003643268858375332,0.027509067571864845,0.022752492888201012
1495,3,0.001448953240102254,0.000568258858832882,0.9663257119913947,0.005468890855424707,0.019802216319082768,0.00017776592587340746,0.001261285108537856,0.004946917700751277
1498,7,0.007641997826329525,0.0014632680946322868,0.0028199389900378812,0.018583566081740097,0.00949848485940854,0.0005821685524455372,0.9581213568240526,0.0012892187713533277
1500,6,0.003102346441320018,0.0004798301188859776,0.0006327010696507431,0.0005555375517375117,0.0005435186731939534,0.9926289774230684,0.0016013780226080115,0.0004557106995355308
1504,7,0.0005293418601621953,0.03766945956205682,0.0075921741549819215,0.00020092382311067932,0.0033013803415717588,0.0001247469824117812,0.9503324674917826,0.0002495057839223136
1509,7,0.0003425535572102369,0.0005769971715864113,0.00015530675157522032,0.0005058755064282822,0.004081441652221185,0.00020263477033165736,0.9939154708039479,0.00021971978669907738
1514,3,0.0004275344001402739,0.0001547432704890708,0.8948350434398433,0.0009590851712345066,0.0731249568675791,0.00018553334491231959,0.000583871142068817,0.02972923236373273
1517,3,0.0006892847440045004,0.0003289819474980857,0.8713846905417392,0.00021951815293552536,0.10200466960322632,0.00020858703868019654,0.0005131162014725847,0.02465115177044376
1519,7,0.003078641150862403,0.001315479958856317,0.0030209600932436294,0.014672551710429613,0.00934019018513856,0.0004433477171590009,0.9671847809047075,0.0009440482796034028
1520,3,0.0042311917689202205,0.0009062595294203108,0.831173723186216,0.0006983491209250767,0.13463889991863523,0.0007048590336740246,0.0030750466744111755,0.024571670767798048
1521,3,0.002126446565555854,0.00047878374139326654,0.9061113956231428,0.00036795078031436626,0.0682442268500574,0.00022593790294740028,0.0016626480224968512,0.02078261051409219
1522,3,0.0005775049147090788,0.0001322138894048437,0.9161004653510042,0.0024349176044318175,0.059114997477572935,0.00020919165100344598,0.00040313781067480693,0.02102757130119893
1526,6,0.009812347428913147,0.0035230071158241843,0.0009384350821813052,0.0007887016043022713,0.0009297323418405298,0.981868523890717,0.0014223420158127086,0.0007169105204091986
1528,7,0.0003875184348254618,0.0006294716315734621,0.0001610263333338784,0.0015376343931008433,0.007234141054978292,0.00043702682869056715,0.989316578750792,0.000296602572705341
1529,3,0.004682720655766671,0.001146448176718037,0.9788912144595987,0.00284604968616172,0.0042575869336861335,0.0003334664451140733,0.0006405509798625977,0.007201962663091723
1530,6,0.0014095552762338833,0.0005869582289096279,0.0004790082771412355,0.0006394796943838785,0.000845278865127094,0.9947013104834044,0.0006456964678080213,0.0006927127069918243
1534,3,0.0012601538576339356,0.0001665440919022119,0.9442165248528517,0.00047993746174109696,0.048164870535849384,0.00017523283319617857,0.0005572270134009497,0.004979509353424633
1536,3,0.0007872759831295846,0.0002632649543619675,0.9447671685758074,0.0003312730169518686,0.04150807637799463,6.777337373535175e-05,0.0005644750694268008,0.01171069264859192
1538,6,0.0009914791107454334,6.426826946590897e-05,0.0003233248435081868,0.0007914111172973021,0.0008533117671769592,0.9954042817514921,0.0008691572671578033,0.0007027658731563818
1539,3,0.0016446550396160336,0.0004696354562843311,0.6977177198824374,0.0008676546388615656,0.09839444048272501,0.00018817436398216178,0.19802819809198605,0.00268952204410772
1540,7,0.0054636797036251164,0.0029393234639836585,0.0021438190073554578,0.11583191769427824,0.017843338451920168,0.0011295887279880374,0.8525824474619988,0.002065885488850691
1541,3,0.006948049962936615,0.0011433096187455998,0.9514620511489127,0.010911544862231608,0.014839976609645927,0.001372923146315921,0.0013763488952131708,0.011945795755998943
1542,3,0.00048156641394389956,0.0002499133205868005,0.9163831601248634,0.011244080933729736,0.050913721913165566,0.0001651237015510639,0.0011562981743804795,0.019406135417779198
1543,6,0.004785965913004293,0.0007690084884441836,0.0012203590234311458,0.000874177445304344,0.0007635038086889361,0.989700786834688,0.001174659065450217,0.0007115394209887768
1544,6,0.0012549009721058149,6.636876697918069e-05,0.0006439658029526873,0.0005611677331394447,0.0005292316591198464,0.9959850668877773,0.0005080519475774309,0.0004512462303485753
1546,6,0.00536820744632394,0.016887667797731362,0.002123087348373524,0.0011563605662987695,0.0014232631041040617,0.969689373667848,0.0023388556372055873,0.0010131844321148238
1548,3,0.0010031857763442814,0.0005805213728823367,0.9736260050006814,0.0011240967114426075,0.011923930420345126,5.687228603327895e-05,0.008744436209631362,0.002940952222639946
1551,3,0.008971629350330568,0.0010946039487852945,0.9510851123991919,0.006418109422514132,0.011004550606612838,0.00150101951133054,0.0008944416598326957,0.019030533101401965
1553,7,0.0014217249511914974,0.0007956453263242859,0.0004929109237623613,0.0025614408670203946,0.009735338616652132,0.00036266131699951254,0.9841135445404424,0.0005167334576071801
1554,6,0.003250238927105292,0.004275487809991448,0.000589614683709212,0.0006335332555415104,0.0006835517553935595,0.9888166586660583,0.0011758523537367495,0.0005750625484641047
1557,3,0.0010985993708294702,0.000421483572527038,0.8156819121611698,0.0014168645697234697,0.1513446358383383,0.00023338390921815922,0.0016752629225739867,0.02812785765561986
1558,3,0.005305334799706945,0.001249273999965809,0.9430601271320479,0.0005382548654209822,0.02838557006723974,0.00043964836632766547,0.0015451325421427728,0.019476658227147916
1559,7,0.0004067473285837847,6.090980519185836e-05,0.0006239243645450752,0.0011241045468387244,0.0004969694799332494,0.000267560829027827,0.9969521576714868,6.762597439304451e-05
1563,3,0.004056667498889462,0.0008616065830574049,0.6731513018469474,0.00033144175896368885,0.29502934108652706,0.0003458375386517394,0.006851756916734426,0.019372046770228777
1564,6,0.0003214029567081332,0.00041602333614690877,0.0002919862335112154,0.00039212906007692446,0.0003981308975608919,0.9974912696197515,0.0003065881508121943,0.00038246974543198445
1565,3,0.0033285362954906905,0.003640794492682414,0.8403833312387904,0.003895007667345625,0.1053025284600764,0.0014064832922081627,0.019614170269296162,0.022429148284110193
1567,6,0.006981140731675625,0.00037504065259842976,0.003916443304229322,0.0016162832799596853,0.0014641463680147323,0.9827412265346748,0.001805601954797062,0.0011001171740504187
1568,7,0.0038370820511064063,0.0016902986491686954,0.0008264776542996487,0.02248982576723239,0.012694853889186073,0.0011621548314131788,0.9551484920004523,0.0021508151571413255
1569,8,0.005337886362908213,0.005740714879733379,0.16454782222268943,0.007122988474695187,0.1314303641561328,0.004066555999802445,0.02034861156575902,0.6614050563382794
1571,3,0.0018419660916828772,0.0008248074212702331,0.9053743596855137,0.001519684815351703,0.049414083274080305,0.00045807619391948753,0.0022684727263089944,0.0382985497918725
1573,3,0.0021132197159330086,0.0009410789957018463,0.6157257782316488,0.0006808617972726751,0.26478167810102726,0.0005728943851433032,0.012048598921462253,0.10313588985181106
1582,6,0.00041760119198818113,5.164005964727434e-05,0.00020401184901163675,0.00039681284520229343,0.0004086535586497261,0.9977944325537796,0.00035239260849928794,0.00037445533322204056
1585,4,0.0001021629936330078,0.0002989711569639365,0.002189980211459444,0.9892748761813873,0.0005994617025024319,0.0008740202917434677,0.006358089072253803,0.00030243839005642567
1586,6,0.0007081699446364505,0.0006319301364910609,0.00029798865512721675,0.0004417619461618099,0.0005353169958127297,0.9963602719573756,0.0005840116350830345,0.0004405487293122402
1591,3,0.020511463104862928,0.00224317757822283,0.9480849834250881,0.006352351219890687,0.011457158523121869,0.0008487879680039885,0.004536410839548528,0.005965667341261222
1592,6,0.003777014449654796,0.0017922417007974923,0.0017887860044422425,0.0007607739443350578,0.0006696012332410875,0.9896193358654233,0.0009207659070827013,0.0006714808950231397
1597,6,0.014732822920947835,0.012718234714479046,0.002508084535554746,0.0010921357375419526,0.0010524358187913561,0.9638907790813477,0.0032153697699289384,0.0007901374214088528
1601,6,0.005907159366068531,0.00017459222312990862,0.0014137564526060405,0.001637829900835448,0.0011609078157034795,0.9862705737185331,0.0024814045993016873,0.0009537759238218765
1603,7,9.377246078176272e-05,0.0011340717218321504,0.00047482979416679934,0.00015014454021832337,0.004140276963877127,7.212015459974058e-05,0.993815072204638,0.00011971215988579541
1604,2,0.0005463779127260625,0.8745385317906345,0.00017615084377658454,0.0005127986740759346,0.0013935749381946852,0.00041888271153887576,0.12133345251289455,0.0010802306161586679
1605,3,0.0008598106387395978,0.0006907986468684261,0.8804012059275028,0.04465301448230468,0.05687342552303341,0.0005005293837744714,0.0016714422956927587,0.014349773102083905
1606,3,0.0048199353551094375,0.0037619481254707195,0.8399416606059851,0.0038841422485280885,0.10121309508150375,0.0013441082822824792,0.011735357468668866,0.033299752832451214
1612,7,0.0006281874537036257,0.0002886727942830195,9.322916855593222e-05,0.0002858536460544757,0.00012835254788448323,0.0007621434051110457,0.9977107360519045,0.00010282493250253895
1613,4,0.003447352172732064,0.001566329550349756,0.001701896163334877,0.834591903673234,0.006110165500583471,0.002383808821931339,0.1456879594349121,0.004510584682922447
1617,3,0.0017790703869949227,0.0003979411711728344,0.916350725188499,0.0003613332477224871,0.05744258119465795,0.00018844548971400302,0.0006089646756391556,0.02287093864559966
1618,3,0.002222000414542509,0.0018866173068780375,0.9532220853374959,0.0012405447915080116,0.029695898150269916,0.00011568099665549875,0.003029909429301523,0.00858726357334825
1620,3,0.00494614953189508,0.0011608962479493009,0.941781837435408,0.025154410143019952,0.019394216239730665,0.0012320873228544612,0.0025142236199074846,0.0038161794592348787
1623,3,0.0006708755439891881,0.0002218321630857707,0.9049437939139057,0.006476823787281902,0.06242131258544044,0.0002495818944124858,0.00044627312359073044,0.02456950698829374
1624,3,0.017880272777761955,0.001810797048380327,0.9624090928883725,0.0038185531857595134,0.00611208227754696,0.0008140436023446719,0.002085455515276709,0.00506970270455695
1625,3,0.0007434709934557665,0.00020250345022440464,0.9090621422360042,0.0010266038274668533,0.056417304921448426,0.0002358346005704,0.0004915243811532804,0.03182061558967644
1627,3,0.00759411980552923,0.006092070200207491,0.6014115548467344,0.007110139639234149,0.23719643854350264,0.004227565451682899,0.018158971698316703,0.11820913981479333
1628,7,0.00019993872953095673,0.00011148723136575307,0.00021139514871094654,0.004821315743623538,0.0009069935741209846,0.0002135420706509672,0.9932094408793543,0.00032588662264250044
1634,3,0.0005774795025108778,0.0005882754731593829,0.8876717026300641,0.0011354528396728995,0.09270597689304211,7.373030192477126e-05,0.002844657675554611,0.014402724684071482
1636,3,0.001654045321562321,0.0002031211549647559,0.9744757738287458,0.0004838428907720933,0.017831291676614416,4.265986930254984e-05,0.0007548189726826167,0.004554446285355702
1639,3,0.004036360614737926,0.0018857263590992713,0.9373648515833468,0.00020591423988645984,0.037360888506330334,0.00018431148828613436,0.0023925839255741423,0.01656936328273906
1641,3,0.000947524539547072,0.00016937900535003798,0.9435015914471065,0.00021627545321966228,0.04253294459538256,9.944838923438496e-05,0.0004315651934691318,0.01210127137669069
1643,3,0.0009096119136489463,0.0003950591528372514,0.8194456176858942,0.0009668095102417213,0.14324372974417218,0.00022085862683631966,0.0015712437030907544,0.03324706966327873
1647,6,0.0008885352541806048,0.0028797854112580204,0.00024886159522440076,0.0004900503094151844,0.0006671512534509057,0.993298619541719,0.001002751894546681,0.000524244740205187
1648,4,0.00038226453839075136,0.00037629349992953937,0.01142590598129412,0.9362124141171803,0.0019486134898453235,0.0005519618827790373,0.04867687554138014,0.00042567094920105023
1649,3,0.0007259850636320334,0.0002760352486629107,0.8759488508289038,0.012028321398995259,0.0824858582420026,0.00047955460190997725,0.003670342127733118,0.024385052488160038
1650,3,0.0006658406366958922,0.0003494805066627012,0.939564472056394,0.0003906261135697808,0.042815329880064854,8.179131968318477e-05,0.0004361223954159132,0.01569633709151396
1653,6,0.0041446242871281186,0.0003498212219259698,0.0015673657616543468,0.0022934922199433216,0.0017896754506768137,0.9839000677193901,0.004628085763523826,0.001326867575758047
1655,3,0.001616881266836775,0.0015567239818877732,0.6577291450473046,0.14038140303426933,0.14531720336736442,0.001266925017204538,0.037362787336202706,0.014768930948929813
1656,3,0.0014957829534286845,0.0008702564484164778,0.8488634918193634,0.0028510457598336946,0.10175297929023906,0.0002933262479439007,0.0042682396142887605,0.039604877866485894
1657,3,0.006394670759375213,0.0018319660219790694,0.965960627034034,0.0004690020423142294,0.012995953297710798,0.00028395647669354974,0.0010993756037960373,0.010964448764097325
1658,3,0.002028899652078062,0.0026487649822643103,0.6548344062134239,0.002429190921489879,0.2639110525863337,0.001108031795350936,0.008992332525829717,0.06404732132322931
1660,3,0.0012784809277758718,0.000753515062929131,0.9673373648040893,0.0010213330973566214,0.018693891434179797,8.572556375221865e-05,0.0007325569434813705,0.010097132166435508
1661,3,0.002058956486681288,0.0013554278974501753,0.9013971371236043,0.005440388799844689,0.07121418000709331,0.0002167297610947822,0.010885287646659117,0.007431892277572294
1662,3,0.0018584381821394006,0.00038936452753971504,0.8935658497971731,0.00024382928149326111,0.08606962555421604,0.0002609213984924956,0.0016007744810463411,0.016011196777900128
1663,5,0.013741284156337207,0.020038009830813282,0.017271103412179436,0.014438767700056507,0.6443491846600696,0.005811094347449181,0.10843629813366336,0.17591425775943173
1664,3,0.0014567606001962038,0.0002599921501737488,0.8566076978585347,0.0005500553556611311,0.10578654512759329,0.0003165709415380199,0.0011682745757765288,0.033854103390527114
1665,7,0.0066922691673890165,0.0009734973552760209,0.01510652503777628,0.002324414484852023,0.0051885525833570735,0.00037176434546646117,0.9684210837470025,0.0009218932788802993
1667,3,0.0028428412806330884,0.0011479588117745828,0.9488530657759032,0.00028035364645857136,0.030200617638003014,0.00018129380190109803,0.0028913263086900133,0.013602542736636471
1668,3,0.004318522447641307,0.0012492895793764789,0.9768760613624204,0.0002573308229293934,0.01088013946890034,8.706398044598284e-05,0.0018120913474089192,0.004519500990876813
1671,6,0.0030560225764026997,0.0006659925184729806,0.0008375577916939581,0.0007314719744247301,0.0008093933568383204,0.9921571324915419,0.0011069594534472893,0.0006354698371778216
1672,2,0.0005509034361776897,0.98938250219087,0.00017583597097664295,0.0001975326118617845,0.0005808756972818994,0.0019525136920152688,0.006613107868481533,0.0005467285323350746
1673,3,0.002242392485126226,0.0015396367217319574,0.9687138779742084,0.002316490423074616,0.011459263803602023,0.0002532348948655757,0.000702267973074457,0.012772835724316754
1674,3,0.0018058212380555436,0.00048514984247563454,0.9111705178452433,0.0004372361728027386,0.05391606961699131,0.0003161317591034856,0.0009127065804928323,0.030956366944834928
1675,3,0.0024784508482769384,0.0019957127106972877,0.8777299219276102,0.00032033868742357014,0.037378408730274454,0.00012883206177317225,0.07744326691605709,0.0025250681178869655
1678,3,0.003234468477224395,0.000519532209636353,0.7893119317272699,0.0005880826227198918,0.17556050174962493,0.000315323209208893,0.007195806063738103,0.023274353940577395
1679,7,0.0006888367133880989,0.0005931573755953466,9.324640872724692e-05,0.0058621236935794425,0.00047425936677145044,0.0011154733632245475,0.9909585637293072,0.0002143393494064753
1681,3,0.0003541230294655365,0.00016666236905470413,0.89657267087183,0.010524228445155541,0.07249559183091657,0.00014950572152057365,0.0006709021993806395,0.019066315532676795
1682,3,0.0014186576018115193,0.0022600047453018106,0.8455031772814068,0.012004155551036975,0.10676936707366218,0.0002646250292823813,0.010509380495860083,0.02127063222163794
1684,7,0.001790146557667751,0.0010364246070970902,0.0020631952210334774,0.002646335489178005,0.04623191318006059,0.00153442154444127,0.9425807109232408,0.00211685247728087
1686,3,0.0006940127987020788,0.00020655609996004541,0.8950695086697388,0.005114108086403894,0.08043482586484194,0.0001689436538327769,0.001418820724744913,0.01689322410177539
1691,6,0.00045674249733336026,0.00036327131276886747,0.00024079191499230254,0.00039058317960376953,0.0003977718579587772,0.9973746332068799,0.0003988255731106579,0.000377380457352143
1694,3,0.03370279622872775,0.007698934119817322,0.9486470406900028,0.0006975256849084425,0.003935134119726963,0.0003094446385931891,0.0019500142800684078,0.003059110238155
1696,3,0.0005202057052644054,0.0002226030126772638,0.9083730391851705,0.00030305570172885546,0.0753523123107749,7.91835810145244e-05,0.00046049667623423865,0.014689103827134948
1698,3,0.0016762372903039843,0.0005746392986018139,0.8651139581449301,0.001586763163042668,0.09682968305085704,0.00037626377941831504,0.0024482577067962623,0.03139419756604969
1701,7,0.0024681330951821993,0.004571531152503066,0.01814637590230786,0.0007938671676843356,0.0054889942388347025,0.00048158111549269133,0.9671189916793265,0.0009305256486684385
1702,7,0.0010671440291981967,0.000832891700224943,0.0005605891242685152,0.0018471027813761582,0.006857315657502762,0.0006774367987997892,0.9860448409543503,0.00211267895427961
1703,3,0.000896533279140509,0.0006931484265789131,0.9451336113255985,0.0006211779318069888,0.03397058008552705,0.00011453475794342055,0.0007318745501454627,0.01783853964325895
1706,3,0.0014805936596075978,0.00026069357192296915,0.9172765237660727,0.00021445624041634565,0.06834638008395605,0.00017936545087358124,0.0004315070338581099,0.011810480193292299
1708,3,0.00034356605089268607,0.0002486251928990786,0.9453419860125707,0.011678833237443769,0.03493277529230408,0.00011770697328769056,0.001785940642820388,0.005550566597781557
1710,3,0.0009038100950399356,0.0003024231073813685,0.9272852190827912,0.0025048123121122956,0.037155467279402894,0.00028397335592024274,0.00071600311824953,0.030848291649102477
1712,3,0.07123608473073928,0.004848243629815179,0.8208550884303564,0.010893928213238225,0.0435416187339477,0.002773449527742032,0.003202724374967128,0.04264886235919322
1713,3,0.0005623079490265521,0.0002470110449303455,0.9410271817773146,0.00021938715159422307,0.03959941757065024,8.660588463756615e-05,0.0038598163998572427,0.014398272221989226
1715,3,0.020925893355425197,0.005194827947334995,0.9043480853409698,0.0348249875882573,0.010302136113361159,0.0037315015706499434,0.012245939041531869,0.008426629042469465
1718,3,0.001983092070067852,0.00032593850144623155,0.9237786304177836,0.0008869274969307941,0.04493858797484633,0.00033809682428933636,0.0014711699280453385,0.026277556786590477
1719,7,0.0002543567225265181,0.00011371348924482322,0.00014856947797010884,0.0037146176798066462,0.0004961038291086747,0.00025345454162145956,0.9948545407828275,0.00016464347689416843
1720,7,0.0009938488037301984,0.0011972757295297968,0.00016391333565901332,0.0013852845136334857,0.008062116685672872,0.0008026048736509682,0.9866167038648961,0.0007782521932278523
1721,3,0.0012070362630202643,0.0002889087959039399,0.8604614227743197,0.0012308877523864732,0.11005726675531555,0.00024249424673860757,0.00176734806743474,0.024744635344880497
1722,7,0.012066766728689978,0.0068010129834895575,0.006385377217309816,0.10927939258227894,0.03531770472572492,0.0055078784885840395,0.8145194470858266,0.010122420188096087
1731,7,0.00013443528239442576,0.00029202122639612293,6.301334594392653e-05,0.001147753619755895,0.003871549158041358,0.0004894945529707633,0.9938311025311788,0.0001706302833186941
1733,3,0.00249528055458517,0.000737236070041636,0.8704524417559831,0.004823427343216247,0.06384763997199293,0.0009052091952249953,0.004927936927578245,0.0518108281813779
1735,2,0.009772374747511445,0.8303769651173974,0.0027688047608887428,0.006020044039273504,0.008358369263566192,0.006144804888206481,0.13161716516833602,0.004941472014820128
1736,3,0.003743779427754305,0.0015733603394296788,0.9190237777271247,0.0014948423929303008,0.028650288577808533,0.0008313481521266107,0.0021880149306407683,0.042494588452184734
1739,6,0.00017353140205163029,0.00018913714689100666,0.00011900921614284365,0.00037996772946997676,0.00042941732112332154,0.9980331255203091,0.0002582479428891606,0.0004175637211230882
1740,3,0.0009749978608662245,0.00045869802129079135,0.8667496127480183,0.0017636008944986684,0.0854608639360951,0.00040015948287689605,0.004697274351166217,0.039494792705187826
1741,3,0.0006329511360649771,0.00023923489423421904,0.9212686286726327,0.0005469557842368908,0.05973147044471471,0.00013047534397699515,0.0022899605428596936,0.015160323181279516
1742,3,0.00032156869017288574,0.0002285788352940126,0.938384741645314,0.004491386573848368,0.04437918898508393,0.00011627188096956372,0.001960714931321564,0.010117548457996195
1750,3,0.003575294341711803,0.0019181526971175265,0.716792073027656,0.10665666097100233,0.11862466480060609,0.0007982363562189855,0.04143489590521862,0.01020002190046849
1752,6,0.0011987002021911337,0.00012769735927332826,0.000599607577901568,0.0006655657172933786,0.0006542864967559885,0.9955460057762202,0.0006232748950425191,0.000584861975322162
1754,3,0.0005440389316921251,0.00022998905018060568,0.9359769365625914,0.0034525230972178565,0.03948806839806487,0.00018718740424363386,0.000540175586027559,0.01958108096998199
1755,4,0.0005169382535046588,0.00025155055433675214,0.004097826338208804,0.9843013283903543,0.0014880138567021257,0.0006869884889845295,0.007762709077702832,0.0008946450402059779
1759,3,0.002675525467605444,0.0015661305893129784,0.9646488622020605,0.0017917038475833442,0.018523976661536455,0.00014966218989787122,0.004950891753522685,0.005693247288480811
1763,3,0.0013164771128993762,0.0005279093684246159,0.9574838339108453,0.0004387155600327405,0.026411036560482912,7.034995146500863e-05,0.011684409187394799,0.0020672683484548875
1766,3,0.0033387284598043114,0.0039099758054687754,0.9513658595502941,0.000739773196456721,0.01678051860158601,0.0002532479229870531,0.0014825990117405604,0.022129297451662713
1775,3,0.002390441841772343,0.0012700747927065293,0.9716742259484867,0.0005180224946673559,0.013987371217610019,0.00016302077377732796,0.0010505408684582992,0.00894630206252116
1776,3,0.0024851972816517585,0.0021220357509385613,0.9407236604190776,0.00044218216274220085,0.02435926035056493,0.0002572180671834769,0.0016720583213741562,0.02793838764646688
1777,6,0.0016170110117591134,0.0004506284821754964,0.0010102834509656045,0.0006498098723687567,0.0005577215200735782,0.9945235831210069,0.0006817765076811488,0.0005091860339696526
1782,2,0.015210445038797945,0.898615492433377,0.0044915021258923,0.006732999682606698,0.007648549609550589,0.009868644034388592,0.05256347895412125,0.004868888121265912
1785,7,0.005247207494124758,0.015529102238067975,0.003065320770551426,0.0006955072388842925,0.0026362380375077547,0.0004678632626221893,0.971353848931548,0.001004912026693222
1786,3,0.0015645248436668864,0.0006243348931804795,0.8760394496078633,0.0027077961499119263,0.05922602329096656,0.0006823054133848986,0.004398211767082504,0.05475735403394339
1788,3,0.00257894790928173,0.0019007969692222762,0.7871899485056394,0.0039223441079232575,0.04687881567604922,0.0003560682539088303,0.15480471537803334,0.0023683631999414463
1789,3,0.0005209066962362548,0.00018902669104374606,0.9247933982361365,0.00024158861449246702,0.060422276315499845,7.079347367721431e-05,0.00043659131187879607,0.01332541866103509
1791,2,0.0010889680135529626,0.6376348373254105,0.0003731948253900128,0.0008285907612819114,0.0019324461095778477,0.0005764871471704213,0.35658754833573214,0.00097792748188384
1797,3,0.0005836262749470039,0.00014485428847321722,0.9454093335585416,0.00012356942497449737,0.045861218081756715,3.755640790521415e-05,0.0007866812926158711,0.007053160670785974
1798,3,0.0019428692406394158,0.0008968027704110062,0.9680546004448342,0.005234169674820029,0.019101330613344757,0.00025107428552811515,0.0019861658696414624,0.002532987100781351
1800,4,0.0002649042037768397,0.0002976725366339081,0.014998013549972357,0.9757689397609465,0.004159040140766979,0.0008885773578384614,0.0018315487333383123,0.0017913037167264479
1801,7,0.0010948211020333264,0.0011783296072318658,0.0018342188245247639,0.031328335854774535,0.01589427699489427,0.000653325982222913,0.9472079038982959,0.0008087877360223753
1805,7,0.016298193279155278,0.008755055877887122,0.0033020131297337627,0.007918787160979083,0.019846010903349927,0.005942440329362801,0.9290400907922127,0.008897408527319666
1808,7,0.0005431591432911815,0.0004765816706660731,0.0023017245415128894,0.34011789740587384,0.003928503838769669,0.0006277777836061814,0.651427743766636,0.0005766118496442548
1809,3,0.0008547467582895121,0.00029967954551473876,0.9327793924902591,0.00019207085613113728,0.04524599322046143,0.00015689547832367586,0.0005972793354276664,0.019873942315592277
1810,3,0.006279367670858353,0.004446955414367712,0.32569298007302794,0.004083444441308505,0.45923727659658864,0.00296413470581719,0.010772873935566477,0.18652296716246536
1811,3,0.0010847668621336618,0.0004414701778364734,0.8933259920229937,0.0003426519395932352,0.0795335635923991,6.877500920102267e-05,0.01743007669019061,0.007772703705652132
1813,3,0.0014800818771375207,0.0010070304455373988,0.7132732071726642,0.0015603207898247026,0.2023526887644634,0.000625118026121549,0.05965178437760191,0.02004976854664951
1814,3,0.002458515943570468,0.0003621850361161755,0.8034373135318893,0.0010143103605864767,0.1516018989904639,0.00039259682470787436,0.0025828308771114936,0.03815034843555427
1819,3,0.00044677768508980485,0.00016062746501634465,0.8824574881395248,0.0007992462465518305,0.09085516165749158,0.00019851256547501165,0.0012121088272487208,0.023870077413602
1820,3,0.0014536747888737598,0.00034822260207455056,0.9180441020518385,0.0003560294367961987,0.06108223322935988,0.00012981906337026619,0.0010118116035819813,0.017574107224104962
1821,7,0.0031362129503111295,0.0012691451782960669,0.0006622363843224045,0.0018312274368353315,0.009785726662167654,0.0008508952973702897,0.9807791562038478,0.0016853998868494255
1822,3,0.003195505810508181,0.0022691826494932693,0.9381006497412006,0.0004119693781763979,0.021496063207389393,0.0002885151624680009,0.002902403099784059,0.031335710950980214
1826,6,0.029409057938505775,0.0048837259215586595,0.006436555246491808,0.006621436684152409,0.006395538765397388,0.9293843100251274,0.012083357040301196,0.004786018378465135
1827,6,0.010521028532816412,0.39566378087603593,0.0028103133819882002,0.0012132644584164,0.001652725205740262,0.5756147339372846,0.011408488393202213,0.0011156652145160428
1828,3,0.0036783525020345656,0.0006241460924783757,0.9828763015581686,0.004333384986371941,0.0036977554382273607,0.0003300486868884814,0.0010955296270039917,0.003364481108826703
1831,7,0.005076384252853509,0.013953884073040459,0.001215754814970533,0.0016047920867220682,0.009124429890698832,0.0016833248143921658,0.9638225588447048,0.0035188712226176355
1834,6,0.0002755984382570999,8.858144104614649e-05,0.00027369263927443896,0.0004934009770509386,0.0004930750020900873,0.9976187970109254,0.00028781222038907117,0.0004690422709667687
1836,3,0.0005325298300750687,0.00014388834110533633,0.8772560558644389,0.0007609144603986839,0.08981877866692453,0.00021727549155891866,0.0003398207853543664,0.03093073656014451
1837,3,0.0007849610651260385,0.0002307536243879412,0.8967459514627728,0.0035422292103417788,0.06494460691288714,0.0003101147060514265,0.00047514175485006857,0.03296624126358259
1839,3,0.0013366278383009002,0.0004024076710434647,0.9608312054007226,0.0002491120591237833,0.02738537633177835,6.407296593779083e-05,0.0017752196668171525,0.007955978066276076
1840,3,0.0006158677023134988,0.000729997401694908,0.9060422370697233,0.00040754934628880416,0.07278174402413608,7.135258178667408e-05,0.0061490127764690285,0.013202239097587738
1844,4,0.0029312403829741787,0.004687886986602721,0.07395034175516997,0.842297010603987,0.043607024752686886,0.0010941646936956774,0.020630283833475736,0.01080204699140757
1851,3,0.0008121008810739322,0.00019619710699933317,0.9569374011479842,0.003299643830522434,0.02248751190745678,0.00017211267987145317,0.0002542057964686375,0.015840826649622993
1856,3,0.0014538279431492748,0.0010913540781061274,0.9840449407970312,0.001135310152231246,0.007347043030093469,8.459027200568912e-05,0.0018839783756249158,0.0029589553517579176
1858,3,0.001513722439010324,0.00029501973445640367,0.8864989837148743,0.0008318773423561645,0.07506188765833641,0.00036501934171278454,0.000609689724943966,0.03482380004430951
1861,3,0.0005914395567885212,0.00014854115381799355,0.9299570615968478,0.00023003343661249845,0.061536441691609586,8.140540471577225e-05,0.0005101780662212175,0.006944899093386523
1862,3,0.002283326437227219,0.0008293277329995557,0.7997603053765344,0.0008386630377204234,0.1541021556574362,0.00047187121415486735,0.0027233796852701915,0.03899097085865724
1863,4,9.511422764254294e-05,0.00012438365190918236,0.008804627927705073,0.98705252245429,0.0010168773630002139,0.00032724037855921546,0.0023981648249291727,0.0001810691719647205
1865,3,0.023741724075438647,0.00341139890734439,0.8695154815884818,0.0005072585348251744,0.07611841834637002,0.0005417405314333523,0.007214545599577737,0.01894943241652871
1867,3,0.0014927210688399346,0.0008035786179000361,0.878892202623895,0.002448713813312572,0.06995614771532797,0.00047079583505599954,0.0021038152903006453,0.04383202503536792
1868,3,0.001061324076914071,0.00042299913889147186,0.9578529027875532,0.00030038200433654244,0.02049222370437297,0.0003196850457709791,0.0018882097949016118,0.01766227344725919
1869,6,0.0016438648986447407,0.007352680733468285,0.0007477931712916652,0.0008137735725342897,0.0009585126107900137,0.9862345284163913,0.0015236310786236828,0.0007252155182564175
1871,3,0.0052207386259339765,0.0016341055878533201,0.9623009342623576,0.0005747057900122711,0.017038633260737745,0.00022612379456456207,0.0021204392336130616,0.010884319444927317
1874,3,0.003346854919480211,0.0047155896668966924,0.9750865343449113,0.0004140547095025544,0.00885447315146737,0.0001255529063639868,0.0033955840330252736,0.004061356268352468
1875,3,0.0027496234004283516,0.0005934223598408546,0.8831376387469575,0.0009430909804099346,0.06704543593746905,0.00045690122318684147,0.0027564110394649693,0.0423174763122418
1876,3,0.0021819678172294577,0.0005568529484187692,0.8352303473337196,0.0004774170524155484,0.0921685534130441,0.0004958382246234481,0.005798659100973209,0.06309036410957568
1879,6,0.00043579838781469354,0.00011978308947977461,0.00035538082863513737,0.0006206698147736559,0.0005908337413787222,0.9967103927869532,0.0006361295930699674,0.00053101175789534
1880,3,0.0008492708995601974,0.00024618310033277597,0.8707498709449383,0.012687281402195919,0.09289212893675855,0.0003310071982946592,0.001001113987872622,0.02124314353004694
1882,3,0.0018714697930242497,0.001974650035757055,0.9562278441649544,0.0003245987949988869,0.023388187215937252,0.00014550420129700632,0.0015601183705924323,0.014507627423439315
1885,7,0.0012008841674634664,0.00789597802280637,0.2687271710812633,0.007384966640413476,0.037705230119677864,0.0006356390083032119,0.6739088727421844,0.0025412582178877085
1886,3,0.005227585655438991,0.007735053565852839,0.9222958374129802,0.0009346886509152933,0.03416426625146593,0.00040856505198328904,0.025117165481441658,0.004116837929921076
1887,3,0.0022877615376085524,0.0012071130012509198,0.8956092176538576,0.000751610193081518,0.06095561417981256,0.00046417899549549646,0.002486852041086145,0.036237652397807435
1888,7,0.00016743219296000514,0.0001854272806020626,0.0031806198515201517,0.0003337801225945368,0.022746824225896998,0.00033223698993231464,0.9725768322953905,0.00047684704110346175
1893,3,0.001591235229027495,0.0005448432210511485,0.9153926790229293,0.01475802605475598,0.04966457800515919,0.0003180985686898502,0.002044358559001686,0.015686181339385066
1894,3,0.0014828848151577003,0.0004434532409551148,0.9399714983789103,0.0002387553322412308,0.03480492338767982,0.00013061920583864187,0.0005421978184828977,0.022385667820734444
1897,3,0.0007176139791400124,0.00016728100855480883,0.9389093813989193,0.00023848769045193958,0.04695710536341657,9.170743611134603e-05,0.0017192436376987962,0.011199179485706784
1898,6,0.0005248858105765194,0.00041128760150091107,0.0007032443240062497,0.0010984809850569475,0.0009793322390658442,0.9935343953288507,0.0019514780690736188,0.0007968956418692657
1900,1,0.8991340103460367,0.032587622568857104,0.008653670623134532,0.0041806373883554555,0.006177414392726363,0.032761412320484094,0.013065570026291514,0.003439662334114451
1901,3,0.001633401683341938,0.0013091617454179965,0.9354045460400762,0.00011790856328983827,0.043440901179287957,0.00010423484821739552,0.004207326287485221,0.0137825196528836
1902,3,0.0015768233152832778,0.0009502889612088435,0.9246355131742874,0.0008101202505813266,0.040479014475734224,0.00038543410700373577,0.002588755554255929,0.02857405016164498
1903,6,0.0004620535344688397,0.00019839610671269873,0.0002713248471661842,0.0006242270226264643,0.0006384888542746094,0.9965897618927235,0.0006194875128440432,0.0005962602291834525
1905,3,0.002461243072633395,0.0004917990110848784,0.8772023611052008,0.0001262667131248214,0.10372522686085676,0.00019138418669226924,0.002133839029790638,0.013667880020616389
1906,7,0.0030824540072603057,0.001487709809731696,0.0010800548997745945,0.010760113182702567,0.010105898196143097,0.001349742988041169,0.967775296005846,0.004358730910500559
1909,6,0.0018044943750542151,0.0022096687701754357,0.0007457521941570311,0.0004913542978082562,0.0004745635349536283,0.9932255312465232,0.0006180313854644107,0.0004306041958639928
1911,7,0.001099488545197817,0.0009993523303135252,0.0015190759778520957,0.10644654729439854,0.008647997422630997,0.0007364997917144541,0.8800352363312587,0.0005158023066340128
1912,2,0.0007155059629889278,0.6894078757265508,0.0002625421071027403,0.0007339574004468763,0.0023328831834925484,0.0005057084120182398,0.304923027965649,0.0011184992417505968
1913,3,0.002420753399532209,0.001484669901000944,0.9848081888907598,0.00030464379802466176,0.006115569909804967,6.879637710732133e-05,0.0022270594925998936,0.0025703182311701774
1915,2,0.005782371668276542,0.9047356238871738,0.0011076880014829111,0.0007038453320391944,0.002600443417011059,0.00038733090892676883,0.08330599342277192,0.0013767033623182242
1918,4,0.0011598679767126498,0.00033706063900997913,0.014040128615762893,0.9242403946013117,0.0026845114152711565,0.00046507986289114176,0.056475258317866435,0.00059769857117435
1923,7,0.0021190260495390343,0.0018243042560864477,0.34617601771644735,0.032130740492390994,0.09300489812765897,0.0008634245251220217,0.5193445679606089,0.004537020872146567
1924,6,0.0005349984071254845,6.520822391580546e-05,0.00035537749694376466,0.0006231583146287107,0.0006947665914753502,0.9967327933583296,0.00041821627701118586,0.0005754813305695278
1927,3,0.004724680649566222,0.000984040429167452,0.9355260348194353,0.007825427963425767,0.02157360268570799,0.0009207491895817208,0.0012820639363522828,0.02716340032676358
1928,3,0.0016775107418459112,0.0012845813501293714,0.9544581943117538,0.00429540710073879,0.02603127814685213,0.00013221486946228658,0.008043851903908564,0.004076961575309296
1930,3,0.003065844958600325,0.0003879578367939896,0.7892483811819487,0.0007390390725051083,0.16359446037272785,0.0003806261066110862,0.0020087141590233444,0.0405749763117895
1932,7,0.00076779082690337,0.0008398657192524053,0.0007869205562086133,0.010993154673150762,0.011575856218055923,0.0005698164020226147,0.9738345417447414,0.0006320538596648488
1933,3,0.0012596549761793086,0.0014722882809630753,0.9643398819413702,0.001941063580935508,0.02028457020021814,0.00011130616095147915,0.002610292995251836,0.007980941864130233
1934,4,0.000272023169044005,0.0004463475546487826,0.005260564261640422,0.8357392716877592,0.0020910763297208356,0.0005880917715455797,0.1553330166742808,0.00026960855136095284
1940,3,0.00731232653803324,0.0021985086883284945,0.8955129649844623,0.005342146670627872,0.0481082194011427,0.00065450185691341,0.0049746685171295196,0.03589666334336251
1941,7,0.0015057926626399032,0.031173243911658564,0.022168262501784906,0.0005221411130201704,0.004145284798410092,0.000247539333498764,0.9398084305824892,0.00042930509649889844
1943,3,0.013253034052333742,0.0016544791102482085,0.9570194247100996,0.0035710080581959564,0.016429960925192586,0.0005718401776333438,0.0011896334931253026,0.006310619473171129
1944,3,0.004614747441269425,0.0013682684802062035,0.9568952988035909,0.00048324589981061506,0.02141999059975511,0.0002702987149563032,0.003189605217599543,0.011758544842812076
1946,3,0.0009617836739825044,0.0002099597476365704,0.9235520304718917,0.00023007991173293948,0.06313445750413206,8.237026317010958e-05,0.006102251735293049,0.005727066692161101
1949,3,0.0028731596761308238,0.0023274326227505694,0.31796927290412047,0.01915501088181665,0.5758410806382662,0.0021949162708482005,0.006864372224094702,0.0727747547819724
1953,3,0.0008259316138261667,0.0006909722037060647,0.9551906914843808,0.0004887980082550479,0.028910710952178505,6.353199739559529e-05,0.0015699150358269409,0.012259448704430473
1954,6,0.002164975688042342,0.004615766188020876,0.0025246948263481007,0.0006704200983635779,0.0007455002521698497,0.9875735065042256,0.0011139359213797725,0.0005912005214496524
1956,6,0.01818115160668579,0.000976259887643282,0.005409768061052608,0.003511427692762549,0.0022022667130976296,0.9642588813650907,0.0037986389405300336,0.0016616057331380843
1958,3,0.0005994588402911833,0.00023305207663664669,0.9111308965452407,0.0003703389152100362,0.07187568067942596,6.941262417760943e-05,0.0004917581613304673,0.01522940215768722
1960,3,0.002956655074987434,0.002932860989481069,0.9012266940423799,0.0005295106444548123,0.052440731127565685,0.00024402956169427789,0.0015572618237562022,0.03811225673568081
1962,3,0.00545585537946428,0.0005924210811236221,0.7740973016304821,0.0009226830245998231,0.1812634074918036,0.0006477011068513876,0.0025576385012489626,0.034462991784426224
1967,3,0.0002697531660191704,0.0001448254175526426,0.9419743380436706,0.006644108421049012,0.03874308611924246,0.00019734030312674037,0.0013454261188077144,0.010681122410531806
1968,7,0.0027701077820616723,0.0012598655048758516,0.0010712801921005902,0.005114176872115599,0.009243863528434402,0.001047674719271393,0.9760193145560887,0.00347371684505152
1975,6,0.0012169908690209193,0.0008246353072719406,0.0009743677360725087,0.0014023814008365682,0.0013677489323192346,0.9891389185496987,0.004073459919452042,0.0010014972853284135
1976,3,0.003413020603559085,0.0007630706207079523,0.7754793178748988,0.0015562877312218755,0.15997000552137902,0.0007343622443182433,0.018634218057267612,0.039449717346647505
1979,3,0.022402212489332163,0.004310661316033709,0.8700862038925608,0.04539083104137159,0.020137173123883766,0.01441706434823789,0.006820175231542158,0.016435678557038248
1982,3,0.0025300110074453794,0.001033272506378334,0.5746135788312009,0.0006195801594449624,0.35275107117637144,0.0005814098015810567,0.008602979940048798,0.059268096577529565
1983,7,0.00019253953784867354,0.00020790603207350406,0.00022517669999169967,0.0010093495241700159,0.0006748255700752596,0.0002623118863406045,0.9972570005128079,0.00017089023669276544
1986,7,0.0030498390420636906,0.0020421084043548286,0.000498287651521506,0.0038128359263964605,0.017285580074675965,0.0013633474947077815,0.9701674370666726,0.0017805643396070763
1991,3,0.0007522286768570567,0.0006070021803694697,0.6505780117326471,0.021534924467768224,0.2471286851566757,0.0005689014538386224,0.005404564023158319,0.07342568230868586
1993,3,0.002137323192315034,0.000839878007925292,0.8651386552198261,0.0006497746710959462,0.09359500050839542,0.0002819655828392435,0.0037612989270892107,0.033596103890513616
1994,2,0.002288774002047789,0.8571925064051511,0.0009597387656940111,0.0014835573836346255,0.0019382778226177003,0.0008841094232412334,0.1333261931074446,0.0019268430901688734
1996,3,0.00045799080192159204,0.0002862050085888122,0.8841321129302164,0.00030023470558895654,0.08602539496518571,9.791038494297477e-05,0.0009280687182930827,0.027772082485261914
1997,1,0.5113897344131876,0.02462531342933935,0.010571220310853264,0.009125778357206517,0.013227320215934894,0.3883759569661731,0.03545473442710459,0.007229941880201068
1999,3,0.0006644543961393621,0.0003588557662776173,0.9409870058059099,0.010586113046858534,0.03409826142052595,0.0002519761017444428,0.0009784835773680508,0.012074849885176098
2001,6,0.005796567109094931,0.01990283193020248,0.0008546120567722546,0.0009780466452171265,0.0014083448901104979,0.9681270111822251,0.0018691771454852231,0.00106340904089185
2003,3,0.006405815691176542,0.0014040682178591876,0.9781993956698034,0.0017616007124493986,0.004405101793829537,0.00027831137380745775,0.0008255165538784526,0.00672018998719616
2005,6,0.011575652714643513,0.0006887475154474904,0.0029107477096905207,0.0016057914194405696,0.0016315964444407476,0.9784757817870875,0.001741972655472519,0.0013697097537772483
2006,7,0.00021360850264584997,9.536654082824671e-05,0.0005637023933356043,0.00023735382324775736,0.013587913478550234,0.00040495243297488314,0.9846813767157601,0.000215726112657236
2011,3,0.00203597625580058,0.0004554580549882067,0.9315361746424715,0.002969402338148732,0.04459181797200096,0.0002950025933846452,0.0018389145869022667,0.01627725355630297
2012,6,0.0007464218751681086,4.171202274247533e-05,0.00044904802680098923,0.0007975950156632142,0.0006585985071698864,0.9959536580986371,0.0008010949519123255,0.0005518715019058533
2015,6,0.0011960062696312547,0.00037939481116004323,0.0008167395262511286,0.0005682042641754965,0.0005562901192384352,0.9954418738376541,0.0005231057446452644,0.0005183854272442718
2020,3,0.007252865320409272,0.001445089949764497,0.9753643779174435,0.0008223904351816722,0.006398119586842794,0.00022641790887341633,0.0007556452637332156,0.007735093617751589
2022,3,0.0017367508741329206,0.0002762624511516365,0.8536662179037506,0.0007319725327764625,0.11040294010390309,0.0003989851289802431,0.0030453567430199797,0.029741514262285208
2025,6,0.00039341458656852517,0.00017149377357452358,0.00034833485625824725,0.0006649942514722469,0.000580411655603521,0.9964533526185658,0.0008266156503644091,0.0005613826075927083
2027,3,0.0014915188655686723,0.00038622629877644845,0.8177461710766049,0.0002708137388433383,0.13965751010140026,0.0001709266083067782,0.0057704876614821515,0.034506345649017535
2029,6,0.0003349127494230248,0.00018304132088081806,0.000318197836327467,0.0007993691060214077,0.0007063432765666666,0.996022893272202,0.0010006537753144298,0.0006345886632637897
2031,3,0.0004584573549067417,0.00017774021952005466,0.935099369188191,0.002760023074222011,0.044487914435005445,0.00017520830956246891,0.0007980675385993385,0.016043219879992902
2033,6,0.0006907458255163912,0.00018338542343074762,0.0003548339939293687,0.00046891996523422804,0.00043744845472728805,0.9970172578051798,0.0004044238947178726,0.0004429846372641298
2034,3,0.013737598796578194,0.003607496268567654,0.9736182668482836,0.0009163348223900689,0.0033353138955196124,0.00020370020620247704,0.0024735017546969524,0.0021077874077613024
2035,7,0.014840570475414741,0.045184040698196766,0.006091843488676938,0.006236218139866327,0.25738895071637774,0.004201708383775835,0.6316578489704318,0.034398819127260075
2036,7,0.0011638445215204334,0.0005099356243193535,0.028363636233245008,0.09525181999387836,0.009829503258611084,0.0002900923776280129,0.8639232658197586,0.0006679021710391462
2038,3,0.0004594798609852952,0.00015344933036755178,0.891704134974055,0.0014992830208271754,0.07764731226762925,0.00020161070807969998,0.0003663109503792292,0.02796841888767632
2041,2,0.005822181283386874,0.8459484342130611,0.0012556544732900078,0.0010479242635568582,0.0016323120968175454,0.0008110769331820016,0.1422956814313203,0.001186735305385514
2043,3,0.00942598201335743,0.0022631499975575373,0.713571938175408,0.0012364824634230299,0.23401181092480666,0.0011091146356346576,0.010245881029169554,0.028135640760643028
2050,3,0.0012840012563113006,0.0006116077641128988,0.8256437186632378,0.0007736255597066081,0.1380134908633629,0.0003326618468598637,0.0011322020184208973,0.03220869202798797
2051,3,0.0006582208532611933,0.00032215362122892956,0.8522361996484447,0.000797161732130549,0.1135171110177904,0.0001418024461276741,0.0013182546256847413,0.0310090960553317
2054,7,0.0011481573262522846,0.0008861379565446519,0.00050528225898155,0.0025664991654557366,0.01005997347931841,0.00041167059856784627,0.9839144332902148,0.0005078459246647874
2055,6,0.0013685803703795594,0.00041539787532877194,0.00037397128714200154,0.000589341440718876,0.000675093493461968,0.9951504708999579,0.0008656870449611214,0.0005614575880497702
2057,7,0.00017023068664907286,0.00012948900817094482,0.0006642219433238665,0.003503168682427466,0.003226902473162624,0.0002810541590656139,0.9918904573350642,0.00013447571213642636
2059,3,0.0008340233565435072,0.0001786604412459409,0.9583456327750947,0.00021498240071956195,0.03290932775614241,4.954976542635372e-05,0.0004447898784635964,0.007023033626363709
2061,4,0.002677510766908452,0.003976103601633514,0.002669294319497534,0.8407075579480756,0.0106762394928359,0.0030857170857801083,0.13243202732377393,0.003775549461494643
2063,7,6.97771532672645e-05,0.00038269575718335286,7.265094551997188e-05,8.388676765150768e-05,0.0008141614553383772,0.00036461503994688645,0.9981401805560831,7.203232500983509e-05
2066,3,0.002764750210208767,0.0015827241286284557,0.9467042502242833,0.03337089036780034,0.0046748551105305555,0.0007242669095421414,0.0033934881941773726,0.006784774854828999
2069,3,0.0027344501749959928,0.0006020057476798085,0.9246531471629401,0.00025644784983013555,0.05557407317384083,0.00012889445789316165,0.0024018030839295453,0.013649178348890597
2070,1,0.6353311697703357,0.021543267650019307,0.0364722634268986,0.014485747410128138,0.11884815774575312,0.06135313620214224,0.08421051121532801,0.027755746579394728
2072,3,0.0011921120989559265,0.0004999505765881866,0.946264873164725,0.007701691459023443,0.03340584401260048,0.00019223544475691895,0.002143584432697325,0.008599708810652733
2074,3,0.0007562783490117182,0.0003323095772392272,0.941904434115241,0.0001133113730059289,0.046444167683867325,4.433142957222691e-05,0.0031014311597912466,0.007303736312271768
2078,7,0.0005089175671291815,0.010956229980833876,0.0032590040486730762,0.00019321295993060588,0.0013323280135881155,9.082578588226271e-05,0.983504755390106,0.00015472625385699437
2080,3,0.0012048404156339756,0.0005223856548026497,0.9008213927712706,0.0005086933966184875,0.06908187545796077,0.0002173767986973605,0.001000397584144066,0.026643037920872213
2082,3,0.00034161331853461144,0.0001438179337075844,0.8860289072646605,0.008679103261146045,0.0863421124779584,0.00013894561595773378,0.0008922206893480428,0.017433279438687107
2094,5,0.005116453543206126,0.004155547519083125,0.04412857027139149,0.004696858332944648,0.7966117989257699,0.0028613235753862216,0.009237092537420354,0.13319235529479806
2095,3,0.019339612875154597,0.0409260596413562,0.8889334814158308,0.0006180168386735925,0.024272786600139925,0.0005867623936356094,0.01860262332709593,0.006720656908113583
2096,3,0.0023529333110820067,0.0005548166811908863,0.9337181754423987,0.00037148284965486856,0.042284178014743094,0.00020894129038193088,0.0008869618356629593,0.01962251057488587
2105,6,0.00040397740676214954,9.945162645540779e-05,0.00033080342003704986,0.0006118284574378219,0.0005876501435139175,0.9969259289747808,0.0005012719170222169,0.0005390880539908334
2108,3,0.00045818461749284363,0.0009444131276666883,0.8271925810823675,0.0022193904910869293,0.12541890807733727,0.0001323808241487051,0.004959125564735753,0.03867501621516477
2111,6,0.000815208944989078,0.0005737107273654871,0.000932916723004488,0.0020497209515076874,0.0015054746449123986,0.9899906914022524,0.00299366041200715,0.00113861619396173
2114,3,0.0005982952239853352,0.0002537458689069965,0.8794063282635228,0.000702806044054893,0.0824505551592613,0.000275255362416278,0.0021479859261308697,0.034165028151722
2115,3,0.004932901098334772,0.006185936612005944,0.9483915783167913,0.001904882353820517,0.02152600412020735,0.0004917041148817396,0.009871811067122246,0.006695182316836528
2118,3,0.0037833391768004442,0.0012787473666137777,0.7828663924065106,0.004612670592600639,0.12211887717144802,0.0011425801712877718,0.035754448806195376,0.04844294430854351
2119,2,0.10285452675842076,0.8471150210833088,0.023102358341587803,0.0024747535733829007,0.007105204915100587,0.002759675822228161,0.012102129822313991,0.0024863296836571
2120,3,0.0009003695307487219,0.00038672239055482664,0.8809617936791208,0.002443161237936154,0.09382079420450415,0.00010058932088676713,0.001967072322537878,0.019419497313710742
2128,3,0.0002713420102615278,0.00016653765438791923,0.875113173372588,0.015364789672718369,0.08621925920817379,0.00016021567287980137,0.0017891859440406085,0.02091549646494988
2130,6,0.0003283941141920586,4.46963209121619e-05,0.0003528169813131544,0.0005265787513821993,0.0004806959852054135,0.9974520121626915,0.0003894215002047216,0.0004253841840989699
2132,2,0.007860079644673239,0.8896002560498523,0.0025835641476846883,0.00506919899765206,0.007452049378982485,0.004990661974742041,0.07848383495678177,0.003960354849631473
2133,7,0.0005704493552439077,0.11974285062096371,0.0005671139096758116,0.0005210938470045156,0.005045041961942027,0.0002498768626895012,0.8725450986826796,0.0007584747598007055
2134,3,0.0006755136111509779,0.0003294435463741308,0.8762305797190622,0.001703334766050302,0.08063031426114214,0.00027327067766010917,0.0018081566129044266,0.03834938680565592
2138,7,0.00022467970267092086,0.0003795812820228646,6.3018789388759e-05,0.0005389970512701746,0.003637108491818786,0.0002890662748480918,0.9946658626757551,0.00020168573222530752
2139,5,0.015464229359101973,0.015123132172211956,0.09351896472554173,0.017709877738685556,0.5936466413294799,0.010534498605715698,0.03229943874264323,0.22170321732662004
2142,3,0.0005113245859159598,0.00021931235006869548,0.8717243390347479,0.00028889916982241477,0.10326774293901456,0.00014245748350116908,0.0005781369967967948,0.023267787440132637
2143,3,0.0011780033290245588,0.0013900649192683699,0.7788965002515977,0.0012677728190576016,0.16516227892402358,0.000307276949053809,0.00339270402501998,0.04840539878295458
2144,4,0.0005483606972385097,0.0004592415935853871,0.0007951207024946369,0.9876750548767985,0.0022259976784160087,0.0013308662620701258,0.004593832145298022,0.0023715260440990015
2146,6,0.006508646264245276,0.05012921038189909,0.002521225095752703,0.0010240205743233543,0.0015205281245797891,0.9317065804134421,0.005527610115324201,0.001062179030433575
2148,6,0.00011868215613649035,3.674749258627084e-05,0.00016997311401162996,0.0004919047059029431,0.0004949965823698043,0.9979043772787215,0.00034532615543386215,0.00043799251483769125
2149,3,0.0008396891802817639,0.0005307766315378555,0.9417226821601162,0.0006497410865440607,0.04393227386076861,7.336948802129796e-05,0.0020289644885619217,0.010222503104167857
2151,3,0.005747945101017109,0.02681319219881057,0.8542072726177454,0.0017907323101206245,0.04996409020487475,0.0008828252695806027,0.05484154424007042,0.005752398057780138
2152,3,0.0013546936652858827,0.00047758086090937023,0.9497116761468443,0.026722195714634713,0.01538094007833191,0.0002654426479859194,0.001384020839372267,0.004703450046635687
2153,3,0.00519943896414649,0.0012081455559821781,0.928110780755156,0.00943606518472128,0.021472750338133936,0.0015054006771204782,0.001862050780097081,0.031205367744642824
2154,7,0.0005622031103074904,0.003044593385403926,0.005346579459487919,0.0013425526546380392,0.009549431025763501,0.000141276600833574,0.9795397933886575,0.0004735703749081614
2155,3,0.0007049083974374338,0.0004192890825705154,0.8547697233808439,0.0003123766802640237,0.11507068417512062,0.00019307883669828052,0.0009918255251561792,0.02753811392190913
2158,7,0.0007803284342203109,0.0010515850762969285,0.02052821710686788,0.05801647013188522,0.02177341651591795,0.0003856890497163801,0.8964769886169368,0.0009873050681589292
2159,3,0.0011146499205030714,0.0012378462510925993,0.38722144482455656,0.013945230967173322,0.45547432383330355,0.0009017012947366511,0.07547579348977661,0.06462900941885794
2160,6,0.0006048060183212947,0.00030636262891295694,0.0004601885853962081,0.0006330565025438707,0.0006033564077801413,0.9959082070576266,0.0009225232071029798,0.0005614995923158497
2161,3,0.0020546592409991043,0.00030405063891581207,0.93947752727185,0.001515207903993993,0.03840244789779889,0.00022805481979247001,0.0006949924327291362,0.01732305979392035
2162,3,0.00128207263621718,0.0006406186505188758,0.8446139131670051,0.002398461100627922,0.08708494746570775,0.000507629570135374,0.0010438943573598059,0.062428463052428225
2163,3,0.0015813586645248188,0.0006076091065639234,0.9522340969039791,0.000259544187873142,0.03323844259100892,6.326486169611714e-05,0.008965405551694467,0.003050278132659621
2166,3,0.0004185069231086481,0.0005307217069429774,0.9461889288093531,0.007695156939697676,0.03211165218796322,0.0001753435709121814,0.009837030631183288,0.0030426592308386876
2169,6,0.0005342792647736199,0.00020555508014802513,0.0004853447150711571,0.0008606509711508989,0.0007886000489657944,0.9953497721932255,0.0011025054447700094,0.0006732922818948001
2171,6,0.00046010760346969096,0.00013501890286502673,0.00036598074688247,0.0006058627782569045,0.0005177635601224411,0.9968213006856427,0.0006152125505098485,0.0004787531722509373
2173,3,0.002374775501889762,0.0003533011644375733,0.8902993841996163,0.001205978241233544,0.07357170913634022,0.0005079649558071537,0.0009333486263494378,0.03075353817432606
2174,7,0.011604419265617385,0.027289750169583273,0.009668701149794259,0.03264430817961344,0.04273776070609607,0.011472434981132784,0.85000600089307,0.014576624655092388
2175,7,0.000957940217964052,0.000708281378506393,0.02913364991034616,0.14623072163467393,0.006731883596757505,0.0005707697922085405,0.8149870939970111,0.0006796594725325146
2181,3,0.0007196155809080578,0.0001949415395185896,0.9668562441386147,0.0005469446672418509,0.023859330813258722,3.9253310796307606e-05,0.0017913844882724232,0.005992285461389225
2185,7,0.005457742918267019,0.005420725213482598,0.001812407108546767,0.006786005705293965,0.018448669410717,0.002799053187128281,0.952354898119863,0.0069204983367010114
2188,3,0.0031051593670402226,0.0011595053163501083,0.8277781132003782,0.000999555672415278,0.13076183441740474,0.0006968850856483956,0.011266403063132091,0.024232543877631248
2189,7,0.00012221188407078457,0.00014171061674684947,3.0043323922970854e-05,5.530602611533273e-05,0.001167546371565619,0.0003749084611232551,0.9979890631397188,0.0001192101767366105
2191,2,0.00525750048853393,0.9784938195659999,0.0009317335897826488,0.0016839261521507376,0.0027082907813327207,0.0013245650557911586,0.007726235923256092,0.0018739284431524175
2192,3,0.0019043484994960755,0.004729508465170876,0.5689636831686015,0.004049487097904824,0.17509784618255098,0.00043390910624342493,0.2319659324515518,0.012855285028480455
2193,3,0.0004509767829911868,0.00026049871256754095,0.8653609753717193,0.023674569056705175,0.08981524115941396,0.00026528660435215436,0.00163004421780678,0.018542408094444424
2195,3,0.0021217515026947112,0.0007674021833163758,0.9359782207269939,0.000552691714582696,0.03258388440180486,0.00046090220231065164,0.00111533068847275,0.026419816579824056
2196,3,0.0008724239286390043,0.0002600328113479821,0.936659452943137,0.0001508037050138946,0.05244381417515741,6.608937321718529e-05,0.0010177517822433008,0.008529631281243929
2199,5,0.00488707270140975,0.007733323676007804,0.003298894447841437,0.0036729518414643186,0.4926267430170906,0.002428290913153473,0.4697881780128884,0.0155645453901437
2200,3,0.009863692850481592,0.014467704608730654,0.14509326727046282,0.017244610895965663,0.4088566357692007,0.005705199096999448,0.02545968231250988,0.37330920719564925
2201,3,0.0008605252271868956,0.00028272545274756833,0.6586185776521604,0.0011802394363869908,0.27830672059003314,0.0003756973649666125,0.003458300120290608,0.05691721415622766
2202,3,0.0004138221735219328,0.00015329117169009414,0.9459909155598254,0.00027411932731449454,0.04529447405817121,3.659207386740059e-05,0.0020791352468169945,0.0057576503887923425
2204,7,0.1724809231189602,0.26196075990481815,0.04468425092538831,0.008117827274343228,0.010533276683987111,0.08095420581922617,0.412788426007245,0.008480330266031719
2205,3,0.0018817478808057027,0.0006655457287477594,0.9810789473821815,0.0017766382055118192,0.008040235539360067,8.309440717981958e-05,0.0020492588106951247,0.00442453204551784
2208,6,0.007676614571037682,0.0006469528753134115,0.0005296704026181711,0.0006394272225960735,0.0007918287207555326,0.9877543343297968,0.0012015103351355194,0.0007596615427468773
2209,6,0.0003451533487781823,7.322234265971684e-05,0.00023526586010136,0.0006602863496523021,0.0007129697403842758,0.9968159254650867,0.0005522559039409029,0.0006049209893967708
2210,1,0.31971277836189654,0.5352352317996394,0.020899921121498143,0.0025322467808493116,0.020468942363813764,0.003904356592967528,0.08538145231381838,0.011865070665516751
2211,1,0.8630528062811961,0.03434215566485414,0.08078967478356554,0.003955051316047582,0.0021792989037162044,0.009510709268127549,0.0036597637073438206,0.0025105400751493172
2216,3,0.000678998343874776,0.00020497652112515661,0.9124929361602115,0.0005549055233082318,0.06593840602510602,0.00016692929569779967,0.008994885681532363,0.010967962449144275
2217,6,0.02266353286052557,0.005386923455327161,0.0035868379975173455,0.0010931735274720758,0.0011415730526876428,0.9631269753086275,0.002004053969862688,0.0009969298279797118
2218,7,0.0020182367343457284,0.007581581130554758,0.0006241149831028069,0.0008026614892965164,0.0031747672843690003,0.00019851227227494125,0.9848843927696973,0.0007157333363588037
2219,1,0.6005995678202314,0.07876774557859566,0.2844081211600845,0.0064757499982988735,0.010486210395821122,0.008443994823481321,0.006045577786566923,0.004773032436920369
2220,6,0.0002351785648075509,6.431781502919206e-05,0.0001781726265754967,0.0007180402963342685,0.0008485819932803256,0.996657425673707,0.0006291314297304374,0.0006691516005357998
2221,6,0.0007031303014308701,0.0010292720056405745,0.0006318727984842607,0.0011406635851345318,0.0009135856905993866,0.9926046452373513,0.0022085272023037827,0.0007683031790553905
2224,3,0.003588888545773005,0.0003731366402832273,0.9629840190691635,0.0006807703373745005,0.011008243976282583,0.0005292533396178318,0.0005596691996433025,0.02027601889186206
2225,3,0.008031795995002046,0.0008510462316190391,0.9657693806356689,0.00038615489188688926,0.015610069498839132,0.00013629741191437299,0.0025690840879236633,0.0066461712471460035
2226,3,0.0012173704205300146,0.0008046624638650671,0.647310617428448,0.0037343925062398356,0.30629951396831034,0.00031578702553724164,0.0036294110815892023,0.036688245105480445
2230,3,0.00586640050137596,0.00387727675662861,0.9012224566545028,0.003204717151595215,0.024313628001146646,0.0014592199813721642,0.0072304969706805215,0.05282580398269818
2242,3,0.0005959929930694185,0.00020399533604263198,0.8862778432312741,0.0004805820889541846,0.09007439034293391,9.63684869750295e-05,0.0005988108626962314,0.021672016658054436
2244,3,0.006241232930931122,0.0013455721191246905,0.5473354575056688,0.0007556069138184662,0.3668472170157254,0.0006963133311419919,0.009631929466524377,0.06714667071706514
2245,3,0.002758738071552779,0.0014939901795759062,0.9835676357226723,0.0004854017266625143,0.007450869249416043,7.801232502931557e-05,0.0026293192382340915,0.0015360334868574409
2249,3,0.006414616663995203,0.01124883575369478,0.5467192692528263,0.012853902790990399,0.05629232959681943,0.0009109490171692007,0.36025034560543395,0.0053097513190708216
2251,2,0.005361358935187096,0.9068119409011737,0.0012846796728136422,0.0011757481550706088,0.0018359396621626257,0.0008037637502141572,0.08149609823739991,0.0012304706859784338
2252,3,0.002192938438224333,0.0005918893326047172,0.8539480121791452,0.002086811606412106,0.08575546091565682,0.0006233592224888756,0.0019821880802971875,0.05281934022517088
2253,6,0.0007653597532672525,0.00036463199808841863,0.0008244761365089792,0.0007031728590865895,0.000585489864101155,0.9955746464267846,0.000599642862611401,0.0005825800995514746
2256,6,0.0007813698227048483,3.289513854169364e-05,0.0004116159735390093,0.0005825231401697978,0.0005302499815623354,0.9967945802045765,0.00040012865990525834,0.0004666370790008624
2257,7,0.0014223967061051872,0.013929513451555436,0.0005450382604291809,0.0011604324222924056,0.003130531519674091,0.0007111257857813575,0.9780066315346287,0.0010943303195338763
2259,6,0.0009036965248554376,0.005935205280041597,0.0008162108260456674,0.0006124270714910867,0.0009527052645383141,0.9891559062046336,0.0009131198530711364,0.0007107289753235351
2262,6,0.0012683406920813638,0.0005271396891410076,0.0002880718745075294,0.0004918690312750935,0.0005593295080848304,0.9956911199520317,0.0006018045107445683,0.0005723247421338158
2263,3,0.0004948560308808175,0.0003879365402205961,0.8211299212436214,0.004594243049535901,0.13768857168297283,0.0002986497646011849,0.01405947350949532,0.02134634817867199
2266,6,0.006135794759283437,0.005929974288954851,0.0016090652419486159,0.000903727705997488,0.0008093336370886243,0.9822518822649706,0.0017021943243156453,0.00065802777744026
2268,3,0.0009640536254714459,0.00016696428873181883,0.9090159071124146,0.0011826598111363742,0.062240250331200876,0.00028815401119707077,0.0005852827806653727,0.025556728039182252
2271,3,0.0023293852568710316,0.0008007062100417996,0.816401979091834,0.002486279785423206,0.11451142099950644,0.000785339801632103,0.04876147921876294,0.013923409635928682
2273,3,0.0005081085585169205,0.00038004314536608673,0.7184548626957797,0.0006778199335314965,0.2461037158505835,0.0001321444472205849,0.001175897452432392,0.03256740791656965
2275,3,0.0019824243466519957,0.0005772994662162601,0.8895078526001237,0.0005181038627728215,0.05967492007071987,0.0003905500083353123,0.002588690513926909,0.044760159131253315
2276,3,0.0013687738404916311,0.00027554898562107746,0.9424060622268122,0.0001580549480890821,0.042564179797017106,9.432987666053418e-05,0.0006581042336504383,0.012474946091657793
2278,3,0.0004462628323540004,0.00027540018540886114,0.7662929483344205,0.001775811159574454,0.19055496250777798,0.00014485584983645378,0.004567753519952795,0.03594200561067479
2279,3,0.0025832537006356677,0.0017031536323965535,0.9672260705385967,0.000668504504852522,0.018566884800178932,0.00011997624485938477,0.002366142927241688,0.006766013651238497
2282,4,0.0015694537536999694,0.0005925711700904725,0.011561417048448335,0.8794158481922053,0.003051036108158185,0.0007872363115028404,0.10207983136192271,0.0009426060539722965
2283,3,0.000721309029318013,0.00026809524069623236,0.8667897805053842,0.001426579253145121,0.0894818668409009,0.00035127751888064146,0.0031758887750821005,0.03778520283659242
2284,3,0.0007006809883166492,0.00015975344071225456,0.9529454546683117,0.000508465311142708,0.02898892720621307,0.00016651310575688943,0.0003547854443888189,0.01617541983515775
2286,3,0.0020314681243370197,0.0005191116721455129,0.8703258178610281,0.0002340276015570228,0.09712397446043597,0.00021850157683160496,0.0012233716366266065,0.028323727067038024
2288,2,0.0002747480149212186,0.9745069669008108,0.00022892993866867488,0.00025157405153118585,0.0007056415272325582,0.0004249085602668151,0.022979075198404145,0.0006281558081648148
2289,7,0.004100633836729487,0.001977907650322976,0.002286478363319583,0.01985618753387611,0.011197038537835456,0.001611142881582067,0.9565059198256622,0.0024646913706724218
2290,3,0.0008072799817510991,0.0002568477864571115,0.9442542150125622,0.0024472381410063694,0.03844407718150287,0.0001535614565035424,0.0006702060299525439,0.012966574410263875
2292,7,7.09427477800629e-05,0.0001179692113718852,0.0005229897670041468,0.0009078393533639079,0.004830635792919781,0.00019968633036468965,0.993247763693244,0.00010217310395114907
2293,7,0.0009223928737695366,0.0005386792924934146,0.000866407437252168,0.005360682322247334,0.0059825104537578845,0.00046471119690358884,0.9847438472300484,0.0011207691935273786
2298,3,0.0012580850256212813,0.0006430893687156483,0.9242030240414227,0.0003863367532375646,0.04492562784810395,0.00017087674650866286,0.0007639937645069362,0.027648966451883236
2299,3,0.004654887391532059,0.0022700564131223466,0.9709245955799409,0.0008614518100756935,0.01212533499175169,0.00020847440657884744,0.0015030487335812718,0.007452150673416836
2300,4,0.00013855013452683282,0.00033372033772732627,0.006921447936922654,0.9645444297070102,0.0011943979993930146,0.0005538972346038911,0.02603326564966821,0.00028029100014814544
2301,3,0.004389505597091539,0.0011245501312473751,0.7419899104262363,0.0011868860464077497,0.21150784490226718,0.0007027403105721203,0.004206700419002031,0.03489186216717551
2305,3,0.000946547720406282,0.0004398667223734447,0.91496764984305,0.0003696102926176272,0.0621753720696368,0.00022296520744518594,0.0019486552187440891,0.018929332925726617
2306,3,0.0018245660993304173,0.0005941572018052782,0.8722649777924846,0.002438603824448202,0.059676252357498495,0.0005792423339154307,0.0009640202887010156,0.061658180101816645
2311,3,0.0013012601095893459,0.0002458246439907067,0.7545521032698111,0.0005892540376027352,0.20197059036429696,0.0004967446308961742,0.0021538439866997062,0.038690378957113386
2312,7,0.005625472916880688,0.001062648594067392,0.0013889005421970845,0.0036988071868444493,0.007165984122854105,0.0002749810876645652,0.9801084145288464,0.0006747910206446503
2316,3,0.004506064367897204,0.0009848283495126158,0.9427349252102875,0.0003098775361837661,0.02988390693920791,0.0002226836936552877,0.0008358143677060739,0.020521899535549306
2318,2,3.1505156750342426e-05,0.9917403386176249,3.676063393332183e-05,0.00016812782196392884,0.00037797173102454846,0.0001748159869553156,0.007028241680605181,0.000442238371142314
2319,3,0.003989512651538045,0.00050817522430498,0.9664822896638583,0.0006005861007233617,0.019061371534718315,0.00015504042747539946,0.001073307199155775,0.008129717198226128
2321,8,0.0032809942791624832,0.003444322247636686,0.0086240811170524,0.005612414252734644,0.16307068745677947,0.0025362693341737024,0.012444801489829639,0.8009864298226308
2324,7,0.0006815061869352502,0.000549714131373976,0.00037408740989419476,0.0010844423188730045,0.0052435048566288256,0.0004775467280742064,0.990480294390704,0.001108903977516468
2328,3,0.004795427681825002,0.004212482078064507,0.9722239921335539,0.0005843438003184837,0.009829428188959103,0.0001969419451577305,0.004136099987644161,0.004021284184477506
2329,3,0.001508913455843808,0.0009914735807822872,0.8856452998728609,0.0008931323222327927,0.07681878011239807,0.00033912112100373693,0.002596997357607623,0.03120628217727096
2330,6,0.0010060944740303637,5.697148074990252e-05,0.0005790184654511098,0.0012776136819164499,0.001256039340161679,0.9940688329100229,0.0008061610752925191,0.0009492685723749116
2333,3,0.004978735958602326,0.0004077585598164398,0.7662320879069777,0.0008131291081392831,0.19224886995202622,0.0005773827365163379,0.0018093747880975316,0.03293266098982417
2334,3,0.0004820629723894752,0.0002293895039006324,0.87959841592631,0.004186511758777345,0.088798930888375,0.0002381439186921903,0.003323660911919,0.023142884119636123
2336,7,0.000776190521204958,0.0008247209243486057,0.0003659599409465938,0.001133411287850978,0.005552169525443136,0.0008551263105251276,0.9892190146855094,0.0012734068041713332
2339,3,0.002116800656006917,0.0005183145430472405,0.9493512811574825,0.00041304799518911513,0.02778341142747959,0.00040209890824917496,0.0009131525521931957,0.01850189276035243
2342,7,0.0006068518480448195,0.0011025042967410061,0.0009423663887243954,0.013535525429890677,0.006249347012250913,0.0011010143130217177,0.9752379037874492,0.0012244869238770082
2343,3,0.004760902805341749,0.002575322606322373,0.7445900146545208,0.002324671035257407,0.1979609286979132,0.0011925364952701783,0.009459711181602366,0.03713591252377223
2345,3,0.007362557759889574,0.0009925657898958108,0.9279378961987476,0.0007676370469878576,0.03532335084815305,0.00037030078924678913,0.0023936680295144823,0.024852023537565143
2346,7,0.003662632425185836,0.0019570725163954063,0.00043535848044693875,0.003531407057342272,0.014820319216130196,0.0011768793511321364,0.9727080519324879,0.0017082790208791782
2349,3,0.02178983178977343,0.0034023175788726765,0.9350216363278736,0.007834839455416989,0.014692395828323037,0.0021137312070797225,0.01140324294076236,0.0037420048718981944
2350,3,0.0007279549680343675,0.0009405223226102825,0.6932865336186459,0.0028109444287437862,0.24387289363718398,0.00024310402147111266,0.005595607754451524,0.05252243924885918
2352,3,0.0005435438788905255,0.0004953525943677609,0.9109506298869706,0.0005012400775541911,0.07037930874986507,5.9164546091695774e-05,0.0020398822313578606,0.015030878034902283
2355,7,0.0005746449727053474,0.0012992593359446327,0.0002890362253801254,0.0006599468335134124,0.004302380944513582,0.001426923922070495,0.9906534141046337,0.0007943936612384739
2358,7,0.0003635678250281881,0.00037493115107340845,0.006250997750117635,0.23015994930849779,0.001446059258779465,0.0004443889906311722,0.7607169649869907,0.00024314072888129764
2360,3,0.0008202635081434772,0.0003972450331429447,0.9238220016872932,0.00035091695387738295,0.047423149074791074,0.0001700356608509066,0.002040158964452861,0.024976229117448387
2362,7,0.0010420162053883287,0.0004421459283959025,0.005177432248650645,0.06821604441252432,0.002740167775961295,0.0007178467893181127,0.9212883250497549,0.00037602159000637246
2364,2,0.002860764346848357,0.9761362667887934,0.00039917361374573995,0.0007216309348720798,0.0012417939265458632,0.0005457043899240821,0.016883382282217828,0.0012112837170531869
2365,3,0.009016860442281264,0.0008180423776038014,0.9630548442638087,0.011329011463135205,0.007061860044399846,0.0006488261173004607,0.003206807976226802,0.004863747315243372
2367,3,0.0013446710524679002,0.00017273490064170972,0.9606633541194736,0.00020687951395102237,0.02807203536520245,6.290760530855354e-05,0.00041950399403958675,0.009057913448915279
2368,3,0.00039964942524573107,0.0003138839454700739,0.8223788467041353,0.033507727262533024,0.12112766985190036,0.00027907632642160747,0.0017981893637328086,0.020194957120561168
2369,3,0.017221125478611318,0.0097990857912248,0.6792509792425658,0.01073653741076525,0.1736173754207265,0.005975052295137415,0.04697621247417657,0.056423631886792606
2370,2,0.004591982812322299,0.7015204022852679,0.0011157937255132765,0.0011714311813552799,0.0017971278316257636,0.0015989964337773913,0.287034472987935,0.0011697927422025212
2371,8,0.00939946344563683,0.018395711477297908,0.08074660934430035,0.05561200208386503,0.3386942697806444,0.008208086998420003,0.10096667746667996,0.38797717940315574
2373,7,0.001126993737308203,0.0002768703220862717,0.0028679022813197,0.052181201742170794,0.004959320844689815,0.00027627119645089426,0.9377405377008746,0.0005709021751000991
2374,3,0.005765793482590256,0.002864215475119963,0.8839169559140992,0.0018505667712959434,0.041173530350726815,0.0012846349223234845,0.01092164436850051,0.05222265871534407
2377,3,0.0016488816237740067,0.0004881517529931908,0.8904944761266662,0.0007939540418420803,0.03651259642274186,0.00012314362424215486,0.06870373140827839,0.0012350649994623574
2378,3,0.0008686712608916565,0.0006219071124127594,0.5304496323915701,0.047301177710074256,0.3647001349335495,0.0006927594723097197,0.0028012710372908958,0.052564446081901126
2379,1,0.5811014369448545,0.11165769656787568,0.25823663876040465,0.0027364591540986207,0.003926021415637736,0.0027107398794816765,0.03631809255298065,0.003312914724666604
2380,7,0.0014176012058315847,0.0007616699999949696,0.0015329831046942293,0.013387794475631482,0.006483400287266616,0.0006393535123702518,0.9734384644951455,0.0023387329190658517
2382,3,0.0005032925059634392,0.00033658884950117266,0.9381188282526466,0.0006512534380154897,0.04366229632047393,7.097149587549687e-05,0.0009399470327898713,0.015716822104733675
2384,3,0.0010300327909465391,0.0003840461901030534,0.941815890682704,0.00020137724932064064,0.03830086678804266,9.603420522735265e-05,0.0007739802703982473,0.01739777182325772
2387,3,0.00303523074647121,0.0005850222678528434,0.9257768765795612,0.0005186147117436014,0.04163444225460262,0.0006852620424310473,0.0025417746380540563,0.02522277675928329
2388,3,0.0008194090523106521,0.0004992643296663043,0.9520651833746536,0.0007792151905900912,0.0314681437918356,9.404933147851398e-05,0.0009523314581311886,0.01332240347133349
2393,3,0.007883422067269812,0.05256595182932193,0.9222166053375158,0.0006234618088832914,0.004598908004804803,0.00021799478011628182,0.009751903411933554,0.002141752760154457
2394,3,0.0037492788188100003,0.0019520651478800975,0.4134129266080884,0.0015308206123027014,0.45000633084782204,0.0012228522373330666,0.01062313681241262,0.11750258891535113
2395,7,0.0003417140616522785,0.0004953712825601204,0.00021115430172489116,0.005960306758867585,0.001987975420852964,0.0006686084298823961,0.9899281905270685,0.00040667921739135753
2397,7,0.0005425797572049277,0.00016409192290736248,0.00014826568315389624,0.008828207629191656,0.00030900152101893946,0.0005375297846510933,0.9893578144385817,0.00011250926329008348
2398,6,0.00017125712498990798,9.471515906297711e-05,0.00018823018274394176,0.00047089541051884834,0.00042443543133929764,0.9977691111208817,0.00045547184827986735,0.000425883722183712
2399,3,0.0005800022564281761,0.0007336037467871661,0.9182612107182246,0.01953642133355616,0.047155517017094556,0.0003431294896200342,0.006859565122905724,0.006530550315383653
2400,3,0.0007518710446506252,0.00016946544155444288,0.948303251080522,0.00011704407818092956,0.04175877914739924,0.0001295932039337036,0.0014971587503677406,0.007272837253391054
2403,2,0.0011203722192773458,0.9821805589182643,0.0002114726512189364,0.0001912492510000859,0.00019474518260519065,0.0005773120579671443,0.015195945886449631,0.0003283438332173096
2405,6,0.00011979703387008899,5.5301762048016715e-05,0.0001675279470261982,0.0004809953698336949,0.0004708609265520862,0.9979213956566666,0.00034940659050160234,0.00043471471350155086
2412,4,0.0002170149699697506,0.00021620153689509656,0.001845631989572974,0.9691641224799848,0.0010128292669924668,0.0005698349023702496,0.02660420164367315,0.00037016321054147695
2413,2,0.00238197255709836,0.9926602247334001,0.00036740021243628025,0.00011956216991127235,0.0002681940449079907,0.0009076706488173252,0.0030142874861646164,0.00028068814726388877
2414,7,5.1831374278616264e-05,4.2284234056955665e-05,5.1794726046005915e-05,0.00044742317209716813,0.0009197056600305821,0.0002207577918072102,0.9982132849102163,5.2918131467012566e-05
2416,7,0.0031807101651889543,0.00111455668734814,0.0005599529294205826,0.002057325594859579,0.008907237760628578,0.0009586236947986274,0.981062473580609,0.0021591195871467467
2418,6,0.0003056842202206861,0.0008973959816462316,0.0002571955899409295,0.0003818267499820102,0.00041019574873229185,0.9970260066163663,0.0003339717308402771,0.00038772336227100115
2422,3,0.001227437239782814,0.0004352534511083265,0.9063895921973196,0.0014571931877884888,0.046799264800349384,0.0004273999900906094,0.0009321812416306812,0.04233167789192975
2423,7,0.0001563785721706148,0.000526205888532318,0.0006054274774061383,0.0004239148861300367,0.004558933007833812,0.00010133105870441368,0.9934946697703142,0.0001331393389084072
2424,3,0.0005043588104868796,0.00033136940026996337,0.7958797243683402,0.007255021460179997,0.13709690330569735,0.00036651021206013157,0.002925608326528134,0.05564050411643735
2425,3,0.001283347289127911,0.0005442105128144515,0.9645821589138827,0.00011044041778496693,0.0234648661985629,7.244720876864857e-05,0.001043346236173303,0.00889918322288545
2426,4,0.0003659299690397341,0.0002125749335963115,0.06680835313944572,0.9215390638608423,0.005936619196975294,0.0003347362177135078,0.004214493659914248,0.0005882290224732065
2427,3,0.0005270329624166291,0.00020231514188921924,0.8686259426889191,0.0045586708398030465,0.09319414916267582,0.00029381625157078224,0.0017635046561158025,0.030834568296609223
2428,3,0.013320403907714625,0.0070748416486665,0.9258946274088612,0.0004347160087440863,0.03527942435553949,0.0004823951867560873,0.0065150380916574055,0.010998553392060888
2430,7,0.0008690456251238487,0.0005376626183871783,0.00046752194005170725,0.011926803404286947,0.0009037026210970425,0.0008075134297862125,0.9842861133229615,0.0002016370383053483
2431,6,0.004222106435946339,0.0007934137693175789,0.0009834222116919904,0.000678933742403895,0.0006640413915007123,0.9910402495975165,0.0009456181912792832,0.0006722146603442923
2434,3,0.0031048686901714523,0.002959115172289841,0.9500069973096325,0.003789076630242499,0.02766162781873128,0.0002080347298522029,0.00799798935535283,0.004272290293727866
2439,3,0.0015422759299371614,0.0016438359375759042,0.9322296082638002,0.000877098534071261,0.04825165346983397,0.00011355877061393764,0.004876598613579995,0.010465370480587224
2443,3,0.0017553004980852998,0.0005269143748636422,0.9598562616648834,0.006068613087312042,0.021653311350916266,8.24364002017617e-05,0.00561610076034261,0.004441061863395267
2447,2,0.002390019236522119,0.8326232010874336,0.022497578366855005,0.0005805217325028641,0.002768126375279724,0.00040843823671187976,0.13761727085260783,0.0011148441120869556
2448,3,0.0005240083941040929,0.0003387473265970046,0.7731910617667342,0.002131240083405661,0.2038932045388852,0.00010669316317863443,0.004879469635947739,0.014935575091147428
2449,3,0.001463284845308703,0.0018325601507695264,0.72588533322382,0.002376246589112644,0.1609714919920931,0.0003017798873872497,0.005586962590533354,0.10158234072097536
2450,3,0.004141541295782127,0.0005223256245080355,0.8784191874077295,0.000305603565182675,0.10480048707220965,0.00021818540457851376,0.00243624155380544,0.0091564280762036
2453,3,0.0005163124736799341,0.0003472326345228007,0.8805242580885747,0.010176224466867402,0.0735235287476735,0.0003052914899512245,0.0031720405500663944,0.03143511154866372
2454,3,0.0005197287138470528,0.00025948191184881184,0.8799030929735916,0.0012308642142299512,0.07460590564753658,0.0003349374876211628,0.0021811403971700397,0.040964848654154555
2456,5,0.003268438888295863,0.0026530727098705684,0.056753916631389255,0.0028953855780053475,0.8306156684873455,0.0017594773929374052,0.00940838487404761,0.09264565543810828
2457,3,0.0011948302293102178,0.000509787070213255,0.8646773362817635,0.0005368522611075004,0.10203005469554975,0.00033016348941336955,0.000987526347567668,0.029733449625075212
2460,3,0.0010316196380112746,0.0008527599807217327,0.9448356074945612,0.0005823467369861734,0.03901200120326114,8.936635386830968e-05,0.001010627641849086,0.012585670950740986
2464,6,0.002102763462730272,0.00017570072369406397,0.000661116031071361,0.0005720968456705822,0.0005595370956081784,0.9944912277037644,0.0009603861892232264,0.0004771719482379082
2465,3,0.0008571709029603381,0.0008054496132596607,0.94198052082591,0.0014940844199474194,0.037461800676655554,8.511957762103847e-05,0.0027286332972405684,0.014587220686405439
2467,3,0.0016900594169253597,0.0005299211604496158,0.9477165823562321,0.00014845578942055827,0.038269909348409736,0.00011391401740830128,0.000921695403276273,0.010609462507877618
2468,6,0.06093766153585132,0.2518791090868937,0.07733727336130156,0.005600890585813333,0.004965182960519673,0.5803302682863787,0.014961922154745323,0.003987692028496552
2471,3,0.002694163869821593,0.0008937167264521452,0.9128129333091927,0.001391361093674073,0.03349812162766553,0.0006362921743986314,0.0012686633783399017,0.0468047478204553
2474,3,0.0010705148633632917,0.0010748884521377103,0.5273148541711948,0.17745967659238548,0.2453933177231362,0.0010125854916861895,0.00808131772916334,0.03859284497693331
2476,1,0.8950513664731373,0.011449846277002901,0.00805285037296396,0.007695475721955066,0.014041314019969123,0.03608378628175828,0.01811525741492967,0.009510103438283839
2477,6,0.0018879778243985164,0.00036153776191211987,0.0006053713680976405,0.0008795005720475192,0.0009185653073462812,0.9932744545344007,0.0013717321356301131,0.0007008604961673418
2478,6,0.004356170920466512,0.0007138085004998525,0.001148870623474573,0.0007680538955610656,0.0012398333561913822,0.9898959735297062,0.0009630361157910159,0.0009142530583091626
2479,6,0.00928258780590878,0.0035674342426311764,0.0013646488513890383,0.0010239190828448255,0.000927158529243919,0.9808814439927681,0.002191372869325796,0.000761434625888488
2480,6,0.00085867049730632,0.00012547241340710904,0.0007150085747356745,0.0005240255360685829,0.00046631618346963866,0.99639685282616,0.0004953545272093916,0.0004182994416433469
2481,3,0.009330188099057297,0.002216771935847481,0.954011085383714,0.00035043838676341064,0.019850132429628263,0.0002035947233983721,0.0028934821443285887,0.011144306897262361
2483,3,0.0017602570177004141,0.0011036412196358655,0.9567990165181179,0.0019765628694116016,0.029413838271825483,8.778848851046553e-05,0.005096947058473913,0.0037619485563243327
2484,6,0.0004026702023877409,0.00011321926345357207,0.0002972011117365011,0.000571498795010865,0.0006594488695822884,0.9970404811983095,0.0003772367422958184,0.0005382438172232255
2485,3,0.0019104131354962927,0.0005522223050236325,0.8553561154253931,0.0035877526448295214,0.10377373949255128,0.0005076410230547636,0.007462764019809957,0.026849351953841034
2487,3,0.06102667775175811,0.014942290029200198,0.45963316928929865,0.2824905107893211,0.03581209987404297,0.031559494486143626,0.0898172465569102,0.024718511223325104
2495,3,0.0030013664701335897,0.001539354867105386,0.9066864716879585,0.0035630380140972144,0.03145080304069363,0.000786999593443011,0.002034562047490186,0.05093740427907822
2497,3,0.0005827776880124677,0.0004550364882402389,0.8063897070355348,0.02239421968796021,0.12924690856463364,0.0005712241404009391,0.01854477387571753,0.021815352519500494
2498,3,0.01879528650701967,0.0014168602094288428,0.9641471899469305,0.0021781388711656024,0.0062760164752017995,0.0002055716492703127,0.002485244298710891,0.004495692042272452
2504,3,0.009970615300514194,0.0027236803610377358,0.9699142190286102,0.0006389860649142889,0.008867678699335737,0.000349333292061262,0.0033327368873344964,0.004202750366191782
2505,3,0.001112543082865392,0.0003574846977768752,0.9510186440741507,0.0008058007858749379,0.021559054003742313,0.00030636430809772685,0.0008234398373349518,0.024016669210157188
2507,3,0.03232717588687058,0.0015399300353627042,0.886948268924453,0.002274841566402968,0.044375751009860395,0.0017870989595736996,0.003204767815284216,0.027542165802192757
2509,7,0.0006558678751759018,0.002800633238704613,0.0006847684911055951,0.0005824671744937109,0.0624560606043544,0.000429199236946828,0.9312640165639916,0.0011269868152271937
2515,2,0.005029496199686434,0.9050828192850529,0.0005663138227844103,0.0007969316558166502,0.002119672117304865,0.0005020703914838623,0.08462950983859133,0.00127318668927935
2520,3,0.0015022323217333694,0.0011765213513379692,0.8814237226443015,0.0012245408423645322,0.08479393864280545,0.0005114630375293458,0.003239512653966407,0.026128068505961125
2523,3,0.001314039520676869,0.0002134908875767942,0.9566998875917175,0.0008246102009634245,0.021908527672213938,0.0002291652460517324,0.0004087948138892709,0.018401484066910563
2524,7,0.0026313864128431567,0.0008495762614286472,0.0017759773756145254,0.3497907732444058,0.007406498857242869,0.0009722642828063263,0.6346554029995983,0.0019181205660603036
2527,3,0.0028449726718468697,0.0014855467127969603,0.9230122581113359,0.002835489059110842,0.02742750035110942,0.0007476738041356379,0.0023698568371171235,0.0392767024525474
2528,3,0.0009494088131679993,0.0002947997139289228,0.9297875203704581,0.0006412312679491594,0.051422044233920744,0.00010330876172807108,0.0005740590754186442,0.01622762776342852
2529,2,0.006283206674325112,0.9233996269595907,0.0010754798679899493,0.0006615698946586947,0.0015857834114323377,0.00045876994910716085,0.06554384946779016,0.0009917137751058191
2533,7,0.007622329836183885,0.00286053863409248,0.003940324984726327,0.01468284368218387,0.014122574643608245,0.001945294963305989,0.9508087651368652,0.0040173281190344365
2535,6,0.00017063377923618616,3.568840301799291e-05,0.000187731071113613,0.0006216575080504233,0.0006029778402820218,0.9974660173781968,0.00039529388816016386,0.0005200001319425858
2538,6,0.0010363692998833958,6.212760443644096e-05,0.0004214949335316278,0.000986217884665791,0.0010470596219781584,0.994938907872893,0.0006833751753216536,0.0008244476072896516
2539,3,0.000652720587757171,0.00022384996614635628,0.8816312423267441,0.0016507432002947856,0.07646639422782882,0.00025101967782890716,0.000421026957714135,0.038703003055685865
2541,3,0.0018822797022447337,0.0020885172194016334,0.8076717736328745,0.033920231744812165,0.07901830259380976,0.0015797938497207253,0.035194409165156065,0.03864469209198019
2542,3,0.0023072867261922695,0.0006576775199911359,0.9488350622785218,0.0005306809810494281,0.022652774845644236,0.0005140335360154705,0.0010745990710868396,0.023427885041499334
2545,6,0.0019716717873771972,0.0020864052692075256,0.0005894528992867053,0.0013720867031947613,0.0021133652384604843,0.9867649965679814,0.0037464479339790486,0.001355573600512805
2546,3,0.004488908092332598,0.001320434194635818,0.7646506255362183,0.0011418686938001864,0.19291206414885714,0.0006844095698067705,0.00453177113886298,0.030269918625485653
2548,3,0.0011056464880136085,0.0004282770834184414,0.926900430773695,0.0002448141615602688,0.0504841808635144,0.00017789674594120473,0.0014193686611329815,0.019239385222724645
2550,7,0.0027810275826548967,0.0014414027704383748,0.0019298928886990112,0.18759101585896637,0.009082583006939062,0.001261665968014008,0.7932824825088697,0.002629929415418461
2551,4,0.00021217696057899998,0.00043222779017357054,0.011760515402563586,0.9412825359616038,0.0030147840770435815,0.0006681302830929101,0.0421840201853464,0.0004456093395970928
2552,3,0.0014955330616927623,0.0008009810264238915,0.8500619796840474,0.0018442381247103412,0.07483414164410163,0.0006653048457780364,0.0019622734793907403,0.06833554813385526
2553,3,0.0008632324678257472,0.0004094020403011194,0.8293589835479762,0.0007082393023885103,0.11963732743344148,0.00019493525497276442,0.0017161958647048574,0.04711168408838945
2557,3,0.0007901727556123612,0.000318539313087575,0.9321992321464582,0.00030959628909827644,0.058301077079937466,4.733282081356964e-05,0.0033383672916344437,0.004695682303358157
2559,7,0.00015101211883458454,0.0001206875189098054,2.2884115163708224e-05,0.0005902042130053906,0.0015419362005712324,0.0007253045348567466,0.996661924175838,0.00018604712282062485
2560,3,0.010552968812909682,0.008705235022444828,0.2203775390040345,0.009561155932559372,0.6455378397157571,0.005274314997026034,0.03904711248291684,0.060943834032351506
2565,7,0.0003299265192362712,0.00028440470780178,9.314658333061518e-05,0.00025079526280301443,0.0015195121882076521,0.00034273431154343404,0.996612318603155,0.0005671618239222822
2566,1,0.8297053155699748,0.023653241850020094,0.07819313241970458,0.010787216217426676,0.0076688870759004345,0.03238246028736681,0.006472090450390268,0.011137656129216454
2568,7,0.002676102177833146,0.045843351925198186,0.0016814408727645436,0.0016072130828427352,0.0059886621650633845,0.0014156915059817601,0.9387195177644833,0.002068020505832932
2569,7,0.00567297435334248,0.0008594480466284816,0.002338967661485074,0.06306510863431762,0.0064353299308659365,0.000983696979151657,0.9183775943704486,0.002266880023759585
2570,3,0.00045579085560096396,0.0005641501308714503,0.9575207384203259,0.0005724097848760744,0.028918402132469538,6.385270487199687e-05,0.006285859877748461,0.005618796093235605
2571,3,0.002954001437259096,0.0007379839043967089,0.9482721909805877,0.010484943672362192,0.027053493084072035,0.000409201674707035,0.001647281501105519,0.008440903745509529
2573,3,0.0014212803904962896,0.0003975610620575969,0.9385213194628702,0.00014878397836346898,0.04092943964972457,0.0001382546839868248,0.0009316613847283914,0.01751169938777242
2576,3,0.00041576798701185494,0.00025552057029293274,0.9206840883795705,0.0002631530425526216,0.06529016557058194,4.267807339884498e-05,0.001128753156833034,0.011919873219758634
2578,3,0.001036091101514012,0.0001978449155451508,0.9667198469172106,0.0005937557362030048,0.025537514864761513,4.523373976812119e-05,0.0009743467091516715,0.004895366015845827
2581,3,0.0010942381066437925,0.0006422005943050946,0.6177991350094489,0.019947131882131465,0.3045724570611941,0.0007284525643467217,0.001974556899432585,0.05324182788249726
2587,6,0.0005747588084368707,0.0001619427413202346,0.0003044045761015579,0.0006423927214503545,0.0006693624198831806,0.9963000241615192,0.0007479179498929969,0.0005991966213958589
2591,3,0.0006876747356823272,0.00025173274865647097,0.9171240795114028,0.00025760756506810714,0.06226997230355286,5.210851317621464e-05,0.009459089579229989,0.009897735043231203
2595,3,0.0025478297818672074,0.0004171697852631166,0.9668005002935385,0.0002258197408419239,0.019701189266213344,9.445912562153521e-05,0.0005727129614961074,0.009640319045158439
2598,2,0.003177667538459078,0.9756475759245118,0.00046098473942268584,0.00017410566837512128,0.0001414389798424241,0.0013323778590396298,0.018829670442142787,0.00023617884820635102
2599,3,0.00024946149661603565,9.892440692496047e-05,0.9116950161662088,0.0022010941516275345,0.06644512453500981,0.00013425324968778724,0.00043052907995281024,0.018745596913972422
2600,6,0.001677011096829831,0.009587140866869978,0.0005155056086935529,0.0010396902333869552,0.001154356292992001,0.9833332774377177,0.0017728987509372126,0.0009201197125731348
2601,7,0.003152664059656816,0.0014780919926978403,0.0010908697145458974,0.01606344210116544,0.010999566858474375,0.0013980039491220844,0.9616153746143038,0.004201986710033967
2604,3,0.0007581157082962684,0.00022438100193336144,0.8995371437022737,0.0007466807896830187,0.06496760732130655,0.00028492764044118276,0.0006528921976542695,0.03282825163841158
2605,3,0.009132217066804596,0.0016874035997965985,0.9619430624738493,0.0031869780446179526,0.009004058135265829,0.00025992236654332385,0.01276615846292563,0.0020201998501968212
2609,4,0.00010845663818628076,0.00023429039135445994,0.000874417570163038,0.9929573831519748,0.0006520119861819421,0.0007875328669231809,0.004051513687088179,0.00033439370812788944
2611,6,0.0038918696053272,0.0008319272635136693,0.001183541583982849,0.0008861929777889172,0.0009054305040989413,0.990037317060869,0.0014127914714514296,0.0008509295329681999
2614,3,0.001525025880794798,0.00038781321591829516,0.9176690145670043,0.00030022498284643085,0.06165610184095665,0.00025682944399703996,0.00040632996850240846,0.017798660099979845
2617,3,0.0003879829732284301,0.000296062864373949,0.9292094685377478,0.005366096579310178,0.04879818681265638,0.00019663261910708393,0.002767329194696066,0.01297824041888032
2620,2,3.773837441256635e-05,0.9903627562722118,0.00013362772279790162,7.630035634146955e-05,0.0002816370645633713,8.774286697164765e-05,0.008662536070436794,0.00035766127226432876
2622,3,0.001220586117314257,0.00039076290829014374,0.9043631280029173,0.00036332429234263837,0.06720841759397399,0.00013785839868910694,0.0008418093794436677,0.025474113307028975
2623,4,0.00017871138792969302,0.00022572405629230262,0.021204436875587023,0.9735668099191019,0.0025781604619833187,0.00039814081143005597,0.001444072069675345,0.0004039444179999859
2626,3,0.003065952898118103,0.0006446392250713587,0.9489568097179615,0.0006603769967882905,0.027793799532720098,0.00019555989581291277,0.0007672294128136107,0.017915632320714223
2628,3,0.00048195931995028324,0.0002245504804052431,0.9223818935020958,0.0002661015819783774,0.05424945984476097,0.0001197238176221187,0.0012752695959328912,0.021001041857254578
2629,6,0.00039402084938818617,9.109558805504675e-05,0.00031920004340262975,0.0005825591046755053,0.0005748985857267864,0.9971062345748297,0.000398114192899498,0.0005338770610226858
2636,7,0.001463171417917521,0.0018518423722258697,0.0023076666728813443,0.18751170081159016,0.0069306373485101954,0.0018308297497248449,0.7964236046209061,0.0016805470062439029
2637,3,0.0012259843301635153,0.0006693810091349002,0.969865552239174,0.0007048433161640292,0.019880185332030197,5.669683680084344e-05,0.0015169817412924193,0.0060803751952402665
2638,2,0.0030804609914896206,0.5322394234308645,0.0007675600396076482,0.0017738348516543854,0.0025775855565404707,0.0007045007948143746,0.4569673332342557,0.0018893011007738985
2639,3,0.0015536348998632108,0.0003768754494161857,0.8951110443370243,0.000304979903388635,0.07032384310783846,0.00025536811089219794,0.001276053517405907,0.03079820067417063
2640,3,0.0012481611808423808,0.0002541088841202558,0.938721736093783,8.179567702196041e-05,0.04830956394673137,0.0001101161877531548,0.0005027614336429405,0.010771756596104978
2641,3,0.001804512200441055,0.0004833039527893712,0.919321644527171,0.000638652937847607,0.05262512440274184,0.000408105084883646,0.0012886237007135048,0.023430033193411807
2647,3,0.002692462412911501,0.0022928660699886414,0.6171989574684535,0.0028024977740228026,0.256339801655536,0.0015089944523614357,0.08862417774833894,0.028540242418387523
2650,3,0.009333068825269894,0.0032573060670880584,0.9450150933690084,0.0002133104382124899,0.029167031308229046,0.00021076617177802028,0.0035789286952424104,0.0092244951251718
2651,2,0.0024910615395127614,0.5842398879447124,0.04026302343993806,0.0013124132183985776,0.0070018266641926515,0.0008883587568781606,0.36195650858353984,0.001846919852827415
2653,3,0.0004251589823636712,0.00028465747982177667,0.8949453615668245,0.014747043604324547,0.07497967954514763,0.0002372321380598146,0.002808792243087684,0.011572074440370226
2655,3,0.0007243573557870179,0.0005282446951689975,0.943795895543369,0.0010435826691177642,0.04272934807174936,6.205462680122827e-05,0.0016296283116115579,0.00948688872639526
2659,3,0.024959410654006538,0.026498806173876486,0.5965362163172562,0.04690226156257184,0.07450195263830661,0.018718949453740266,0.14293276679654107,0.06894963640370058
2660,3,0.00592435722828272,0.0039352851158269584,0.9656029768188341,0.00041071476589840856,0.010365419570435356,0.00026869464310087327,0.0035906570761727896,0.009901894781448779
2661,3,0.0017455197518411979,0.0005154490465144406,0.9617879521099135,0.0006580749909718546,0.027293041729650257,7.92985979311233e-05,0.001422090273220855,0.006498573499956747
2662,3,0.00043691214500379924,0.0003214873766874465,0.7867601560504315,0.006479640678309456,0.16837792531440565,0.00039105785415457296,0.009397098279638772,0.027835722301368382
2666,7,0.00481109012194282,0.002422799741463639,0.000630473197377132,0.003886283318612359,0.01586604296626285,0.001751513473699747,0.9674110304943726,0.0032207666862689357
2667,3,0.0002931412377897382,0.00021349193075172627,0.8873339057212611,0.01882657198058184,0.07899606138409256,0.00018268155629139177,0.0035966467222394074,0.010557499466992212
2669,3,0.003015532083047189,0.003230045438141627,0.917775275923161,0.005914679854156187,0.05185746716583106,0.0004258931612167755,0.011420105209772527,0.006361001164674234
2671,3,0.025475260375740546,0.007421223938906868,0.5755026300207655,0.0015320395913278686,0.29156031418007766,0.0016382052081572198,0.031498806900673075,0.0653715197843515
2674,4,0.000507320870775525,0.0009176255214103356,0.001140333003015786,0.6842070965950997,0.000640851497013037,0.0012257997631450342,0.31105841399697387,0.0003025587525667143
2676,3,0.0012243670941359103,0.0002277992874216062,0.9328395744913376,0.00020873169191532468,0.05685464589664706,7.035189616572564e-05,0.0010506934615455575,0.007523836180831059
2677,3,0.0010697179281943382,0.001338595039551215,0.738575047411609,0.011806670466961926,0.09084392518516429,0.000491374868792803,0.1389292325342316,0.01694543656549447
2679,3,0.007375373354867865,0.003533601846078493,0.7857935845683934,0.0031122962520848192,0.1040880731187802,0.002250047236749264,0.009197925395159562,0.08464909822788629
2680,3,0.001608796413521766,0.00023197304311960883,0.836397754223038,0.0005299195222674973,0.12769075538367627,0.00034077708760947865,0.0008425930169275979,0.032357431309839764
2683,3,0.002778303377266313,0.00041772938840624346,0.9460161421264196,0.0003756736255705748,0.03468954698532161,0.0003770855858293355,0.0004264728506427592,0.014919046060543163
2684,3,0.0019120911478033079,0.0004418225665072121,0.9474383167143651,0.002264403138412084,0.022413671707974824,0.0005064202359878904,0.0012100327037615284,0.02381324178518779
2685,3,0.0006318694264977473,0.00044168089312183876,0.9206554390921111,0.0007955063928046876,0.05776917653890382,8.137102070579461e-05,0.0011545236241240848,0.018470433011730764
2686,3,0.0016614788786301618,0.0006878649467319199,0.8980965273043894,0.00043716499749503067,0.07727825305480955,0.0003953543105455401,0.003319347848353626,0.018124008659045
2688,2,0.00017247271191243098,0.9800273654659751,0.0001548043812233684,0.00021156925869761622,0.0006296234472241287,0.00019887427486985364,0.018071265763754164,0.0005340246963432118
2690,7,2.8267708434401236e-05,0.0003750682567976694,4.646856411259189e-05,4.994101763440352e-05,0.0021418738557701005,0.00025939691749676737,0.9969849877351047,0.00011399594464924775
2691,6,0.00039245251198877126,0.0003671972840574217,0.0002638344456672183,0.000477946725333223,0.00045527613199507726,0.9969832167157725,0.0006071557038436331,0.0004529204813423174
2692,3,0.0012533871324838975,0.0003581861139450978,0.8878741465429641,0.0005480874721558395,0.07707722838716685,0.00029365795422911723,0.0011328754590632995,0.03146243093799186
2697,3,0.0028881043619147046,0.003001073335479747,0.9439047452383849,0.0010755126159885638,0.03291900053953429,0.0001716882687323336,0.004311721970855525,0.011728153669109603
2699,3,0.0011546535293301373,0.0007168961635262817,0.8230377131176443,0.010767830699962185,0.1339226356568736,0.00020914683750709748,0.012156450490603014,0.018034673504553837
2702,3,0.007448254098835604,0.0027668760921127113,0.949543963290735,0.0011901167218710625,0.01612460927156264,0.0005634045872262231,0.0013910681903762353,0.02097170774728091
2703,1,0.4685930860231309,0.409428311422481,0.09858750468043484,0.0031015327127557027,0.003985199781327651,0.005014331841037072,0.00722519039379791,0.004064843145035145
2704,6,0.02085619401898096,0.007806080894812038,0.007598605768305196,0.0014927930608705532,0.0019381425738339145,0.9555430962546881,0.0033085274575784863,0.0014565599709302484
2708,3,0.0015776976042289471,0.002691969461556547,0.8798614457370648,0.000984582896924935,0.06758756840557556,0.00022248157331588922,0.005619950191046715,0.0414543041302867
2709,7,0.00023641181888756947,9.567736669318516e-05,0.00032041649960157996,0.007846539169020516,0.00036496189731452663,0.0002338608656479293,0.9908003295665685,0.00010180281626548263
2711,3,0.0003757335770645086,0.00018828428000541755,0.7678184283555919,0.010549668292791792,0.17928030101294076,0.00032316536650588607,0.0017130307144575495,0.03975138840064235
2712,3,0.001147034196910384,0.0006303698511492294,0.9474508706817418,0.00017284638419412318,0.03763273215497037,9.164737076756839e-05,0.0009902805573812385,0.011884218802885357
2718,7,0.001310150861341983,0.0004847111667345372,0.004040554100577592,0.005023080725343614,0.009779459052297927,0.00019903838651861913,0.9788201267144058,0.0003428789927799971
2719,2,0.001733812771231085,0.962593029309502,0.00035187780698496237,0.0007712491262014653,0.0014943588802585025,0.0004645683444307074,0.03127850218893257,0.0013126015724583614
2723,7,0.0004962103679090224,0.0001914889108324698,0.0011593032708071055,0.0017087168197912413,0.024983304539834793,0.0004840210683967366,0.970186728918423,0.0007902261040055274
2730,3,0.0003774516820798116,0.00018247796690932003,0.8264716064233195,0.005146817116114288,0.13097087032027718,0.0002817883043714923,0.0012675767296528512,0.035301411457275535
2733,7,0.007062483392535722,0.0036129793261296572,0.001097776596428059,0.010108747156079505,0.020198027077173566,0.00327775657793156,0.9487645875277931,0.005877642345928832
2736,3,0.002285627350969917,0.00023488827491054481,0.9474588192222274,0.000723771238717089,0.02868223446149313,0.0003042873071797256,0.0005474082554317947,0.019762963889070274
2738,1,0.8502092410324862,0.03349497333884903,0.0075161856222650154,0.004765314144207762,0.007479143765495386,0.04544726767748056,0.045779012169751776,0.00530886224946438
2739,6,0.0007413908312102231,5.0229054617519386e-05,0.0006295870411076801,0.0012089727540864697,0.0010355830483161968,0.9945275987856222,0.0010221754324109724,0.0007844630526287959
2740,6,0.0005448971608152386,3.869259503099381e-05,0.00039609178274327525,0.0007267688983601176,0.0006939397242858186,0.9965934370358556,0.0004130828702529693,0.0005930899326558586
2741,7,0.0017312643692749931,0.0006563338012551335,0.0006106619465913735,0.0015656267410933205,0.004408240482233558,0.0003970336383730346,0.9889606661649675,0.001670172856211094
2742,2,0.007604677936701414,0.8656740519179965,0.0012354405323560102,0.000929837338633773,0.0017450909707486693,0.0007442929805798811,0.12097559807070205,0.001091010252281812
2744,3,0.0013811133415504871,0.0002572131199937408,0.9546973679316042,0.00024182487713489742,0.029315849054640054,0.00010685521637842517,0.00040244319352597784,0.01359733326517235
2749,3,0.0004602210381955547,0.00020701345194864564,0.9045700125952713,0.00432933776169963,0.06319024947263656,0.00019995357123583563,0.0008031378169716407,0.02624007429204073
2751,7,0.000645632629096382,0.004393330397039028,0.0007432081703332499,0.0010472862505524307,0.01251245036032349,0.00021212983469111422,0.9794667862515577,0.0009791761064066769
2752,3,0.001904657882923675,0.0010880555216030874,0.8828310566460921,0.0009349861486940894,0.08191117647342154,0.00041405569095308753,0.0019544814230672072,0.0289615302132454
2756,2,0.0006384417314679205,0.9051884568653669,0.0006012130974448582,0.0002674822165110964,0.0007780664233711148,0.00031679080888715063,0.0913762132709019,0.000833335586049165
2757,2,0.01375992691513393,0.943675967727896,0.0018732488225072343,0.0011843914345421613,0.0017528944262842168,0.0034227778368677414,0.033129348601805816,0.0012014442349628277
2758,3,0.0011337855013403937,0.00018323626513057405,0.9712503879798283,0.00030126538781987533,0.02130422842985781,3.860695342774283e-05,0.0019900064866362095,0.003798482995959473
2760,3,0.001816196240851037,0.0011290352002756858,0.8188507038192739,0.0017571321239710953,0.09512133226204189,0.0007481202780939761,0.0031651570366373256,0.07741232303885477
2762,3,0.14560706409284652,0.003990056292050998,0.768662763558686,0.00851115182669751,0.02791702487681318,0.0064579481301556795,0.0031882648146408623,0.03566572640810936
2764,3,0.0011119348737879773,0.0003823604812243241,0.9217429421806289,0.002118002274173717,0.04242993712804356,0.0003264786820157371,0.0007972453633292519,0.03109109901679617
2766,3,0.0008772908596875959,0.00023898943294612074,0.9189866996615503,0.0005546767235416901,0.06167232911244736,0.0001986469982430038,0.0011994272217966265,0.016271939989787147
2769,3,0.0009028452075772609,0.0006599546158918232,0.6714196009041188,0.0006444617294821513,0.28836512389067454,0.000316106925803485,0.0015795122830161133,0.03611239444343606
2771,7,0.001137543670474157,0.0010451143033150844,0.00028199229142247714,0.00040786883353232517,0.004836519681914101,0.0003286900466805511,0.9912446377689998,0.0007176334036613447
2772,6,0.00023304822925784241,0.00034149184004943456,0.00022045255189790736,0.00040617363316591506,0.0004544292989700557,0.9976919519937208,0.00023170542299920412,0.0004207470299387369
2773,2,0.0034504356805996196,0.9591810077115978,0.0006532498439897773,0.0007999553514562614,0.0015391487677478362,0.018545093167479276,0.014902872955103102,0.0009282365220259024
2777,3,0.0008190263140429737,0.001099126785569884,0.9359214012940968,0.00027652521351779867,0.04763836716110681,7.519215505306557e-05,0.006095735648042444,0.00807462542857039
2780,2,0.05620426356023574,0.9273510044592711,0.001223892895073683,0.00041880265790462945,0.0015251113366188808,0.0013755809311773377,0.011095705723950834,0.000805638435767816
2782,3,0.011116879989912561,0.003654258100664213,0.9679924974741606,0.0020949601431604395,0.005899721891135319,0.0007939700945513848,0.0015099033380804332,0.006937808968334558
2785,3,0.0008874412328873845,0.0003094242346391893,0.9060092911994481,0.0002324153780775761,0.06892549984197154,8.927575561484556e-05,0.0009932038302500187,0.022553448527111292
2788,6,0.0003069209415038497,2.8760934114272098e-05,0.00021909986204459537,0.0005494890549126925,0.0005969339857266414,0.9974656610299641,0.00032726207893310206,0.0005058721128008189
2792,7,0.00011012997355159832,0.00022680317772018753,0.003081928116636089,0.001836131118302735,0.0056858018097334494,0.00010552956545403887,0.9887937092773383,0.00015996696126319886
2794,6,0.0004539197454254696,0.00028715307574682836,0.0004389828871851616,0.0006178541868569449,0.0004974619017383922,0.9965539005434335,0.0006679882886323965,0.00048273937098107695
2795,3,0.0010957629192238933,0.00040754276232382407,0.8264769149934216,0.0011644239698255254,0.1204995029348563,0.0006008550482546827,0.002135781036131632,0.04761921633596261
2800,7,9.653534805418357e-05,0.00014940755676671121,0.00303918211557656,0.0006402710531839835,0.0036828011638073855,7.650336414089412e-05,0.9922183765118581,9.692288661207045e-05
2801,3,0.0012059759539254703,0.00021619904858193408,0.9362907139451451,0.0005353196245681406,0.049296985445692464,0.0001146858881745879,0.0004134191742721111,0.011926700919640635
2802,3,0.0028101102438938203,0.0010259525539374644,0.9299008661760902,0.0005157891615907486,0.03223295903969561,0.00024083617413606342,0.0012924757617973164,0.03198101088885888
2803,6,0.0005857843064404628,0.0001586066888121495,0.00046785627636704107,0.0015943051514500514,0.0013193133222975792,0.9930001992261271,0.0018465277481564718,0.0010274072803492427
2805,3,0.0010577164741249563,0.00029004220767848635,0.9143848361537255,0.00019672021555277547,0.06366321875826565,0.00024382839059066032,0.004387094892866853,0.01577654290719502
2807,3,0.0038768905128585235,0.002042562563990783,0.9681504329865107,0.0004201345091378861,0.014018546414010603,0.00015614910809523772,0.002361004378907907,0.008974279526488384
2808,3,0.001333687951948799,0.0001870482539244655,0.9532558449144469,0.00020558167845980332,0.036160693501921824,0.0001626444674639458,0.00047941440284529136,0.008215084828989323
2810,3,0.0006468357060329984,0.0004965165455195835,0.6514982185691224,0.0036555712707498416,0.30731337069411013,0.00016510277529030454,0.003380802386011067,0.03284358205316407
2811,3,0.0015534704386680844,0.0005468381768964054,0.8452316769041779,0.004102228737968598,0.08396055932342987,0.0006977154377909996,0.004691671290842062,0.05921583969022562
2813,4,0.027006005673760308,0.009555715955823054,0.04435827493820278,0.4295875565953106,0.03559369922841414,0.005485283695878303,0.4353908963995824,0.013022567513028596
2814,4,0.003537954070270099,0.0026152321137953437,0.0045701367819603175,0.7711184868864652,0.007792446595397797,0.0014910231455859393,0.20744349304324883,0.0014312273632764282
2816,3,0.001422992209217983,0.0007581676788736534,0.958487062683939,0.00030934206173124007,0.020143287673961063,0.00013927507694684423,0.0006596657875020598,0.018080206827827936
2817,3,0.0013797678589657382,0.0006716950017791248,0.9537516596301757,0.0009150192106387388,0.024491640664488817,0.00010721926128170369,0.0009884286838916286,0.017694569688778777
2818,3,0.0006196476409208126,0.00020142243704082062,0.9519972477249793,0.0002743467254932636,0.036049363787559456,4.099985853969358e-05,0.0007568801350871145,0.010060091690379098
2820,3,0.0007682102442494648,0.00015561401727891692,0.9620543190959748,0.00045666468047518663,0.02909632261273967,4.445171304224776e-05,0.005403515322290225,0.002020902313949559
2821,7,7.782701218712568e-05,8.588814047533117e-05,1.6969219127331443e-05,7.306441498140315e-05,0.0025622875585710105,0.00033326716016968323,0.9966874522811373,0.00016324421335076227
2824,3,0.05803041643919838,0.005714846056375686,0.8640347378168658,0.013956308568619293,0.029456408233706967,0.0027829388702560187,0.0049491503793392625,0.021075193635639106
2825,3,0.0008413661649939775,0.00017440469515293884,0.9351018978282171,0.0003274236278990248,0.051277241832950134,7.8710195292633e-05,0.000606054814231651,0.011592900841262724
2826,3,0.00029688198864647814,0.00011279787117292926,0.908599412771272,0.0009308365836509578,0.06681476801399833,0.0001381283099796636,0.0005647268684907279,0.022542447592789047
2827,7,0.0003781019358041281,0.00024914361626382546,6.043353767012689e-05,0.00028043503138967536,0.0008291911754090945,0.0004331424535418772,0.997422754985051,0.00034679726487028486
2828,3,0.0005343195790009937,0.00015150162756575385,0.9377388333606979,0.004241725638836801,0.042950119217817204,0.00017303634771965155,0.00043763942963510747,0.013772824798726772
2829,3,0.0015456553274277713,0.0004793493863874003,0.9675595785776192,0.0014047963951251546,0.02227417013328551,5.4384928352009286e-05,0.003952276996145542,0.0027297882556569027
2831,5,0.0026803252987924815,0.0027334255100839888,0.01729271445287744,0.0015223740143734052,0.9053119277552204,0.001392071559474924,0.019274775067718002,0.049792386341459
2832,6,0.0005572887509114662,0.0002828680264053835,0.00042249628037227955,0.0004844502054905683,0.0004277231548329429,0.996942274816845,0.0004739883766726717,0.00040891038846952143
2833,3,0.0020989793373526874,0.004303147744402154,0.9303500929108505,0.0005464092777505423,0.038466841396733495,0.00014164756728822788,0.019232375944543325,0.004860505821079114
2835,3,0.003068404051971691,0.001036213759749047,0.8534910487938596,0.000971318533016979,0.08704943977828761,0.0006468205276421359,0.002960185683261587,0.05077656887221174
2837,3,0.004784945907024546,0.0019317128701226123,0.6948058857374385,0.0010139531870986195,0.24730641965961442,0.00039954756035969624,0.01166741547792847,0.03809011960041248
2839,3,0.0036082435875277423,0.001771746734289034,0.9740808579042238,0.012065251466088556,0.0028578507663500887,0.00032123635162007694,0.001638877051712368,0.003655936138188041
2844,3,0.0020834545929914678,0.0006323831319875713,0.8966973239326518,0.00036168620649026966,0.07231469614183242,0.0001225478941176556,0.004244649190354722,0.023543258909573973
2849,3,0.002614529001245013,0.0006624272675194322,0.9660046879701238,0.0002813428716722911,0.019526709491785307,0.00013448465674059724,0.0007742486480045712,0.01000157009290879
2850,6,9.0933286030184e-05,6.876471619698721e-05,0.0001684197611925941,0.00045817192123009254,0.0004448538924273553,0.9980379450473305,0.00031703960363307427,0.0004138717719593825
2852,7,0.04951010738124739,0.005167646028681715,0.015391603662255025,0.007213887301347067,0.010198573907793794,0.0027274052668502715,0.9061418328166804,0.0036489436351442935
2854,3,0.0010117387090686815,0.00022768094354867302,0.9436161608427013,0.0001722048459840358,0.04051934938784089,0.0001398399091434261,0.000385679164107734,0.013927346197605207
2855,6,0.0020058837184723927,0.0011882196785717959,0.0009370497480575238,0.0007309867313601509,0.0007045319215104125,0.9927122664837694,0.0010741144636569932,0.0006469472546008187
2859,2,0.03278730374176711,0.6611785557460791,0.1274376634494229,0.006794407631311311,0.04889592349251903,0.0041680389888056335,0.10973138945297999,0.00900671749711519
2860,6,0.005927078047137901,0.001025141763312303,0.0018271912008139349,0.0009550838675722785,0.0007727969353812429,0.9876319584514259,0.0010980512890033129,0.0007626984453530221
2862,3,0.0012020546289507506,0.00021892202808165254,0.9357393065757716,0.000977438966288283,0.03524893366248348,0.0002200869396591534,0.0005667100721068835,0.025826547126658134
2864,6,0.021806608237449166,0.0031378322760331036,0.0022165420847123163,0.0012856735470394235,0.0013210225396912906,0.9669687802009458,0.0020218516568941062,0.001241689457234832
2865,3,0.04823183124634604,0.0025343160436771504,0.9384661935589012,0.002770804336389227,0.0024622293635515693,0.00046078349775417743,0.001575672011848793,0.0034981699415319416
2867,3,0.0011267914493920876,0.00023348472628860497,0.921126574293023,7.682337193665027e-05,0.06825240594438275,8.170290667104479e-05,0.0008908399174620881,0.008211377390843908
2869,6,0.0002945377079195299,3.879188943269965e-05,0.0003075317823349564,0.0004914606225950586,0.00048460493628527736,0.9976347566224802,0.00032579452297974514,0.0004225219159723576
2870,3,0.004961776941580488,0.0024401626217874007,0.7185007237358778,0.002607915426311479,0.18039939637703462,0.0017935304188269523,0.005473374875125715,0.08382311960345572
2871,3,0.017425397506458346,0.0009427992033659821,0.897094041958187,0.0011056975455574073,0.05713859238528175,0.0011949550669912079,0.0033154987953136605,0.02178301753884405
2873,2,0.0016441815983447366,0.87749575936099,0.00035689405004555056,0.0009261691607014957,0.0014509217801665986,0.000506167342533186,0.11612595366835696,0.0014939530388616451
2874,3,0.0009576113332288016,0.0004514072982865146,0.9063307134270543,0.00045092488822954206,0.06144563286270186,0.00018970415531475665,0.0014762364588498005,0.028697769576334426
2876,3,0.0006125975821019458,0.0001361613079625653,0.9385699248657353,0.0009057200480439284,0.039620762075370394,0.00020845999561862932,0.0003564117271796607,0.01958996239798745
2877,3,0.002349573316519096,0.0008451723424838012,0.9110943072801295,0.0010473473223580753,0.0416681576225488,0.0005425626828607803,0.0019529103652009847,0.040499969067899204
2881,3,0.0007595445341265447,0.0002551973427289301,0.7339286362594024,0.0020751410110900425,0.20770497135599536,0.00045951704925493064,0.004140399577150544,0.05067659287025117
2883,6,0.003789012091409225,0.001255837352767676,0.0018775813903787147,0.0015083543446733352,0.0015519763779617282,0.9866221181414692,0.0021150634097278904,0.001280056891612392
2884,6,0.0021195654196948834,0.0003961832099475432,0.00043750193948313335,0.0006257793702841749,0.0007177694763514828,0.9936931873846452,0.0013868607772978025,0.000623152422296064
2887,3,0.0013650610334680685,0.001862671571128167,0.9282539007877763,0.0010079766911220058,0.04661485654823754,0.0001359512703129018,0.0015836779195838463,0.019175904178371193
2891,6,0.000484619012868427,7.847732846709276e-05,0.0005691795856912907,0.0006214210881958672,0.0005542337693579341,0.996684392039726,0.0005252125881920386,0.00048246458750168776
2896,3,0.0009038463387976684,0.0005099826513584843,0.7839980190676763,0.004604938318074823,0.13860100363444153,0.00043261735666397596,0.007524927317058083,0.06342466531592915
2897,7,0.008364271789116447,0.0035971740167163274,0.01072407622798911,0.06415397111408547,0.01698999144155496,0.0023627258523038425,0.889470640945065,0.004337148613168832
2899,7,0.001889610929730405,0.0016499939962345586,0.0011387823861625996,0.014220135861586916,0.012874358246079146,0.0017034022018828279,0.9628973171338424,0.0036263992444812367
2903,3,0.0011303811214604406,0.00019748435169058626,0.9412490018565124,0.0001814359157305827,0.04350812513414291,8.666455368855647e-05,0.0006727103901955531,0.01297419667657895
2906,3,0.007447069799303739,0.0033744646463414467,0.9674823300199028,0.0009109107561732358,0.005605331350910086,0.00037045939908813815,0.01222351051339801,0.002585923514882754
2908,3,0.0004342617821907585,0.0003531587064543861,0.8430388180712938,0.0006259508386393537,0.13320109207490458,9.396432092018253e-05,0.0015139268557911039,0.020738827349805953
2909,3,0.0007412623911839697,0.0006100999920061323,0.918284973095111,0.029810670108378297,0.039692269062765594,0.0003886492040942575,0.002183099360501013,0.008288976785959622
2912,6,0.001163060897834004,0.0002750892294306076,0.0007017641836486921,0.002052447547069511,0.0016617704942937662,0.9910145611151432,0.001926983770889276,0.0012043227616907962
2913,6,0.0003979864087537723,0.00016607016838829602,0.0004344046583142753,0.0007639586395873226,0.0006923669210556769,0.9960407633741496,0.0009081929827928415,0.0005962568469581352
2917,6,0.0002034059618181382,9.036404352321852e-05,0.00029110633056893807,0.00081863785224348,0.0007125133836203514,0.996484608452485,0.0007902169528592616,0.0006091470228819747
2918,7,0.00043083937159055387,0.0004615396839425792,0.0001004559141265841,0.0011849363837254008,0.005638946323852696,0.00033634205998622025,0.99153268802835,0.00031425223442547035
2919,3,0.000992296296626865,0.00026262320993957654,0.765469382085202,0.0006073743376771343,0.19569829295153268,0.00041371368347360997,0.0033953592807938523,0.03316095815475428
2921,3,0.0011501925774644462,0.001418568473017367,0.8585821206415648,0.0032169850268629666,0.11158804811425478,0.00015910920402596352,0.011267663541751335,0.01261731242105833
2922,7,0.00047220518119796766,0.0010345526902008951,0.005374093888315875,0.00036501565527355373,0.0881786090556145,0.0002476256070514259,0.9030311994173603,0.0012966985049854454
2924,6,0.0038608960163893985,0.0015290223888182767,0.0011670890757073571,0.0008451403175601386,0.0009604781571292701,0.9898573304795912,0.0009364778053798719,0.0008435657594241917
2925,3,0.003155873973220885,0.002883749821254769,0.5130730591319211,0.12572889653629243,0.294741335333454,0.0024149071625640052,0.006556391656897794,0.05144578638439511
2930,7,0.04797649516800725,0.003419749747583844,0.022104514010205207,0.013996626193666446,0.00971600619543142,0.0024676060990049117,0.8967374757309102,0.003581526855191044
2931,3,0.0007452560413868493,0.00016204627366570777,0.9269645153930475,0.0015010381006194038,0.04665963100968906,0.00021680104343438987,0.00030865905156906177,0.023442053086587786
2932,3,0.0015989549983605803,0.00034838007317393005,0.9397750930754188,0.0001825363837865149,0.04336888458627852,0.00010801952144181985,0.0009892738629923004,0.013628857498547763
2934,3,0.00074850447703739,0.00023503643333961318,0.9429512503491825,0.0002676454428746399,0.04027469699330209,8.194411505521113e-05,0.0003244837240518516,0.015116438465156227
2935,6,0.00048589137291265357,0.00043310232989556165,0.00019942106700374866,0.0005204173726472484,0.0007282905116035931,0.9965715171361879,0.0004642683932665236,0.0005970918164824597
2938,6,0.0002452694266234218,3.379603155934456e-05,0.0001906888197211706,0.0008170691819545771,0.0008560651807022908,0.996689326521909,0.0004811786182926042,0.0006866062192377492
2940,3,0.0068700758188661405,0.004264876094220515,0.46896320893618293,0.005178677700903216,0.39869214417916005,0.0032431088695373898,0.009403513948871189,0.10338439445225855
2941,2,0.2677060111808238,0.5734068616298204,0.029540658341614227,0.005178655925610625,0.0055951120400521874,0.06280193675240064,0.05253852402956275,0.003232240100115226
2952,3,0.00021296238412351517,0.00022013464676459333,0.9184325966050214,0.01864528403902743,0.04250408953665147,0.00020632457002641447,0.01002561463392412,0.009752993584461198
2953,3,0.0030940231643334574,0.0020136199845162592,0.9480178128624619,0.0009830145374052702,0.017448446716291657,0.00028164064276508686,0.0017736894274639208,0.0263877526647622
2954,3,0.0038166868452339333,0.0019927157919524315,0.9196897200859911,0.002901917606643204,0.016563603084492437,0.0011020517421041357,0.003761398061721254,0.050171906781861356
2959,3,0.003892658561751075,0.0005994291850396418,0.9692836389471701,0.0010798398786662784,0.009740129666420173,0.0004698581096256179,0.0007134067506022182,0.014221038900724632
2962,3,0.00709805940760294,0.010321481413940679,0.9569093787674754,0.0005607587796086933,0.013962814847955236,0.00023500332854891427,0.006067760705761457,0.004844742749106735
2963,3,0.0014280872117457318,0.0005616438997534058,0.8864648376924907,0.0013764690969441228,0.0570156144508077,0.0005603618664225543,0.003044007309869653,0.04954897847196577
2964,3,0.008871488366831298,0.007057561118286204,0.6996081960584049,0.009808341877365548,0.17352822234034582,0.004637974447408074,0.019613828050713454,0.07687438774064498
2965,3,0.0007770050037787231,0.00043052253655376596,0.9099897871002455,0.017764396149564723,0.05587532282918421,0.00019446806787125942,0.0059995486310530045,0.008968949681749293
2967,3,0.0038177109147250927,0.002563012953051684,0.8591700425044031,0.0024487553638846598,0.07839067533722206,0.0010108464597512992,0.0038934195252746375,0.04870553694168747
2968,3,0.0011797572137041774,0.00019727294674548698,0.9381611033090506,0.00012409298130617612,0.05346803873172177,7.110452879522654e-05,0.0019387559604437732,0.004859874328232966
2969,7,0.001405111878026388,0.0010157028936077282,0.000669071154830694,0.002523762785930195,0.00882048452017088,0.0008470966405842578,0.9823278364206226,0.0023909337062271155
2970,4,0.0009826665197697339,0.00024373862979153583,0.1071561159230081,0.8751412742855957,0.011780696722928056,0.0004599520204410247,0.0029295466971174366,0.0013060092013478222
2971,3,0.0010195964228460611,0.0002972846585412832,0.9511414520714753,0.0068780529583875845,0.027214046065877774,0.0002133952246005078,0.0004003386134716267,0.012835833984800132
2973,3,0.000902295008623718,0.0003336458778436244,0.9176361074865473,0.0005833474081720745,0.06061081508969557,0.00014281440428656875,0.0008251675928077841,0.018965807132023033
2974,3,0.0005339749425450913,0.0004870515763207055,0.8041198450742657,0.03978702136056263,0.12310340002515238,0.0003885844329111901,0.010162587193517685,0.021417535394724695
2975,6,0.0003904089555250399,0.0001388547398102008,0.0002450436472871751,0.00039204106926525774,0.0004461713430307934,0.9977221955943942,0.0002580468201121324,0.00040723783057535726
2977,3,0.007675569323741779,0.001944134423238677,0.6455643959728817,0.00229576964934037,0.2672892389253428,0.0015749259806844293,0.004980253532748881,0.06867571219202089
2978,3,0.00316812347551225,0.0011698136537214043,0.914454400351216,0.0007481151925158282,0.04960331094048489,0.0005644334562794551,0.003156602419297354,0.027135200510972776
2980,2,0.0004423255402622257,0.9581900709210183,0.00034813911631556376,0.0002454561126523969,0.0018692411107519252,0.00020756550451648894,0.037634366312128846,0.0010628353823540083
2981,3,0.014810941239887973,0.00521678472207522,0.4347186674657526,0.004425540459254201,0.40721045641490095,0.004007131603575116,0.023451188042829165,0.10615929005172503
2983,3,0.003737500397980853,0.001153197967263094,0.859907940061433,0.0010923006535036286,0.09025101745622773,0.0006402052126318466,0.003709287432842638,0.03950855081811688
2984,2,0.0029376524301506514,0.9477467917626857,0.012604292840179115,0.000482507503087029,0.0010009623320703124,0.0002799076259975484,0.03439287353033497,0.0005550119754949438
2986,2,0.000970420115311074,0.9044455209127953,0.00030003982088727503,0.0008688455777926013,0.002150832351683992,0.000880983911765551,0.08889888539295536,0.0014844719168090293
2990,6,0.0011755839508931782,0.0001898334084140859,0.0003773853830995315,0.000440528089856678,0.0004956982090933391,0.9964171432311741,0.00046051865722417876,0.0004433090702448442
2996,3,0.001045966584984526,0.0001825385021421382,0.946829129982953,0.0006637821496573845,0.02928540371546175,0.00024995729427905005,0.00038543720185158046,0.02135778456867034
2997,4,0.0003714015814554819,0.0003356261861889907,0.005056912850609713,0.9774560818268375,0.0035727418190426787,0.0006922273184240038,0.01152098332958818,0.0009940250878531028
3000,3,0.002769339368074125,0.0015979506803305524,0.9277740880351909,0.0002510154689950698,0.0367256021032268,0.00023392860548531415,0.0014336234907948867,0.029214452247902277
3002,3,0.003414542977626307,0.003811323128491156,0.941442301808796,0.000512548287930672,0.030100774946087507,0.00020099431435926837,0.0023867632417795583,0.01813075129492972
3004,3,0.0011571598058127922,0.0006108155283223741,0.8457671893345642,0.00620538125243738,0.09389897860013703,0.0004721078564130168,0.0014665829910304193,0.0504217846312827
3005,6,0.000904825008203818,0.00011572600380899392,0.000732567676834435,0.001432972199405961,0.0011082254942041416,0.9930842672568667,0.0017694045333552972,0.0008520118273201789
3006,4,0.00253473150231131,0.0012831314441173257,0.002619611336443681,0.5752891058510402,0.006448008555066015,0.0013993582193796096,0.4075450433568191,0.0028810097348222004
3012,3,0.003405861539417068,0.012210358727040967,0.5880536815711382,0.002967134998293522,0.04383352120398616,0.0007206972340702365,0.344783574934502,0.004025169791552057
3015,3,0.0007634222964667977,0.0003361582603895082,0.958817360076519,0.0002350593757027005,0.030516363327674625,4.343909170565226e-05,0.004023495289521754,0.0052647022820203355
3016,3,0.001212320715304898,0.00037060222918148107,0.8825179528750454,0.000581611502160724,0.07962013409461516,0.00032685668981369547,0.0018522639071604076,0.0335182579867183
3017,6,0.014236618398668655,0.002370698962282026,0.0033306800410751896,0.0017266412694274013,0.002027404964034789,0.9703641911239267,0.004386462285518896,0.0015573029550660978
3022,2,0.0035261825730971614,0.9825711291797483,0.00046523011715022617,0.00023831738275480375,0.0004868492531049766,0.00303459636058179,0.009239936209325953,0.0004377589242362474
3023,3,0.00035673624131856595,0.00029720790292483675,0.9394529114189868,0.013235705452671642,0.03682138979994378,0.00014776514260427207,0.0023790273569258987,0.007309256684624195
3029,6,0.0015257184632150164,0.00042427809486674206,0.0008966014011688447,0.000917471990580358,0.0007841568578509749,0.9934054174214599,0.0012798070583679999,0.0007665487124900086
3032,4,0.0016441445368020563,0.0012999511353494124,0.005519900140451296,0.9798349490343866,0.002813320175154325,0.0006300855808861873,0.006892795860648322,0.0013648535363213236
3035,3,0.000983439024453195,0.00039580417654434694,0.815211595664417,0.0012734096542672318,0.14880744664651313,0.0002071991448591291,0.0027998759276379593,0.030321229761308202
3036,7,0.04154516545395766,0.08031766664905175,0.011582750671352384,0.0050117236373821185,0.007290297126077755,0.01446315980733425,0.8343877896523497,0.005401447002493489
3042,2,0.0003031738027268344,0.948011158268,0.00019403466419249744,0.0002069373912374142,0.0011881581742007967,0.00013023126204337338,0.04922126371685553,0.0007450427207434534
3043,6,0.053855870906728616,0.03459361742240092,0.002431022147800235,0.001517950046950997,0.002092917798958294,0.8990688501518774,0.004864208079713826,0.0015755634455696774
3045,3,0.0010572054601156327,0.0002462249099634608,0.940861536402687,0.00011625206204490425,0.04434047647594748,6.102763026666385e-05,0.0007652439337748201,0.012552033125199789
3048,3,0.0019105258236198099,0.0003497151826571973,0.9081851342033713,0.0002094459318700944,0.06699062804400299,0.00016204519610852881,0.0007760351273712213,0.02141647049099867
3054,3,0.00046686373956128844,0.000674274063696266,0.8176470159461822,0.0700006846427804,0.07191424723258352,0.0004718837192905297,0.02419988309892133,0.014625147556984701
3055,7,0.00319376729710788,0.0016829757540046534,0.002213030674517664,0.16980437921663663,0.014005402760781714,0.0006138739853118467,0.8070878109145583,0.0013987593970817807
3057,3,0.001260600705767941,0.00021561246056169748,0.9529011619314706,0.00021122528313192445,0.03261152764976721,0.0001813393334981032,0.00032136864300256725,0.012297163992800576
3059,6,0.001054637186132829,0.0006090512683194401,0.001065636856755846,0.0006491304006503347,0.0005847943199405122,0.9948559061425338,0.000628403058628163,0.0005524407670387728
3060,7,0.00029813577303708215,0.00031465165366988297,0.0010727994240943498,0.04632863405729248,0.0007789574069737487,0.0004095802570944512,0.9506585023618489,0.00013873906598877028
3062,1,0.9183421475236696,0.01519165968103502,0.005275096522966766,0.004354396086832145,0.011703843868746804,0.01707103263391726,0.019943495332308676,0.008118328350524265
3063,3,0.0014321584088609588,0.0003434269470333814,0.9438578730593089,0.0004472191123838043,0.03508644671316519,0.00011359109531800645,0.00041756764851186013,0.018301717015417853
3064,7,0.0031089851280312274,0.0011735761216075042,0.0009013356678834885,0.005043980860681842,0.009573657314478673,0.0009151680090615602,0.976382572685803,0.0029007242124526053
3065,3,0.0005259880731715502,0.00020242402969115336,0.9426554963516116,0.00013013087003180547,0.04001867848271427,0.00010840958753969852,0.0011216889774624426,0.015237183627777474
3066,3,0.00033177893980509786,0.0002692430573695766,0.735158247861152,0.0006645582084391671,0.23071415747594476,9.516918130774354e-05,0.001580317674044724,0.031186527601937124
3067,3,0.0027536309895922783,0.000511572956114675,0.8242706690142529,0.0009915081015198545,0.1369523707554739,0.0003858153303237384,0.002807928610480968,0.03132650424224148
3069,7,0.0007832055647573264,0.03064107112598515,0.0005388306654588044,0.0010280527195047923,0.003497175073870503,0.0009523589747094675,0.9615217283809544,0.0010375774947595495
3072,3,0.00102154561598729,0.00030191428619324106,0.8824513429656584,0.000243418507891169,0.07626515807256799,0.0001924441482921734,0.002830528610497475,0.036693647792912586
3073,3,0.0009136910699223385,0.00020725626440358928,0.9473293466986286,0.000626177598546994,0.02873123131600046,0.00019977018128685585,0.000529139038878255,0.021463387832332745
3076,6,0.0024628811219361353,0.0003420440259429217,0.0009452784134830971,0.0007009002065680346,0.0006239544883089497,0.9934974960867399,0.0008466624042858329,0.0005807832527349547
3077,3,0.0005447825022519743,0.00015253134372239364,0.9037845704056627,0.0011768425017250324,0.06539171262035266,0.00020137993304118014,0.00048671861956098224,0.02826146207368337
3081,3,0.0004390756987758769,0.0004896389310913167,0.8763693338581158,0.0005940733574599881,0.09860635628790884,8.995316835538767e-05,0.0013771852405883682,0.02203438345770445
3082,6,0.000609245870016006,0.00027368470938249036,0.0005209820399835956,0.0009099465018080291,0.0007785401698494856,0.9945960583171938,0.0016103747567452616,0.0007011676350216977
3084,3,0.002184701403414813,0.0013152020593087028,0.8577641451774519,0.011607837386712125,0.09150316490144242,0.0005203654166419322,0.029186310345596007,0.00591827330943203
3085,3,0.00908073092676682,0.012491400635966252,0.34793886190985945,0.08318195477795513,0.15220125025732095,0.008742319539478422,0.07040361292528503,0.3159598690273683
3090,3,0.0009041961327318635,0.00025157657818322633,0.9323546391241048,0.000190110125953803,0.05068764228270983,0.00014853337625720026,0.0005860182868852,0.01487728409317413
3092,3,0.010176427068438253,0.01043568744855691,0.6687176795256615,0.014737507063154773,0.09751022431634974,0.006394375169814761,0.04170745021990255,0.15032064918812169
3096,3,0.019824747041953687,0.006483970228049704,0.9197674761257477,0.004291994716102674,0.027164083591687403,0.001543215858620529,0.009191708576678304,0.011732803861160357
3099,3,0.0003591731842596131,0.00021255948544177144,0.9011235292324302,0.007599888186827719,0.06316804990391509,0.00023663418165891528,0.002382458116883843,0.024917707708582686
3101,3,0.0023429540355952884,0.0007512939748924045,0.9390874125075359,0.00046844712223975443,0.03113468178409587,0.00021477596870430945,0.000916050785015286,0.025084383821921408
3102,6,0.001871061464820098,0.0003473365129733455,0.00041125527451485173,0.0006543656648103437,0.000721747591980801,0.9944129546048028,0.0008774502277258314,0.0007038286583719542
3103,3,0.0016864902637734114,0.0010510253557818648,0.8731888690479079,0.0022269248864455436,0.06806870441405412,0.0006102591220758619,0.0038043916902973,0.049363335219663865
3109,3,0.011437619766325716,0.0013470984293951238,0.9782629765428824,0.0015945158751752952,0.003258414665791666,0.0002929332289442476,0.0009706915046882842,0.0028357499867969495
3112,3,0.0013049285523896862,0.00032835159583595794,0.883189783812207,0.0011934949101069917,0.07567398895483554,0.00033938143454265683,0.0010041251219596278,0.03696594561812301
3113,3,0.0004941481252974363,0.00023530914931771589,0.8605114377985059,0.01099032400978326,0.10062738761225397,0.0003021530178393762,0.0053837581992699415,0.02145548208773228
3117,3,0.11136446536246768,0.012742326375133634,0.8035919122225685,0.0040118934398244085,0.02319532538077429,0.005847564881218331,0.025355748925441998,0.013890763412571292
3118,7,0.006032150493714323,0.001570974826888495,0.0011932658760156947,0.04303130251716493,0.010703551242874912,0.0011097476010428185,0.933950446087906,0.0024085613543925934
3119,6,0.0011543222420952943,5.000358233124013e-05,0.0003977185318479877,0.0006316883497521691,0.0005883310685149838,0.9961996744149109,0.0004637234792979362,0.0005145383312489944
3120,4,0.00031678412658726776,0.0001518025009628389,0.0019242919790190363,0.9864959970961028,0.0009976123605291657,0.00040005190131939733,0.009283243210232387,0.0004302168252474462
3123,6,0.00031788064388281245,8.923647369779567e-05,0.00046910708096110053,0.0007030065734784042,0.000627609702684746,0.996633050751841,0.0006313291521594247,0.0005287796212944609
3129,3,0.007725404386959141,0.0007439901156623365,0.9446158933257085,0.003243162001403639,0.017543017300686154,0.001492081080327056,0.0015421966032049153,0.023094255186048372
3132,3,0.0022379562968567472,0.000726947887158064,0.8565628775107618,0.001361908763526952,0.09678578536435117,0.000453498707048995,0.0024965326385329644,0.03937449283176328
3133,3,0.0006241062904987056,0.00016797535340587765,0.9215782718435606,0.00041963635671248825,0.06832991193306323,5.60744958994925e-05,0.0006651559644839603,0.008158867762376001
3139,4,0.00020171359587419968,0.00025697224944508227,0.02364292661305956,0.9695704751592209,0.0036033203005103012,0.0003682335278438536,0.0019030692985647557,0.0004532892554813272
3142,2,0.026471485385845227,0.7581245165490321,0.0032366902335456537,0.003147909285413203,0.004315807394272807,0.00624315845648749,0.19550672920824877,0.0029537034871543566
3143,6,0.074674194183252,0.006837698426452982,0.0018023667136593642,0.001203754796476988,0.0019591696666034475,0.9090242750240776,0.002891438754399729,0.0016071024350781536
3144,4,0.0005601188284458061,0.0013040331184292243,0.0007104368141917317,0.7748964162019958,0.0008925021468584925,0.0019839702204014625,0.2191803982094652,0.00047212446021183217
3145,3,0.0012986656765916654,0.00020232287221935165,0.9400329980742497,0.0002007557470403533,0.047720246691673025,0.00012497675365317874,0.00028799039531621126,0.010132043789256908
3148,3,0.0025648302340445404,0.0005894889792643204,0.8124026258763217,0.0006327857520661091,0.14170574478432132,0.0003138902974683519,0.0032757370946830764,0.03851489698183086
3151,6,0.004108305209987317,0.0005126791015969725,0.0012585700101860819,0.0017733534716271233,0.0016792305512898494,0.9878636016224077,0.0014643486839227822,0.0013399113489816722
3153,6,0.2292037406247359,0.047517615288639535,0.007454343159302609,0.0027769758809313254,0.004684124014724703,0.6987129459717114,0.006307661604227881,0.003342593455726603
3165,3,0.0012357631403113632,0.0008643546836700778,0.9291162472259884,0.0002066500538124273,0.04810098600551029,9.097210041817406e-05,0.002357423450980017,0.018027603339308987
3167,3,0.02332086650973765,0.0009751220846303538,0.9023011854162696,0.0024459768265157034,0.04011601643962806,0.0022028988385387905,0.0023033053520290893,0.026334628532650877
3169,7,0.021932263122528075,0.00284228361765801,0.06028435937621275,0.3315466899854378,0.024732038409724072,0.0007989553099203258,0.554884761592167,0.0029786485863518403
3170,4,0.0021863635058335645,0.0014821627737483887,0.0018414566112116915,0.4739278102374228,0.009331778037044793,0.001579223233376906,0.5065872973909116,0.0030639082104507546
3171,2,0.0097788837511927,0.8484406898358007,0.0019402332538792032,0.001883692087543527,0.0023160607936352448,0.00901982020934518,0.12452878354150641,0.00209183652709737
3175,3,0.0008140287151523624,0.00033169499676356155,0.8741691442373722,0.001124420326854786,0.07785440341933682,0.00029812247442302853,0.0005893415177236712,0.04481884431237326
3176,3,0.005711955648409474,0.0011282656748478088,0.9568532649574018,0.007458942658962892,0.011373927833581756,0.001070609648074014,0.00126215940928006,0.015140874169442648
3177,3,0.0015372592695735699,0.00038580895178408445,0.9436142924081903,0.00025858986248050947,0.035791306376184544,0.00029158874002020344,0.0006702957296316225,0.017450858662135305
3179,3,0.002412055487534125,0.0016656959978487524,0.9582529124059124,0.0007793671738909512,0.017016146915767475,0.00023837847463775035,0.0009690039678235109,0.01866643957658456
3181,3,0.014459900417528896,0.011973800851601,0.9571313080626592,0.000564696813446126,0.005908173063932734,0.0003706474840511429,0.0023612246501785767,0.007230248656602656
3182,3,0.0013788470126265156,0.0002595701288719474,0.9506192895800988,0.00037995105351471025,0.03723380339829446,7.146391105939088e-05,0.0008632687286778567,0.00919380618685641
3186,3,0.0013217317485281178,0.000351295642712605,0.88592208213603,0.0009375042154634684,0.07507109801153276,0.000314194722034535,0.0010171924626822533,0.03506490106101631
3188,7,0.0002496863680536938,0.0002112373733615303,0.0001258583241514703,0.000493790793421357,0.0015604970200495658,0.00028466271025356617,0.9964575440741286,0.0006167233365804867
3190,3,0.002170523360923808,0.00043061699378254956,0.8900329798643327,0.00011836564847077904,0.09457040573806592,9.852087880070037e-05,0.0019754861243415005,0.010603101391281929
3192,7,0.0009039946771581129,9.003419718373921e-05,0.0002563035618413267,0.00036157422219562505,0.0003563154247047261,0.0005939211667087801,0.9973311633106516,0.00010669343955652284
3193,3,0.0048203200308185624,0.0005481460329205066,0.9519852570973154,0.0012789769719630415,0.015669311148250986,0.0007679923044012037,0.0014899002866412515,0.02344009612768926
3198,7,0.00034575965390945735,0.0006011906003937687,0.00010663425579071051,0.0004325785507695064,0.003181428074324071,0.0007219100552654935,0.9942378532003638,0.00037264560918314014
3202,3,0.005778558961517874,0.003769861526608449,0.7560509255168856,0.004279376752586413,0.0905835477937509,0.0020472970208956255,0.018753852942340606,0.11873657948541465
3203,2,0.006827309948653611,0.9363614008779672,0.0013750951367059968,0.0023775498558544898,0.0024174606891566473,0.004025384376518419,0.04435008558593214,0.0022657135292115612
3208,7,0.0003692083392999154,0.00018329662981800686,0.002375320901327914,0.015415541968954706,0.0028254704038592035,0.00020458395792124487,0.9780954775819671,0.0005311002168516134
3210,6,0.0028443772364472267,0.0011644561218219437,0.0022265214830271256,0.0013675104327196977,0.00101290410141843,0.9888690379590948,0.0017258257052190406,0.000789366960251475
3211,6,0.006904929433655493,0.0020163842405043647,0.0028000250399206426,0.001068575604468062,0.0008764505123562774,0.9839949800297666,0.0015839315606043121,0.0007547235787240419
3212,3,0.002390209252097379,0.000543312920916461,0.9520771395570794,0.0004069694345666387,0.026618211335672683,0.0001608598309967484,0.0009764926340451703,0.016826805034625344
3213,6,0.011526763862688751,0.0030592519966474553,0.002552866366386316,0.0024339497117197803,0.003778757461271921,0.9693933507154714,0.004809016672317397,0.002446043213497213
3219,7,0.002304924800312988,0.0005681105214655738,0.005020940032917566,0.05037429304127513,0.010833068130403663,0.0002764180525511765,0.9301209793603991,0.000501266060675062
3220,3,0.0010545229193656203,0.0005529412247270772,0.9622135291113816,0.0003735522857311075,0.02063577061159721,8.349486255872891e-05,0.0005924974580081464,0.014493691526630463
3222,3,0.009418359819702437,0.002133148277862081,0.9720193303745942,0.0006784794010663435,0.006096231191071123,0.0004163264022855932,0.0011214142497225938,0.008116710283695403
3225,7,0.002377326599332852,0.0019890942166723366,0.0007766436787034877,0.011473402615959163,0.017906787680933907,0.0015645011311879074,0.9617399631847251,0.002172280892485024
3227,3,0.0028090006735037656,0.0006012315966239388,0.8643310628481409,0.00022592343308757947,0.11810615666133736,0.00013742201797006047,0.005123373769768661,0.008665828999567896
3230,2,0.00331195656974444,0.964782057959253,0.0005252637811871439,0.0007937837866123102,0.0017415129167117945,0.00036108349486714135,0.027301817725903135,0.001182523765721318
3232,3,0.0038210118195896583,0.003245473076611832,0.6683257583337374,0.0036710649609446237,0.2485588715069229,0.0015289565851226636,0.007859394449938668,0.0629894692671319
3236,2,0.030239527452054535,0.8542660815565198,0.009923357372206548,0.0012482800737056575,0.005661216335335252,0.0020806890805214373,0.09493517161601747,0.0016456765136391306
3238,6,0.0005558039849700119,4.1555822914671306e-05,0.00026229392172538615,0.000605793227488906,0.0006331198434764972,0.996893269769501,0.0004665025173659746,0.0005416609125575702
3241,6,0.0031600018356289263,0.0031164398697565016,0.00428621150331948,0.0019114103772104386,0.0011384926612748234,0.9828080243655993,0.002641102620028114,0.0009383167671820766
3242,6,0.0005687865664465163,0.00015334979252372254,0.0003803393694796776,0.0007271141386797012,0.0006921004621879615,0.9959588388463249,0.000930046440833908,0.0005894243835241269
3245,3,0.004039043610784071,0.0004609848840391007,0.9856772613809478,0.0027860140665515944,0.003292925800071779,0.0001248482014803329,0.000992076456104102,0.0026268456000209358
3247,3,0.001649230413573246,0.0006535095884484262,0.9206905883249185,0.0006135388893357677,0.04439175497161297,0.00041234795304267096,0.0015474850471705432,0.030041544811898017
3248,3,0.00046305276851445816,0.00045706612712621516,0.9263665704838911,0.021973473291163944,0.03855039892505464,0.00017341658992911404,0.0031491019293527003,0.008866919884967938
3249,7,0.00194132182657579,0.07522315778755373,0.02571070415428053,0.0010631516926019173,0.005505109393646779,0.0003833414239007069,0.8896003006699491,0.0005729130514917828
3257,3,0.0012337825611962651,0.0005513009830344221,0.9047415014328727,0.0006271485031619729,0.0641834227104695,0.00027653136032627397,0.000976423511890734,0.02740988893704828
3259,3,0.0009129633786114898,0.0004717955416025276,0.8901006617220547,0.0007247569791767849,0.05193541867641121,0.0004051801811724451,0.001534770836421679,0.05391445268454876
3261,3,0.0028215658795721784,0.0008783031795930352,0.9452829749932561,0.01223085239633716,0.02586749771553819,0.000580718438794188,0.0018198577290172988,0.010518229667892013
3267,3,0.0029666799345974154,0.0018221819323640173,0.8270836618764634,0.005469038602938144,0.09683422542399592,0.0010897716441532134,0.0035092780747922403,0.061225162510695194
3269,3,0.003912953019364958,0.0008309191762482117,0.8636403081991338,0.002058315024930287,0.08463754151570718,0.0006396019906007277,0.007163545816072238,0.0371168152579427
3274,7,0.0011175459899800703,0.015849963898185146,0.0011343618808654233,0.0004497271032388795,0.003437083906558449,0.0004108196788765108,0.9769363330445495,0.0006641644977459253
3277,3,0.0028369870720210823,0.0009279366989524801,0.7144924086720448,0.0003034076858837478,0.23136466599842473,0.0002510869414099958,0.009931561386412118,0.039891945544851426
3278,7,0.0024492284357220187,0.0008986215892945913,0.0009561647812088204,0.003420765177338349,0.008190852459969396,0.0003107878228075127,0.9831045731904074,0.0006690065432518652
3279,6,0.00273762202963747,0.0004209037682737536,0.0015180174874828043,0.0025339418082152543,0.0020083259508348016,0.9862973435872141,0.0030177806549371643,0.0014660647134047806
3282,3,0.0010362330611083342,0.00034445678407553723,0.9471469766918167,0.0031448574849792673,0.031016077739507236,0.00018702152541823344,0.0011759259904996883,0.015948450722594907
3283,3,0.0006960694519829035,0.00022756978252905634,0.9029333110787856,0.0006185827081863771,0.0872561085719859,5.670263534936345e-05,0.002012809328699852,0.006198846442480942
3288,7,0.001733569760889731,0.0010324627542719262,0.0010295468147461053,0.014662299015793993,0.008282245615944348,0.0009506881212776378,0.9692697405537587,0.0030394473633174332
3289,3,0.0007274330448578032,0.0003899319531738032,0.9653220388127683,0.014183332095733341,0.013987274777261029,0.0002296321198710562,0.0007825726135421358,0.004377784582792398
3290,3,0.004307934492747984,0.001144387336540492,0.9652914454330442,0.0002297844826853754,0.020781326215388942,0.00014661482272922184,0.0023320958803066116,0.005766411336556833
3291,3,0.0015781882997143813,0.00034828694070328746,0.9575990053349992,0.00048020095214428786,0.028015161136489258,0.00010390030772706459,0.0008859163666578689,0.010989340661564814
3294,6,0.002810056952331166,0.0002304002144342059,0.0010189264288379312,0.0006607889307887627,0.0005452483073369695,0.9932073434499015,0.0010468013471913854,0.0004804343691778986
3297,3,0.0039910347220581495,0.0011890869627669692,0.9643652975056672,0.0005730368844735909,0.017856001866585546,0.00011816328971301255,0.003659800175399067,0.008247578593336972
3301,3,0.0019440059001803454,0.0002475705617762039,0.934028913610965,0.0011580163331567975,0.03545678894492607,0.00035150682427392686,0.0005901501387834066,0.02622304768593832
3302,7,0.0002096279106836763,5.321539087265653e-05,1.7546852928773085e-05,0.0004158739488605777,0.0007821889170891835,0.0005305295881217286,0.997934471278542,5.654611290180573e-05
3305,3,0.0021652798558716145,0.0020786236695853255,0.9705947468239167,0.004198011931783551,0.011695663800399995,0.00015637504182648053,0.005740105650847289,0.0033711932257689896
3306,3,0.002814207387043787,0.00035924072165583083,0.9407830725060334,0.0007181995134987511,0.03316377337823714,0.00027811934067195805,0.0011284563769964734,0.02075493077586236
3308,3,0.0026104084313158258,0.0006766141187221342,0.8654384047478687,0.003936576481954201,0.0802670685158053,0.0008345616379407004,0.02343139180097458,0.02280497426541899
3318,3,0.00077376644570528,0.00024404821228750956,0.8538393091971584,0.0010825204696045848,0.10321457894899824,0.0003922600219708059,0.0018749718416825245,0.038578544862592795
3321,6,0.04136194666003452,0.005536795482023765,0.0020533425273102763,0.0010548286081026638,0.0013713167271234864,0.9451253511321013,0.002355537065456477,0.0011408817978475058
3323,7,0.0025479010832629863,0.0010280694790879307,0.00186767739219775,0.31312215200033827,0.007958373012330629,0.0012487432394041535,0.6698624026680493,0.0023646811253287274
3326,3,0.00460885985567958,0.0011094614614476559,0.9118250021963142,0.00037815617996043673,0.05982294485572056,0.00016773353474080352,0.0030813932620555222,0.019006448654081513
3328,3,0.0012948987484519953,0.00018918846977009995,0.9595326974260399,0.00036698182899943686,0.03130012672947121,4.6095446457674864e-05,0.0018336639414052018,0.005436347409404752
3338,7,0.0011688793853419787,0.002662826807207093,0.254102101333116,0.0006032929995285008,0.022344438017110318,0.00013737608987767532,0.7180236838802564,0.0009574014875620206
3339,3,0.0048615803312785895,0.00048376903978583077,0.9475173497166705,0.002356626118288802,0.019925149658494835,0.0005024300516008569,0.0005158212988393412,0.023837273785040882
3340,4,0.0018048203818814264,0.0009730675620879594,0.0011469974859556217,0.881623125646349,0.0043954084658896116,0.0013340814951112278,0.10585077022618852,0.002871728736536789
3344,7,0.004172692893321215,0.007409757115423543,0.3760600475200858,0.018354331662146874,0.1023036460708747,0.002958371530993137,0.47477649961750185,0.013964653589652598
3348,2,0.0063649957695054195,0.9458331729638596,0.0013559463585511354,0.0027085091581326407,0.0038435711393517724,0.00408135390253568,0.03317652940307452,0.0026359213049893136
3350,3,0.00038060826047166854,0.0004223672751004818,0.8604080760334087,0.0753578244654143,0.03237889683639059,0.0003576612100548444,0.022987767597828224,0.007706798321330945
3351,4,0.000752627940908069,0.0012092515023944814,0.3294767878938618,0.5116986993045683,0.03234922413946848,0.0007226338361996614,0.12041955485966144,0.003371220522937738
3352,3,0.00045244387038003,0.00017662001167220614,0.9351834944694517,0.0006298907621402455,0.04018335815384651,0.00020282409883602616,0.000477688880510469,0.022693679753162836
3353,5,0.011356515576039566,0.01600247793274281,0.018497100405563998,0.044474862936818384,0.6077098109297905,0.0071726578053740555,0.08674135747088506,0.20804521694278574
3354,3,0.005861973748928684,0.006974445069674895,0.9612274464493517,0.0005508759160163309,0.013692685934830648,0.00022042321780529032,0.008997176392317355,0.0024749732710752353
3355,3,0.00161576565708161,0.0005849400806543342,0.7347656325949209,0.03203975118514538,0.19780826277359767,0.0005762815430786388,0.008440294628619643,0.024169071536901905
3357,6,0.0008457069824796572,0.0010309231230266453,0.0003810417349852368,0.0004607219473967714,0.00045630419041011144,0.9958936445650359,0.0005020542927745401,0.0004296031638909024
3358,3,0.0014704149951159829,0.000355190927377948,0.9506395902705663,0.00022440057614163148,0.029937977034693804,9.936095019156359e-05,0.0004877530669701563,0.016785312178942517
3360,3,0.0005641635612919469,0.00023138417335126624,0.8818708088549835,0.000508782726278133,0.09260684535980529,0.000163354539428951,0.0026787336165423493,0.021375927168318713
3361,7,0.003079149725008155,0.0019564540275451505,0.027716409305906818,0.003283944947536994,0.0056207778102534914,0.00031773117913183325,0.9571040830380497,0.0009214499665677655
3362,6,0.0028983611748887696,0.0007908486023721193,0.0009799170030828177,0.0007190496623161798,0.0007425379731333775,0.9922406338975667,0.0009068672227236346,0.0007217844639165148
3369,6,0.00026817262218381733,0.00020255447597583267,0.00043728784527605235,0.0007371332402218311,0.0006531107237694748,0.9962350137825159,0.0008910617388447774,0.0005756655712124011
3370,3,0.005107808056450107,0.002575746910119927,0.7926467760491499,0.002084809153176849,0.056322552794356495,0.0014600048056696833,0.007306760735456103,0.1324955414956209
3371,3,0.0012617328004052807,0.0007828247023420635,0.9476078405911961,0.00024038200790780557,0.03566967696863787,7.76761413326681e-05,0.00310370147532407,0.011256165312854166
3375,3,0.004077187116465136,0.005354006507404259,0.4836875318880011,0.029563453399075745,0.37595737013979535,0.0024779104110197792,0.06182021970016302,0.037062320838075556
3376,3,0.0006839511647509272,0.00017646214278320256,0.9293222876405822,0.0001540333450912923,0.05706125710423365,8.636506341107255e-05,0.00046730388818761555,0.01204833965095995
3377,3,0.00222520814398099,0.0006602248469289064,0.9463311717687771,0.00016232150639944562,0.042754645726616386,7.031784470194165e-05,0.00399374602999686,0.0038023641325984773
3380,6,0.031652842410368885,0.007471326037612852,0.005417140963434769,0.0016038538866616173,0.00145862424207278,0.9487587089231949,0.002352818749242003,0.0012846847874122347
3382,3,0.001216561434547005,0.00024356253799058094,0.8701861250868619,0.0004610950516146934,0.0959159201790758,0.0003414231177545725,0.0017786612206319068,0.02985665137152345
3384,3,0.00032885349917913704,0.0002386477007860423,0.915147831114581,0.0160643079865217,0.054470314619059323,0.0002003106489275715,0.0019144757617527081,0.011635258669192565
3385,4,0.0003208997223706348,0.00048045923460244763,0.0024382376633439546,0.812009281851611,0.001016419418759413,0.0008468067508940101,0.18261744919034184,0.00027044616807670634
3386,3,0.0008749512243237354,0.00019523489115998058,0.9014462785735852,0.0009621566219804061,0.06751350504967094,0.0002716073717174517,0.0005881260655957206,0.028148140201967042
3389,7,0.0009938953323322742,0.0011544776383815264,0.00032353653364188803,0.0006641185274066141,0.006784853466422228,0.00036029187220893143,0.9891049927504237,0.0006138338791826679
3391,6,0.00021109005348496818,4.611364473241151e-05,0.0002116453820086424,0.0004522777214163789,0.00040639451720924226,0.9979521295487652,0.0003272738009497964,0.00039307533143328506
3392,6,0.003879526513979521,0.0006298130955327142,0.0011338848814946986,0.0007708810984879455,0.0006949549739385991,0.9913046087377648,0.0009378583950113757,0.0006484723037904188
3396,3,0.020768529411183546,0.0032210066573548765,0.9579270751699174,0.00048535111719910895,0.0091192144445855,0.0004221202451416994,0.002746736252080147,0.005309966702538081
3400,3,0.0004319364809985999,0.00014607150632936906,0.8213266726546143,0.0035335832832789882,0.13860166027602067,0.000286697344645597,0.000767509451889461,0.03490586900222314
3402,3,0.003033500392432798,0.0008588684716466469,0.9829395732487464,0.004360265049495692,0.003454954905950323,0.0002156912712839943,0.0007803811866804455,0.004356765473763837
3403,3,0.004397550402805654,0.00066712855644855,0.9183950073586955,0.0036085130547248395,0.0483776925738136,0.0005296632069907914,0.0023291514012640053,0.021695293445257034
3405,3,0.001318145934281926,0.000292694162062998,0.9150633135921296,0.0001429006500490301,0.07120338254098003,7.437463638240816e-05,0.0016283370498801678,0.01027685143423433
3407,3,0.0004980085277698878,0.0004153394581789978,0.9334911097532119,0.0003818087517612716,0.05217099294537408,4.979857473492953e-05,0.0013059858064049285,0.011686956182564007
3408,3,0.00183306299717271,0.0006436015473727426,0.9469027957133815,0.0008647726300834113,0.03989574156248972,0.00011411134456457081,0.002750875989835326,0.006995038215099503
3409,7,0.011182178449252492,0.01738326869724493,0.0078952545170334,0.02451430880517554,0.025532380324635576,0.0062302000652879105,0.900242269140721,0.007020140000648712
3416,3,0.0012464155549036795,0.0007517690286556173,0.937365418253389,0.0003827245138418005,0.03964700104182263,0.0001357621147119808,0.0016979886440273398,0.018772920848647897
3417,3,0.0015852943613696158,0.0005363440490297963,0.9538861596464838,0.013278349517843015,0.02284927450513803,0.0002842838610085351,0.0010263449976751335,0.00655394906145205
3419,6,0.0023500931334928437,0.0005409458038318074,0.002284997710578336,0.0011731514859065822,0.0008945529860414792,0.9903066751920249,0.0017508869444351563,0.0006986967436885265
3420,6,0.0009075080638044409,0.001140119120328684,0.0009454155026082638,0.0005935467593494771,0.000495181441661073,0.9948809259272177,0.0005563473900667078,0.00048095579496354896
3421,7,7.897323307308715e-05,0.00021880640111160394,0.0004306453244124522,0.0008574756776168536,0.005643301821133527,0.0001582991027562706,0.9925076410776288,0.00010485736226759003
3422,3,0.004065585294195054,0.001628598284924871,0.9838891724144018,0.00044992952066155126,0.005020840487995637,0.00010695504333473558,0.002793417100079957,0.002045501854406513
3424,2,0.002856218255700956,0.9774372118824287,0.00035423922903919295,0.00017652763122862547,0.0009748053907570431,0.0009366305856996835,0.01663747652105266,0.0006268905040929042
3426,3,0.0007517385825333591,0.00019466135618594283,0.9414814149976056,0.00046802349943591274,0.03733169342412576,0.00017428015073373725,0.0005059204363912169,0.019092267552988443
3427,4,0.00037182504238324275,0.0002660124019517868,0.003065755204280246,0.9601647502011903,0.0009358755578114918,0.0005175800750174161,0.03434247022889008,0.0003357312884749164
3429,7,0.0015217391550504844,0.022049198233849127,0.02434936622625612,0.002915299329856182,0.025223772820114804,0.0006815156892035506,0.920745242344701,0.002513866200968694
3430,2,0.0005847544125765051,0.971776580731208,0.00021336078477383994,0.00020961021773357484,0.00036465880808614413,0.000861223862476876,0.025421637035728983,0.0005681741474162661
3431,7,0.005334738734393588,0.021760128164447858,0.0018333069381100825,0.001815889081017513,0.008178863225378509,0.0021927919911935425,0.955792581592203,0.0030917002732560317
3434,6,0.000426059267112749,0.0006754365887063627,0.00027289965799618933,0.0005668191867000806,0.0006302034949509634,0.9963311442348612,0.0004902253803490891,0.0006072121893231255
3435,3,0.004020601232600684,0.0013084534015713014,0.9662079788710757,0.0013326164765774533,0.015459467698294985,0.0001373695224071703,0.0039897838671908385,0.007543728930282149
3436,6,0.0047413015467119525,0.0011265290257628665,0.0020423275216324564,0.0011803082635495246,0.0009383000443690098,0.9875854289286129,0.001445879676653513,0.0009399249927078087
3437,3,0.0010240609188100077,0.0005997163977437695,0.6724424610976408,0.0061485048832075305,0.2530274124190354,0.0006334024766525938,0.0022517057002453622,0.06387273610666444
3438,3,0.01388263011102108,0.0018240965553949508,0.9691404084185885,0.0005073812945357553,0.008838360533897836,0.00014135766358498256,0.003650532925607523,0.0020152324973692925
3440,7,0.0012137296862241873,0.0011672149191096234,0.00021466336427461744,0.00116630566146118,0.007779819549331895,0.0009086434630915779,0.9863918634032133,0.0011577599532939604
3441,5,0.07324668409641166,0.014851861180747786,0.06166199501281357,0.014588917590650084,0.6509925792884775,0.015192335349125806,0.10122106560095094,0.06824456188082266
3443,7,0.0004251457157392628,9.163739722100833e-05,0.0005278982219968405,0.0033066414247893,0.0008684691278913473,0.00014054514223263957,0.9942792136545964,0.00036044931553342083
3444,3,0.0016112053621218658,0.0003838721527517842,0.9370838810471552,0.00042382686440045733,0.03777048258750467,0.00028798150464098225,0.0009541315342031342,0.021484618947222037
3447,3,0.0005617437189822226,0.0001889952216593756,0.7709530134943874,0.004371445762663818,0.18184934393163266,0.00032345095295181276,0.0006497563117200034,0.041102250606002824
3449,3,0.010631499785101788,0.0014083149453829257,0.9674259378503715,0.000499373237114806,0.010642304774461351,0.00022654868306113822,0.0016653782219450753,0.007500642502561211
3452,6,0.00018831559431131448,0.0001049365169560636,0.00018752810624010077,0.0006676516133473177,0.0006139076139656778,0.9969803658380995,0.0006691422717370963,0.0005881524453429292
3453,2,0.013808295223756756,0.9368193420573893,0.001853088192795726,0.0012562717241625288,0.007141631779475595,0.004603957599697924,0.03244486461115041,0.0020725488115711237
3456,3,0.0014972751139920432,0.00037306957497674234,0.9048922989407229,0.00027425658328828227,0.06383062765337501,0.00020463419826550152,0.0018119805411099619,0.02711585739426942
3457,3,0.0005123130853672452,0.00014547772512011874,0.9426879659483915,0.00014018702739193158,0.044851470571765625,5.581486117795928e-05,0.0033388863893684417,0.008267884391417176
3466,7,0.0002543700824607506,0.0006753270778388288,9.136581679447975e-05,0.0001805639421715125,0.0012167225546676243,0.001222025456171096,0.9961395570531185,0.0002200680167775699
3467,3,0.009462218603967402,0.005574753297466083,0.9269998666120817,0.009093322310406061,0.026394613689655858,0.0008991277737172991,0.012971339559125793,0.008604758153579304
3469,3,0.00046917583778811184,0.00023551027476938295,0.8698978534295756,0.0034393339028485222,0.0923572977922755,0.0002643680220657609,0.0017686972289644924,0.03156776351171225
3471,3,0.004850783365696473,0.001928101847065536,0.9527057915279343,0.00017043043739200584,0.02464579483525053,0.00019461155229437587,0.0014586617079965997,0.014045824726370068
3473,2,0.012531839682737635,0.9099386403927029,0.0030429265096091,0.0010382297207828528,0.004467577127412645,0.0007729687997734199,0.06665444265428618,0.0015533751126952848
3474,3,0.0006247700483566222,0.0003220902701083308,0.9079321738477224,0.0003080385005673112,0.062091739114210225,9.445334884286338e-05,0.0013362952701818497,0.02729043960001022
3478,2,0.000926624997635491,0.8421309376126478,0.0003389824696267594,0.0010198849528023142,0.0032766165792326753,0.0007213683954707449,0.1499883363865639,0.001597248606020337
3480,3,0.003933575823366218,0.001828607221305067,0.9636261943490253,0.00161005612865803,0.01242728089394397,0.0005447469245757126,0.0016176647117799256,0.014411873947345203
3483,3,0.00031346393651241763,0.00018207518505113275,0.8803042281206167,0.018413148044589933,0.08604590277129638,0.00016156276103785586,0.0024864649377767654,0.012093154243118543
3484,3,0.0011079804831334835,0.0009425892496089655,0.9515734791746389,0.0005946494088295999,0.02471216076103252,0.00014071219756464298,0.0014658477397124906,0.01946258098547953
3485,7,0.006808060881319047,0.007145120429727134,0.009144401635761107,0.12497547079096166,0.032951358380906806,0.005173921039376863,0.804384043640909,0.009417623201038386
3486,3,0.0025466814908535647,0.0009849896916024321,0.9414211310540982,0.0006282532499184725,0.025426911009966902,0.00022662765987127464,0.0009091408979906553,0.02785626494569864
3487,6,0.002677297551980367,0.0003619480845261434,0.0005833568756116346,0.0008209900245827578,0.0009402140273699615,0.9922313526162688,0.0016180494970634417,0.0007667913225968551
3490,3,0.00434050832582768,0.005362052276596778,0.949679458470185,0.0004223992272469499,0.02512155485507337,0.00022491841582271944,0.00947375095587704,0.005375357473370337
3494,3,0.0022983765464703893,0.0004759589978125529,0.8723158834444726,0.00027256474898438204,0.10871002135714845,0.00015309236828219884,0.0027989136370302,0.012975188899799197
3499,3,0.0013875403214256333,0.0007114254562205918,0.9128376037925167,0.0005025528604164219,0.057932447008571135,0.00025639042861728956,0.0027616312297010473,0.0236104089025313
3502,3,0.007508938915961404,0.0029014022615984378,0.8397207003938894,0.001962785602000014,0.03812737693806006,0.002230011766115828,0.011334561976246185,0.09621422214612907
3503,3,0.009255054448987268,0.0020828367701164053,0.9690741128525058,0.0003514883091938806,0.010099987614356338,0.000217538694741321,0.0018095968758208524,0.007109384434278286
3506,2,0.0005785910473791267,0.9081915426365641,0.0001938530679017698,0.0004373339164828797,0.0007292309011442798,0.00045369901500682777,0.08864522541259467,0.0007705240029266071
3509,7,0.005307085210936659,0.002349103421326496,0.001836609680239462,0.09227913887920178,0.01861938440200407,0.0012652000621197778,0.8763132367612654,0.0020302415829066365
3512,2,0.011090968171765662,0.9478026878901721,0.002657828278207109,0.00412791174239077,0.004392482328962241,0.004017384933277983,0.022577598123687377,0.003333138531536801
3514,3,0.003080434407728997,0.00207905948042512,0.9712369180945033,0.0011604258197800575,0.014671573164674902,0.0001560191235977442,0.00515963071651928,0.002455939192770774
3517,7,0.0038766795738062482,0.002027254630615495,0.03113511888999008,0.003937684862996845,0.008310026439501038,0.0003175043614492739,0.9495695857021342,0.0008261455395070316
3520,6,0.00017706317114648336,2.6730075942232825e-05,0.00015364706113214747,0.00035757634553006075,0.0003447446921888079,0.9983775305975708,0.00023316919737217487,0.0003295388591169678
3523,6,0.0007234820234850316,0.0002783234194095146,0.0005550295566797989,0.0007891277027468741,0.0007328603629672213,0.9951535454415363,0.001110572612158335,0.0006570588810166096
3524,7,0.0017096778422883761,0.0012091549455500675,0.00041077365847074876,0.002570631116556001,0.011894802096824463,0.0006550379688731537,0.9807077293791533,0.000842192992284108
3525,6,0.0014457445703555962,0.0010229612638292293,0.0005116020209346347,0.0005351528623995145,0.0005857417845626121,0.994806228909779,0.0004938467860515933,0.0005987218020878611
3529,6,0.0035484580020689175,0.0019176964742021923,0.0011531075282978727,0.0007152450177120171,0.0006669290422263649,0.9902939636093098,0.0011512247660566387,0.0005533755601261912
3533,3,0.00045274501407441996,0.00030614119397499,0.8188852325101958,0.0010678001906459342,0.1450655081380779,0.00010462339040459672,0.002058102609005458,0.032059846953620845
3535,7,0.0024912558813443863,0.0028984644432998997,0.03312109476491996,0.13220383449164982,0.07531751976183305,0.001587492225050147,0.7471608691087013,0.005219469323201578
3540,3,0.0016863322548848723,0.0007360946160393821,0.9143509196912784,0.00045563353013273507,0.054683541337570404,0.0002842084714373549,0.0016022922030921969,0.0262009778955646
3541,6,0.003250530369179786,0.0008095033827618508,0.0010142484207631916,0.0009147278662489887,0.000837496705470953,0.991198726056655,0.0013185271412414468,0.0006562400576788744
3545,3,0.004469648090569643,0.003908440477446092,0.5032818887258099,0.0011533430803733423,0.3937911423405393,0.0008730898690632929,0.06828583188493705,0.02423661553126109
3547,3,0.0020958203296149265,0.0002814972254455272,0.9370279350583784,0.0004322489644431059,0.03437129456026578,0.0003887637884486873,0.0006120230656531241,0.024790417007750233
3549,3,0.008721587338409874,0.0010677896746396406,0.9532774331496416,0.005770635722647532,0.014205949856617392,0.0008859422646449006,0.001084242093018033,0.014986419900380932
3551,3,0.001077336097363641,0.0003476293484335327,0.945600785899078,0.0023716946251927415,0.03829775359313892,0.0001717032135763325,0.001541150634994564,0.010591946588222123
3554,3,0.041462497691574396,0.004859474149720959,0.27580888431272466,0.0060333728694194014,0.6015173612634175,0.00691194241041619,0.017991689816517727,0.04541477748620938
3555,3,0.003378852884489832,0.0008761034621984513,0.914927762738142,0.0005727346116227942,0.05393401312492549,0.0002992160185001331,0.0011460595025991843,0.02486525765752227
3556,3,0.001938225859938994,0.00021777891928054905,0.9517276996983945,0.0002120189366317241,0.040079328979980074,9.140469082030795e-05,0.0010999987298325807,0.004633544185121474
3557,4,0.000349969827655239,0.0002692526038402665,0.007554355779451034,0.9233240442628231,0.0011131951955394154,0.0004927955634672847,0.06666569650253026,0.00023069026469334044
3558,5,0.0033285674910464797,0.0027703151014045226,0.20234329266573745,0.004092113770350062,0.6495857875583166,0.0020024495686597403,0.00994459631804219,0.12593287752644294
3559,3,0.001172587073810759,0.0002539240322751433,0.8760897623094287,0.002595969174428642,0.08793571718789439,0.0004273746592349686,0.0015791949721557182,0.029945470590771763
3563,3,0.0058149014536374305,0.0028595065041820506,0.9637125934096679,0.0014453092184125115,0.011973063721085758,0.000633985237816738,0.0016967507801526219,0.01186388967504444
3567,7,0.000537374121600801,0.0004313858405429942,0.011917562110124777,0.016934041173793792,0.0299234702894096,0.0005017149366260998,0.9388318349337555,0.0009226165941458692
3568,3,0.0009636171616023015,0.00024150142003030657,0.8960785626473192,0.002648597695516186,0.07088654874360308,0.0002945821155190734,0.0006309314756045917,0.028255658740805288
3570,7,0.0013404075962220564,0.00046715029181140956,0.0001513004227425735,0.0003609561950158191,0.00018337138636731232,0.0013080996942600063,0.9959837394069792,0.00020497500660145027
3571,6,0.0013550367491110482,8.70097402264136e-05,0.0007413596024185017,0.0011540285159472644,0.0009084292803199721,0.9937077230283505,0.0013418319138883248,0.0007045811697379869
3576,7,6.778376798529721e-05,0.00011177033518082631,0.000943959162839068,0.0017728948061464338,0.004983616642912641,0.00021518934590032267,0.9917702021930842,0.00013458374595156654
3578,7,0.0006616039053673573,0.0006853135563129414,0.0005184111445544864,0.006307307124916533,0.008203049575676238,0.0004061184607112488,0.9826837095062253,0.0005344867262361578
3580,7,3.306904930724418e-05,9.534587546623148e-05,8.813102188627421e-06,0.00033164724155826175,0.002203885190872295,0.00033229780077378474,0.9969017604527202,9.318128711347434e-05
3582,6,0.0003136990009202459,4.7156279490937115e-05,0.0003175734528992082,0.0006544230686569432,0.0005561028101819318,0.9971089054879015,0.0005008016249252394,0.0005013382750243369
3584,3,0.0023814589309076695,0.0005705741755947142,0.8974250436730127,0.000414734385087522,0.0667343948969129,0.00024428826647052534,0.0011407365589421368,0.031088769113071676
3586,3,0.0004751219662733511,0.0005593492077272713,0.8611646350647452,0.04572394173548483,0.06380993650436047,0.00032825931036071994,0.020810619601606725,0.007128136609441201
3588,7,0.000546016788358863,0.0008582953268258837,0.0003004139433697448,0.0014626120830281105,0.007688300635289405,0.00023569668088335908,0.988557803924138,0.0003508606181064964
3589,4,0.0006427479654820294,0.0004999620193100223,0.0027060689020015774,0.8754802629966161,0.002290900602435405,0.0007196696131022505,0.11694734986264022,0.0007130380384124789
3590,3,0.00037779727760164586,0.0001868673365321171,0.8937314107884554,0.0024070893834202867,0.06890352194790701,0.00019063323534748534,0.0010668666152640167,0.03313581341547201
3591,3,0.0014244181345942168,0.0005865854413623898,0.9759126187805647,0.0036942031912594996,0.013342573312713685,0.00020073263373376885,0.001884071760961325,0.002954796744810622
3593,3,0.0010316882858117562,0.0005249750740739831,0.8123883965434303,0.0018181470448435577,0.11871607029286958,0.00046785456625003777,0.0009153941797704725,0.06413747401295047
3596,3,0.0005095538557174183,0.00015912489572622644,0.9156739249820044,0.004261293764408642,0.056341575665175316,0.0001853140384183154,0.0003139865447343513,0.022555226253815126
3598,3,0.0019560808707561406,0.0006475313778061786,0.9542111568450495,0.0008498723664370234,0.02461427756179319,0.00013895584607787203,0.0008241521667731014,0.0167579729653067
3601,7,4.371254754423347e-05,0.00021340918122782058,0.000573719366877572,0.00026504919786871957,0.007339240695435507,0.0001408259093514681,0.9913051075126783,0.00011893558901565717
3602,3,0.00124618244103764,0.0007463962318873078,0.9538367719798885,0.001884490598036024,0.03311742810826587,9.876308399700308e-05,0.002938321181835503,0.0061316463750527095
3606,7,0.0018845787394114986,0.001985031959296962,0.0004302829260270265,0.0017838937810886416,0.01073413385768722,0.0013677064472827772,0.9800623162818604,0.0017520560073453336
3610,3,0.0020048218227093125,0.00042510626840605516,0.9094232753458857,0.0004979741926279165,0.06784586982565638,0.00016525202567987593,0.001114338192944233,0.018523362326090587
3614,4,0.00026038320109994767,0.0005690239898366777,0.0010325104768600711,0.988568288634816,0.0007547778057753704,0.0015897464625070656,0.0063542304630406915,0.0008710389660639878
3615,6,0.0030374285544750444,0.000343947589691043,0.0006892302346701223,0.0007114703056383932,0.0008081070868265344,0.9922956556738829,0.0014541220453519969,0.0006600385094638593
3617,3,0.0012864775241139847,0.0009505567121847014,0.9539144983853518,0.0004936233176205668,0.024836563078321744,0.00010866667517182582,0.0007499116884445541,0.01765970261879078
3618,3,0.02175606916446564,0.0021591431513323066,0.9637389084297363,0.0005575238826075417,0.005398452942835227,0.00031418885148618063,0.001204559675117112,0.004871153902419669
3620,3,0.0008703480726702098,0.0004771006245447752,0.8460179737448117,0.0015597997282018076,0.0923742182912408,0.00042130538980445994,0.0017529017407074366,0.0565263524080189
3621,7,0.0010636265169496745,0.0028963672320799056,0.004050847147056659,0.0007017891913130973,0.02071470645780693,0.00034435152995146066,0.9688393554152337,0.0013889565096082519
3622,6,0.018461392226697126,0.004503930512785194,0.002365435187439702,0.001055491833704262,0.0008480309143196413,0.9702053777239902,0.001847454031229408,0.0007128875698344177
3623,3,0.0005677672846620794,0.0002582409217219587,0.8241742942352498,0.00041215923863803896,0.15048868866594162,0.00013524510446503185,0.0007961829231713269,0.02316742162615065
3625,6,0.03147995252505355,0.005789479909591605,0.005539526922448859,0.00435803797811596,0.0047222095260940206,0.9305814247741786,0.013761167048310341,0.0037682013162066794
3627,4,0.0036599747281290183,0.000675517669148762,0.0038438209279271244,0.7173405386968169,0.005419803673462066,0.001067913513383541,0.2662618085772754,0.0017306222138568402
3628,3,0.0011179068807325129,0.0007220106270386786,0.9071701864819003,0.0008054892611370927,0.06107937164855111,0.0003091831340294395,0.002080250617949775,0.02671560134866109
3629,3,0.10418020904287473,0.003752581542203572,0.8379882188692219,0.011243902469363984,0.009480055402348208,0.011812825221742996,0.00551905827497517,0.016023149177269484
3630,3,0.0014770994227422576,0.0005436559523280553,0.8133359145692868,0.003746516677041698,0.1155661013315966,0.0008001456107055314,0.009052954456037444,0.05547761198026142
3632,6,0.0003394585446708098,0.0001097773644178098,0.0001845403975346763,0.00045004538202926683,0.000488801724784047,0.9976028358820287,0.0003502690081707904,0.0004742716963641288
3633,3,0.0014562462831889521,0.0003310129781939692,0.9240317036835799,0.0002766365098154175,0.05150878270351424,0.00021961563611231022,0.0007771629506449384,0.021398839254950282
3634,4,9.447833779088802e-05,9.596996483349767e-05,0.009665160444608682,0.9874374892086929,0.0012088297381964667,0.0003200247049820711,0.0008713334383406374,0.00030671416255470725
3635,3,0.0011616514338299714,0.0010216978447031382,0.9281349512062437,0.002878220767258355,0.05140502266688318,0.0001108609040182341,0.00286763049637587,0.012419964680688006
3636,3,0.0014695907037981348,0.0003532540843227419,0.9592129394804438,0.0003212598512800437,0.0299480853852904,5.180500718352304e-05,0.0035362580013408615,0.005106807486340019
3640,6,0.0002468638417744944,5.137283082270284e-05,0.0002594030852825624,0.0006592205426382411,0.0006263931324194498,0.9971501503189715,0.0004643568438332229,0.000542239404257781
3644,3,0.0004811485418892982,0.00015712838373598345,0.9124853475327223,0.002029939093961725,0.060317406617825454,0.00019250924122527564,0.0006529265567534169,0.023683594031886412
3647,3,0.0011498905251307965,0.00022432239219306123,0.9599261674219006,0.0002054902173293112,0.025252809099593005,0.00024321355852032376,0.0010001964908574598,0.0119979102944751
3648,3,0.001929624522735104,0.0013566546236502093,0.9129097760666514,0.038054651703335926,0.027481548442792984,0.0005477483890901466,0.0032471273758720737,0.014472868875872165
3649,6,0.09729548672918506,0.007395975674623026,0.00195254220454579,0.0012377846800461492,0.0019416233876364862,0.885622862192883,0.0029182648755416373,0.0016354602555389154
3654,4,0.001444141797063732,0.0004874315084186388,0.001866171880194261,0.9738002739961313,0.003282239016762605,0.0018601350652270227,0.013719915740869771,0.003539690995332686
3656,3,0.004200764934410598,0.0007303667098951777,0.9175996589733074,0.0009963062469004118,0.047077297656623586,0.0005497508074605152,0.002451821014587207,0.026394033656814773
3657,1,0.6378840770765917,0.011322713177618585,0.16670316268015314,0.005369155068790549,0.09352373010625407,0.018598299830349545,0.025256476828676093,0.0413423852315661
3659,3,0.0012889672806987674,0.000997142063558495,0.8229574354830083,0.0026455864914418114,0.13121536345458054,0.0002908637504808098,0.0032953240057358906,0.03730931747049527
3661,2,0.020640336929735804,0.6019913977446864,0.01591275726969132,0.03184342493493349,0.0316419021458512,0.024456968787433742,0.25396339343399127,0.019549818753676593
3663,3,0.00047351300792745026,0.00022073125343208917,0.9036269094032826,0.005177949606519569,0.05900649053798223,0.00018027457694760697,0.0006720769275442054,0.03064205468636436
3666,7,0.0003663603145351582,0.0002804332429690045,0.002169428985569702,0.009308911006537671,0.0009814138545455508,0.0004206967823032573,0.9860699141308784,0.00040284168266135754
3668,3,0.003488274589451651,0.0018975051691065932,0.9220696976172745,0.004318650269603181,0.022126470843112412,0.0009533239629465911,0.002259454795312667,0.042886622753192515
3670,7,0.005521891174162258,0.020507189739774553,0.17220757652970192,0.0027770117685850942,0.01284561661634234,0.0004802536748353997,0.7843493103519524,0.0013111501446456666
3671,3,0.0002768777737332282,0.00018192615710839818,0.9276383887420594,0.01134519878966352,0.04870273584595003,0.00018365093857224094,0.0014401708545051506,0.010231050898408143
3673,3,0.0015833059001617814,0.0002664466575691732,0.9605130677037348,0.00042357029528416,0.027807543416452158,6.904684691636647e-05,0.0012059008314120473,0.008131118348469458
3675,2,0.00028293008687905346,0.9536616791797615,0.00014953895884210928,0.00019308967711048714,0.0010809391911322933,0.00014601102579697302,0.043716466285234096,0.0007693455952435961
3676,6,0.0017589889474232435,0.00022290472347692976,0.0012606731508264992,0.0016515966384679215,0.0015409109295637978,0.990455895006808,0.002009744527988152,0.0010992860754453922
3679,6,0.014016197663936563,0.01684263717942669,0.0018185778628419082,0.0008623741126447509,0.0010719283077946814,0.9629421839296775,0.001543405860229477,0.0009026950834488092
3682,3,0.0015747096009144982,0.0007209131939260418,0.9682062880043865,0.0009314444647363739,0.01718597121024861,0.00013184145078471454,0.0011442893395347603,0.010104542735468394
3683,3,0.0026610479713874134,0.001168152911430417,0.9652558286065176,0.00035301573422531497,0.02123822455558915,8.873304037177738e-05,0.0032040479010026234,0.006030949279475737
3685,3,0.0005247834589602389,0.0001303474722886495,0.9434658461361412,0.00013769575198607913,0.04899035454638774,4.241565572616125e-05,0.0006616477043442838,0.006046909274165556
3687,6,0.000376219307115566,7.175754154360306e-05,0.00040879409826738455,0.0005733756127900546,0.0005447335896126186,0.9971338778782756,0.00040553333767405963,0.00048570863472104233
3688,3,0.001641395946891941,0.0003258098410172365,0.9162788968031352,0.00015208968115961336,0.06890510574299125,8.151948908904146e-05,0.002563994733255349,0.010051187762460391
3693,4,0.002587918496137818,0.0008507073806867042,0.00484343789007177,0.5427931535338651,0.0046464880698507205,0.001143297441075859,0.4413056321107216,0.0018293650775902844
3695,3,0.0008048170058172418,0.0001631553048878508,0.9114692368871489,0.0004888700105344426,0.06082936951000372,0.000245259627991096,0.0003287361412708248,0.02567055551234585
3697,3,0.0010774600142122157,0.00017866678036126255,0.9649456386247146,0.0002257336368650169,0.02528650652318622,4.864664609485753e-05,0.0005461048755988358,0.007691242898967113
3703,3,0.0024261625541457596,0.0006597310583236868,0.8902112063417836,0.0007050540025452514,0.06618978239083287,0.00042396540744150273,0.0009124594072737948,0.03847163883765354
3708,3,0.0006617030746985739,0.00025692443995396145,0.8466442096734806,0.0018601718152260046,0.09884133169423409,0.0003658608308559585,0.0009933862260414446,0.05037641224550911
3710,2,0.003869183068213465,0.9471427757397581,0.0009101625593672588,0.0019187519199669492,0.002967428567448849,0.002298615991667595,0.03891433620347271,0.001978745950105036
3711,3,0.01238308070097749,0.0011237463291397336,0.9482726603983744,0.01879094200923102,0.007868029726860628,0.0008262972256213189,0.004886053546725633,0.005849190063069547
3713,3,0.0013372967288443824,0.0003480138946106712,0.8716754588670004,0.00025306734121001054,0.10162381927874188,0.00018852376145114602,0.0007956573005732697,0.023778162827568325
3717,3,0.0011161646762905882,0.001525823212307683,0.925199148834008,0.004440443072666365,0.049004805945336224,0.00013188816339817553,0.002540519976412215,0.016041206119580164
3718,3,0.00496296047722822,0.0013672052184821983,0.9791879870010081,0.0004675128254282463,0.00704609952016105,0.00017091396173993164,0.0014589629206390945,0.005338358075313417
3719,3,0.0003292044116387996,0.00014057251248639972,0.8748856133937283,0.0019355326888714876,0.09291910409097114,0.00017364138240014924,0.0009449684255128742,0.028671363094390646
3726,3,0.003089517018271882,0.001439679164437664,0.8680179607707105,0.0013260750631436007,0.04941839272111778,0.0008105013047946543,0.004590089027451315,0.07130778493007248
3728,3,0.0005717413584027622,0.0009237249499318966,0.9301230609855019,0.0005301783635214849,0.035537104475325564,6.751181389669988e-05,0.027829417505137444,0.004417260548281883
3729,2,0.0005142698164882255,0.986150961414447,0.0001744490977735105,0.00034639117472062006,0.0005422167889334438,0.0016130456235834425,0.010082985734660573,0.0005756803493933738
3733,3,0.0019699222906111318,0.0005193905338425334,0.9691638101025754,0.00022417541714702118,0.022124923096194973,4.808417652159772e-05,0.0017385289018650564,0.004211165481242424
3737,3,0.0007053542879246682,0.00021303130022187316,0.8769000040816332,0.0014400332022357664,0.09269798437342153,0.00030763207446129646,0.001947408426468911,0.02578855225363326
3739,3,0.004007563780191466,0.0013927001236567309,0.8779414724814133,0.0011777779140796625,0.043166791888278586,0.0010272824015838842,0.0032441378643597208,0.06804227354643723
3740,7,0.0005870764132501744,0.10397590150169235,0.00024417333067491424,0.0007761301782810493,0.002901134648860478,0.00038840898473603986,0.8905533813828964,0.0005737935596086387
3741,3,0.013176234757297707,0.0014727292694370142,0.9756030853725427,0.0006986202138993252,0.0035261072874232164,0.00034416606090801135,0.0014797605953158325,0.003699296443176225
3743,3,0.0004932570565010356,0.00038059708596405867,0.9203537267256171,0.00033594092206203053,0.0604476686076509,5.359891174439427e-05,0.0011536627215655351,0.016781547968895125
3745,6,0.0019568104358818478,0.0005203179322233346,0.0004992051857783762,0.0005632702696071161,0.0006095015876097662,0.9947117083540727,0.000538229055695474,0.0006009571791313103
3746,2,0.0035518308616323637,0.9475175432641152,0.002511637035885387,0.00047038164962902144,0.0004818179568964479,0.00237845676942873,0.042618163401331226,0.00047016906108190645
3750,7,0.0016066041662395607,0.0010063173283698305,0.00030778291738246214,0.0027168375680354725,0.010550959522145516,0.0005370696145865744,0.9824700444450829,0.0008043844381578284
3751,3,0.00047916194643568116,0.0001743228703165324,0.9255817989444015,0.00023551074343538194,0.058463099793973745,5.589373396838706e-05,0.00392798146065924,0.011082230506809482
3753,7,0.005736193528394164,0.003635788670210905,0.008218203237700582,0.16491240420451195,0.022448655152464424,0.0029245773833346807,0.7856845316233532,0.006439646200030453
3759,3,0.002026284944880441,0.0011738113145617496,0.6719711587429142,0.006579935126031693,0.19831076279660587,0.0011295347558450686,0.02947859571859955,0.08932991660056212
3764,3,0.0036000199151319783,0.0017003777937550342,0.9675149399037195,0.006128146737902205,0.013138462230824119,0.00025148602265599924,0.0017076500902162548,0.005958917305795017
3766,3,0.0011375911782480336,0.0011220331874503902,0.9409108445451174,0.01488915439765035,0.028557560749200253,0.0005255049763136583,0.008473439653604982,0.0043838713124149335
3767,7,0.0018944850094787544,0.13781828668880208,0.001028972957405818,0.0013572195636549697,0.005869225291097084,0.00030300723547805263,0.850572288460022,0.0011565147940608676
3769,7,0.000434819152576682,0.00025990614314240875,0.0005458416624373725,0.018964733606910086,0.0038109989850666653,0.0003349252820471916,0.9750009637147341,0.0006478114530853705
3773,6,0.0005324462441197502,7.396803595667502e-05,0.0005149863150062274,0.0005440979707754325,0.0005010329348744222,0.9969559546866487,0.00043938949262004495,0.0004381243199986766
3775,6,0.002611030749554366,0.00023576844139010743,0.000816612414052605,0.0010558742116324228,0.0009013481696561038,0.9920143651256903,0.0016232518936718974,0.0007417489943524296
3782,4,0.006997008382002354,0.005036728418436131,0.002931700634015518,0.5740975491695532,0.015615245315758938,0.004104229283822974,0.38233056970053103,0.008886969095879951
3785,3,0.0016404549403390039,0.001451468995753379,0.6012568599636547,0.08929392096696089,0.24741611076932585,0.0013693643532427828,0.008255802709792221,0.04931601730093109
3790,3,0.0019291785802349251,0.0010160605306138045,0.9510135170419854,0.0013324090986656337,0.033372630760946397,9.626062005062765e-05,0.004617658966229505,0.006622284401273416
3793,1,0.9084620031789927,0.032832916241264054,0.00582869526348877,0.0031873185049850613,0.006821529229238169,0.016229099776984047,0.021409284713764496,0.00522915309128285
3796,3,0.002417890411789302,0.0007206863240380298,0.8446699233967102,0.0009933030524258884,0.12101735424653864,0.0004228028671419449,0.0025347205654134876,0.027223319135942888
3797,5,0.013487579750792017,0.01047734928048133,0.06966046095880175,0.011532437508019359,0.6973401539373839,0.007560088917169004,0.024991914032013327,0.16495001561533934
3799,2,0.0042214863687433804,0.9828522727550385,0.0008035186954375629,0.0002565175166889062,0.00017849349481813983,0.0021474784989129994,0.009295066701125771,0.00024516596923499276
3803,3,0.0010697150201314514,0.0003004850861145652,0.9516648879557019,0.000210908733355871,0.0314438166341701,8.437971424509323e-05,0.0005669892168076017,0.014658817639473671
3804,3,0.002420162205323252,0.0005853432017264299,0.9594329067607766,0.0020858488791588243,0.015705067688319224,0.0006217870269322684,0.0005910162629630723,0.018557867974800687
3805,2,0.012966895908526649,0.9014330820902202,0.005477701218400579,0.008204483932357043,0.008947954171394303,0.009701769385031011,0.04789867313172942,0.0053694401623409806
3807,5,0.035445271904608555,0.004845650046131053,0.09698912245341951,0.002857660656138426,0.7759879742365134,0.0035721327097054125,0.03994359362363767,0.040358594369846054
3809,3,0.0008475820812366951,0.00017195587097892419,0.9575094769950532,0.0001087723521846699,0.0344358150262953,4.475905993563071e-05,0.000443508319892764,0.006438130294422504
3812,7,0.00028547498604356643,0.004466868567002529,0.00042917201651460513,0.00020331356918706594,0.01250618091618328,0.00016795017242180688,0.9815955737597395,0.00034546601290736203
3813,2,0.015169197949567665,0.9284127447762107,0.0015332481177413356,0.0012844231427208744,0.0018119242319170384,0.03315004885489091,0.017250955737708552,0.001387457189242739
3814,6,0.00032261510353406576,5.528677489711832e-05,0.0001942685866836071,0.00045696549321957465,0.0005398427849710319,0.9977081691318075,0.00024412159445938577,0.00047873053042757623
3815,3,0.003478157729685913,0.0008556059330958634,0.7012612832726662,0.00041446814007477467,0.24604899981643258,0.0004251192410043917,0.006477862595764041,0.04103850327127641
3816,3,0.0005600292115890346,0.00036015605115058386,0.9256292345221142,0.0011160221826859028,0.0379480502278113,0.000323234488675802,0.0016833558372179578,0.03237991747875543
3817,3,0.003253030650289924,0.001534686313475295,0.9408756844321133,0.0015335508945234862,0.025987694858295243,0.00022428966722023769,0.0023082840790817974,0.024282779105000478
3818,3,0.004767269182475545,0.0016456507490990163,0.8394929694193295,0.0012303107066161459,0.0728036133152119,0.0010659061995886994,0.004569663936721174,0.07442461649095788
3822,3,0.0016482644682111493,0.0019270703716197089,0.902759861189782,0.0036814224341160883,0.07111458119513117,0.0003793503537869139,0.008673501250303802,0.009815948737049112
3824,3,0.0012422935446968167,0.0005396586889185854,0.9243454059785695,0.00036934612341560494,0.05051623926494055,0.0002667205743597389,0.0008822403992267771,0.021838095425872294
3827,3,0.1766971347662404,0.0020001969786078806,0.7871194989176045,0.014630350131133119,0.007315455050224673,0.0013027301200407516,0.004799924669943184,0.0061347093662052436
3828,7,0.0011821586891790287,0.000712259668486831,0.0006087425328452369,0.002214603151991532,0.005632054447505918,0.0005063586095187277,0.9872994658743534,0.0018443570261192125
3830,6,0.002911223882045077,0.005727120310592063,0.0017382588731483064,0.0008682694552536382,0.0007814915499729626,0.9859565100993429,0.001332966861529846,0.0006841589681154126
3833,3,0.009899219829716685,0.0013617333011455366,0.9510029045162794,0.0002821047970658095,0.025236292806985288,0.00026905787230800047,0.0023952934016074332,0.009553393474891366
3834,5,0.003896528663985068,0.003999337849073261,0.038427443970928246,0.0032161079822527793,0.8421000856979911,0.002233307972707676,0.025862850979427972,0.08026433688363398
3837,3,0.000711012888347475,0.0004887309422459936,0.8894784974911149,0.0006367600936344661,0.07778003877410841,0.00011994501301039534,0.0010182369658064481,0.0297667778317319
3838,3,0.0004338699083072774,0.0005540476845975046,0.6642965839481101,0.0017971949932324817,0.27960627135470134,0.0001520031528683238,0.00421744703837547,0.04894258191980762
3839,1,0.6466526320827697,0.026772912675775192,0.005945891321502282,0.0052248814479435735,0.007414961036797192,0.28580111943054787,0.0180770483125696,0.004110553692094625
3843,3,0.0009439469815740317,0.00018380239763336187,0.9446482246071747,0.0015546742575384056,0.03757260456104138,0.00018943179495620616,0.0006599064244345396,0.014247408975647663
3845,7,0.00010883628295308827,0.0003908677210871827,0.00019210171789406366,0.0008656974768233153,0.00361173614574263,0.0003175610643415281,0.9943762487434978,0.0001369508476602157
3847,2,0.030943542333915063,0.9573111598772953,0.0018778210165872934,0.000214229773608613,0.0008004281847852101,0.0005441671885315196,0.007709406029204877,0.0005992455960718422
3848,4,0.0034682794760041466,0.0014370008934287025,0.034432557993453704,0.8501806447431254,0.00741498964246323,0.0014219229810572998,0.09988025838253989,0.0017643458879274506
3850,3,0.0016822298445761147,0.0004077128008173979,0.905925289467736,0.0005109620607373222,0.057830231041259186,0.000380737403800282,0.0009357334215677668,0.032327103959505776
3851,6,0.00041106586336422203,0.0005483238667407513,0.000250160186696053,0.0003780829209319021,0.0004131436020326288,0.9972409675994516,0.00039123298220728397,0.00036702297857579044
3852,3,0.0025220562163985744,0.00393119426791121,0.9637561419462988,0.0004271470634203255,0.01798974188659647,0.0001349483977909174,0.00884444733433646,0.0023943228872477067
3855,3,0.12143280568267927,0.019561926245027412,0.8385901872042548,0.001409129488614543,0.008371741990243514,0.0011931822532852408,0.0037426955620072314,0.005698331573888127
3856,3,0.0013471936568640172,0.0008374591148502043,0.95651531530196,0.0006281370392502208,0.021086044767085636,0.00014480234565891333,0.0009753423369909615,0.018465705437340375
3857,3,0.0005732440661969251,0.00030603026799954383,0.871804929765872,0.026964985122851663,0.08406405206064825,0.0002474349471418147,0.001924395897641358,0.014114927871648354
3858,3,0.0014698664508320288,0.0003651463659429114,0.8843065858447505,0.0007848968690918336,0.06872516568733361,0.0004287230555532926,0.000949614739296197,0.04297000098719952
3860,3,0.0030923514293438445,0.0011052233878749793,0.8631738673605421,0.0014501944080848354,0.06888032245754079,0.0007772857076311999,0.0020109114875113956,0.05950984376147048
3866,6,0.0026716668340116623,0.002000322704953759,0.001650957513456983,0.0010926754410448922,0.0008124306276029295,0.9892844669726272,0.001802117111182368,0.000685362795120905
3869,3,0.015313415127792098,0.009122945427378591,0.4698734297167045,0.01313637517353551,0.3757265707137698,0.006712195783665944,0.034361239400994587,0.07575382865615919
3871,3,0.0018673635679487153,0.0006979690928232545,0.8803219416801716,0.0008777304735204955,0.06816096884619138,0.00040871425037313804,0.002871245878771231,0.04479406621019979
3873,3,0.0023513086306775725,0.0010407318344928032,0.9117573418788615,0.0006426747925404129,0.04751402852211138,0.0003788697992779241,0.004080782688909051,0.03223426185312913
3875,3,0.0009134637410905197,0.0003190603427066561,0.8987433292207726,0.00025432687018311906,0.08294615839450313,0.00017547997985812468,0.00032506865483614584,0.016323112796049543
3876,3,0.0008524341780763454,0.0005261132947227694,0.8882538018803346,0.00046353119354346624,0.07860861516609505,0.00024848944610404976,0.0012463571754083834,0.029800657665715533
3878,6,0.00036607166606431995,0.0003164393915284496,0.00022861651421089512,0.0003526736892598497,0.00034626821151714744,0.9977428321894127,0.00030471404500427796,0.0003423842930018367
3880,7,0.0014889798564899294,0.0008664549047273022,0.015133800279076608,0.15798600687278805,0.008591276584852878,0.0005531059268630705,0.8144452846499411,0.0009350909252611485
3883,3,0.001297121141350018,0.00020683068849348997,0.9599571989576143,0.000266310320718095,0.026673852666527983,0.0002595667869771608,0.0006871425460333694,0.010651976892285774
3885,3,0.001426029535467041,0.00026068732942064946,0.9326963368331281,0.000497249417409608,0.049002244559690544,0.0001550219262793404,0.0008847511316135897,0.015077679266990671
3886,7,0.005010125065819118,0.0043091419939281185,0.0037578918637482125,0.03675829213436972,0.02280194842402012,0.003393885934183371,0.9173142018285603,0.006654512755371319
3888,4,0.0001180863135730352,8.398698409557409e-05,0.00620154209243305,0.9907182095294303,0.0011162331556628367,0.00026997298748428824,0.0012507437948522315,0.0002412251424683858
3889,3,0.002758174749050912,0.0016974101380624836,0.8969782498240447,0.002721548764133429,0.045358479573893565,0.0007854491015387162,0.003160185205931774,0.04654050264334427
3890,6,0.006319121719058983,0.00856699905001734,0.0017125116621446654,0.0009308026097299282,0.0009022628979364486,0.9792083501136105,0.0016103727989030844,0.0007495791485997059
3891,3,0.00041658976032711353,0.0001638564772485714,0.8653279819985962,0.0012340490343277066,0.09670319600322626,0.00018436072787424675,0.000523982581016701,0.03544598341738305
3892,7,0.00016964009748921273,0.00015442031796227812,0.0015179091703599037,0.0025877484193076636,0.0011844717725517113,9.74045857509504e-05,0.9941249134353357,0.00016349220124247735
3895,6,0.37128472328939144,0.2570862603107416,0.011510179629181879,0.0026953130072242247,0.003023937354380919,0.3392273173868363,0.012483265360532186,0.002689003661711807
3898,3,0.0011065590642217805,0.00048396865445905,0.8564305890010941,0.0013393431837013874,0.08157152231793358,0.000416554497575945,0.0007363389921388373,0.057915124288875165
3899,3,0.00037499520109790215,0.00016483741879272926,0.9191355355811116,0.0024776235641680465,0.05526665328498269,0.00023297275486113155,0.0011483913528950848,0.021198990842090915
3901,3,0.0012083548909430498,0.0001712822362620376,0.9737973716031133,0.00028096645124993424,0.020251974945257864,3.175364216433439e-05,0.0009911172605234432,0.003267178970485914
3902,2,0.014341770271800525,0.793244035117207,0.004944225793480476,0.010556084429920436,0.012550274246259836,0.009618927121737137,0.14733319888440033,0.007411484135194262
3903,3,0.0015813717522352357,0.0002754823539069598,0.9361491906856371,0.00032596915367643346,0.04887720342185387,0.00023275676894729167,0.00041258769606883187,0.01214543816767432
3904,3,0.005610875930626061,0.0025300671525890542,0.8669750665851135,0.0026931373970968506,0.052880796473637845,0.001236984198634517,0.004769311977638122,0.06330376028466433
3905,3,0.000629426121432834,0.0005125309053523412,0.802442101326679,0.004694315338146141,0.13798226496521238,0.0004879204133902852,0.027913173768849206,0.025338267160937532
3906,4,0.00033362771813617105,0.00046140746802563403,0.0012453435691080728,0.990999486946717,0.00112553732708407,0.0015273699566425102,0.002360350197652859,0.0019468768166331699
3907,3,0.0008011711301630466,0.0003881057091355139,0.8403537088501166,0.01202233379074534,0.1087597608262878,0.0004380280086573889,0.0022852808304250137,0.0349516108544688
3910,2,0.0031456508319551817,0.9474264878933859,0.000398959091571894,0.0008641926923474152,0.0011961787388828121,0.0008457834761891928,0.04498176052416248,0.0011409867515056158
3912,7,0.0037616762026297652,0.0019822612130820073,0.0005059589706914565,0.0037470384156653457,0.015057129543913668,0.0012398010283832526,0.9719104870204633,0.0017956476051713482
3914,3,0.04084438944062558,0.005311705618983474,0.9288591640065463,0.0006045574206569686,0.01260699367069931,0.0005789851424464508,0.00266189928990382,0.008532305410138087
3915,5,0.006675190828177826,0.007737533341752754,0.0063892048922527854,0.007190430605319047,0.6606320249028425,0.00461976979862937,0.09824006198037691,0.20851578365064874
3920,4,0.00043455956776332946,0.000425998536713626,0.0022010607903567942,0.9796986161383968,0.0015908929315017078,0.0009514326302877541,0.013248555055644519,0.0014488843493352683
3925,6,0.00933290014186948,0.0007249559903716135,0.00409871508643872,0.0038476405001716934,0.0024597498694263367,0.9725608060946868,0.005200085040254196,0.001775147276781231
3926,6,0.0004600136713228037,5.3426720355631746e-05,0.00034178821380950714,0.0010561993996145377,0.0009853744877086636,0.995711918275618,0.0005996825673314654,0.000791596664239002
3927,6,0.030986012631308964,0.09341902386594092,0.009812390905622246,0.0013370177997945292,0.0012409481727309326,0.8572672212739049,0.0049964820059071645,0.0009409033447909045
3928,2,0.007616545871719205,0.8361600030548467,0.001682665760673682,0.0009452005750082466,0.0021386166056570335,0.0005745347773183353,0.1496476036469864,0.001234829707790829
3929,2,0.0031794285322538176,0.9709552274031771,0.0006729608316919695,0.00115780789532756,0.0017868254651941995,0.002323938197474551,0.018485185561889102,0.0014386261129913673
3932,3,0.0022978675184659033,0.00024601748553563737,0.9527200983104366,0.00027457833470738365,0.032098480082717006,0.00011655389705688774,0.00044412106048689426,0.011802283310593633
3934,3,0.0008751298933559789,0.00047191149340104847,0.8676020517624964,0.0007404827056342994,0.0946743996864495,0.00025103960930800774,0.0020052159844188536,0.03337976886493553
3935,3,0.0009723694776785875,0.0005412384866245526,0.9573684785570634,0.006768851458239864,0.024354895785393762,0.00025515249104131246,0.0056215791610798255,0.004117434582878575
3936,2,0.0036418236402335946,0.9514090644814694,0.0006585413907184907,0.0011988522658453516,0.001629250329801138,0.0005943295718829011,0.03944265340155913,0.0014254849184896525
3938,3,0.004897204981365998,0.0035697407692788395,0.9462781016582126,0.01085563111374052,0.015944929280208343,0.0015526980826647508,0.005676896043403568,0.0112247980711252
3940,3,0.07823237657595238,0.040994493124760424,0.6523329842702988,0.014458295988674841,0.02854208623869976,0.012073137272724946,0.16632304520603886,0.007043581322850128
3942,7,0.016788630925237785,0.015548342346167398,0.013355749442411564,0.08109001579691251,0.042148573159030894,0.01684119322248178,0.7992644129759612,0.014963082131797084
3946,3,0.0005925029958138282,0.00012323114867714564,0.8709345409900244,0.00037876237902368645,0.09890824277880954,0.0002381571558118929,0.000924910214407359,0.027899652337431795
3950,7,0.0005824791131310585,0.0010115875828217921,0.0018368713516902738,0.05484031156498082,0.019848112825472226,0.0008278254646227371,0.9197941855743041,0.0012586265229763542
3956,6,0.005144160151172994,0.010524590579341861,0.0006017618113212336,0.0006654724703151264,0.0008561753046841911,0.9804195285009564,0.0010383196615936805,0.000749991520614908
3957,7,0.006689493871478261,0.002717987893603467,0.0012359315516185594,0.004204217205823525,0.013919479429342272,0.002475592890663938,0.9638823614874501,0.004874935670019522
3958,3,0.0007813743486297289,0.00034096362096346317,0.9024662202701822,0.00028349634621822965,0.06908450658338743,8.963669084323754e-05,0.0008051248934782661,0.026148677246297124
3960,6,0.0005158939783277814,0.00013476142070051097,0.00023068302115544673,0.0006388067150506647,0.0007921232367271251,0.9964787845308358,0.000559897113394999,0.0006490499838077264
3961,2,0.027389878457767913,0.7220822398410414,0.09319987682908065,0.011155816109843836,0.0433164186732959,0.005075073998968649,0.08889926721011762,0.008881428879883925
3963,3,0.0019033348971665988,0.0007686234686043171,0.9473077582634787,0.0006725980509163467,0.028057824214136325,0.00015637161509954206,0.0006189405408207905,0.020514548949777278
3967,3,0.0010516385397450567,0.0002596033766949026,0.9200333261553868,0.0002896278834615374,0.05946769103992804,0.00010937825385517226,0.000823269882156255,0.017965464868772867
3968,7,0.0029885681209761593,0.056079831533433044,0.0017282443716869665,0.0011871262171769595,0.0023306553086852337,0.0004450415653161644,0.933943083059215,0.0012974498235108168
3972,3,0.005101071833906867,0.0013595392283017689,0.7844382815298793,0.0003483280269933016,0.1683549675748702,0.00023458342711131608,0.005569508365055317,0.03459372001388219
3975,3,0.003649284396638987,0.002052500737856738,0.8310072932132351,0.054476501805577955,0.08671814561037808,0.0015218957108576858,0.008697301072736849,0.011877077452718312
3978,3,0.0006105585495308438,0.00014401645116840815,0.9397484241412775,0.000654579417004985,0.03950544777673547,0.0001564308334227891,0.00036548820613442054,0.01881505462472568
3980,3,0.27300539532986406,0.034141784482434816,0.4621215747698948,0.005320249234538351,0.11143516853884002,0.017627937103370052,0.07045451298972055,0.02589337755133742
3981,3,0.007357929591584287,0.0029542547555319503,0.9615178148353598,0.0005783774892310421,0.013632537574939716,0.0003438810188574019,0.0009995555824106309,0.012615649152085401
3983,6,0.0002388504256646914,9.155131978334697e-05,0.0003436984366454328,0.000776882280564397,0.0006487980325296117,0.9965185811716822,0.0008213567012850979,0.0005602816318449309
3984,3,0.0034077541515437453,0.004410479784200894,0.9368956376918027,0.00022485125160655366,0.03803463051276142,0.0001335522286500398,0.00943735233419189,0.007455742045242615
3989,6,0.0005135903490004864,7.090549397600164e-05,0.0002787728180275872,0.0011857955489287413,0.0013975973933040686,0.9943572997628453,0.0012109787648317133,0.0009850598690861363
3992,6,0.0006144496440242665,0.00012049537975139421,0.0003033078050372178,0.0005945343235469008,0.0005827705137199397,0.9966770383251228,0.0005798183270602196,0.0005275856817373819
3993,3,0.0005615179145617859,0.00013310502819425266,0.923159977954341,0.0007432533986067558,0.05130954500563068,0.00019492082345419918,0.0005869229624076974,0.023310756912803206
3994,3,0.0014830885695705787,0.00027362556538620394,0.9280755940697882,0.0004014579763666755,0.06120538461221289,8.844896626182097e-05,0.0014306830680493423,0.007041717172364318
3995,2,0.16302686322600773,0.752988581072499,0.026668835731697177,0.0035507926415391496,0.0045080625027737456,0.011795468525505254,0.03550501327214035,0.0019563830278378686
3998,7,0.0006306409397781002,0.003529747495590163,0.002217937286878792,0.0012424880386559707,0.0226923048764081,0.00019613499392520745,0.9681761448510567,0.0013146015177070856
4000,3,0.00029717913766036846,0.00012668848681537414,0.8682652604946011,0.0017700136518828062,0.10307570959678931,0.0001753887024639987,0.001657580671972844,0.024632179257814125
4004,7,0.0005040156539719139,0.0008469620286778474,0.0004995683285450733,0.001104903968388531,0.0037546033402281434,0.00023242018822313532,0.9920289132052017,0.0010286132867633195
4007,3,0.006687334676880533,0.0015807290800436875,0.7016579161286121,0.0018117299462124177,0.22572654099978384,0.0011288597828349124,0.004523703793461054,0.056883185592171155
4013,3,0.0004097195878513279,0.00022570465377736823,0.7832443919211245,0.002593033573231844,0.15840176135677497,0.00026879682008139805,0.0009857024689135683,0.05387088961824486
4016,3,0.0015009587473108833,0.0003706220534414863,0.8936624916278658,0.00044892884448030575,0.06935408795305392,0.00046000001325855285,0.0010407908590481386,0.033162119901540936
4022,3,0.0005660154939144482,0.0001553372102309253,0.9404517863431079,0.00015089832859783677,0.04812487925767611,5.138469251202026e-05,0.00029778290504407724,0.010201915768916924
4024,3,0.0031775877910791136,0.0014596870962570168,0.9529341429129534,0.0003626472395460776,0.023623559720868492,0.0002413914719829541,0.0007937422669293578,0.017407241500383787
4026,3,0.0014816151172262163,0.00028227420536850687,0.9299765303604032,0.0002940068535742938,0.05299556368154243,0.000133350786668336,0.001007889639942074,0.013828769355274951
4029,7,0.009984073288902218,0.002812047203968267,0.0007861268549980039,0.00533914793258333,0.01517248945339365,0.002248134471017408,0.9595061111413375,0.004151869653798873
4030,3,0.005710381746665895,0.0023069816279290434,0.9593064849961537,0.0012533103837565228,0.013255419746076176,0.00019152888286159015,0.01585428099865134,0.002121611617905699
4031,6,0.03867149374412919,0.018138557619153516,0.005288865803837361,0.0011710964553410014,0.001493377825881052,0.9296869275958992,0.004403344179352309,0.00114633677640665
4033,3,0.00028306339257941067,0.00023480419817100076,0.9607448720000736,0.0027106952675366508,0.027384727491334686,9.275857288966452e-05,0.0025032202285047637,0.0060458588489102835
4035,3,0.006543468504144956,0.005746181880856393,0.9344990936173999,0.00987860247572963,0.032956381984223786,0.0010644656476551959,0.006036662509110572,0.003275143380880167
4038,7,0.059663438429765826,0.0026484866081151947,0.01654077421553384,0.06118405492661607,0.008215548250262586,0.0010743574779951716,0.8480337530297067,0.0026395870620044555
4041,3,0.00039530529596979293,0.0001356745682772688,0.8650355438344715,0.0011312773680522937,0.0941846869371677,0.00022506380663890984,0.000556911920061509,0.03833553626936144
4045,7,0.004485414126358687,0.0020999881975471047,0.0009931768451054614,0.05024466278797712,0.013176564916052475,0.0013911894859496773,0.9249703792571239,0.0026386243838856793
4047,7,0.0007444151628944882,0.0009010709150382949,0.00021178868020581886,0.00046891328874521,0.0032112739300194973,0.001178172833438336,0.9921930289721276,0.0010913362175305117
4048,6,0.008932561240988023,0.002782222705208129,0.005174689958265585,0.0011692258582249985,0.0012006084964096078,0.9779147728185033,0.0019239084799043966,0.0009020104424958335
4050,3,0.00045943157723915995,0.0001320796535208208,0.9115270571939346,0.0035706228458835445,0.06334657975100212,0.0001693968395690409,0.0005984603606217909,0.020196371778228774
4051,6,0.0003324385740062478,0.000346684630068061,0.0003006547753310936,0.00042964707540468517,0.00039275818209375646,0.99736769421613,0.00042271990200092675,0.0004074026449652822
4053,3,0.003926645943942056,0.001037026416712743,0.9827119742600295,0.001315471225591779,0.006082464890265952,0.0001747469068762347,0.0014247806235205109,0.003326889733061098
4055,3,0.0004481800981358036,0.0006065189206246923,0.7555182117719711,0.0014282272245322556,0.20524464573026213,0.00010986756709114302,0.0028282548037518182,0.03381609388363074
4057,2,0.0037002992401187493,0.9215264166137817,0.000780834077168621,0.0009406260933201934,0.0010944889750931699,0.0016371661330751555,0.06925363208703451,0.0010665367804076312
4060,3,0.0024123404896292285,0.0007089790963332964,0.9505476550210009,0.00035685800993454705,0.032616421102349184,0.00017382807268315033,0.0007724695126332756,0.012411448695436542
4061,3,0.0010676965537488262,0.00017883396096965914,0.9579115312859705,0.0010317294283681677,0.022470139425011318,0.00019536331819475062,0.00023530005460135588,0.01690940597313555
4062,3,0.0005446258999406767,0.0005217788368360387,0.8795232498402011,0.0028661545337310703,0.09252322204017037,0.00027375860701680496,0.0060272320016878855,0.017719978240416347
4064,6,0.00032320773922358783,3.372720694406429e-05,0.0002259983216759131,0.0008430597673253091,0.0009093346845244172,0.9964653071339798,0.00048489617822729687,0.0007144689680995476
4065,7,0.0008470463506059868,0.0011426784608070545,0.00029122587701559143,0.0014549921094913606,0.008184770993983376,0.00031306248149683233,0.9872739404735573,0.0004922832530423522
4067,3,0.0008092692590599683,0.0002786324311340609,0.8808852272215931,0.0008987806801446456,0.07278836292240039,0.00030177429704982727,0.000612191767331052,0.043425761421287075
4068,7,0.0004055651187354574,0.00020416361958244982,0.0015221751542784066,0.04829561987014611,0.0014814250466423263,0.00027759003871519536,0.9475377069438841,0.00027575420801588963
4069,3,0.00035233763119819737,0.0002835910239912286,0.9537241676651946,0.00411761609836114,0.029078433134854833,0.00011070487266229796,0.00254272394542401,0.009790425628313655
4072,3,0.0045871383318810445,0.0005740773372058852,0.9650741640645402,0.005566514403760368,0.01753941660612662,0.000463659906664099,0.0007746299625838308,0.00542039938723782
4074,7,0.0013019650603218848,0.00056842744888432,0.007398925473624638,0.007373412706408484,0.009381465367168072,0.00014845000339588744,0.9734251272316744,0.00040222670852237607
4075,7,0.0027199811083480603,0.14904905692767567,0.00681484200322679,0.001847352068399676,0.00681036897488784,0.00036853378272471755,0.8314267726384497,0.0009630924962876074
4077,3,0.0022103847476096384,0.0005223594525730262,0.8862576078642508,0.0004677769629981708,0.08564262796156531,0.0002812305527151769,0.0007823895249504675,0.023835622933337238
4079,3,0.0005556974747984231,0.0002945324145281262,0.9378197334260144,0.004306507347572421,0.04190229972833219,0.00013790303620795827,0.0012158289709043079,0.013767497601642196
4082,7,0.00029775080789601815,0.0002192214800259917,0.0001085685348036965,0.0013449673295404543,0.0019692625089370503,0.0003737337749014022,0.9951724216616277,0.000514073902267665
4086,3,0.0007640208959009473,0.00029831617864337144,0.9377052629764948,0.00023868560264791528,0.04630434546176588,7.855364772759849e-05,0.0004684802931691449,0.014142334943650076
4087,3,0.0026725082124449636,0.00048293270197863716,0.9292562482512189,0.001216695402316279,0.04803251298177982,0.00018776655187471836,0.01645286586725091,0.0016984700311362473
4089,3,0.0013537414940258184,0.00038210964974478,0.8837297383850364,0.0005693324006206732,0.07449433955781931,0.0004500356864439739,0.001740252280010667,0.03728045054629869
4090,3,0.0008768593354874857,0.00031121271155294607,0.8827256725832497,0.0027770988732060096,0.07246390851898449,0.00037808489543925686,0.0008496701901542377,0.03961749289192584
4091,7,0.016226718200343673,0.002684811614121816,0.0006832256207511497,0.0017586690246210364,0.008351344101237968,0.0010367170021076952,0.9671521125340267,0.002106401902790024
4092,6,0.0013977491296178828,0.005603739822781535,0.0005298184774046723,0.0006126888555803708,0.0006576683840724009,0.9892515690053957,0.0014309693023069126,0.0005157970228407826
4097,3,0.01142514935478064,0.0024053024461854412,0.967413413228307,0.0004720250614713781,0.010158438206444279,0.0002226160124586772,0.0020375572581130537,0.005865498432239734
4100,6,0.011733190974461178,0.005509495204439533,0.0025629459388558317,0.0008877376721866977,0.0008074099991446256,0.9759108174112702,0.0019155941072566075,0.0006728086923852
4102,3,0.0008516484668070198,0.00024388549848364266,0.9317787765383372,0.00023727381573962293,0.04858207709258697,0.0001406280053717468,0.0005827011493637307,0.017583009433309964
4104,3,0.0008752261543578697,0.0004052612554199416,0.8726098139876485,0.0006208284787695751,0.09543239811541669,0.00017229196819590792,0.0011476298313997087,0.028736550208791515
4105,3,0.005218543907470652,0.011458090303838953,0.9642498810743518,0.0006442777459263394,0.004564817312149957,0.0002785926885914894,0.01143627383753342,0.002149523130137478
4108,3,0.0027714901501513854,0.0014904312434855435,0.9579607229936805,0.0002969316647988531,0.020730192677539883,0.00021527908102718458,0.0013700591213749772,0.015164893067941524
4113,6,0.012710472275574087,0.000832573815746219,0.005699367527852726,0.0017237889277225411,0.001473917683923244,0.9743637751917698,0.0020603723133256068,0.0011357322640858285
4115,3,0.0013380441087477812,0.00032638204966070025,0.9416951208423281,0.00023115150304620156,0.04100814304656848,0.00010911623404783281,0.0005299832845661416,0.014762058931034876
4117,2,0.00856963848696497,0.9624285984318347,0.0004835304285562578,0.0005250437676790052,0.001321857414084549,0.0007827956107143225,0.024871575631177246,0.001016960228988988
4123,3,0.0014166622185317875,0.0002425787199967059,0.9760313390563032,0.00031643861248493733,0.014919949949901513,4.212979924258987e-05,0.0009666282383255582,0.006064273405213734
4127,3,0.0015774815714161936,0.00046411606596706724,0.8502282233175867,0.007969043421377862,0.10829303459940534,0.0003055621362658312,0.02519685316599994,0.0059656857219811624
4136,3,0.002803807137799422,0.000382565770204193,0.9044319665581652,0.00024204005927136658,0.0807752769484311,0.0002747490036461986,0.00046785519178328124,0.01062173933069946
4144,3,0.0024223229416295046,0.0008316231506352701,0.851132884470899,0.0008352181541273296,0.09628487953612806,0.000551004423848849,0.0028363568989603952,0.04510571042377107
4152,5,0.0015300905077517532,0.002137396017052668,0.1072116443529917,0.017212228248725533,0.6404091711341546,0.0011017982861290328,0.16731331757051315,0.06308435388268122
4153,3,0.002327275171534162,0.0007093663551266116,0.9747484502190686,0.003870382858501375,0.010178523701175847,9.317723744143493e-05,0.0015714247064009207,0.0065013997507509256
4155,3,0.006881352438688346,0.002278513003159901,0.7876673984293828,0.0050189446973200715,0.11741180745354346,0.0015423177859173107,0.005883891295354492,0.07331577489663346
4156,7,0.004481325261194332,0.024899861502906795,0.001685709083040484,0.007465493347198066,0.02930043071007097,0.0028105689228375276,0.923307219579247,0.006049391593504334
4157,3,0.0007369671586243285,0.00024317280420562695,0.9472491759722202,0.00031002257178377443,0.036724144136033796,7.788587305588486e-05,0.0007485842216810754,0.013910047262394913
4159,3,0.0006201902117751072,0.00037381970551400443,0.7512896345474315,0.000619540247827081,0.21923762073748337,0.00014283537606453583,0.0010185403829752178,0.026697818790929292
4160,3,0.0008960939521873154,0.00021193044379110276,0.9353756425721017,0.0014203374867475184,0.04945436025581429,6.56815311629479e-05,0.006785527987513703,0.005790425770681024
4161,6,0.004309226549095386,0.0005735464620974321,0.0011808044636836834,0.0018645117341988561,0.0018808116644359499,0.9856481149415885,0.0031290278899095796,0.0014139562949907535
4164,3,0.0014445750153724683,0.0019309787854155955,0.9059254097336793,0.0012427132639812558,0.0647345310363733,0.00019665979454377706,0.003204977116093476,0.021320155254540826
4165,3,0.0017701436909808303,0.0006429591009412281,0.9686590921057293,0.0015178390732209866,0.020328486477056432,6.118695444567705e-05,0.003402197052747102,0.0036180955448783156
4166,3,0.003725298628891178,0.0018084292106217265,0.9100059197821752,0.000708253620341087,0.04218038514436587,0.00032842030065521053,0.0021933285374382853,0.03904996477551167
4167,7,0.005037390666506578,0.013991055064454666,0.0019476676010293274,0.006079376241288736,0.015666319724075818,0.002179973172029066,0.9506715136820872,0.004426703848528643
4173,3,0.0019263317644602307,0.005273403882768777,0.5597648822324789,0.017365843381968178,0.04832548694971552,0.0012767878174686535,0.36090874468438033,0.005158519286759135
4175,3,0.00022074962498751217,0.00012661993434805085,0.936800894599442,0.0062193980504143005,0.044114270684774956,0.00013645326008659842,0.0014769658005689646,0.01090464804537762
4178,2,0.005174707207488922,0.9699721280905018,0.0002766867935431604,0.0005293349162550037,0.0015878837584779762,0.0010179750575182627,0.020271274901076736,0.0011700092751378392
4179,7,0.02146464513195813,0.0016803042183726625,0.011344065897067029,0.004146886067565262,0.005847114150197857,0.0007368960731763295,0.9533242912402158,0.001455797221447344
4181,3,0.008034500031278646,0.0037380104946170044,0.932133149505269,0.00024455378533743674,0.042057228920543276,0.00024741954615304724,0.00426210752601295,0.009283030190788723
4182,4,0.0009363815800745092,0.0004707944191209427,0.004077032721845624,0.8506809633341718,0.003205571121036155,0.0007645557494349663,0.13887623594806792,0.0009884651262484065
4183,3,0.0006653632571980103,0.00036484638032354593,0.9194258972931064,0.0015829440658091066,0.061110715629985456,7.024079303973096e-05,0.010454882271962455,0.006325110308575453
4186,6,0.01580854497279277,0.0015952313635594656,0.000917525921395124,0.0006819873350367137,0.0009057733337124159,0.9778737620690262,0.001357542813313117,0.0008596321911639738
4194,3,0.0010229824480491709,0.00027390900022003,0.9622414756741698,0.00018488061721251475,0.024156379314302666,7.424463516949898e-05,0.0003493187676592568,0.011696809543216615
4197,3,0.0012150819936739812,0.0015423911832849265,0.6777823655465938,0.005049920443809308,0.21816543580981865,0.0006810470697180689,0.07251712548929212,0.023046632463809072
4198,6,0.0010029706053361095,0.00016190511874534274,0.00027988686817336124,0.0004577614809970205,0.0005601012441641983,0.9964236836585434,0.0006406174128993874,0.0004730736111407774
4204,6,0.0005578920474012207,5.357718167213383e-05,0.00020952013875445572,0.0003811960796433244,0.00040236957530989084,0.9976533940372105,0.0003710340515489095,0.0003710168884598583
4206,3,0.00029383255768446914,0.0002553825219972805,0.703107998949597,0.026956149007204666,0.22071360777316212,0.0002882936876874382,0.0028075776320886994,0.045577157870578144
4207,3,0.00654337021064318,0.0006270649030120117,0.8939280549976398,0.0017107583409441177,0.06287622595448797,0.0013549670731683179,0.0037446388209740433,0.029214919699130367
4208,3,0.0007550062095267959,0.00023713102182456818,0.8442521905266156,0.0007864943246738796,0.10844044878665966,0.0004220084808707633,0.0022767649966648554,0.04282995565316401
4209,3,0.002934532306466288,0.001211706299699976,0.9372569035160605,0.00030198713642476556,0.03203013897599068,0.00018576357025118634,0.0010373035402817632,0.025041664654824713
4213,3,0.005008722665864257,0.0038170382326950924,0.8460394454026621,0.004398937804228555,0.06719535880754146,0.0019098857831601882,0.014187610784983472,0.05744300051886465
4214,3,0.001867946154207862,0.000983661351678178,0.970135285259669,0.0007872415934211045,0.0162210362500749,8.341340911451564e-05,0.0017725795019975937,0.008148836479836536
4215,3,0.0018883521972039028,0.0005213971064415374,0.931611261556737,0.00032532260917424535,0.04196535409806322,0.00018923989716757687,0.0007974267002535983,0.022701645834958924
4218,3,0.0009699277984247151,0.00025571376898105393,0.939368081283975,0.00028031235822801096,0.04078704374600655,8.576675031980273e-05,0.0007160713558624644,0.01753708293820248
4221,7,0.005221668725046576,0.0022945468498616717,0.0005894420296971804,0.004927299220501349,0.015400873445372658,0.0017508146296111363,0.9667098590007283,0.0031054960991814236
4222,7,1.3821218117540799e-05,0.0003210311508481731,2.571535522496608e-05,4.857315239114266e-05,0.0019315597391127927,0.000121011198490715,0.9974610216563519,7.726652946265657e-05
4223,5,0.006532777515474186,0.009168051585551291,0.07368392599719703,0.01378735378191209,0.6290053951103762,0.0031903207840909315,0.20396519258238038,0.0606669826430176
4224,3,0.0029835281475751752,0.0010207216607074664,0.971036488197796,0.0006085693583119608,0.0161641116423112,0.0001192742930132387,0.0018792011722176395,0.006188105528067249
4225,3,0.0005344899543594661,0.00019570113102755063,0.9013630004580809,0.0009591864471441721,0.06722756450594086,0.00021711077986558987,0.0007168940538493918,0.028786052669732304
4229,6,0.0004885214245466676,0.0001787251543123378,0.0002935060440195212,0.000558954712209639,0.0005535206524725164,0.9967581174409343,0.000643912095352898,0.0005247424761520298
4231,6,0.0012631847817649517,0.0008994642458171299,0.0004896130302636093,0.0008072832956345126,0.0006863395590631816,0.9935345288992221,0.001714698327350064,0.0006048878608843332
4232,2,0.001848449579000261,0.9655417800095418,0.00048698661987176266,0.0012683554551161879,0.0013130069333731546,0.005692092671737202,0.02265346556121234,0.0011958631701468748
4233,2,0.028610943830817012,0.9447805555007558,0.00401100708392664,0.0003542940040010284,0.00045338782953573505,0.0005878087652143872,0.0207516100188662,0.00045039296688315186
4237,3,0.0011864075069842597,0.0011836853017786017,0.45184438769436025,0.001517264461846042,0.49650639040187733,0.0005549170704536004,0.0034491799691319476,0.04375776759356761
4243,6,0.0010587452381637802,0.00033380232838195424,0.000356899867312103,0.000615932096375198,0.00081564412568618,0.9955418615130457,0.0006118930833453974,0.0006652217476897114
4246,4,0.0010791602980852375,0.0009620053840553884,0.0011587063078092794,0.9459107371758041,0.004527390829340963,0.0018076543225895613,0.04027332532677386,0.004281020355541488
4249,3,0.000855714713883701,0.0006479335835884801,0.8947868834768091,0.03808828077235554,0.05159956410532205,0.0004895898308977851,0.0024693205523327708,0.011062712964810626
4250,6,0.0011463771424518705,7.396866770680144e-05,0.0005242844095421946,0.0012969219131491675,0.0014273189967615486,0.9934137260062664,0.00108441194357138,0.0010329909205511253
4252,3,0.001891088118700728,0.000884174906921487,0.8386605068766035,0.00040540072262920717,0.11891447844765338,0.00023890695059654226,0.03507777196754641,0.003927672009348671
4253,3,0.0007654505008343231,0.00031753649148134547,0.9165795353880591,0.0002569028952641349,0.05788518392491134,0.00010014183761015658,0.0007141511815960135,0.023381097780243356
4256,3,0.0004866898338731997,0.00022324610172158043,0.8936683127035681,0.001506865994318669,0.06728767485446611,0.00023815444056285177,0.0012055224055132954,0.03538353366597597
4264,3,0.00815840692574401,0.0014076899426078648,0.9618903586725563,0.0009772915402691098,0.01308860859506712,0.0003132039238732372,0.001290655307890005,0.012873785091992607
4269,3,0.0005584047337721891,0.0002481220765269667,0.7941912541199692,0.0018201234756782957,0.16922744893764868,0.00021696054697455005,0.0036982985520171183,0.030039387557413002
4274,2,0.001160140036834285,0.9671275893300103,0.00040149653860999416,0.0010070804753247525,0.0021777870991849524,0.0012978921603805987,0.025299248396696745,0.0015287659629589017
4275,3,0.001225191691814924,0.0003002620451610572,0.9362735304551449,0.0011594570608964366,0.03008648353380724,0.00030237907432484134,0.0006961903767098258,0.029956505762140824
4276,7,0.03019657873499252,0.01634283774167051,0.00957823791198686,0.1576391433002317,0.04599456618616037,0.014145710060723429,0.7053989335877159,0.02070399247651879
4278,3,0.00903610041348611,0.0014016069408906173,0.9764936972296681,0.0005792418444565643,0.007001853532496448,0.00012180854564235954,0.0026994567734231574,0.002666234719936724
4280,3,0.005714135342921482,0.0018214341618334774,0.9208121332675577,0.0006415896839237458,0.03613012403703113,0.0004014204428934978,0.0016277117408109157,0.032851451323028226
4283,3,0.0015563466638033943,0.00022807451228096706,0.9460442602427193,0.0005086065858537858,0.03414299622171098,0.00029237876239269567,0.0005763655646937688,0.016650971446544947
4284,3,0.0007809128564431533,0.00025964544371704035,0.9536391617224794,0.0002096705460430257,0.03426822269480907,5.786139592867646e-05,0.0006277470992776077,0.010156778241301862
4286,3,0.03356036460439255,0.008570348918584244,0.949131787946637,0.0005012324961699096,0.0028755185259732425,0.0001937529931312825,0.003060810236640673,0.0021061842784708975
4288,3,0.0006053631008844923,0.0002021808668262021,0.9508749566487418,0.00019852497398051432,0.03663819487221639,0.00017296354073220046,0.0008716519165477268,0.010436164080070854
4294,2,0.004401546857748924,0.9173085389914425,0.001112388528484751,0.002229529158199796,0.0032777635299338277,0.003376869224444085,0.06603119651793117,0.0022621671918152124
4296,3,0.001891480092538373,0.000443611520763082,0.9735348721598542,0.0012688299181018515,0.01022038986550429,0.00023703543027635634,0.000535040115802136,0.011868740897159485
4298,3,0.004678801690949876,0.0032793635090256797,0.9052953360037316,0.03637604149127415,0.031142154732444936,0.0003038432855263853,0.014294341778504086,0.004630117508543093
4300,6,0.0010543998619850852,0.00027289852227339433,0.0004083553457063762,0.0007150418787429711,0.0007330804847895133,0.9951177871257141,0.0010174671374258578,0.0006809696433626845
4304,6,0.0002074003297469497,0.00017416193723214735,0.0003521968724965089,0.0006027799606694687,0.0004794440127493742,0.9970838027506798,0.0006296069111458261,0.0004706072252799748
4309,7,0.0003269944107661203,6.88513813899653e-05,9.654111536894984e-05,0.0015315353807111285,0.0001528595891091415,0.0003466877005979387,0.9974098680065374,6.666241551915625e-05
4312,3,0.0004803863041980336,0.0002630596003169799,0.8922125987679385,0.00027694932556135573,0.07190215565625187,0.00011274398791073881,0.0011261677729268377,0.03362593858489625
4314,3,0.0022991687917048973,0.00836033964283128,0.6750834625546136,0.0011235140730448225,0.03447254112746321,0.00038268361710690093,0.27569565941328783,0.002582630779947314
4319,4,0.005456450453401135,0.004635806006415993,0.3903878076858933,0.457057800539968,0.1053314008501194,0.0036267243372352146,0.011079198426529185,0.022424811700437475
4322,6,0.00134910575440263,0.0011349596851629497,0.0015842541301000813,0.0008624120677826872,0.0006571960418162577,0.9928731417965887,0.0009172127039473917,0.0006217178201996296
4323,5,0.015320562469606525,0.02295832882166538,0.1514863553826247,0.00943896967778034,0.520733284354593,0.004296039527481724,0.19937641117048593,0.07639004859576262
4324,3,0.0015817994634726924,0.00034566349371290266,0.9429027589755696,0.0002650513169192372,0.03601612003714696,0.00012134291926653325,0.0005887426338190822,0.018178521160092803
4326,7,0.002086711334333114,0.0014243306141191053,0.0005705838380315122,0.0009008503309902176,0.007509131305082543,0.0005113694412697346,0.9861283152499148,0.0008687078862592364
4327,6,0.0005209973384803755,0.00011241485074751185,0.00023728281271016537,0.000428270995318373,0.00050659809057399,0.9974510966646769,0.00030505258041999103,0.000438286667072543
4328,7,0.016081997251200117,0.0020949175059909,0.008203457239771433,0.0011038978458125079,0.003544601773835545,0.0004982195036446101,0.9675045780759844,0.0009683308037604774
4330,3,0.006450747914730422,0.006413072615094757,0.4790778153539804,0.006481167240970509,0.40925338327560645,0.003425289821781946,0.019061360257480602,0.06983716352035517
4331,2,0.004275711954533447,0.9787582506786876,0.0005045610615045773,0.0008496720026653338,0.0016849528041634418,0.0025656924419968897,0.010046380362379368,0.0013147786940698397
4332,3,0.0007577581879132519,0.0005291868001458922,0.9479511409486693,0.02202830545157624,0.020942631683151552,0.00020791793067339426,0.001104867412400166,0.006478191585469987
4333,3,0.04079364765246454,0.0029318544156086033,0.8961269619564056,0.01072621093366075,0.010486952969013235,0.0038099649676530925,0.030552732111823175,0.004571674993371217
4336,4,0.0030508133142791998,0.0009484495220960841,0.0036274565994846185,0.749782743300817,0.004784549607308332,0.0013986401807908634,0.23385865228536593,0.0025486951898582993
4340,4,0.0041357662416925504,0.0010883704590337663,0.08692496337999799,0.8661051250918498,0.006852890700974172,0.0016997726533482587,0.030626266883965716,0.0025668445891377004
4342,3,0.023799518740014153,0.0022148049158391514,0.8743907377078434,0.0007153727201255418,0.06864451508256324,0.0007198104059703514,0.006328764976273513,0.02318647545137076
4344,7,0.00379530656216449,0.15709661032664132,0.0014700096765733178,0.0015734220558237858,0.004369206294063969,0.00152857090814246,0.8286586160926196,0.0015082580839712693
4345,3,0.0024062824056267354,0.00026121091599870484,0.9569392253690059,0.00020575407732981193,0.034635926086762206,0.0002702375254677466,0.0002542270659606769,0.005027136553848245
4346,3,0.0024378851773011836,0.0006836985193615751,0.8681692759371206,0.001129008668700047,0.08779861342063414,0.0005159343299682715,0.0023260107689490675,0.036939573177964584
4350,3,0.001112470625520995,0.00046929761571141146,0.8884140724458249,0.0003616007263926436,0.08680407301331657,0.00020144822962010352,0.000896853512471018,0.021740183831141856
4351,3,0.005013446927104482,0.0012741374508023402,0.9716170063893766,0.0003546362365542664,0.012944580112446598,0.00010268763601993797,0.0031144857544175876,0.00557901949327834
4353,3,0.0012072634942975095,0.00027913199280034894,0.8803470835464401,0.00038620678561033665,0.080348791407822,0.00018348498063908166,0.0016810436160662606,0.03556699417632441
4354,2,0.0923628718407018,0.8821983967249587,0.00941948312236545,0.000425706193634034,0.0017581012202859965,0.0007691506381701265,0.0117304973105292,0.0013357929493546371
4356,6,0.05755698879189316,0.002838499916107442,0.0020213931396519218,0.0014727065947989625,0.002360408562570775,0.9277656157176147,0.003972773702383682,0.002011613574979471
4358,3,0.00120465841749655,0.00022059078407762547,0.9662699079506963,0.00020812306541793547,0.02577463958745686,4.069782781509204e-05,0.0006342507852269635,0.005647131581812547
4361,4,0.0002935817446655505,0.0006080073174483685,0.0011668202998739903,0.9444833291002727,0.0008976857393977863,0.0015808220728620536,0.050525759180544784,0.0004439945449347435
4362,4,0.0007555236726844257,0.0013086401815085168,0.0015693081113277592,0.9041435380764417,0.0018722677519267669,0.0024785921285565,0.08669180895792011,0.0011803211196343678
4369,3,0.005707679845997021,0.0008783394985585821,0.9771978721408524,0.0008333494092146809,0.008520675213902484,8.189827429890127e-05,0.0026749176632002098,0.004105267953975805
4372,7,0.0009131470764317149,0.0009838207025147257,0.00019641554718253571,0.00197382606053468,0.007378671687828491,0.0012141280395321539,0.9864341546199159,0.0009058362660592759
4375,3,0.0007197053612536148,0.0003295122334132267,0.8843885405970238,0.0007918357277143656,0.08909651805052704,0.00011291118322225149,0.0007747735996585748,0.023786203247187217
4383,6,0.00255280247549125,0.0008786021166649116,0.0006710124298545104,0.0004984090334504316,0.0005379675049246296,0.9936789016349535,0.0007258140718911829,0.000456490732769208
4390,3,0.010141349144116707,0.0020364125439161413,0.9698171967128396,0.0008072325045848016,0.00986272847412352,0.0001701552826212781,0.003678435624850466,0.0034864897129471347
4394,7,0.0035172227010954217,0.0022677719353662844,0.000468571940549324,0.003912014379299511,0.015918098815620944,0.0014760402375806705,0.9701878175971257,0.002252462393362246
4395,6,0.01817341667371668,0.003333351700992059,0.008922045046427723,0.001515846729890727,0.0012222416778196114,0.9629948149987357,0.0029104259352866545,0.0009278572371312144
4396,7,0.0027906628117153353,0.010698195689526804,0.3516412171627321,0.018895590653367222,0.0545064736606175,0.0016329876191831904,0.5556044547824557,0.004230417620402305
4398,3,0.001023695201157958,0.00035280409835835756,0.9182537197739137,0.0002828873633249752,0.05788639450218508,6.47398378718326e-05,0.014812463274348696,0.00732329594883961
4402,7,0.0015149901864559858,0.002151895721139547,0.0009502609399807203,0.0007593530862939073,0.007775650831454964,0.0004759188872201164,0.985624663437884,0.0007472669095702346
4405,3,0.0011150951427827181,0.0005057269093488812,0.8874629024093257,0.0011720746127712512,0.06872120612439352,0.0003261426328700876,0.0025505875327502905,0.038146264635757834
4407,3,0.002973017918452404,0.0010761117677868096,0.9768665372733665,0.0007752857345342201,0.009887692718024971,0.0001496866635850006,0.0009898397798882171,0.007281828144362062
4408,3,0.002418311587299271,0.0011903812882910819,0.970980462320864,0.00049826596791308,0.01586596082920393,8.534645904798637e-05,0.002461615426337274,0.006499656121043576
4409,6,0.014714580282993526,0.004202009267636924,0.002457523615624685,0.0010722247514157231,0.000968236993629951,0.973852791271291,0.0018624908653618185,0.00087014295204622
4414,6,0.0002388956023413136,5.492719572826255e-05,0.00022936274477323648,0.00048249582465339136,0.0004774003362915359,0.9978109581012877,0.0002723608668597462,0.0004335993280646394
4415,5,0.010516551143586343,0.015162136258434721,0.045464870398642665,0.07510522011997585,0.29966444486101335,0.010880568178509301,0.3052809060844218,0.2379253029554161
4418,3,0.0007089584887670225,0.0003455901736278738,0.9619778806608341,0.0004736182439977667,0.026679872271455664,3.75385015961866e-05,0.0068574945325522154,0.0029190471271691174
4420,2,0.0018499381556443904,0.9220692350195294,0.0005904423892508498,0.0009481011005166568,0.0014610341946283347,0.000598556142517433,0.0711401527839097,0.00134254021400331
4422,4,0.001577936396778957,0.0027075895687697954,0.006158989866251034,0.9609191582483106,0.0069343183078721905,0.000987212813985608,0.01792829608958038,0.0027864987084513138
4423,3,0.0008877930559060598,0.0006336385413945209,0.9486785110417475,0.00910744486784444,0.0298686238343289,0.00024021202034250262,0.00489045712503975,0.005693319513396603
4424,3,0.0009185615049616582,0.00018394431587851436,0.9543001987284409,0.00019133935595430334,0.03837800700671732,4.6503907261600345e-05,0.0008870627207956054,0.00509438245998976
4425,3,0.0016388113125352806,0.002354742344295044,0.6649962948044412,0.016564838004322985,0.20543604460254136,0.0011893002648005661,0.08967007250317333,0.01814989616389031
4427,3,0.006232812111690687,0.002796347724644828,0.9720455318778033,0.005459500058686071,0.0037646247098053177,0.0004367484645519247,0.003986187584849107,0.005278247467968843
4429,3,0.004299507266184604,0.009094345035251005,0.46972350908248606,0.004151293979755404,0.03493160126925465,0.0007126160716897584,0.47394932303011406,0.003137804265264404
4432,3,0.012880433754845898,0.0007213454685080717,0.9619580330758317,0.00230886809680595,0.010958167322094115,0.0008941129207962125,0.0008231428233553566,0.009455896537762886
4433,3,0.0007391557997941435,0.0001884537218889827,0.9200350255685251,0.0010025622208334783,0.049011612502621336,0.00024530163218882355,0.0004106891779353709,0.02836719937621288
4438,3,0.0005057530817022209,0.0003978182499857459,0.8608007232574162,0.004542671903435269,0.09910649468401461,0.000428094797799513,0.012932390525571933,0.021286053500074648
4440,7,0.000321112766448147,0.0004449136719148911,0.0028709392078620703,0.19522467054514675,0.0015908794558564207,0.0004975293331424386,0.7987931764652058,0.0002567785544232357
4447,7,0.005007001210767291,0.0027007988738897534,0.0051238618020654,0.027325557947348093,0.010508415612973106,0.0011638739741096687,0.9458160103835147,0.00235448019533194
4448,3,0.0020771197551878126,0.0005035364118991186,0.9537750871782092,0.0002491117906682685,0.02913334320579823,0.00013621799505214623,0.0006664998624900488,0.013459083800695344
4449,3,0.0003971629263888451,0.00012884317846351275,0.9099229145640159,0.0028986546064725728,0.06534880870643674,0.00013803742472381111,0.0007155911273396294,0.020449987466159156
4450,7,0.0034955428606124788,0.002851434331057784,0.01547342243818926,0.09922716609641392,0.03270743313872837,0.002763398373631116,0.8347768470347535,0.00870475572661377
4452,6,0.0006320762578260945,0.00013297077705402334,0.0005632919795066614,0.0009006800884607956,0.0008169810151305312,0.9953646279899449,0.0008955165602019621,0.0006938553318747894
4454,7,0.001342106575688009,0.000883823566271467,0.0015983477370103783,0.17346925424148393,0.009017772186862099,0.0010156466283674588,0.8105594018766207,0.0021136471876961552
4457,3,0.003638124336671011,0.0024272278544628712,0.9669809398971964,0.005552261757236318,0.006059081407518167,0.0011303591737910435,0.005402961591988619,0.00880904398113592
4459,3,0.0009776996302291573,0.00012828725122384483,0.9576393956798871,0.0001200757745959902,0.037082813726034954,5.372809445306676e-05,0.0004913846853238129,0.003506615158251909
4460,3,0.00501510867113682,0.0009046258822443014,0.9725166224851355,0.0008400531146688043,0.011592156651387566,0.00014632025608014068,0.0010606458390821504,0.00792446710026447
4464,3,0.0008578747876984282,0.00016629963125626277,0.9616750679741766,0.0002249533837555205,0.030335663434509965,4.533004549655661e-05,0.0004988980752516429,0.006195912667854944
4467,3,0.003691385480176845,0.0008081115162808067,0.8931033371882778,0.000912450750996378,0.063483158753288,0.0005482351648967676,0.002297574155656568,0.03515574699042689
4468,6,0.0002852858234488829,7.687025474230337e-05,0.0003570155846002584,0.0006108095623176405,0.0005327792564683057,0.9971221185499158,0.0005377180743847479,0.0004774028941221481
4472,6,0.00027865663515140723,0.0020069417005566205,0.00021342876303674297,0.0005136156782612434,0.0006698319708115264,0.9952586884164285,0.0004972965977323642,0.0005615402380213841
4473,3,0.0013191610613739121,0.0011025933320819102,0.8221456605814509,0.0700824439410494,0.06923816046810308,0.0007134339278558259,0.016722044290206784,0.01867650239787815
4477,3,0.001137023265144052,0.00015641277379564586,0.9458012404312277,0.00010473575396131183,0.043743818670048965,7.308223054859797e-05,0.0004401690179671984,0.008543517857306462
4479,3,0.001348233005341788,0.000954200572164813,0.9525142466015744,0.0002527235232178878,0.03259702450229428,6.682307880530724e-05,0.008858822541020661,0.0034079261755809104
4486,3,0.003916668630837493,0.002007945442347374,0.9666668118133455,0.010759061292491968,0.005833011930111272,0.0005073524702118031,0.0010648920584685482,0.009244256362186258
4488,3,0.005236889764663742,0.0023258629380995283,0.8960105352627894,0.008341387473538955,0.028889090592973305,0.0017733901503813993,0.006223544201509969,0.05119929961604348
4489,3,0.05264449169145521,0.012688250264769807,0.8910326418164471,0.0016213470774011807,0.013193395658815823,0.0008889055100486255,0.024079922416690436,0.003851045564371724
4490,3,0.0027377029931801916,0.0032966929782412223,0.9080544446267573,0.006285804380379314,0.06044885457766752,0.00024523474125578304,0.0044586061292166655,0.014472659573301664
4493,3,0.0008471324396938166,0.00023774616065931078,0.9080728389238617,0.0008643609181838445,0.07941373271785764,8.215201272227775e-05,0.006523847106629495,0.003958189720391551
4495,3,0.00020936609400115473,0.00013300598393910552,0.827550777034914,0.007850734417027438,0.13819021123343586,0.00017111708514324376,0.0018892543789312374,0.024005533772607935
4498,6,0.0006966496499501816,4.7387893277815946e-05,0.00048399963439881965,0.0008860721418902681,0.0008786121872194931,0.995638030752726,0.0006879919165222071,0.0006812558240150747
4499,3,0.010508485176508658,0.0032103303798110324,0.9538707770858202,0.0002618593504875526,0.019809173874236412,0.00022654073032391008,0.003944152891881344,0.008168680510930922
4501,4,0.0006468158962753314,0.0010110950203405797,0.024605967003922247,0.5745777385802096,0.009490547573935864,0.000935004478555983,0.3876810494539813,0.0010517819927794202
4502,3,0.0004479491248592357,0.0001709240315924866,0.9534095598297541,0.00010992464710170206,0.0339724980174344,6.768418655694751e-05,0.0007592045440571255,0.011062255618643324
4503,3,0.002447961590374648,0.0012342884040880448,0.8621716254631866,0.0019390962369379143,0.08151945408780419,0.0006478139352156164,0.004128173564156774,0.04591158671823631
4504,6,0.00022603523536956406,0.00015537733470902677,0.00023406989700396782,0.0006730780185613121,0.000612674330061505,0.9964705646678873,0.0010770974988096654,0.0005511030175974578
4505,3,0.0005013910936464579,0.00025724921128245977,0.966409500900524,0.006767290714942914,0.01742305198212146,0.00014171330121637133,0.0005100063424490702,0.007989796453817123
4509,3,0.0014911550407375903,0.0003089935147225622,0.9133572546755334,0.0003509662701563978,0.0657851125389281,0.00013904249382052226,0.002416415825993561,0.01615105964010838
4510,3,0.0008687986911460373,0.0008119284591879992,0.9287591049556986,0.0004991714931383807,0.05244674933750841,6.981074661736265e-05,0.006723453552054886,0.009820982764648531
4512,3,0.00258679205040187,0.004999423696825342,0.8734364355722481,0.006433159276945032,0.08064480701660945,0.0003275036900642089,0.0028409968565181456,0.028730881840387353
4516,3,0.0002965002803519773,0.00018638438616972917,0.8225761323151758,0.01566061845638254,0.13984478018667962,0.00020340548574443413,0.00482896989698205,0.016403208992513806
4520,3,0.0020626025945499294,0.0009779508579724784,0.9592090445620809,0.009156289255273259,0.018585787183365902,0.0003733010542582597,0.00175916967950802,0.007875854812991284
4523,3,0.0006752053491922359,0.00036625020395613647,0.9388932842301889,0.013821175969976333,0.037406300022230075,0.00022306973606481728,0.001377641280682449,0.007237073207709007
4524,6,0.0004430976699039398,0.0002756570927809901,0.0003924795488158557,0.0005641750430791084,0.0005118162883390411,0.996586790412189,0.0007083796344707649,0.000517604310420835
4525,6,0.0005369895932825074,0.0002949303871971634,0.0007647009263977006,0.00078861740889774,0.0006475668312388034,0.9955315219916012,0.0008319261262677648,0.0006037467351168903
4528,7,0.005912203202387779,0.0013755284432797343,0.0009089380756069871,0.03252793801471,0.00960963294845906,0.0007525304773505158,0.9474070509424322,0.0015061778957735658
4532,3,0.0014976212810611142,0.0005490939913845429,0.905388642307135,0.0008005555217823712,0.04959217623655099,0.00044460458517752295,0.002062281087224495,0.03966502498968378
4535,1,0.9538577074366751,0.014547419113535576,0.006196381553213562,0.0016140299904384842,0.006677038196643648,0.0042595549169250875,0.007093718586267268,0.005754150206301461
4536,4,0.00011166803025878082,0.00011631695399891935,0.002550310934153797,0.9944843108226187,0.0003807302919605237,0.00036126537144699615,0.0018159279155735778,0.0001794696799885931
4537,7,0.004942694465950767,0.0011383404260365388,0.0053752460615554025,0.014292699884016213,0.005828177281892046,0.002561958819778054,0.9608983490474291,0.004962534013342162
4541,3,0.004352504873203588,0.0006178019529870989,0.963415158523861,0.002504861355242838,0.013339693661405366,0.0003843670966281115,0.0005024423879485985,0.014883170148723836
4542,6,0.0015895702247008883,0.0003076674888862665,0.0014480201450535065,0.0010391716297075677,0.0011066310357217778,0.9927280037570706,0.0009376295420424138,0.0008433061768171448
4546,1,0.9256329464242911,0.03591906599755351,0.007233059518588646,0.0014611029640394814,0.004795326646459377,0.003414370778727849,0.0184730622137493,0.0030710654565907656
4548,3,0.0038319047654834164,0.0025731451278216467,0.9460936178683099,0.00030737538731806074,0.03289375196786824,0.00019487942699058508,0.0032260067663130525,0.010879318689894965
4554,7,8.245030030111981e-05,9.407320593567409e-05,1.152841490257088e-05,0.0006382278647240131,0.0018994402747223467,0.00034397289523522645,0.9968391997760215,9.110726815763528e-05
4555,5,0.004955083791203216,0.011493244934285446,0.007987500184357413,0.004267568835618004,0.6268590345452537,0.0024040669999768217,0.29168189052111915,0.05035161018818623
4556,3,0.0013497590473170217,0.0002594163720312797,0.9719267891471123,0.0001981976117028815,0.018282105685824022,0.0003656616854057851,0.0006489959478361561,0.00696907450277064
4565,3,0.00933596258101096,0.004745899815775088,0.7677373918265112,0.007224907975566244,0.11015734701690903,0.0025223035395757643,0.011626255857962162,0.08664993138668897
4567,3,0.0014465040520399235,0.0008837844393138297,0.9255958779848645,0.0019138882984057134,0.045225248483347545,0.0001809409925735342,0.001093154619723825,0.02366060112973129
4568,3,0.004464048795525889,0.00360724762401172,0.9560180646159453,0.0040343174699032655,0.013461502803623878,0.001128183010105524,0.012207730200802628,0.005078905480081704
4570,7,0.0035211482021062566,0.00367351429416771,0.014345710828899511,0.019437121885092144,0.2598236043864722,0.002574544254684973,0.6313011965730357,0.06532315957554163
4575,3,0.001629077565397179,0.0007011246744932045,0.8673001213480347,0.0017715903294303963,0.07212533512049807,0.0005203349174643862,0.0012414013703543922,0.054711014674327534
4577,2,0.006205309973901359,0.9026668682701714,0.0016364457388560495,0.0029779945532165,0.003973354586902527,0.003857394464526997,0.07591955322808462,0.0027630791843404764
4578,3,0.0023988745159804893,0.00024121157754672002,0.9624228114881604,0.0014423039410012774,0.02627369321226075,0.0001568354564555761,0.0040846246153991034,0.002979645193195882
4579,1,0.5891694435504226,0.10296140188700674,0.2529140755714937,0.003926042837772495,0.016523914675041773,0.007630297897223401,0.0158318240900738,0.011042999490965773
4584,3,0.0009777927915614732,0.0010354801394170873,0.6537255138526777,0.08186390145136775,0.2075212367848827,0.0008238453761389017,0.0067081620420505516,0.04734406756190372
4585,6,0.0005407240816255389,5.431074240289587e-05,0.0003992097915752252,0.001284937238741192,0.0013963445579149355,0.9944173989203571,0.0008876171008807837,0.0010194575665020942
4590,3,0.0016720493329678485,0.0015920347719724864,0.9565322747457964,0.0014303526263135182,0.01886701095857527,0.00024755933433432656,0.0011559914559591405,0.01850272677408144
4591,1,0.5147203233281871,0.4629750090196153,0.013090117637847619,0.0007330997426083428,0.0009866339280263652,0.0016315840196093488,0.0049180145498053905,0.0009452177743000598
4592,3,0.001025568317680391,0.0007525982910740479,0.8944817521379942,0.03726237750872175,0.04442366739839339,0.000411200697458584,0.002037751226013231,0.01960508442266468
4596,7,0.0008583677754378127,0.00021570662046923556,0.004702892754703569,0.0009381242284127148,0.00565924000187196,0.0004074053084638887,0.986707710543057,0.0005105527675835834
4597,3,0.00096131314620045,0.0002177755262263892,0.865031281778467,0.0004576276297463423,0.11529320768420691,0.000156181848631015,0.0009579511213897634,0.016924661265131955
4598,3,0.005491807112384479,0.002581554932967447,0.8031473427419429,0.002222199965321763,0.11731508261719574,0.0016671922368838464,0.0067506698442131585,0.060824150549091176
4601,3,0.005417802798262498,0.0023026364716605607,0.9698826161028851,0.00044888843980622935,0.014413329754870044,0.0001432296182260122,0.0032299794486821847,0.004161517365607372
4602,7,0.08446902422758998,0.009269528970359465,0.20840918519299326,0.0043014980763722175,0.009559805510218016,0.00243470074035239,0.6767649205726461,0.004791336709468863
4603,2,0.0005599522737987433,0.492390272320671,0.0022512346331658335,0.0003012957534431674,0.004212823468807442,0.00020236308066520672,0.49914867541800606,0.0009333830514424706
4607,3,0.002864805957615713,0.0014459588183847166,0.975670558140837,0.005493378221694763,0.008270304666868719,0.00014057154555530116,0.0034937798227179387,0.0026206428263265244
4612,3,0.005266954283432689,0.00562323198095562,0.9529662302913925,0.0005248280846990989,0.02082316753166629,0.0001903661550883435,0.010926974397244415,0.0036782472755214814
4613,7,0.00119910831521717,0.0015496308937042308,0.0011355909336323417,0.0010554209989922822,0.004027390707692841,0.00026224342513234545,0.9897959776748217,0.0009746370508073655
4615,6,0.0028657064672232366,0.002908334006298059,0.0005350287805868255,0.0008953762927888713,0.0009928524678016306,0.989528124043145,0.0014778766463329708,0.000796701295823707
4616,7,0.00021439459575312264,0.0005346365665524244,0.014563646094219743,0.0162443519796346,0.003522796288891996,0.00016001482226856448,0.9644441787901619,0.00031598086251759147
4619,7,0.00019262730965333212,0.004140139926055134,0.0013304598604098065,0.0001582758312879758,0.004883000435187949,9.939193710371949e-05,0.989021238250549,0.00017486644975279924
4620,7,0.010285596764682573,0.07893731735027552,0.0027945054957722675,0.0024574796428510587,0.007010922670716903,0.0037813495047014636,0.8912566065829185,0.003476221988081668
4621,7,0.00021981325149622626,0.04215624622311843,0.0011826166625370034,0.00022909482619918011,0.0024106326199550814,0.00019321970324549516,0.9533367883901313,0.00027158832331769056
4625,4,0.00369170109375314,0.0013476155471499167,0.0024239164589684318,0.5140322069813281,0.007701070949841142,0.0018639509366105945,0.4648154266686823,0.004124111363666021
4629,3,0.0010976752972433152,0.0008143069998712213,0.9511225817296297,0.0030857891132851224,0.025661701001940887,0.0001416358277409526,0.0010220498355293106,0.01705426019475906
4630,6,0.0005894713443949895,0.00016870476596086303,0.0001951165481031634,0.0006014077489259186,0.0006730188043253037,0.9963875876143635,0.0007641238495525884,0.000620569324374009
4632,3,0.001751924221064613,0.0007864950423460399,0.9294225398960426,0.00050586925213477,0.05439528508926177,7.82110130527321e-05,0.004839933720401782,0.008219741765695425
4634,6,0.0014101634500135343,0.0002807198093103301,0.0002577849339444428,0.0006582341952635704,0.0007813392987886291,0.9949183839974098,0.0010032540462899995,0.0006901202689797522
4636,3,0.0007495627332264758,0.0006048149126197269,0.919372898725614,0.0012928233158690566,0.05849178460490247,0.00011010402334180673,0.0016548701307183475,0.017723141553708417
4646,6,0.017624000487164046,0.011480690528406666,0.00642937553999294,0.0018578354134788182,0.00125303963249298,0.9571194773116711,0.0031757054555204877,0.0010598756312730532
4650,3,0.0009737994212815381,0.0002553384567708276,0.9045379600678859,0.0002145944257494548,0.07926796681363417,8.606431601231722e-05,0.004923419592809724,0.009740856905856018
4654,6,0.0005567373372042304,0.00042740616806103695,0.0007194949329264095,0.0007932824403610886,0.000740493378880264,0.9950766963372539,0.0010304336136053123,0.0006554557917076218
4656,3,0.009666894602243318,0.0012637640546347816,0.9716781479383523,0.0007792589565055353,0.009899926553152845,0.00016900721845803724,0.003943646611218978,0.0025993540654342838
4660,7,0.006337321437220089,0.0024319742644671413,0.03165571536158923,0.026275024531414025,0.010427577792043887,0.0009063640953814597,0.9200381239827745,0.0019278985351094261
4664,4,0.029541158125867842,0.008644818169942703,0.09595501829799481,0.6555873062873531,0.01917728667418157,0.01083894766003154,0.17085237071461504,0.009403094070013449
4670,3,0.17849925818396797,0.01904062935821639,0.7643968139536195,0.0028898407960349206,0.007019739808618827,0.003555900849811939,0.017997796632154,0.00660002041757658
4672,3,0.003295558643156593,0.007696746245771791,0.9660441749642384,0.00045792336551416424,0.011862462103557628,0.00020186139544155142,0.006905042095351929,0.0035362311869683934
4676,3,0.0009048270421531505,0.00019354079476497025,0.9568462743204004,0.0008075767651045595,0.021847191723043943,0.0002461953291571823,0.0005259147061039764,0.01862847931927199
4678,7,0.00036452393642633454,0.000934266981078,0.00026088420480825013,0.0005960569297442738,0.005495335604609814,0.0002117232120433131,0.991752169994349,0.0003850391369409219
4679,7,0.017340132126148766,0.011482468948232665,0.007633399958617885,0.02065327538396282,0.025424597838458088,0.024869855235820276,0.8767822349590402,0.01581403554971916
4683,3,0.0009259081832583287,0.0002488001646058148,0.9223173932406948,0.0007160850357439395,0.06149565397442375,9.716701939875241e-05,0.0006787919128084382,0.013520200469066022
4686,3,0.0209039643247444,0.005854757010149673,0.8214683656144165,0.08265397657971531,0.027371605857466473,0.01584547100714233,0.01191631019049613,0.013985549415869465
4687,5,0.005733260241540473,0.004336307384753013,0.032946283173116896,0.0029063697265229236,0.7230071051081203,0.0028408750338032966,0.016125455468595437,0.21210434386354768
4688,3,0.2863599159565567,0.006260388896209414,0.5388446033996159,0.0480131156493077,0.017779661654171615,0.013863939451543779,0.07434371383551511,0.014534661157079316
4690,3,0.007816916718959135,0.0022838319525829136,0.8950564748393967,0.04699935644604801,0.02977770466376844,0.0030467717748137143,0.004835542676093926,0.010183400928336946
4691,3,0.0006882614258385097,0.00023486907267439305,0.7952992565401213,0.001882830740310863,0.1578825143023601,0.0003296305430095709,0.003536624193018885,0.04014601318266604
4693,2,0.013443574784424008,0.9454916049118416,0.004668582417811997,0.005916848683729264,0.006811789225894273,0.005820105986946179,0.013561516843207172,0.004285977146145962
4694,2,0.009344168599170305,0.9484526854219163,0.0010032777173078116,0.0005427703376428972,0.003892893961374966,0.004368795635013955,0.03081198298883332,0.0015834253387403499
4696,6,0.0002952039670613956,0.00011502205578311654,0.00017167543743756437,0.000544743652253631,0.000554178446852656,0.9971919762073064,0.0005988136576915493,0.0005283865756140036
4701,3,0.005935765938976693,0.048872731550771605,0.8151061025108111,0.0017345629517059025,0.024409329979879074,0.0009343780572532101,0.09974064182611898,0.003266487184483238
4703,3,0.0030417966210207425,0.0018039640260298954,0.9255040387495302,0.002149443731557979,0.020690786907928523,0.0008187539449552871,0.002466512423153341,0.043524703595823985
4704,4,0.0003458833194009504,0.00046640033432681505,0.04396105404606933,0.9268445509672185,0.01252858199834543,0.0006365036571261986,0.014100886156249956,0.001116139521262769
4707,7,0.005518916239228367,0.0033069628037510485,0.0014760066142519466,0.005700935164173039,0.013956847520276218,0.0022827315784529818,0.9615745154518252,0.006183084628041871
4710,7,0.000537413850763302,7.286845090053716e-05,0.00025777262692263904,0.0001953461679035086,0.001745742021777989,0.0003546694176864628,0.9967067765354577,0.0001294109285880935
4712,7,4.50533493432738e-05,6.56000353277047e-05,1.1183771259275545e-05,0.00012037319348533029,0.0016329891126719569,0.00039368240594536,0.9976843138948134,4.680423715342265e-05
4713,7,0.0009812019833197628,0.001885004555159462,0.09753883653719556,0.055859387349548525,0.009751265049745238,0.0008353544567510605,0.8316653301148098,0.0014836199534707267
4714,2,0.0030154081240158616,0.9637568461739375,0.0005770819216199885,0.0011863055163647666,0.001975998107804736,0.0016793821018625185,0.026216632837587146,0.0015923452168074912
4715,6,0.0005004875754407333,4.077526302445965e-05,0.0004508840232131763,0.0008317761837142234,0.000764924024850091,0.9962341607185042,0.0005591127201831096,0.0006178794910701694
4722,7,0.0006300395338679953,0.0005025440448134181,0.00020538928235845096,0.0020765543340650304,0.0072231860870233,0.00040850484672827654,0.9885458749833946,0.000407906887748644
4723,3,0.004451399419370592,0.0013802047120992714,0.9572974567150406,0.016949976870651487,0.01136633856359031,0.0008471061445932979,0.004920988841834539,0.002786528732819762
4724,6,0.005984231655779546,0.018633932550722238,0.005918456485136703,0.001487746866486135,0.0013864502223655624,0.9615185433800288,0.004046749891577101,0.0010238889479043188
4726,1,0.9381823403445234,0.008761663466574835,0.010291804478553518,0.003585702239264834,0.01013607279505062,0.011834394011279923,0.006162735301967916,0.011045287362784775
4730,3,0.0048561451084604785,0.002091735803580621,0.28493685508315675,0.001285687832920805,0.6393089119254617,0.0011878759619588148,0.010726213635224049,0.05560657464923689
4732,6,0.0006992535708734649,7.455665972862376e-05,0.0005502477642218433,0.0007530422616217502,0.0005595720229915278,0.9959735287545232,0.0008973107830719806,0.0004924881829680098
4735,1,0.8889796077474214,0.022799165662329944,0.005175502032404831,0.003104413585347663,0.003897132758805807,0.06396855269234454,0.009717890300299663,0.002357735221046345
4736,3,0.0008764166921497807,0.0002557458392280866,0.9090569297593647,0.001566653589739124,0.054501087686205166,0.0002802796464139256,0.000554103602972138,0.032908783183927065
4737,7,0.00019302147779517659,0.00018726176309653817,0.000178864684342715,0.0018506552669570477,0.00030062946607109574,0.0003193390284412666,0.9968701279293632,0.0001001003839332241
4745,3,0.0016823244984345946,0.0004478125111700274,0.9049268403810673,0.0010370885019752093,0.051538773414173726,0.00042410258481106,0.0009834571834918897,0.03895960092487599
4747,3,0.0006486639477977216,0.00010442610262263215,0.9518769618528462,0.00010368011625417371,0.04209559609163939,5.5241483208647176e-05,0.00032070569275587227,0.004794724712875477
4752,4,0.003035582797015323,0.0021633999749320317,0.002028078600530797,0.8923927510745394,0.0058854974629728544,0.0029384869471647053,0.08557288463019654,0.0059833185126483765
4753,3,0.0004876168973037668,0.0003651394139866032,0.8502666825196771,0.0228924715966506,0.0948609944055411,0.00026871932974766537,0.0052076611892460664,0.025650714647847267
4754,3,0.0031248671055900405,0.001651108389555889,0.8760269964914302,0.0014876032679695726,0.05876727862461989,0.0006940742225534094,0.0036793154433445523,0.05456875645493645
4757,3,0.0005777029780343176,0.0003404310673138658,0.9293580890027767,0.00024393319942788173,0.05785000536339145,4.4256285623477246e-05,0.0026332402719245872,0.008952341831507782
4758,3,0.0027872760088816623,0.0008207702473389152,0.8631593673853811,0.0005852913527995981,0.08279595141204898,0.00042947095437753516,0.004302282766305784,0.045119589872866094
4761,7,0.0009677442755386052,0.0008587046306812784,0.0003309472823498514,0.01205575224051191,0.010984670065142817,0.0007557215010426119,0.9732094846301595,0.000836975374573549
4762,2,0.0008936860168791594,0.9844129799723628,0.001466477153854875,0.00011044109112380531,0.00046061233350248176,8.194613421784369e-05,0.012172075986277899,0.0004017813117814915
4766,3,0.004023364759225136,0.0007392993306154117,0.88482665557942,0.001964086056128943,0.07040267507982495,0.0009413003150804785,0.00494129804362241,0.03216132083608275
4767,2,0.016577742204062502,0.8047697598327748,0.0022144373706393813,0.0019767386860564673,0.0029109435504589033,0.00441389614278409,0.1648577293563991,0.002278752856824955
4768,4,0.001407284085408619,0.0005122375496552572,0.00366956455462763,0.8534047388631408,0.002999922056665012,0.0008319844027615783,0.13595033374382132,0.001223934743919741
4772,6,0.0008895306339513995,0.00021783920829050637,0.0005493542391844881,0.0012743849467921147,0.0011672318674799257,0.9934592759786202,0.0014297211713258907,0.0010126619543554594
4773,7,0.006546032335714525,0.0023259730663117736,0.0007751446137246908,0.007296596795923539,0.014389188231686667,0.0020369950817244274,0.9627113972620326,0.003918672612881394
4775,3,0.010401986588272943,0.01125026681802759,0.31927194040245116,0.012099102534085913,0.5371948069201352,0.006206609085275302,0.026240386003121213,0.07733490164863033
4777,7,0.0004553954996984405,0.0009306458088969904,0.002247952100713814,0.0004632857712619076,0.14253304506430667,0.00026659317475813063,0.8505802342880102,0.0025228482923538007
4784,3,0.011451425311698214,0.009053209175483589,0.8147319052036744,0.009164105201415255,0.0533279710265269,0.004234690665266015,0.02879085183259257,0.06924584158334313
4786,3,0.00042163111097716865,0.00016492371604968673,0.9395745142676498,0.00022151729955262176,0.04949012914830389,3.785089846083141e-05,0.0013438585844074721,0.008745574974598108
4790,3,0.0004165563789847405,0.00023800851184263715,0.9274510380417317,0.003392551372240427,0.04622994862213736,0.0001655106666954222,0.0017057917165009858,0.020400594689866866
4792,6,0.0015283482782581048,0.0005213578265186753,0.0004096468660621562,0.000871272793214714,0.001082383496861288,0.9932349009745881,0.001512060578830245,0.000840029185666727
4796,5,0.0032043294064366657,0.00462418178491235,0.035708710181460775,0.011757692465054185,0.6096881584622508,0.0026404924545488494,0.10386551569509639,0.22851091955024017
4798,3,0.0004435914460304792,0.0004876322306550727,0.7467973333001624,0.0018937027703535285,0.22230341919870977,0.00010713937537509049,0.0033467397432335915,0.02462044193548062
4799,6,0.006409644372058215,0.0010279589282875335,0.0018298070487360125,0.0011002097970840299,0.0014935156682428228,0.9853041681974233,0.0016564341505576749,0.0011782618376103633
