incident_id,hour_float,latitude,longitude,victim_age,temp_c,humidity,dist_precinct_km,pop_density,weapon_code,scene_type,weather,vic_gender,split,killer_id,weapon_code_0,weapon_code_1,weapon_code_2,weapon_code_3,weapon_code_4,weapon_code_5,scene_type_0,scene_type_1,scene_type_2,scene_type_3,weather_0,weather_1,weather_2,weather_3,weather_4
0,0.054,0.677,0.207,0.244,0.294,0.578,0.013,0.057,2,3,4,0,TEST,5,0.0,0.0,1.0,0.0,0.0,0.0,0.0,0.0,0.0,1.0,0.0,0.0,0.0,0.0,1.0
1,0.487,0.167,0.36,0.83,0.684,0.0,0.358,0.386,0,1,0,0,TEST,7,1.0,0.0,0.0,0.0,0.0,0.0,0.0,1.0,0.0,0.0,1.0,0.0,0.0,0.0,0.0
2,0.218,0.566,0.162,1.0,0.202,0.588,0.005,0.069,3,2,0,0,VAL,3,0.0,0.0,0.0,1.0,0.0,0.0,0.0,0.0,1.0,0.0,1.0,0.0,0.0,0.0,0.0
3,0.316,0.055,0.304,1.0,0.415,0.0,0.239,0.148,5,1,3,1,VAL,7,0.0,0.0,0.0,0.0,0.0,1.0,0.0,1.0,0.0,0.0,0.0,0.0,0.0,1.0,0.0
4,0.081,0.594,0.29,0.804,0.246,0.782,0.003,0.083,1,1,4,1,VAL,5,0.0,1.0,0.0,0.0,0.0,0.0,0.0,1.0,0.0,0.0,0.0,0.0,0.0,0.0,1.0
5,0.363,0.674,0.389,0.758,0.278,0.652,0.004,0.263,2,0,3,0,VAL,3,0.0,0.0,1.0,0.0,0.0,0.0,1.0,0.0,0.0,0.0,0.0,0.0,0.0,1.0,0.0
6,0.369,0.508,0.359,0.644,0.329,0.349,0.052,0.273,2,2,0,0,TEST,3,0.0,0.0,1.0,0.0,0.0,0.0,0.0,0.0,1.0,0.0,1.0,0.0,0.0,0.0,0.0
7,0.727,0.211,0.562,1.0,0.385,0.011,0.076,0.487,4,3,1,0,TEST,7,0.0,0.0,0.0,0.0,1.0,0.0,0.0,0.0,0.0,1.0,0.0,1.0,0.0,0.0,0.0
8,0.626,0.856,0.548,0.0,0.684,0.945,0.08,0.639,2,2,0,1,VAL,6,0.0,0.0,1.0,0.0,0.0,0.0,0.0,0.0,1.0,0.0,1.0,0.0,0.0,0.0,0.0
9,0.125,0.475,0.239,0.909,0.371,0.373,0.01,0.098,1,2,3,0,TRAIN,3,0.0,1.0,0.0,0.0,0.0,0.0,0.0,0.0,1.0,0.0,0.0,0.0,0.0,1.0,0.0
10,0.679,0.815,0.683,0.0,0.527,1.0,0.148,0.638,0,2,0,1,TRAIN,6,1.0,0.0,0.0,0.0,0.0,0.0,0.0,0.0,1.0,0.0,1.0,0.0,0.0,0.0,0.0
11,0.647,0.595,0.513,0.367,0.519,0.661,0.096,0.495,3,2,0,1,VAL,3,0.0,0.0,0.0,1.0,0.0,0.0,0.0,0.0,1.0,0.0,1.0,0.0,0.0,0.0,0.0
12,0.535,0.305,0.394,0.0,0.896,0.13,1.0,0.622,0,2,4,1,TRAIN,2,1.0,0.0,0.0,0.0,0.0,0.0,0.0,0.0,1.0,0.0,0.0,0.0,0.0,0.0,1.0
13,0.419,0.475,0.403,0.805,0.442,0.32,0.051,0.283,3,2,0,1,VAL,3,0.0,0.0,0.0,1.0,0.0,0.0,0.0,0.0,1.0,0.0,1.0,0.0,0.0,0.0,0.0
14,0.354,0.478,0.424,1.0,0.279,0.293,0.015,0.229,3,2,3,0,TRAIN,3,0.0,0.0,0.0,1.0,0.0,0.0,0.0,0.0,1.0,0.0,0.0,0.0,0.0,1.0,0.0
15,0.647,0.49,0.435,0.703,0.364,0.319,0.032,0.301,1,2,0,0,TRAIN,3,0.0,1.0,0.0,0.0,0.0,0.0,0.0,0.0,1.0,0.0,1.0,0.0,0.0,0.0,0.0
16,0.311,0.456,0.321,0.874,0.276,0.468,0.042,0.242,2,1,3,0,TRAIN,3,0.0,0.0,1.0,0.0,0.0,0.0,0.0,1.0,0.0,0.0,0.0,0.0,0.0,1.0,0.0
17,0.51,0.81,0.628,0.0,0.46,0.937,0.085,0.546,0,2,2,1,TEST,6,1.0,0.0,0.0,0.0,0.0,0.0,0.0,0.0,1.0,0.0,0.0,0.0,1.0,0.0,0.0
18,0.454,0.56,0.427,0.49,0.345,0.614,0.04,0.36,3,2,3,0,TRAIN,3,0.0,0.0,0.0,1.0,0.0,0.0,0.0,0.0,1.0,0.0,0.0,0.0,0.0,1.0,0.0
19,0.504,0.585,0.447,0.517,0.441,0.583,0.032,0.351,2,0,0,0,TRAIN,3,0.0,0.0,1.0,0.0,0.0,0.0,1.0,0.0,0.0,0.0,1.0,0.0,0.0,0.0,0.0
20,0.446,0.548,0.369,0.619,0.295,0.612,0.015,0.162,2,3,3,0,TEST,3,0.0,0.0,1.0,0.0,0.0,0.0,0.0,0.0,0.0,1.0,0.0,0.0,0.0,1.0,0.0
21,0.856,0.377,0.671,1.0,0.483,0.232,0.039,0.593,4,0,1,1,TEST,4,0.0,0.0,0.0,0.0,1.0,0.0,1.0,0.0,0.0,0.0,0.0,1.0,0.0,0.0,0.0
22,0.552,0.278,0.422,1.0,0.502,0.249,0.123,0.405,3,0,0,0,TRAIN,7,0.0,0.0,0.0,1.0,0.0,0.0,1.0,0.0,0.0,0.0,1.0,0.0,0.0,0.0,0.0
23,0.303,0.623,0.976,0.983,0.619,0.508,0.113,0.965,2,3,2,1,TEST,4,0.0,0.0,1.0,0.0,0.0,0.0,0.0,0.0,0.0,1.0,0.0,0.0,1.0,0.0,0.0
24,0.802,0.355,0.633,0.646,0.615,0.016,0.409,0.74,5,1,0,0,TRAIN,7,0.0,0.0,0.0,0.0,0.0,1.0,0.0,1.0,0.0,0.0,1.0,0.0,0.0,0.0,0.0
25,0.592,0.844,0.7,0.0,0.59,0.884,0.092,0.722,5,1,1,0,TRAIN,6,0.0,0.0,0.0,0.0,0.0,1.0,0.0,1.0,0.0,0.0,0.0,1.0,0.0,0.0,0.0
26,0.526,0.367,0.497,0.375,0.613,0.297,0.22,0.51,0,0,0,0,TEST,7,1.0,0.0,0.0,0.0,0.0,0.0,1.0,0.0,0.0,0.0,1.0,0.0,0.0,0.0,0.0
27,0.315,0.207,0.272,0.719,0.709,0.0,0.3,0.292,5,3,0,0,TEST,7,0.0,0.0,0.0,0.0,0.0,1.0,0.0,0.0,0.0,1.0,1.0,0.0,0.0,0.0,0.0
28,0.469,0.591,0.49,1.0,0.452,0.404,0.024,0.308,2,2,0,1,TEST,3,0.0,0.0,1.0,0.0,0.0,0.0,0.0,0.0,1.0,0.0,1.0,0.0,0.0,0.0,0.0
29,0.38,0.213,0.374,1.0,0.529,0.031,0.125,0.316,0,3,1,0,VAL,7,1.0,0.0,0.0,0.0,0.0,0.0,0.0,0.0,0.0,1.0,0.0,1.0,0.0,0.0,0.0
30,0.336,0.578,0.343,0.663,0.251,0.596,0.012,0.22,3,1,3,0,TRAIN,3,0.0,0.0,0.0,1.0,0.0,0.0,0.0,1.0,0.0,0.0,0.0,0.0,0.0,1.0,0.0
31,0.395,0.605,0.415,0.749,0.272,0.569,0.018,0.23,1,2,3,0,TRAIN,3,0.0,1.0,0.0,0.0,0.0,0.0,0.0,0.0,1.0,0.0,0.0,0.0,0.0,1.0,0.0
32,0.435,0.626,0.445,0.575,0.434,0.669,0.018,0.327,3,0,3,0,TRAIN,3,0.0,0.0,0.0,1.0,0.0,0.0,1.0,0.0,0.0,0.0,0.0,0.0,0.0,1.0,0.0
33,0.188,0.484,0.233,0.845,0.294,0.366,0.033,0.173,2,1,0,0,TEST,5,0.0,0.0,1.0,0.0,0.0,0.0,0.0,1.0,0.0,0.0,1.0,0.0,0.0,0.0,0.0
34,0.588,0.576,0.467,0.841,0.497,0.549,0.031,0.318,2,3,0,1,TRAIN,3,0.0,0.0,1.0,0.0,0.0,0.0,0.0,0.0,0.0,1.0,1.0,0.0,0.0,0.0,0.0
35,0.982,0.302,0.777,1.0,0.614,0.051,0.279,0.757,0,0,0,0,VAL,7,1.0,0.0,0.0,0.0,0.0,0.0,1.0,0.0,0.0,0.0,1.0,0.0,0.0,0.0,0.0
36,0.161,0.578,0.251,0.624,0.238,0.593,0.002,0.079,2,3,0,0,TEST,3,0.0,0.0,1.0,0.0,0.0,0.0,0.0,0.0,0.0,1.0,1.0,0.0,0.0,0.0,0.0
37,0.46,0.499,0.475,0.719,0.355,0.474,0.03,0.271,3,2,0,0,TRAIN,3,0.0,0.0,0.0,1.0,0.0,0.0,0.0,0.0,1.0,0.0,1.0,0.0,0.0,0.0,0.0
38,0.577,0.525,0.487,0.627,0.371,0.461,0.024,0.392,3,3,0,1,VAL,3,0.0,0.0,0.0,1.0,0.0,0.0,0.0,0.0,0.0,1.0,1.0,0.0,0.0,0.0,0.0
39,0.294,0.491,0.393,0.645,0.407,0.324,0.029,0.219,0,2,0,0,VAL,3,1.0,0.0,0.0,0.0,0.0,0.0,0.0,0.0,1.0,0.0,1.0,0.0,0.0,0.0,0.0
40,0.482,0.683,0.441,0.0,0.6,0.854,0.084,0.381,4,0,4,0,VAL,1,0.0,0.0,0.0,0.0,1.0,0.0,1.0,0.0,0.0,0.0,0.0,0.0,0.0,0.0,1.0
41,0.688,0.26,0.467,1.0,0.533,0.138,0.052,0.395,0,0,1,1,TRAIN,4,1.0,0.0,0.0,0.0,0.0,0.0,1.0,0.0,0.0,0.0,0.0,1.0,0.0,0.0,0.0
42,0.538,0.496,0.51,0.609,0.49,0.539,0.065,0.353,3,3,3,0,VAL,3,0.0,0.0,0.0,1.0,0.0,0.0,0.0,0.0,0.0,1.0,0.0,0.0,0.0,1.0,0.0
43,0.561,0.491,0.502,0.0,0.777,0.435,0.562,0.591,1,1,4,0,TRAIN,2,0.0,1.0,0.0,0.0,0.0,0.0,0.0,1.0,0.0,0.0,0.0,0.0,0.0,0.0,1.0
44,0.808,0.447,0.642,0.882,0.504,0.521,0.043,0.515,4,0,1,1,TEST,4,0.0,0.0,0.0,0.0,1.0,0.0,1.0,0.0,0.0,0.0,0.0,1.0,0.0,0.0,0.0
45,0.312,0.405,0.427,0.939,0.474,0.243,0.045,0.167,2,2,3,0,TEST,3,0.0,0.0,1.0,0.0,0.0,0.0,0.0,0.0,1.0,0.0,0.0,0.0,0.0,1.0,0.0
46,0.187,0.536,0.258,0.938,0.3,0.371,0.008,0.118,3,0,3,0,TRAIN,3,0.0,0.0,0.0,1.0,0.0,0.0,1.0,0.0,0.0,0.0,0.0,0.0,0.0,1.0,0.0
47,0.382,0.603,0.353,0.728,0.301,0.648,0.012,0.162,3,2,0,1,TRAIN,3,0.0,0.0,0.0,1.0,0.0,0.0,0.0,0.0,1.0,0.0,1.0,0.0,0.0,0.0,0.0
48,0.432,0.6,0.516,0.691,0.382,0.604,0.019,0.351,3,0,3,0,TEST,3,0.0,0.0,0.0,1.0,0.0,0.0,1.0,0.0,0.0,0.0,0.0,0.0,0.0,1.0,0.0
49,0.37,0.584,0.415,0.601,0.451,0.583,0.046,0.362,2,2,3,0,VAL,3,0.0,0.0,1.0,0.0,0.0,0.0,0.0,0.0,1.0,0.0,0.0,0.0,0.0,1.0,0.0
50,0.496,0.617,0.449,0.712,0.402,0.645,0.012,0.31,2,2,0,0,TRAIN,3,0.0,0.0,1.0,0.0,0.0,0.0,0.0,0.0,1.0,0.0,1.0,0.0,0.0,0.0,0.0
51,0.28,0.416,0.243,0.799,0.252,0.411,0.04,0.189,3,2,3,0,TEST,3,0.0,0.0,0.0,1.0,0.0,0.0,0.0,0.0,1.0,0.0,0.0,0.0,0.0,1.0,0.0
52,0.464,0.537,0.433,0.351,0.429,0.406,0.072,0.329,1,2,0,0,TRAIN,3,0.0,1.0,0.0,0.0,0.0,0.0,0.0,0.0,1.0,0.0,1.0,0.0,0.0,0.0,0.0
53,0.383,0.493,0.333,0.667,0.455,0.485,0.033,0.258,3,2,3,1,TRAIN,3,0.0,0.0,0.0,1.0,0.0,0.0,0.0,0.0,1.0,0.0,0.0,0.0,0.0,1.0,0.0
54,0.308,0.533,0.36,0.832,0.324,0.486,0.023,0.215,2,2,0,0,TEST,3,0.0,0.0,1.0,0.0,0.0,0.0,0.0,0.0,1.0,0.0,1.0,0.0,0.0,0.0,0.0
55,0.364,0.503,0.454,0.93,0.466,0.362,0.033,0.292,2,2,0,0,VAL,3,0.0,0.0,1.0,0.0,0.0,0.0,0.0,0.0,1.0,0.0,1.0,0.0,0.0,0.0,0.0
56,0.339,0.531,0.4,0.598,0.504,0.358,0.044,0.286,3,2,0,0,TEST,3,0.0,0.0,0.0,1.0,0.0,0.0,0.0,0.0,1.0,0.0,1.0,0.0,0.0,0.0,0.0
57,0.356,0.544,0.444,0.678,0.367,0.678,0.045,0.284,3,1,1,0,TRAIN,3,0.0,0.0,0.0,1.0,0.0,0.0,0.0,1.0,0.0,0.0,0.0,1.0,0.0,0.0,0.0
58,0.532,0.639,0.518,0.59,0.364,0.561,0.028,0.363,2,3,3,0,VAL,3,0.0,0.0,1.0,0.0,0.0,0.0,0.0,0.0,0.0,1.0,0.0,0.0,0.0,1.0,0.0
59,0.671,0.413,0.557,0.503,0.584,0.429,0.201,0.494,3,0,3,0,TRAIN,3,0.0,0.0,0.0,1.0,0.0,0.0,1.0,0.0,0.0,0.0,0.0,0.0,0.0,1.0,0.0
60,0.621,0.288,0.501,1.0,0.547,0.102,0.141,0.496,0,1,0,0,TEST,7,1.0,0.0,0.0,0.0,0.0,0.0,0.0,1.0,0.0,0.0,1.0,0.0,0.0,0.0,0.0
61,0.576,0.462,0.448,0.652,0.488,0.222,0.11,0.402,3,1,3,0,TEST,3,0.0,0.0,0.0,1.0,0.0,0.0,0.0,1.0,0.0,0.0,0.0,0.0,0.0,1.0,0.0
62,0.898,0.188,0.678,1.0,0.606,0.0,0.206,0.648,0,3,0,1,TEST,7,1.0,0.0,0.0,0.0,0.0,0.0,0.0,0.0,0.0,1.0,1.0,0.0,0.0,0.0,0.0
63,0.286,0.612,0.444,0.824,0.191,0.674,0.007,0.225,3,0,3,0,TRAIN,3,0.0,0.0,0.0,1.0,0.0,0.0,1.0,0.0,0.0,0.0,0.0,0.0,0.0,1.0,0.0
64,0.562,0.812,0.649,0.0,0.714,0.964,0.222,0.733,4,2,1,1,TEST,6,0.0,0.0,0.0,0.0,1.0,0.0,0.0,0.0,1.0,0.0,0.0,1.0,0.0,0.0,0.0
65,0.905,0.241,0.645,1.0,0.376,0.0,0.019,0.506,4,0,2,1,TRAIN,4,0.0,0.0,0.0,0.0,1.0,0.0,1.0,0.0,0.0,0.0,0.0,0.0,1.0,0.0,0.0
66,0.446,0.578,0.44,0.832,0.211,0.688,0.016,0.222,3,0,3,0,TRAIN,3,0.0,0.0,0.0,1.0,0.0,0.0,1.0,0.0,0.0,0.0,0.0,0.0,0.0,1.0,0.0
67,0.715,0.708,0.703,0.0,0.779,0.721,0.311,0.828,3,2,0,1,TEST,6,0.0,0.0,0.0,1.0,0.0,0.0,0.0,0.0,1.0,0.0,1.0,0.0,0.0,0.0,0.0
68,0.172,0.526,0.237,0.786,0.202,0.457,0.006,0.157,5,3,0,1,TRAIN,3,0.0,0.0,0.0,0.0,0.0,1.0,0.0,0.0,0.0,1.0,1.0,0.0,0.0,0.0,0.0
69,0.568,0.456,0.559,0.0,0.806,0.382,0.397,0.576,2,0,4,0,TEST,2,0.0,0.0,1.0,0.0,0.0,0.0,1.0,0.0,0.0,0.0,0.0,0.0,0.0,0.0,1.0
70,0.811,0.338,0.589,1.0,0.438,0.059,0.093,0.535,0,0,1,0,TRAIN,4,1.0,0.0,0.0,0.0,0.0,0.0,1.0,0.0,0.0,0.0,0.0,1.0,0.0,0.0,0.0
71,0.473,0.56,0.471,0.64,0.399,0.461,0.02,0.468,3,2,0,1,TRAIN,3,0.0,0.0,0.0,1.0,0.0,0.0,0.0,0.0,1.0,0.0,1.0,0.0,0.0,0.0,0.0
72,0.966,0.424,0.23,0.383,0.279,0.391,0.06,0.147,0,1,0,1,TRAIN,5,1.0,0.0,0.0,0.0,0.0,0.0,0.0,1.0,0.0,0.0,1.0,0.0,0.0,0.0,0.0
73,0.255,0.497,0.402,0.957,0.407,0.32,0.028,0.241,3,2,3,1,VAL,3,0.0,0.0,0.0,1.0,0.0,0.0,0.0,0.0,1.0,0.0,0.0,0.0,0.0,1.0,0.0
74,0.362,0.522,0.43,0.518,0.45,0.406,0.038,0.243,2,3,1,0,TRAIN,3,0.0,0.0,1.0,0.0,0.0,0.0,0.0,0.0,0.0,1.0,0.0,1.0,0.0,0.0,0.0
75,0.545,0.838,0.627,0.0,0.588,0.978,0.149,0.637,0,1,2,0,VAL,6,1.0,0.0,0.0,0.0,0.0,0.0,0.0,1.0,0.0,0.0,0.0,0.0,1.0,0.0,0.0
76,0.481,0.467,0.399,0.0,0.629,0.169,0.349,0.532,2,2,1,1,VAL,2,0.0,0.0,1.0,0.0,0.0,0.0,0.0,0.0,1.0,0.0,0.0,1.0,0.0,0.0,0.0
77,0.709,0.17,0.501,1.0,0.468,0.073,0.135,0.489,0,0,1,0,TEST,7,1.0,0.0,0.0,0.0,0.0,0.0,1.0,0.0,0.0,0.0,0.0,1.0,0.0,0.0,0.0
78,0.37,0.507,0.423,0.79,0.415,0.55,0.011,0.282,2,3,0,0,TRAIN,3,0.0,0.0,1.0,0.0,0.0,0.0,0.0,0.0,0.0,1.0,1.0,0.0,0.0,0.0,0.0
79,0.93,0.454,0.746,1.0,0.45,0.349,0.046,0.612,0,3,1,1,TRAIN,4,1.0,0.0,0.0,0.0,0.0,0.0,0.0,0.0,0.0,1.0,0.0,1.0,0.0,0.0,0.0
80,0.435,0.543,0.4,0.616,0.438,0.599,0.032,0.302,5,3,1,0,TEST,3,0.0,0.0,0.0,0.0,0.0,1.0,0.0,0.0,0.0,1.0,0.0,1.0,0.0,0.0,0.0
81,0.096,0.593,0.316,0.813,0.091,0.566,0.003,0.101,3,0,1,0,VAL,3,0.0,0.0,0.0,1.0,0.0,0.0,1.0,0.0,0.0,0.0,0.0,1.0,0.0,0.0,0.0
82,0.325,0.785,0.301,0.127,0.373,0.94,0.01,0.195,0,1,0,1,VAL,1,1.0,0.0,0.0,0.0,0.0,0.0,0.0,1.0,0.0,0.0,1.0,0.0,0.0,0.0,0.0
83,0.274,0.403,0.298,0.963,0.342,0.133,0.024,0.159,2,3,4,0,TRAIN,3,0.0,0.0,1.0,0.0,0.0,0.0,0.0,0.0,0.0,1.0,0.0,0.0,0.0,0.0,1.0
84,0.377,0.42,0.36,0.789,0.328,0.23,0.082,0.299,0,3,0,0,TRAIN,7,1.0,0.0,0.0,0.0,0.0,0.0,0.0,0.0,0.0,1.0,1.0,0.0,0.0,0.0,0.0
85,0.643,0.33,0.432,0.721,0.6,0.198,0.24,0.46,4,0,1,0,VAL,7,0.0,0.0,0.0,0.0,1.0,0.0,1.0,0.0,0.0,0.0,0.0,1.0,0.0,0.0,0.0
86,0.441,0.544,0.371,0.637,0.304,0.482,0.057,0.335,3,3,0,1,TRAIN,3,0.0,0.0,0.0,1.0,0.0,0.0,0.0,0.0,0.0,1.0,1.0,0.0,0.0,0.0,0.0
87,0.321,0.424,0.363,0.718,0.515,0.366,0.065,0.254,3,2,0,0,TRAIN,3,0.0,0.0,0.0,1.0,0.0,0.0,0.0,0.0,1.0,0.0,1.0,0.0,0.0,0.0,0.0
88,0.209,0.403,0.301,0.874,0.344,0.227,0.033,0.101,3,2,0,0,VAL,3,0.0,0.0,0.0,1.0,0.0,0.0,0.0,0.0,1.0,0.0,1.0,0.0,0.0,0.0,0.0
89,0.824,0.422,0.713,0.615,0.746,0.286,0.258,0.687,0,3,0,0,TRAIN,7,1.0,0.0,0.0,0.0,0.0,0.0,0.0,0.0,0.0,1.0,1.0,0.0,0.0,0.0,0.0
90,0.41,0.605,0.427,0.0,0.652,0.509,0.443,0.52,2,0,4,0,VAL,2,0.0,0.0,1.0,0.0,0.0,0.0,1.0,0.0,0.0,0.0,0.0,0.0,0.0,0.0,1.0
91,0.544,0.419,0.49,0.693,0.498,0.115,0.249,0.469,3,2,4,0,VAL,3,0.0,0.0,0.0,1.0,0.0,0.0,0.0,0.0,1.0,0.0,0.0,0.0,0.0,0.0,1.0
92,0.359,0.604,0.391,0.49,0.355,0.436,0.017,0.334,1,1,0,0,TRAIN,3,0.0,1.0,0.0,0.0,0.0,0.0,0.0,1.0,0.0,0.0,1.0,0.0,0.0,0.0,0.0
93,0.323,0.657,0.372,0.575,0.384,0.598,0.012,0.204,2,0,0,1,TRAIN,3,0.0,0.0,1.0,0.0,0.0,0.0,1.0,0.0,0.0,0.0,1.0,0.0,0.0,0.0,0.0
94,0.585,0.789,0.653,0.0,0.612,0.867,0.124,0.625,0,2,0,1,TEST,6,1.0,0.0,0.0,0.0,0.0,0.0,0.0,0.0,1.0,0.0,1.0,0.0,0.0,0.0,0.0
95,0.212,0.535,0.392,0.752,0.252,0.649,0.015,0.199,3,2,3,0,TRAIN,3,0.0,0.0,0.0,1.0,0.0,0.0,0.0,0.0,1.0,0.0,0.0,0.0,0.0,1.0,0.0
96,0.264,0.541,0.319,0.903,0.306,0.518,0.014,0.163,3,3,3,1,VAL,3,0.0,0.0,0.0,1.0,0.0,0.0,0.0,0.0,0.0,1.0,0.0,0.0,0.0,1.0,0.0
97,0.625,0.503,0.462,0.87,0.412,0.68,0.039,0.368,3,2,0,0,TRAIN,3,0.0,0.0,0.0,1.0,0.0,0.0,0.0,0.0,1.0,0.0,1.0,0.0,0.0,0.0,0.0
98,0.326,0.608,0.395,0.82,0.388,0.647,0.019,0.236,2,2,3,0,TRAIN,3,0.0,0.0,1.0,0.0,0.0,0.0,0.0,0.0,1.0,0.0,0.0,0.0,0.0,1.0,0.0
99,0.356,0.542,0.382,0.883,0.381,0.639,0.011,0.218,3,3,1,1,TEST,3,0.0,0.0,0.0,1.0,0.0,0.0,0.0,0.0,0.0,1.0,0.0,1.0,0.0,0.0,0.0
100,0.149,0.482,0.355,0.886,0.122,0.515,0.015,0.079,2,3,2,1,TRAIN,3,0.0,0.0,1.0,0.0,0.0,0.0,0.0,0.0,0.0,1.0,0.0,0.0,1.0,0.0,0.0
101,0.351,0.555,0.378,0.852,0.39,0.415,0.027,0.307,2,2,3,0,VAL,3,0.0,0.0,1.0,0.0,0.0,0.0,0.0,0.0,1.0,0.0,0.0,0.0,0.0,1.0,0.0
102,0.499,0.397,0.5,0.0,0.736,0.231,0.525,0.658,4,2,1,0,TEST,2,0.0,0.0,0.0,0.0,1.0,0.0,0.0,0.0,1.0,0.0,0.0,1.0,0.0,0.0,0.0
103,0.271,0.5,0.342,0.912,0.222,0.511,0.012,0.126,2,1,0,1,TRAIN,3,0.0,0.0,1.0,0.0,0.0,0.0,0.0,1.0,0.0,0.0,1.0,0.0,0.0,0.0,0.0
104,0.662,0.442,0.563,0.531,0.518,0.367,0.156,0.502,0,0,3,0,TRAIN,7,1.0,0.0,0.0,0.0,0.0,0.0,1.0,0.0,0.0,0.0,0.0,0.0,0.0,1.0,0.0
105,0.776,0.333,0.633,0.969,0.542,0.244,0.186,0.645,4,1,0,1,TRAIN,7,0.0,0.0,0.0,0.0,1.0,0.0,0.0,1.0,0.0,0.0,1.0,0.0,0.0,0.0,0.0
106,0.521,0.371,0.507,0.186,0.574,0.432,0.245,0.517,1,2,1,1,TEST,2,0.0,1.0,0.0,0.0,0.0,0.0,0.0,0.0,1.0,0.0,0.0,1.0,0.0,0.0,0.0
107,0.256,0.36,0.299,0.592,0.541,0.212,0.245,0.368,4,0,0,0,TRAIN,7,0.0,0.0,0.0,0.0,1.0,0.0,1.0,0.0,0.0,0.0,1.0,0.0,0.0,0.0,0.0
108,0.279,0.589,0.442,0.714,0.353,0.607,0.018,0.23,2,2,3,0,TEST,3,0.0,0.0,1.0,0.0,0.0,0.0,0.0,0.0,1.0,0.0,0.0,0.0,0.0,1.0,0.0
109,0.654,0.823,0.683,0.0,0.517,0.909,0.077,0.549,0,3,0,0,TEST,6,1.0,0.0,0.0,0.0,0.0,0.0,0.0,0.0,0.0,1.0,1.0,0.0,0.0,0.0,0.0
110,0.986,0.075,0.173,0.613,0.485,0.0,0.24,0.095,0,0,1,0,VAL,7,1.0,0.0,0.0,0.0,0.0,0.0,1.0,0.0,0.0,0.0,0.0,1.0,0.0,0.0,0.0
111,0.284,0.648,0.299,0.939,0.248,0.621,0.005,0.102,2,2,0,1,TRAIN,3,0.0,0.0,1.0,0.0,0.0,0.0,0.0,0.0,1.0,0.0,1.0,0.0,0.0,0.0,0.0
112,0.294,0.515,0.24,0.715,0.266,0.434,0.006,0.127,1,3,0,1,VAL,3,0.0,1.0,0.0,0.0,0.0,0.0,0.0,0.0,0.0,1.0,1.0,0.0,0.0,0.0,0.0
113,0.216,0.564,0.182,1.0,0.125,0.585,0.004,0.088,5,0,0,0,TEST,3,0.0,0.0,0.0,0.0,0.0,1.0,1.0,0.0,0.0,0.0,1.0,0.0,0.0,0.0,0.0
114,0.284,0.518,0.354,0.749,0.347,0.45,0.022,0.172,3,2,0,0,TRAIN,3,0.0,0.0,0.0,1.0,0.0,0.0,0.0,0.0,1.0,0.0,1.0,0.0,0.0,0.0,0.0
115,0.325,0.554,0.268,1.0,0.322,0.395,0.008,0.194,2,3,0,1,TRAIN,3,0.0,0.0,1.0,0.0,0.0,0.0,0.0,0.0,0.0,1.0,1.0,0.0,0.0,0.0,0.0
116,0.294,0.72,0.468,0.095,0.493,0.788,0.04,0.358,3,0,1,1,VAL,1,0.0,0.0,0.0,1.0,0.0,0.0,1.0,0.0,0.0,0.0,0.0,1.0,0.0,0.0,0.0
117,0.265,0.535,0.42,0.786,0.386,0.629,0.014,0.34,3,0,0,0,VAL,3,0.0,0.0,0.0,1.0,0.0,0.0,1.0,0.0,0.0,0.0,1.0,0.0,0.0,0.0,0.0
118,0.794,0.35,0.597,0.844,0.651,0.05,0.287,0.67,0,0,0,0,TRAIN,7,1.0,0.0,0.0,0.0,0.0,0.0,1.0,0.0,0.0,0.0,1.0,0.0,0.0,0.0,0.0
119,0.493,0.459,0.483,0.0,0.837,0.272,0.499,0.7,3,2,1,0,VAL,2,0.0,0.0,0.0,1.0,0.0,0.0,0.0,0.0,1.0,0.0,0.0,1.0,0.0,0.0,0.0
120,0.293,0.468,0.422,0.689,0.399,0.396,0.024,0.268,2,2,0,0,TEST,3,0.0,0.0,1.0,0.0,0.0,0.0,0.0,0.0,1.0,0.0,1.0,0.0,0.0,0.0,0.0
121,0.473,0.484,0.406,0.498,0.53,0.292,0.079,0.432,2,3,0,0,VAL,3,0.0,0.0,1.0,0.0,0.0,0.0,0.0,0.0,0.0,1.0,1.0,0.0,0.0,0.0,0.0
122,0.46,0.815,0.582,0.0,0.508,0.829,0.086,0.51,0,3,0,1,TEST,6,1.0,0.0,0.0,0.0,0.0,0.0,0.0,0.0,0.0,1.0,1.0,0.0,0.0,0.0,0.0
123,0.518,0.263,0.394,1.0,0.446,0.066,0.226,0.347,0,0,0,1,TRAIN,7,1.0,0.0,0.0,0.0,0.0,0.0,1.0,0.0,0.0,0.0,1.0,0.0,0.0,0.0,0.0
124,0.609,0.714,0.662,0.0,0.687,0.872,0.183,0.703,0,2,1,1,TRAIN,6,1.0,0.0,0.0,0.0,0.0,0.0,0.0,0.0,1.0,0.0,0.0,1.0,0.0,0.0,0.0
125,0.485,0.569,0.412,0.659,0.313,0.351,0.041,0.321,2,3,0,0,TRAIN,3,0.0,0.0,1.0,0.0,0.0,0.0,0.0,0.0,0.0,1.0,1.0,0.0,0.0,0.0,0.0
126,0.156,0.743,0.38,0.614,0.226,0.835,0.002,0.15,0,2,2,0,TEST,5,1.0,0.0,0.0,0.0,0.0,0.0,0.0,0.0,1.0,0.0,0.0,0.0,1.0,0.0,0.0
127,0.138,0.665,0.207,0.701,0.347,0.866,0.005,0.073,3,1,0,1,TEST,3,0.0,0.0,0.0,1.0,0.0,0.0,0.0,1.0,0.0,0.0,1.0,0.0,0.0,0.0,0.0
128,0.582,0.798,0.562,0.0,0.571,1.0,0.098,0.483,2,2,1,1,TEST,6,0.0,0.0,1.0,0.0,0.0,0.0,0.0,0.0,1.0,0.0,0.0,1.0,0.0,0.0,0.0
129,0.174,0.653,0.3,0.66,0.307,0.641,0.012,0.173,4,2,4,1,TRAIN,5,0.0,0.0,0.0,0.0,1.0,0.0,0.0,0.0,1.0,0.0,0.0,0.0,0.0,0.0,1.0
130,0.489,0.039,0.316,1.0,0.505,0.0,0.185,0.281,4,0,0,0,TRAIN,7,0.0,0.0,0.0,0.0,1.0,0.0,1.0,0.0,0.0,0.0,1.0,0.0,0.0,0.0,0.0
131,0.709,0.369,0.5,0.441,0.702,0.332,0.348,0.583,0,1,0,1,TRAIN,7,1.0,0.0,0.0,0.0,0.0,0.0,0.0,1.0,0.0,0.0,1.0,0.0,0.0,0.0,0.0
132,0.466,0.511,0.41,0.0,0.5,0.434,0.305,0.574,2,1,1,0,TEST,2,0.0,0.0,1.0,0.0,0.0,0.0,0.0,1.0,0.0,0.0,0.0,1.0,0.0,0.0,0.0
133,0.247,0.585,0.328,0.931,0.225,0.548,0.007,0.088,2,1,0,0,TRAIN,3,0.0,0.0,1.0,0.0,0.0,0.0,0.0,1.0,0.0,0.0,1.0,0.0,0.0,0.0,0.0
134,0.302,0.287,0.41,1.0,0.38,0.0,0.067,0.209,0,0,0,1,TRAIN,7,1.0,0.0,0.0,0.0,0.0,0.0,1.0,0.0,0.0,0.0,1.0,0.0,0.0,0.0,0.0
135,0.103,0.259,0.68,1.0,0.465,0.077,0.066,0.638,0,0,4,1,TEST,4,1.0,0.0,0.0,0.0,0.0,0.0,1.0,0.0,0.0,0.0,0.0,0.0,0.0,0.0,1.0
136,0.294,0.407,0.354,0.724,0.487,0.417,0.038,0.317,2,2,1,1,TRAIN,3,0.0,0.0,1.0,0.0,0.0,0.0,0.0,0.0,1.0,0.0,0.0,1.0,0.0,0.0,0.0
137,0.52,0.387,0.542,0.039,0.682,0.197,0.455,0.558,1,1,1,1,TRAIN,2,0.0,1.0,0.0,0.0,0.0,0.0,0.0,1.0,0.0,0.0,0.0,1.0,0.0,0.0,0.0
138,0.44,0.859,0.564,0.0,0.501,0.834,0.096,0.518,4,1,1,1,TRAIN,6,0.0,0.0,0.0,0.0,1.0,0.0,0.0,1.0,0.0,0.0,0.0,1.0,0.0,0.0,0.0
139,0.599,0.717,0.418,0.0,0.473,0.639,0.027,0.406,0,0,2,1,TEST,1,1.0,0.0,0.0,0.0,0.0,0.0,1.0,0.0,0.0,0.0,0.0,0.0,1.0,0.0,0.0
140,0.167,0.448,0.233,1.0,0.266,0.365,0.015,0.119,3,2,0,0,TRAIN,3,0.0,0.0,0.0,1.0,0.0,0.0,0.0,0.0,1.0,0.0,1.0,0.0,0.0,0.0,0.0
141,0.25,0.542,0.26,0.952,0.266,0.512,0.007,0.216,2,0,0,0,TEST,8,0.0,0.0,1.0,0.0,0.0,0.0,1.0,0.0,0.0,0.0,1.0,0.0,0.0,0.0,0.0
142,0.485,0.891,0.596,0.0,0.443,1.0,0.054,0.524,0,2,1,1,TRAIN,6,1.0,0.0,0.0,0.0,0.0,0.0,0.0,0.0,1.0,0.0,0.0,1.0,0.0,0.0,0.0
143,0.388,0.224,0.373,0.714,0.573,0.117,0.289,0.396,0,0,0,1,TRAIN,7,1.0,0.0,0.0,0.0,0.0,0.0,1.0,0.0,0.0,0.0,1.0,0.0,0.0,0.0,0.0
144,0.3,0.538,0.388,0.811,0.294,0.431,0.012,0.235,3,1,0,0,TRAIN,3,0.0,0.0,0.0,1.0,0.0,0.0,0.0,1.0,0.0,0.0,1.0,0.0,0.0,0.0,0.0
145,0.454,0.567,0.433,0.593,0.202,0.645,0.018,0.363,3,0,0,0,VAL,3,0.0,0.0,0.0,1.0,0.0,0.0,1.0,0.0,0.0,0.0,1.0,0.0,0.0,0.0,0.0
146,0.205,0.545,0.21,1.0,0.174,0.694,0.005,0.02,2,2,0,1,TRAIN,3,0.0,0.0,1.0,0.0,0.0,0.0,0.0,0.0,1.0,0.0,1.0,0.0,0.0,0.0,0.0
147,0.323,0.55,0.505,0.586,0.394,0.478,0.044,0.255,3,2,3,0,TEST,3,0.0,0.0,0.0,1.0,0.0,0.0,0.0,0.0,1.0,0.0,0.0,0.0,0.0,1.0,0.0
148,0.264,0.563,0.435,0.546,0.361,0.397,0.036,0.203,3,2,0,0,TEST,3,0.0,0.0,0.0,1.0,0.0,0.0,0.0,0.0,1.0,0.0,1.0,0.0,0.0,0.0,0.0
149,0.361,0.537,0.363,0.678,0.345,0.439,0.027,0.312,3,2,0,0,VAL,3,0.0,0.0,0.0,1.0,0.0,0.0,0.0,0.0,1.0,0.0,1.0,0.0,0.0,0.0,0.0
150,0.254,0.499,0.274,0.958,0.28,0.527,0.007,0.116,3,2,0,1,TRAIN,3,0.0,0.0,0.0,1.0,0.0,0.0,0.0,0.0,1.0,0.0,1.0,0.0,0.0,0.0,0.0
151,0.766,0.363,0.663,0.831,0.739,0.335,0.179,0.672,2,1,0,1,TEST,7,0.0,0.0,1.0,0.0,0.0,0.0,0.0,1.0,0.0,0.0,1.0,0.0,0.0,0.0,0.0
152,0.176,0.37,0.219,0.853,0.256,0.238,0.029,0.121,1,0,1,0,TRAIN,8,0.0,1.0,0.0,0.0,0.0,0.0,1.0,0.0,0.0,0.0,0.0,1.0,0.0,0.0,0.0
153,0.452,0.85,0.487,0.0,0.616,1.0,0.109,0.522,1,2,0,1,TRAIN,6,0.0,1.0,0.0,0.0,0.0,0.0,0.0,0.0,1.0,0.0,1.0,0.0,0.0,0.0,0.0
154,0.324,0.842,0.563,0.0,0.525,0.813,0.142,0.458,0,3,0,0,TEST,6,1.0,0.0,0.0,0.0,0.0,0.0,0.0,0.0,0.0,1.0,1.0,0.0,0.0,0.0,0.0
155,0.575,0.824,0.589,0.0,0.555,1.0,0.036,0.495,0,2,1,0,TRAIN,6,1.0,0.0,0.0,0.0,0.0,0.0,0.0,0.0,1.0,0.0,0.0,1.0,0.0,0.0,0.0
156,0.479,0.515,0.353,0.61,0.52,0.376,0.043,0.319,3,2,0,0,TEST,3,0.0,0.0,0.0,1.0,0.0,0.0,0.0,0.0,1.0,0.0,1.0,0.0,0.0,0.0,0.0
157,0.534,0.579,0.469,0.631,0.531,0.576,0.048,0.368,3,2,0,0,VAL,3,0.0,0.0,0.0,1.0,0.0,0.0,0.0,0.0,1.0,0.0,1.0,0.0,0.0,0.0,0.0
158,0.643,0.31,0.49,0.478,0.615,0.14,0.375,0.523,3,2,0,0,TRAIN,7,0.0,0.0,0.0,1.0,0.0,0.0,0.0,0.0,1.0,0.0,1.0,0.0,0.0,0.0,0.0
159,0.8,0.321,0.568,1.0,0.549,0.062,0.147,0.574,0,0,0,0,TRAIN,7,1.0,0.0,0.0,0.0,0.0,0.0,1.0,0.0,0.0,0.0,1.0,0.0,0.0,0.0,0.0
160,0.51,0.837,0.592,0.0,0.559,0.897,0.097,0.562,0,3,0,1,TRAIN,6,1.0,0.0,0.0,0.0,0.0,0.0,0.0,0.0,0.0,1.0,1.0,0.0,0.0,0.0,0.0
161,0.415,0.263,0.327,0.778,0.464,0.032,0.16,0.319,0,3,0,0,VAL,7,1.0,0.0,0.0,0.0,0.0,0.0,0.0,0.0,0.0,1.0,1.0,0.0,0.0,0.0,0.0
162,0.216,0.531,0.267,0.864,0.367,0.582,0.012,0.143,4,1,4,1,TRAIN,8,0.0,0.0,0.0,0.0,1.0,0.0,0.0,1.0,0.0,0.0,0.0,0.0,0.0,0.0,1.0
163,0.425,0.586,0.424,0.775,0.423,0.56,0.011,0.268,2,2,2,1,TRAIN,3,0.0,0.0,1.0,0.0,0.0,0.0,0.0,0.0,1.0,0.0,0.0,0.0,1.0,0.0,0.0
164,0.572,0.896,0.597,0.0,0.562,0.913,0.054,0.517,5,2,3,1,TRAIN,6,0.0,0.0,0.0,0.0,0.0,1.0,0.0,0.0,1.0,0.0,0.0,0.0,0.0,1.0,0.0
165,0.59,0.244,0.53,1.0,0.372,0.074,0.033,0.382,4,0,2,1,TEST,4,0.0,0.0,0.0,0.0,1.0,0.0,1.0,0.0,0.0,0.0,0.0,0.0,1.0,0.0,0.0
166,0.304,0.541,0.396,0.471,0.484,0.461,0.028,0.256,4,2,1,1,TEST,3,0.0,0.0,0.0,0.0,1.0,0.0,0.0,0.0,1.0,0.0,0.0,1.0,0.0,0.0,0.0
167,0.517,0.563,0.532,0.623,0.388,0.575,0.037,0.366,3,3,0,0,TRAIN,3,0.0,0.0,0.0,1.0,0.0,0.0,0.0,0.0,0.0,1.0,1.0,0.0,0.0,0.0,0.0
168,0.47,0.535,0.385,0.021,0.497,0.579,0.189,0.434,2,2,1,0,TRAIN,2,0.0,0.0,1.0,0.0,0.0,0.0,0.0,0.0,1.0,0.0,0.0,1.0,0.0,0.0,0.0
169,0.423,0.236,0.411,1.0,0.554,0.177,0.166,0.305,0,3,2,1,VAL,7,1.0,0.0,0.0,0.0,0.0,0.0,0.0,0.0,0.0,1.0,0.0,0.0,1.0,0.0,0.0
170,0.397,0.638,0.485,0.0,0.604,0.593,0.146,0.531,2,0,4,0,TRAIN,2,0.0,0.0,1.0,0.0,0.0,0.0,1.0,0.0,0.0,0.0,0.0,0.0,0.0,0.0,1.0
171,0.566,0.515,0.596,0.494,0.582,0.409,0.087,0.502,3,2,0,0,TEST,3,0.0,0.0,0.0,1.0,0.0,0.0,0.0,0.0,1.0,0.0,1.0,0.0,0.0,0.0,0.0
172,0.336,0.515,0.462,0.571,0.541,0.44,0.088,0.415,3,1,0,1,TRAIN,3,0.0,0.0,0.0,1.0,0.0,0.0,0.0,1.0,0.0,0.0,1.0,0.0,0.0,0.0,0.0
173,0.329,0.433,0.298,0.925,0.444,0.383,0.053,0.206,3,2,0,0,VAL,3,0.0,0.0,0.0,1.0,0.0,0.0,0.0,0.0,1.0,0.0,1.0,0.0,0.0,0.0,0.0
174,0.284,0.547,0.325,0.613,0.345,0.451,0.027,0.29,3,2,3,0,TRAIN,3,0.0,0.0,0.0,1.0,0.0,0.0,0.0,0.0,1.0,0.0,0.0,0.0,0.0,1.0,0.0
175,0.719,0.327,0.504,0.344,0.661,0.202,0.334,0.6,0,0,1,0,TRAIN,7,1.0,0.0,0.0,0.0,0.0,0.0,1.0,0.0,0.0,0.0,0.0,1.0,0.0,0.0,0.0
176,0.474,0.493,0.333,0.797,0.43,0.432,0.037,0.279,2,2,3,0,TRAIN,3,0.0,0.0,1.0,0.0,0.0,0.0,0.0,0.0,1.0,0.0,0.0,0.0,0.0,1.0,0.0
177,0.104,0.515,0.215,0.804,0.168,0.455,0.004,0.049,3,3,1,0,TEST,3,0.0,0.0,0.0,1.0,0.0,0.0,0.0,0.0,0.0,1.0,0.0,1.0,0.0,0.0,0.0
178,0.323,0.422,0.221,0.967,0.414,0.193,0.029,0.189,2,1,1,1,VAL,8,0.0,0.0,1.0,0.0,0.0,0.0,0.0,1.0,0.0,0.0,0.0,1.0,0.0,0.0,0.0
179,0.504,0.533,0.49,0.706,0.417,0.46,0.026,0.332,5,1,2,1,TRAIN,3,0.0,0.0,0.0,0.0,0.0,1.0,0.0,1.0,0.0,0.0,0.0,0.0,1.0,0.0,0.0
180,0.332,0.575,0.553,0.791,0.548,0.468,0.022,0.301,2,2,0,1,TEST,3,0.0,0.0,1.0,0.0,0.0,0.0,0.0,0.0,1.0,0.0,1.0,0.0,0.0,0.0,0.0
181,0.189,0.478,0.314,0.974,0.318,0.29,0.03,0.235,3,0,3,0,TRAIN,3,0.0,0.0,0.0,1.0,0.0,0.0,1.0,0.0,0.0,0.0,0.0,0.0,0.0,1.0,0.0
182,0.539,0.802,0.589,0.0,0.512,0.892,0.161,0.6,0,2,1,1,TEST,6,1.0,0.0,0.0,0.0,0.0,0.0,0.0,0.0,1.0,0.0,0.0,1.0,0.0,0.0,0.0
183,0.322,0.545,0.436,0.792,0.321,0.619,0.064,0.223,2,2,0,0,TEST,3,0.0,0.0,1.0,0.0,0.0,0.0,0.0,0.0,1.0,0.0,1.0,0.0,0.0,0.0,0.0
184,0.468,0.853,0.514,0.0,0.479,0.933,0.044,0.504,0,2,0,0,VAL,6,1.0,0.0,0.0,0.0,0.0,0.0,0.0,0.0,1.0,0.0,1.0,0.0,0.0,0.0,0.0
185,0.551,0.362,0.505,0.988,0.522,0.163,0.12,0.559,0,1,0,1,TEST,7,1.0,0.0,0.0,0.0,0.0,0.0,0.0,1.0,0.0,0.0,1.0,0.0,0.0,0.0,0.0
186,0.189,0.526,0.287,0.899,0.147,0.537,0.009,0.148,3,3,3,0,VAL,3,0.0,0.0,0.0,1.0,0.0,0.0,0.0,0.0,0.0,1.0,0.0,0.0,0.0,1.0,0.0
187,0.489,0.58,0.503,0.657,0.332,0.602,0.02,0.417,5,3,0,1,TRAIN,3,0.0,0.0,0.0,0.0,0.0,1.0,0.0,0.0,0.0,1.0,1.0,0.0,0.0,0.0,0.0
188,0.295,0.55,0.398,0.6,0.363,0.676,0.037,0.369,5,3,3,0,TRAIN,3,0.0,0.0,0.0,0.0,0.0,1.0,0.0,0.0,0.0,1.0,0.0,0.0,0.0,1.0,0.0
189,0.33,0.528,0.427,0.65,0.315,0.469,0.027,0.261,2,3,0,0,TRAIN,3,0.0,0.0,1.0,0.0,0.0,0.0,0.0,0.0,0.0,1.0,1.0,0.0,0.0,0.0,0.0
190,0.54,0.78,0.536,0.0,0.593,0.979,0.052,0.57,3,2,1,1,TRAIN,6,0.0,0.0,0.0,1.0,0.0,0.0,0.0,0.0,1.0,0.0,0.0,1.0,0.0,0.0,0.0
191,0.339,0.51,0.38,0.655,0.318,0.229,0.058,0.255,3,1,0,0,TEST,3,0.0,0.0,0.0,1.0,0.0,0.0,0.0,1.0,0.0,0.0,1.0,0.0,0.0,0.0,0.0
192,0.736,0.381,0.615,1.0,0.451,0.131,0.038,0.456,0,0,0,1,TRAIN,4,1.0,0.0,0.0,0.0,0.0,0.0,1.0,0.0,0.0,0.0,1.0,0.0,0.0,0.0,0.0
193,0.54,0.556,0.515,0.0,0.722,0.524,0.315,0.491,1,2,1,1,TRAIN,2,0.0,1.0,0.0,0.0,0.0,0.0,0.0,0.0,1.0,0.0,0.0,1.0,0.0,0.0,0.0
194,0.186,0.536,0.362,0.939,0.328,0.508,0.012,0.124,3,2,0,0,VAL,3,0.0,0.0,0.0,1.0,0.0,0.0,0.0,0.0,1.0,0.0,1.0,0.0,0.0,0.0,0.0
195,0.44,0.592,0.405,0.587,0.356,0.509,0.01,0.331,1,1,3,1,TEST,3,0.0,1.0,0.0,0.0,0.0,0.0,0.0,1.0,0.0,0.0,0.0,0.0,0.0,1.0,0.0
196,0.254,0.664,0.383,0.939,0.228,0.786,0.003,0.177,2,0,1,1,TRAIN,8,0.0,0.0,1.0,0.0,0.0,0.0,1.0,0.0,0.0,0.0,0.0,1.0,0.0,0.0,0.0
197,0.565,0.435,0.5,0.0,0.688,0.473,0.464,0.579,3,2,1,1,VAL,2,0.0,0.0,0.0,1.0,0.0,0.0,0.0,0.0,1.0,0.0,0.0,1.0,0.0,0.0,0.0
198,0.365,0.435,0.346,0.771,0.455,0.548,0.061,0.229,1,2,3,1,TEST,3,0.0,1.0,0.0,0.0,0.0,0.0,0.0,0.0,1.0,0.0,0.0,0.0,0.0,1.0,0.0
199,0.634,0.481,0.491,0.088,0.667,0.401,0.25,0.528,2,2,1,0,TRAIN,2,0.0,0.0,1.0,0.0,0.0,0.0,0.0,0.0,1.0,0.0,0.0,1.0,0.0,0.0,0.0
200,0.541,0.553,0.443,0.893,0.219,0.599,0.029,0.303,1,1,2,0,VAL,5,0.0,1.0,0.0,0.0,0.0,0.0,0.0,1.0,0.0,0.0,0.0,0.0,1.0,0.0,0.0
201,0.076,0.334,0.241,0.304,0.422,0.229,0.233,0.207,3,2,2,0,VAL,5,0.0,0.0,0.0,1.0,0.0,0.0,0.0,0.0,1.0,0.0,0.0,0.0,1.0,0.0,0.0
202,0.523,0.471,0.439,0.657,0.466,0.366,0.08,0.406,5,2,2,1,TRAIN,3,0.0,0.0,0.0,0.0,0.0,1.0,0.0,0.0,1.0,0.0,0.0,0.0,1.0,0.0,0.0
203,0.573,0.458,0.501,0.0,0.672,0.49,0.379,0.623,2,0,4,1,VAL,2,0.0,0.0,1.0,0.0,0.0,0.0,1.0,0.0,0.0,0.0,0.0,0.0,0.0,0.0,1.0
204,0.371,0.532,0.386,0.706,0.406,0.405,0.016,0.158,3,2,0,1,TRAIN,3,0.0,0.0,0.0,1.0,0.0,0.0,0.0,0.0,1.0,0.0,1.0,0.0,0.0,0.0,0.0
205,0.344,0.498,0.414,0.798,0.348,0.539,0.016,0.231,2,2,0,0,TRAIN,3,0.0,0.0,1.0,0.0,0.0,0.0,0.0,0.0,1.0,0.0,1.0,0.0,0.0,0.0,0.0
206,0.283,0.674,0.322,0.755,0.264,0.613,0.015,0.294,2,1,0,1,TRAIN,3,0.0,0.0,1.0,0.0,0.0,0.0,0.0,1.0,0.0,0.0,1.0,0.0,0.0,0.0,0.0
207,0.593,0.433,0.502,0.471,0.449,0.315,0.092,0.408,5,1,0,1,VAL,3,0.0,0.0,0.0,0.0,0.0,1.0,0.0,1.0,0.0,0.0,1.0,0.0,0.0,0.0,0.0
208,0.393,0.558,0.406,0.904,0.358,0.442,0.007,0.196,3,3,0,0,TRAIN,3,0.0,0.0,0.0,1.0,0.0,0.0,0.0,0.0,0.0,1.0,1.0,0.0,0.0,0.0,0.0
209,0.712,0.124,0.476,1.0,0.618,0.0,0.306,0.446,0,3,0,1,TEST,7,1.0,0.0,0.0,0.0,0.0,0.0,0.0,0.0,0.0,1.0,1.0,0.0,0.0,0.0,0.0
210,0.637,0.91,0.704,0.0,0.517,1.0,0.063,0.581,2,2,1,1,VAL,6,0.0,0.0,1.0,0.0,0.0,0.0,0.0,0.0,1.0,0.0,0.0,1.0,0.0,0.0,0.0
211,0.485,0.564,0.462,1.0,0.31,0.65,0.02,0.353,3,2,0,1,TEST,3,0.0,0.0,0.0,1.0,0.0,0.0,0.0,0.0,1.0,0.0,1.0,0.0,0.0,0.0,0.0
212,0.389,0.602,0.309,0.693,0.264,0.807,0.005,0.197,2,3,3,0,TRAIN,3,0.0,0.0,1.0,0.0,0.0,0.0,0.0,0.0,0.0,1.0,0.0,0.0,0.0,1.0,0.0
213,0.19,0.543,0.329,0.704,0.311,0.489,0.016,0.204,3,0,0,0,TEST,3,0.0,0.0,0.0,1.0,0.0,0.0,1.0,0.0,0.0,0.0,1.0,0.0,0.0,0.0,0.0
214,0.701,0.299,0.524,1.0,0.269,0.339,0.024,0.362,2,0,3,1,TEST,4,0.0,0.0,1.0,0.0,0.0,0.0,1.0,0.0,0.0,0.0,0.0,0.0,0.0,1.0,0.0
215,0.359,0.575,0.362,0.677,0.314,0.485,0.022,0.309,2,2,2,1,TRAIN,3,0.0,0.0,1.0,0.0,0.0,0.0,0.0,0.0,1.0,0.0,0.0,0.0,1.0,0.0,0.0
216,0.069,0.388,0.764,1.0,0.689,0.327,0.139,0.677,5,0,0,1,TRAIN,7,0.0,0.0,0.0,0.0,0.0,1.0,1.0,0.0,0.0,0.0,1.0,0.0,0.0,0.0,0.0
217,0.626,0.243,0.567,0.932,0.655,0.0,0.32,0.479,0,0,0,1,VAL,7,1.0,0.0,0.0,0.0,0.0,0.0,1.0,0.0,0.0,0.0,1.0,0.0,0.0,0.0,0.0
218,0.508,0.807,0.456,0.0,0.474,0.973,0.065,0.47,4,2,0,1,TRAIN,6,0.0,0.0,0.0,0.0,1.0,0.0,0.0,0.0,1.0,0.0,1.0,0.0,0.0,0.0,0.0
219,0.954,0.368,0.678,0.673,0.601,0.13,0.329,0.709,0,3,0,1,TRAIN,7,1.0,0.0,0.0,0.0,0.0,0.0,0.0,0.0,0.0,1.0,1.0,0.0,0.0,0.0,0.0
220,0.239,0.565,0.336,0.743,0.29,0.535,0.009,0.156,3,2,0,0,TEST,3,0.0,0.0,0.0,1.0,0.0,0.0,0.0,0.0,1.0,0.0,1.0,0.0,0.0,0.0,0.0
221,0.408,0.507,0.397,0.656,0.377,0.572,0.021,0.28,3,3,3,1,VAL,3,0.0,0.0,0.0,1.0,0.0,0.0,0.0,0.0,0.0,1.0,0.0,0.0,0.0,1.0,0.0
222,0.156,0.417,0.314,0.832,0.327,0.393,0.021,0.208,1,2,3,0,TRAIN,3,0.0,1.0,0.0,0.0,0.0,0.0,0.0,0.0,1.0,0.0,0.0,0.0,0.0,1.0,0.0
223,0.218,0.478,0.333,0.687,0.239,0.527,0.041,0.233,3,3,0,1,TRAIN,3,0.0,0.0,0.0,1.0,0.0,0.0,0.0,0.0,0.0,1.0,1.0,0.0,0.0,0.0,0.0
224,0.569,0.74,0.596,0.0,0.606,0.715,0.3,0.532,2,3,1,1,TEST,6,0.0,0.0,1.0,0.0,0.0,0.0,0.0,0.0,0.0,1.0,0.0,1.0,0.0,0.0,0.0
225,0.302,0.449,0.367,0.952,0.54,0.359,0.049,0.333,3,3,3,0,TRAIN,3,0.0,0.0,0.0,1.0,0.0,0.0,0.0,0.0,0.0,1.0,0.0,0.0,0.0,1.0,0.0
226,0.895,0.578,0.747,0.887,0.662,0.485,0.139,0.667,4,3,0,0,TRAIN,4,0.0,0.0,0.0,0.0,1.0,0.0,0.0,0.0,0.0,1.0,1.0,0.0,0.0,0.0,0.0
227,0.39,0.157,0.318,1.0,0.596,0.0,0.26,0.25,0,0,0,0,TRAIN,7,1.0,0.0,0.0,0.0,0.0,0.0,1.0,0.0,0.0,0.0,1.0,0.0,0.0,0.0,0.0
228,0.514,0.478,0.42,0.715,0.423,0.36,0.032,0.255,3,2,0,0,TRAIN,3,0.0,0.0,0.0,1.0,0.0,0.0,0.0,0.0,1.0,0.0,1.0,0.0,0.0,0.0,0.0
229,0.593,0.458,0.529,0.677,0.446,0.514,0.023,0.313,2,2,0,1,TEST,3,0.0,0.0,1.0,0.0,0.0,0.0,0.0,0.0,1.0,0.0,1.0,0.0,0.0,0.0,0.0
230,0.409,0.271,0.262,1.0,0.46,0.0,0.183,0.276,5,0,0,1,TRAIN,7,0.0,0.0,0.0,0.0,0.0,1.0,1.0,0.0,0.0,0.0,1.0,0.0,0.0,0.0,0.0
231,0.537,0.537,0.495,0.985,0.352,0.447,0.005,0.308,0,1,2,1,TEST,5,1.0,0.0,0.0,0.0,0.0,0.0,0.0,1.0,0.0,0.0,0.0,0.0,1.0,0.0,0.0
232,0.89,0.269,0.563,1.0,0.531,0.058,0.161,0.584,0,3,0,0,TEST,7,1.0,0.0,0.0,0.0,0.0,0.0,0.0,0.0,0.0,1.0,1.0,0.0,0.0,0.0,0.0
233,0.05,0.242,0.283,0.344,0.598,0.043,0.327,0.187,1,1,0,1,TRAIN,5,0.0,1.0,0.0,0.0,0.0,0.0,0.0,1.0,0.0,0.0,1.0,0.0,0.0,0.0,0.0
234,0.58,0.259,0.511,0.696,0.523,0.227,0.268,0.467,0,1,3,1,TEST,7,1.0,0.0,0.0,0.0,0.0,0.0,0.0,1.0,0.0,0.0,0.0,0.0,0.0,1.0,0.0
235,0.42,0.095,0.432,1.0,0.391,0.0,0.159,0.363,0,0,0,1,TEST,7,1.0,0.0,0.0,0.0,0.0,0.0,1.0,0.0,0.0,0.0,1.0,0.0,0.0,0.0,0.0
236,0.349,0.794,0.322,1.0,0.003,0.92,0.0,0.094,0,3,1,0,VAL,5,1.0,0.0,0.0,0.0,0.0,0.0,0.0,0.0,0.0,1.0,0.0,1.0,0.0,0.0,0.0
237,0.493,0.419,0.461,0.85,0.339,0.293,0.099,0.369,1,2,3,0,TEST,3,0.0,1.0,0.0,0.0,0.0,0.0,0.0,0.0,1.0,0.0,0.0,0.0,0.0,1.0,0.0
238,0.425,0.504,0.437,0.828,0.56,0.546,0.033,0.396,5,2,0,0,TRAIN,3,0.0,0.0,0.0,0.0,0.0,1.0,0.0,0.0,1.0,0.0,1.0,0.0,0.0,0.0,0.0
239,0.712,0.263,0.569,0.621,0.583,0.15,0.373,0.571,0,3,3,0,TRAIN,7,1.0,0.0,0.0,0.0,0.0,0.0,0.0,0.0,0.0,1.0,0.0,0.0,0.0,1.0,0.0
240,0.413,0.579,0.415,0.599,0.319,0.464,0.027,0.232,2,2,0,1,TEST,3,0.0,0.0,1.0,0.0,0.0,0.0,0.0,0.0,1.0,0.0,1.0,0.0,0.0,0.0,0.0
241,0.734,0.85,0.613,0.0,0.613,1.0,0.093,0.604,0,2,0,0,TRAIN,6,1.0,0.0,0.0,0.0,0.0,0.0,0.0,0.0,1.0,0.0,1.0,0.0,0.0,0.0,0.0
242,0.529,0.49,0.517,0.58,0.536,0.329,0.049,0.428,3,2,0,1,TRAIN,3,0.0,0.0,0.0,1.0,0.0,0.0,0.0,0.0,1.0,0.0,1.0,0.0,0.0,0.0,0.0
243,0.561,0.411,0.439,0.749,0.425,0.312,0.131,0.429,4,2,0,1,TRAIN,3,0.0,0.0,0.0,0.0,1.0,0.0,0.0,0.0,1.0,0.0,1.0,0.0,0.0,0.0,0.0
244,0.616,0.563,0.555,0.718,0.371,0.573,0.052,0.457,3,0,2,0,VAL,1,0.0,0.0,0.0,1.0,0.0,0.0,1.0,0.0,0.0,0.0,0.0,0.0,1.0,0.0,0.0
245,0.651,0.804,0.659,0.0,0.605,1.0,0.225,0.709,3,2,0,1,TRAIN,6,0.0,0.0,0.0,1.0,0.0,0.0,0.0,0.0,1.0,0.0,1.0,0.0,0.0,0.0,0.0
246,0.464,0.534,0.443,0.621,0.393,0.59,0.028,0.341,3,0,3,0,VAL,3,0.0,0.0,0.0,1.0,0.0,0.0,1.0,0.0,0.0,0.0,0.0,0.0,0.0,1.0,0.0
247,0.146,0.481,0.274,1.0,0.103,0.377,0.006,0.073,3,2,3,0,TEST,3,0.0,0.0,0.0,1.0,0.0,0.0,0.0,0.0,1.0,0.0,0.0,0.0,0.0,1.0,0.0
248,0.528,0.467,0.403,0.0,0.599,0.444,0.388,0.541,2,0,1,0,TRAIN,2,0.0,0.0,1.0,0.0,0.0,0.0,1.0,0.0,0.0,0.0,0.0,1.0,0.0,0.0,0.0
249,0.71,0.227,0.466,1.0,0.456,0.031,0.06,0.281,4,0,1,1,TRAIN,4,0.0,0.0,0.0,0.0,1.0,0.0,1.0,0.0,0.0,0.0,0.0,1.0,0.0,0.0,0.0
250,0.607,0.816,0.59,0.0,0.484,0.924,0.097,0.517,3,2,1,1,TEST,6,0.0,0.0,0.0,1.0,0.0,0.0,0.0,0.0,1.0,0.0,0.0,1.0,0.0,0.0,0.0
251,0.507,0.567,0.496,0.49,0.466,0.563,0.054,0.39,3,2,0,1,TRAIN,3,0.0,0.0,0.0,1.0,0.0,0.0,0.0,0.0,1.0,0.0,1.0,0.0,0.0,0.0,0.0
252,0.568,0.505,0.598,0.353,0.475,0.405,0.093,0.572,2,2,0,1,TRAIN,3,0.0,0.0,1.0,0.0,0.0,0.0,0.0,0.0,1.0,0.0,1.0,0.0,0.0,0.0,0.0
253,0.601,0.761,0.613,0.0,0.793,0.833,0.415,0.761,2,2,0,1,TEST,6,0.0,0.0,1.0,0.0,0.0,0.0,0.0,0.0,1.0,0.0,1.0,0.0,0.0,0.0,0.0
254,0.258,0.513,0.36,0.886,0.383,0.366,0.055,0.23,3,2,0,0,VAL,3,0.0,0.0,0.0,1.0,0.0,0.0,0.0,0.0,1.0,0.0,1.0,0.0,0.0,0.0,0.0
255,0.42,0.551,0.476,0.544,0.394,0.569,0.015,0.288,2,2,0,1,TEST,3,0.0,0.0,1.0,0.0,0.0,0.0,0.0,0.0,1.0,0.0,1.0,0.0,0.0,0.0,0.0
256,0.436,0.902,0.597,0.0,0.486,1.0,0.142,0.57,3,2,0,0,VAL,6,0.0,0.0,0.0,1.0,0.0,0.0,0.0,0.0,1.0,0.0,1.0,0.0,0.0,0.0,0.0
257,0.427,0.518,0.491,0.665,0.378,0.588,0.021,0.334,3,2,3,1,TRAIN,3,0.0,0.0,0.0,1.0,0.0,0.0,0.0,0.0,1.0,0.0,0.0,0.0,0.0,1.0,0.0
258,0.32,0.25,0.307,0.867,0.353,0.0,0.202,0.281,4,1,0,0,TRAIN,7,0.0,0.0,0.0,0.0,1.0,0.0,0.0,1.0,0.0,0.0,1.0,0.0,0.0,0.0,0.0
259,0.527,0.541,0.432,0.716,0.361,0.487,0.046,0.347,2,0,0,1,TEST,3,0.0,0.0,1.0,0.0,0.0,0.0,1.0,0.0,0.0,0.0,1.0,0.0,0.0,0.0,0.0
260,0.417,0.575,0.361,0.875,0.331,0.637,0.031,0.252,1,2,0,0,VAL,3,0.0,1.0,0.0,0.0,0.0,0.0,0.0,0.0,1.0,0.0,1.0,0.0,0.0,0.0,0.0
261,0.711,0.285,0.517,0.662,0.601,0.184,0.343,0.541,0,0,0,1,VAL,7,1.0,0.0,0.0,0.0,0.0,0.0,1.0,0.0,0.0,0.0,1.0,0.0,0.0,0.0,0.0
262,0.578,0.616,0.549,0.707,0.503,0.549,0.029,0.4,2,2,0,0,VAL,3,0.0,0.0,1.0,0.0,0.0,0.0,0.0,0.0,1.0,0.0,1.0,0.0,0.0,0.0,0.0
263,0.615,0.784,0.645,0.0,0.61,1.0,0.104,0.655,3,2,2,1,TEST,6,0.0,0.0,0.0,1.0,0.0,0.0,0.0,0.0,1.0,0.0,0.0,0.0,1.0,0.0,0.0
264,0.354,0.576,0.425,0.0,0.765,0.626,0.476,0.526,0,2,1,1,TRAIN,2,1.0,0.0,0.0,0.0,0.0,0.0,0.0,0.0,1.0,0.0,0.0,1.0,0.0,0.0,0.0
265,0.616,0.786,0.65,0.0,0.689,0.822,0.242,0.579,0,1,1,1,VAL,6,1.0,0.0,0.0,0.0,0.0,0.0,0.0,1.0,0.0,0.0,0.0,1.0,0.0,0.0,0.0
266,0.245,0.532,0.271,0.718,0.297,0.69,0.014,0.08,3,2,0,1,TRAIN,3,0.0,0.0,0.0,1.0,0.0,0.0,0.0,0.0,1.0,0.0,1.0,0.0,0.0,0.0,0.0
267,0.48,0.536,0.391,0.901,0.259,0.502,0.015,0.226,3,2,1,1,TRAIN,3,0.0,0.0,0.0,1.0,0.0,0.0,0.0,0.0,1.0,0.0,0.0,1.0,0.0,0.0,0.0
268,0.387,0.514,0.43,0.672,0.361,0.62,0.018,0.276,1,1,0,0,TRAIN,3,0.0,1.0,0.0,0.0,0.0,0.0,0.0,1.0,0.0,0.0,1.0,0.0,0.0,0.0,0.0
269,0.363,0.413,0.353,0.765,0.314,0.119,0.074,0.277,2,2,3,1,VAL,3,0.0,0.0,1.0,0.0,0.0,0.0,0.0,0.0,1.0,0.0,0.0,0.0,0.0,1.0,0.0
270,0.31,0.446,0.273,1.0,0.304,0.426,0.03,0.163,2,3,0,0,TEST,3,0.0,0.0,1.0,0.0,0.0,0.0,0.0,0.0,0.0,1.0,1.0,0.0,0.0,0.0,0.0
271,0.152,0.538,0.233,0.944,0.256,0.282,0.007,0.069,3,2,0,0,TRAIN,3,0.0,0.0,0.0,1.0,0.0,0.0,0.0,0.0,1.0,0.0,1.0,0.0,0.0,0.0,0.0
272,0.545,0.547,0.503,0.0,0.576,0.539,0.209,0.539,2,2,4,1,TRAIN,2,0.0,0.0,1.0,0.0,0.0,0.0,0.0,0.0,1.0,0.0,0.0,0.0,0.0,0.0,1.0
273,0.772,0.291,0.562,1.0,0.289,0.133,0.033,0.413,0,2,1,0,TRAIN,4,1.0,0.0,0.0,0.0,0.0,0.0,0.0,0.0,1.0,0.0,0.0,1.0,0.0,0.0,0.0
274,0.621,0.794,0.578,0.0,0.676,0.884,0.141,0.706,0,3,2,1,TRAIN,6,1.0,0.0,0.0,0.0,0.0,0.0,0.0,0.0,0.0,1.0,0.0,0.0,1.0,0.0,0.0
275,0.071,0.282,0.702,0.896,0.697,0.076,0.395,0.808,5,0,0,0,TEST,7,0.0,0.0,0.0,0.0,0.0,1.0,1.0,0.0,0.0,0.0,1.0,0.0,0.0,0.0,0.0
276,0.528,0.448,0.364,0.649,0.403,0.384,0.053,0.383,3,0,0,0,TRAIN,3,0.0,0.0,0.0,1.0,0.0,0.0,1.0,0.0,0.0,0.0,1.0,0.0,0.0,0.0,0.0
277,0.84,0.378,0.612,0.639,0.554,0.185,0.354,0.704,0,0,0,1,VAL,7,1.0,0.0,0.0,0.0,0.0,0.0,1.0,0.0,0.0,0.0,1.0,0.0,0.0,0.0,0.0
278,0.147,0.228,0.762,1.0,0.75,0.0,0.395,0.791,2,1,0,0,VAL,7,0.0,0.0,1.0,0.0,0.0,0.0,0.0,1.0,0.0,0.0,1.0,0.0,0.0,0.0,0.0
279,0.46,0.575,0.52,0.682,0.36,0.643,0.039,0.355,1,0,0,0,TEST,3,0.0,1.0,0.0,0.0,0.0,0.0,1.0,0.0,0.0,0.0,1.0,0.0,0.0,0.0,0.0
280,0.404,0.596,0.378,0.0,0.577,0.548,0.181,0.474,2,1,3,0,VAL,2,0.0,0.0,1.0,0.0,0.0,0.0,0.0,1.0,0.0,0.0,0.0,0.0,0.0,1.0,0.0
281,0.294,0.449,0.338,0.89,0.365,0.396,0.029,0.185,3,2,0,0,TRAIN,3,0.0,0.0,0.0,1.0,0.0,0.0,0.0,0.0,1.0,0.0,1.0,0.0,0.0,0.0,0.0
282,0.456,0.811,0.571,0.0,0.579,0.943,0.076,0.478,2,2,0,1,TRAIN,6,0.0,0.0,1.0,0.0,0.0,0.0,0.0,0.0,1.0,0.0,1.0,0.0,0.0,0.0,0.0
283,0.498,0.615,0.379,0.814,0.328,0.713,0.014,0.329,3,2,3,1,VAL,3,0.0,0.0,0.0,1.0,0.0,0.0,0.0,0.0,1.0,0.0,0.0,0.0,0.0,1.0,0.0
284,0.364,0.626,0.404,0.575,0.429,0.457,0.013,0.192,3,2,0,0,TRAIN,3,0.0,0.0,0.0,1.0,0.0,0.0,0.0,0.0,1.0,0.0,1.0,0.0,0.0,0.0,0.0
285,0.739,0.321,0.533,0.761,0.662,0.125,0.286,0.572,5,0,0,1,VAL,7,0.0,0.0,0.0,0.0,0.0,1.0,1.0,0.0,0.0,0.0,1.0,0.0,0.0,0.0,0.0
286,0.309,0.455,0.347,1.0,0.351,0.305,0.028,0.223,1,1,0,1,TRAIN,5,0.0,1.0,0.0,0.0,0.0,0.0,0.0,1.0,0.0,0.0,1.0,0.0,0.0,0.0,0.0
287,0.682,0.102,0.47,1.0,0.596,0.0,0.183,0.436,5,1,0,1,TEST,7,0.0,0.0,0.0,0.0,0.0,1.0,0.0,1.0,0.0,0.0,1.0,0.0,0.0,0.0,0.0
288,0.455,0.559,0.448,0.647,0.4,0.627,0.046,0.399,3,3,0,0,TRAIN,3,0.0,0.0,0.0,1.0,0.0,0.0,0.0,0.0,0.0,1.0,1.0,0.0,0.0,0.0,0.0
289,0.199,0.501,0.247,0.987,0.295,0.523,0.01,0.1,5,3,0,0,TEST,3,0.0,0.0,0.0,0.0,0.0,1.0,0.0,0.0,0.0,1.0,1.0,0.0,0.0,0.0,0.0
290,0.54,0.342,0.412,0.842,0.496,0.074,0.135,0.362,3,3,3,0,VAL,3,0.0,0.0,0.0,1.0,0.0,0.0,0.0,0.0,0.0,1.0,0.0,0.0,0.0,1.0,0.0
291,0.636,0.494,0.539,0.082,0.589,0.378,0.305,0.582,5,0,3,0,VAL,7,0.0,0.0,0.0,0.0,0.0,1.0,1.0,0.0,0.0,0.0,0.0,0.0,0.0,1.0,0.0
292,0.403,0.423,0.293,0.602,0.399,0.337,0.067,0.299,2,0,3,1,TRAIN,3,0.0,0.0,1.0,0.0,0.0,0.0,1.0,0.0,0.0,0.0,0.0,0.0,0.0,1.0,0.0
293,0.63,0.808,0.49,0.0,0.524,0.924,0.119,0.473,3,2,2,1,TRAIN,6,0.0,0.0,0.0,1.0,0.0,0.0,0.0,0.0,1.0,0.0,0.0,0.0,1.0,0.0,0.0
294,0.273,0.607,0.434,0.883,0.432,0.702,0.011,0.238,3,2,0,0,TRAIN,3,0.0,0.0,0.0,1.0,0.0,0.0,0.0,0.0,1.0,0.0,1.0,0.0,0.0,0.0,0.0
295,0.696,0.13,0.533,1.0,0.603,0.0,0.365,0.562,5,0,1,0,TRAIN,7,0.0,0.0,0.0,0.0,0.0,1.0,1.0,0.0,0.0,0.0,0.0,1.0,0.0,0.0,0.0
296,0.538,0.511,0.47,0.0,0.565,0.41,0.341,0.551,0,2,4,0,TRAIN,2,1.0,0.0,0.0,0.0,0.0,0.0,0.0,0.0,1.0,0.0,0.0,0.0,0.0,0.0,1.0
297,0.276,0.586,0.386,0.675,0.292,0.497,0.023,0.241,2,3,3,0,TEST,3,0.0,0.0,1.0,0.0,0.0,0.0,0.0,0.0,0.0,1.0,0.0,0.0,0.0,1.0,0.0
298,0.463,0.556,0.443,0.49,0.386,0.526,0.049,0.28,5,0,3,0,VAL,3,0.0,0.0,0.0,0.0,0.0,1.0,1.0,0.0,0.0,0.0,0.0,0.0,0.0,1.0,0.0
299,0.731,0.245,0.46,0.633,0.574,0.0,0.38,0.598,0,1,3,0,VAL,7,1.0,0.0,0.0,0.0,0.0,0.0,0.0,1.0,0.0,0.0,0.0,0.0,0.0,1.0,0.0
300,0.865,0.323,0.569,1.0,0.505,0.223,0.052,0.483,0,0,0,0,TRAIN,7,1.0,0.0,0.0,0.0,0.0,0.0,1.0,0.0,0.0,0.0,1.0,0.0,0.0,0.0,0.0
301,0.344,0.582,0.358,0.547,0.388,0.648,0.029,0.235,2,3,0,1,TRAIN,3,0.0,0.0,1.0,0.0,0.0,0.0,0.0,0.0,0.0,1.0,1.0,0.0,0.0,0.0,0.0
302,0.308,0.541,0.409,0.568,0.353,0.382,0.032,0.291,2,2,3,0,TRAIN,3,0.0,0.0,1.0,0.0,0.0,0.0,0.0,0.0,1.0,0.0,0.0,0.0,0.0,1.0,0.0
303,0.614,0.786,0.537,0.0,0.614,0.891,0.299,0.655,1,3,1,1,VAL,6,0.0,1.0,0.0,0.0,0.0,0.0,0.0,0.0,0.0,1.0,0.0,1.0,0.0,0.0,0.0
304,0.124,0.514,0.372,0.979,0.337,0.604,0.013,0.197,0,1,2,0,TRAIN,5,1.0,0.0,0.0,0.0,0.0,0.0,0.0,1.0,0.0,0.0,0.0,0.0,1.0,0.0,0.0
305,0.54,0.127,0.467,1.0,0.5,0.0,0.267,0.388,4,0,1,0,VAL,7,0.0,0.0,0.0,0.0,1.0,0.0,1.0,0.0,0.0,0.0,0.0,1.0,0.0,0.0,0.0
306,0.566,0.828,0.69,0.0,0.554,1.0,0.114,0.642,0,1,0,1,TEST,6,1.0,0.0,0.0,0.0,0.0,0.0,0.0,1.0,0.0,0.0,1.0,0.0,0.0,0.0,0.0
307,0.231,0.417,0.287,1.0,0.41,0.31,0.024,0.108,2,2,3,0,TRAIN,3,0.0,0.0,1.0,0.0,0.0,0.0,0.0,0.0,1.0,0.0,0.0,0.0,0.0,1.0,0.0
308,0.497,0.249,0.402,1.0,0.415,0.118,0.143,0.382,2,0,0,0,TRAIN,7,0.0,0.0,1.0,0.0,0.0,0.0,1.0,0.0,0.0,0.0,1.0,0.0,0.0,0.0,0.0
309,0.347,0.696,0.367,0.855,0.32,0.682,0.004,0.194,5,0,3,0,VAL,3,0.0,0.0,0.0,0.0,0.0,1.0,1.0,0.0,0.0,0.0,0.0,0.0,0.0,1.0,0.0
310,0.455,0.492,0.44,0.8,0.28,0.402,0.01,0.226,3,2,0,0,VAL,3,0.0,0.0,0.0,1.0,0.0,0.0,0.0,0.0,1.0,0.0,1.0,0.0,0.0,0.0,0.0
311,0.483,0.528,0.483,0.756,0.59,0.6,0.054,0.344,3,0,0,1,TRAIN,3,0.0,0.0,0.0,1.0,0.0,0.0,1.0,0.0,0.0,0.0,1.0,0.0,0.0,0.0,0.0
312,0.322,0.454,0.362,0.788,0.335,0.469,0.047,0.262,2,2,3,0,TEST,3,0.0,0.0,1.0,0.0,0.0,0.0,0.0,0.0,1.0,0.0,0.0,0.0,0.0,1.0,0.0
313,0.568,0.579,0.535,0.018,0.605,0.649,0.142,0.462,2,1,4,1,TEST,2,0.0,0.0,1.0,0.0,0.0,0.0,0.0,1.0,0.0,0.0,0.0,0.0,0.0,0.0,1.0
314,0.41,0.536,0.421,0.609,0.44,0.565,0.027,0.36,2,2,0,1,VAL,3,0.0,0.0,1.0,0.0,0.0,0.0,0.0,0.0,1.0,0.0,1.0,0.0,0.0,0.0,0.0
315,0.444,0.55,0.456,0.579,0.495,0.383,0.108,0.425,5,0,0,1,TEST,3,0.0,0.0,0.0,0.0,0.0,1.0,1.0,0.0,0.0,0.0,1.0,0.0,0.0,0.0,0.0
316,0.582,0.624,0.498,0.89,0.42,0.596,0.013,0.393,2,1,0,0,TRAIN,3,0.0,0.0,1.0,0.0,0.0,0.0,0.0,1.0,0.0,0.0,1.0,0.0,0.0,0.0,0.0
317,0.126,0.532,0.336,0.791,0.318,0.539,0.01,0.146,2,2,0,0,TEST,3,0.0,0.0,1.0,0.0,0.0,0.0,0.0,0.0,1.0,0.0,1.0,0.0,0.0,0.0,0.0
318,0.766,0.796,0.672,0.0,0.709,0.736,0.154,0.646,2,2,0,0,TRAIN,6,0.0,0.0,1.0,0.0,0.0,0.0,0.0,0.0,1.0,0.0,1.0,0.0,0.0,0.0,0.0
319,0.514,0.567,0.452,0.842,0.369,0.615,0.027,0.378,1,2,3,1,TRAIN,3,0.0,1.0,0.0,0.0,0.0,0.0,0.0,0.0,1.0,0.0,0.0,0.0,0.0,1.0,0.0
320,0.059,0.331,0.157,0.676,0.374,0.109,0.043,0.066,2,1,0,0,TRAIN,8,0.0,0.0,1.0,0.0,0.0,0.0,0.0,1.0,0.0,0.0,1.0,0.0,0.0,0.0,0.0
321,0.461,0.542,0.428,0.689,0.395,0.574,0.018,0.256,3,2,3,0,VAL,3,0.0,0.0,0.0,1.0,0.0,0.0,0.0,0.0,1.0,0.0,0.0,0.0,0.0,1.0,0.0
322,0.422,0.888,0.551,0.0,0.467,1.0,0.053,0.467,3,2,0,1,TRAIN,6,0.0,0.0,0.0,1.0,0.0,0.0,0.0,0.0,1.0,0.0,1.0,0.0,0.0,0.0,0.0
323,0.103,0.422,0.218,0.879,0.352,0.448,0.02,0.118,3,3,0,0,VAL,3,0.0,0.0,0.0,1.0,0.0,0.0,0.0,0.0,0.0,1.0,1.0,0.0,0.0,0.0,0.0
324,0.121,0.257,0.699,1.0,0.528,0.105,0.18,0.652,2,0,1,0,TRAIN,7,0.0,0.0,1.0,0.0,0.0,0.0,1.0,0.0,0.0,0.0,0.0,1.0,0.0,0.0,0.0
325,0.247,0.43,0.299,0.708,0.324,0.349,0.027,0.189,2,2,3,0,TRAIN,3,0.0,0.0,1.0,0.0,0.0,0.0,0.0,0.0,1.0,0.0,0.0,0.0,0.0,1.0,0.0
326,0.509,0.488,0.364,0.818,0.348,0.409,0.043,0.267,1,2,3,0,TEST,3,0.0,1.0,0.0,0.0,0.0,0.0,0.0,0.0,1.0,0.0,0.0,0.0,0.0,1.0,0.0
327,0.442,0.436,0.383,0.671,0.542,0.385,0.078,0.353,2,2,0,0,TRAIN,3,0.0,0.0,1.0,0.0,0.0,0.0,0.0,0.0,1.0,0.0,1.0,0.0,0.0,0.0,0.0
328,0.672,0.466,0.537,0.552,0.46,0.381,0.087,0.564,3,2,0,0,TEST,3,0.0,0.0,0.0,1.0,0.0,0.0,0.0,0.0,1.0,0.0,1.0,0.0,0.0,0.0,0.0
329,0.515,0.788,0.511,0.0,0.658,0.781,0.261,0.568,1,2,2,1,TEST,6,0.0,1.0,0.0,0.0,0.0,0.0,0.0,0.0,1.0,0.0,0.0,0.0,1.0,0.0,0.0
330,0.4,0.557,0.37,0.838,0.323,0.531,0.013,0.269,3,2,3,0,VAL,3,0.0,0.0,0.0,1.0,0.0,0.0,0.0,0.0,1.0,0.0,0.0,0.0,0.0,1.0,0.0
331,0.485,0.495,0.49,0.591,0.471,0.619,0.087,0.442,5,2,2,1,TRAIN,3,0.0,0.0,0.0,0.0,0.0,1.0,0.0,0.0,1.0,0.0,0.0,0.0,1.0,0.0,0.0
332,0.208,0.521,0.269,0.922,0.298,0.553,0.01,0.093,3,2,0,1,VAL,3,0.0,0.0,0.0,1.0,0.0,0.0,0.0,0.0,1.0,0.0,1.0,0.0,0.0,0.0,0.0
333,0.363,0.45,0.322,0.648,0.505,0.481,0.085,0.256,1,0,0,0,VAL,3,0.0,1.0,0.0,0.0,0.0,0.0,1.0,0.0,0.0,0.0,1.0,0.0,0.0,0.0,0.0
334,0.28,0.502,0.34,0.83,0.329,0.411,0.033,0.261,2,2,0,1,VAL,3,0.0,0.0,1.0,0.0,0.0,0.0,0.0,0.0,1.0,0.0,1.0,0.0,0.0,0.0,0.0
335,0.758,0.772,0.652,0.0,0.693,0.823,0.245,0.636,5,2,1,1,VAL,6,0.0,0.0,0.0,0.0,0.0,1.0,0.0,0.0,1.0,0.0,0.0,1.0,0.0,0.0,0.0
336,0.379,0.575,0.464,0.0,0.684,0.72,0.491,0.543,2,0,4,1,TRAIN,2,0.0,0.0,1.0,0.0,0.0,0.0,1.0,0.0,0.0,0.0,0.0,0.0,0.0,0.0,1.0
337,0.493,0.516,0.458,0.488,0.504,0.597,0.044,0.352,3,2,0,1,TEST,3,0.0,0.0,0.0,1.0,0.0,0.0,0.0,0.0,1.0,0.0,1.0,0.0,0.0,0.0,0.0
338,0.463,0.51,0.472,0.0,0.611,0.447,0.389,0.519,3,2,4,0,TEST,2,0.0,0.0,0.0,1.0,0.0,0.0,0.0,0.0,1.0,0.0,0.0,0.0,0.0,0.0,1.0
339,0.683,0.286,0.509,0.767,0.555,0.114,0.154,0.485,5,0,1,1,TRAIN,7,0.0,0.0,0.0,0.0,0.0,1.0,1.0,0.0,0.0,0.0,0.0,1.0,0.0,0.0,0.0
340,0.498,0.417,0.398,1.0,0.272,0.349,0.017,0.241,3,1,0,0,TRAIN,5,0.0,0.0,0.0,1.0,0.0,0.0,0.0,1.0,0.0,0.0,1.0,0.0,0.0,0.0,0.0
341,0.407,0.549,0.367,0.765,0.352,0.573,0.026,0.287,3,2,0,1,TEST,3,0.0,0.0,0.0,1.0,0.0,0.0,0.0,0.0,1.0,0.0,1.0,0.0,0.0,0.0,0.0
342,0.58,0.335,0.495,0.458,0.756,0.326,0.27,0.574,4,0,0,0,TRAIN,7,0.0,0.0,0.0,0.0,1.0,0.0,1.0,0.0,0.0,0.0,1.0,0.0,0.0,0.0,0.0
343,0.372,0.556,0.384,0.8,0.382,0.592,0.012,0.267,5,2,3,1,TRAIN,3,0.0,0.0,0.0,0.0,0.0,1.0,0.0,0.0,1.0,0.0,0.0,0.0,0.0,1.0,0.0
344,0.262,0.545,0.315,0.693,0.48,0.582,0.017,0.294,1,0,1,0,TRAIN,3,0.0,1.0,0.0,0.0,0.0,0.0,1.0,0.0,0.0,0.0,0.0,1.0,0.0,0.0,0.0
345,0.483,0.537,0.46,0.0,0.693,0.48,0.202,0.42,1,1,1,1,TRAIN,2,0.0,1.0,0.0,0.0,0.0,0.0,0.0,1.0,0.0,0.0,0.0,1.0,0.0,0.0,0.0
346,0.497,0.486,0.401,0.679,0.342,0.496,0.036,0.274,3,3,0,0,TEST,3,0.0,0.0,0.0,1.0,0.0,0.0,0.0,0.0,0.0,1.0,1.0,0.0,0.0,0.0,0.0
347,0.535,0.858,0.607,0.0,0.452,1.0,0.105,0.519,4,1,1,1,TRAIN,6,0.0,0.0,0.0,0.0,1.0,0.0,0.0,1.0,0.0,0.0,0.0,1.0,0.0,0.0,0.0
348,0.507,0.556,0.492,0.576,0.544,0.625,0.046,0.461,3,2,0,0,VAL,3,0.0,0.0,0.0,1.0,0.0,0.0,0.0,0.0,1.0,0.0,1.0,0.0,0.0,0.0,0.0
349,0.633,0.779,0.564,0.0,0.574,0.844,0.12,0.648,0,3,0,1,TRAIN,6,1.0,0.0,0.0,0.0,0.0,0.0,0.0,0.0,0.0,1.0,1.0,0.0,0.0,0.0,0.0
350,0.374,0.541,0.351,0.69,0.395,0.537,0.063,0.286,5,2,0,0,TEST,3,0.0,0.0,0.0,0.0,0.0,1.0,0.0,0.0,1.0,0.0,1.0,0.0,0.0,0.0,0.0
351,0.368,0.849,0.547,0.0,0.478,1.0,0.042,0.408,0,0,1,1,TEST,6,1.0,0.0,0.0,0.0,0.0,0.0,1.0,0.0,0.0,0.0,0.0,1.0,0.0,0.0,0.0
352,0.401,0.538,0.411,0.668,0.436,0.364,0.029,0.271,2,2,0,1,TRAIN,3,0.0,0.0,1.0,0.0,0.0,0.0,0.0,0.0,1.0,0.0,1.0,0.0,0.0,0.0,0.0
353,0.632,0.339,0.557,0.348,0.685,0.059,0.436,0.595,0,3,0,0,TEST,7,1.0,0.0,0.0,0.0,0.0,0.0,0.0,0.0,0.0,1.0,1.0,0.0,0.0,0.0,0.0
354,0.466,0.828,0.583,0.0,0.614,0.933,0.126,0.562,5,3,1,1,TEST,6,0.0,0.0,0.0,0.0,0.0,1.0,0.0,0.0,0.0,1.0,0.0,1.0,0.0,0.0,0.0
355,0.581,0.313,0.416,0.431,0.558,0.212,0.383,0.558,1,1,1,0,TRAIN,2,0.0,1.0,0.0,0.0,0.0,0.0,0.0,1.0,0.0,0.0,0.0,1.0,0.0,0.0,0.0
356,0.212,0.428,0.264,0.673,0.399,0.383,0.039,0.188,5,2,0,0,VAL,3,0.0,0.0,0.0,0.0,0.0,1.0,0.0,0.0,1.0,0.0,1.0,0.0,0.0,0.0,0.0
357,0.414,0.448,0.44,0.0,0.78,0.205,0.731,0.598,2,1,4,0,VAL,2,0.0,0.0,1.0,0.0,0.0,0.0,0.0,1.0,0.0,0.0,0.0,0.0,0.0,0.0,1.0
358,0.442,0.854,0.599,0.0,0.596,0.95,0.159,0.602,2,3,0,1,TEST,6,0.0,0.0,1.0,0.0,0.0,0.0,0.0,0.0,0.0,1.0,1.0,0.0,0.0,0.0,0.0
359,0.332,0.586,0.284,0.729,0.322,0.52,0.021,0.242,1,1,0,0,TEST,3,0.0,1.0,0.0,0.0,0.0,0.0,0.0,1.0,0.0,0.0,1.0,0.0,0.0,0.0,0.0
360,0.659,0.813,0.576,0.0,0.546,0.903,0.052,0.539,0,2,1,0,TRAIN,6,1.0,0.0,0.0,0.0,0.0,0.0,0.0,0.0,1.0,0.0,0.0,1.0,0.0,0.0,0.0
361,0.783,0.204,0.53,0.798,0.6,0.0,0.455,0.679,0,0,1,1,TEST,7,1.0,0.0,0.0,0.0,0.0,0.0,1.0,0.0,0.0,0.0,0.0,1.0,0.0,0.0,0.0
362,0.544,0.453,0.375,0.851,0.33,0.283,0.04,0.35,3,2,3,1,TRAIN,3,0.0,0.0,0.0,1.0,0.0,0.0,0.0,0.0,1.0,0.0,0.0,0.0,0.0,1.0,0.0
363,0.384,0.778,0.399,0.0,0.495,0.741,0.086,0.386,0,0,0,1,TEST,6,1.0,0.0,0.0,0.0,0.0,0.0,1.0,0.0,0.0,0.0,1.0,0.0,0.0,0.0,0.0
364,0.563,0.697,0.594,0.386,0.339,0.909,0.014,0.407,3,1,3,1,VAL,3,0.0,0.0,0.0,1.0,0.0,0.0,0.0,1.0,0.0,0.0,0.0,0.0,0.0,1.0,0.0
365,0.449,0.536,0.504,0.649,0.377,0.246,0.077,0.424,1,3,3,0,TRAIN,3,0.0,1.0,0.0,0.0,0.0,0.0,0.0,0.0,0.0,1.0,0.0,0.0,0.0,1.0,0.0
366,0.403,0.478,0.353,0.988,0.231,0.414,0.015,0.248,4,1,2,1,VAL,5,0.0,0.0,0.0,0.0,1.0,0.0,0.0,1.0,0.0,0.0,0.0,0.0,1.0,0.0,0.0
367,0.296,0.15,0.208,0.932,0.471,0.0,0.193,0.271,4,3,0,1,TEST,7,0.0,0.0,0.0,0.0,1.0,0.0,0.0,0.0,0.0,1.0,1.0,0.0,0.0,0.0,0.0
368,0.181,0.408,0.241,0.361,0.466,0.385,0.107,0.226,2,1,0,1,VAL,5,0.0,0.0,1.0,0.0,0.0,0.0,0.0,1.0,0.0,0.0,1.0,0.0,0.0,0.0,0.0
369,0.386,0.463,0.411,0.718,0.373,0.447,0.041,0.268,3,3,3,1,TEST,3,0.0,0.0,0.0,1.0,0.0,0.0,0.0,0.0,0.0,1.0,0.0,0.0,0.0,1.0,0.0
370,0.46,0.694,0.455,0.097,0.404,0.751,0.025,0.367,0,0,1,0,TEST,1,1.0,0.0,0.0,0.0,0.0,0.0,1.0,0.0,0.0,0.0,0.0,1.0,0.0,0.0,0.0
371,0.558,0.611,0.506,0.494,0.451,0.59,0.042,0.382,3,0,0,0,TEST,3,0.0,0.0,0.0,1.0,0.0,0.0,1.0,0.0,0.0,0.0,1.0,0.0,0.0,0.0,0.0
372,0.498,0.539,0.404,0.671,0.411,0.429,0.047,0.424,3,3,0,0,TEST,3,0.0,0.0,0.0,1.0,0.0,0.0,0.0,0.0,0.0,1.0,1.0,0.0,0.0,0.0,0.0
373,0.607,0.394,0.515,0.141,0.672,0.271,0.452,0.584,3,3,4,1,TEST,2,0.0,0.0,0.0,1.0,0.0,0.0,0.0,0.0,0.0,1.0,0.0,0.0,0.0,0.0,1.0
374,0.447,0.428,0.393,0.0,0.803,0.224,0.85,0.623,2,1,1,0,TEST,2,0.0,0.0,1.0,0.0,0.0,0.0,0.0,1.0,0.0,0.0,0.0,1.0,0.0,0.0,0.0
375,0.474,0.312,0.499,0.616,0.587,0.142,0.302,0.437,5,0,0,1,TEST,7,0.0,0.0,0.0,0.0,0.0,1.0,1.0,0.0,0.0,0.0,1.0,0.0,0.0,0.0,0.0
376,0.316,0.495,0.384,0.782,0.444,0.475,0.029,0.272,5,2,1,0,TRAIN,3,0.0,0.0,0.0,0.0,0.0,1.0,0.0,0.0,1.0,0.0,0.0,1.0,0.0,0.0,0.0
377,0.395,0.522,0.355,0.729,0.235,0.616,0.03,0.151,2,3,3,1,TEST,3,0.0,0.0,1.0,0.0,0.0,0.0,0.0,0.0,0.0,1.0,0.0,0.0,0.0,1.0,0.0
378,0.591,0.366,0.602,0.62,0.709,0.224,0.284,0.599,3,1,0,1,VAL,7,0.0,0.0,0.0,1.0,0.0,0.0,0.0,1.0,0.0,0.0,1.0,0.0,0.0,0.0,0.0
379,0.287,0.451,0.338,0.801,0.291,0.275,0.063,0.221,3,3,3,0,TEST,3,0.0,0.0,0.0,1.0,0.0,0.0,0.0,0.0,0.0,1.0,0.0,0.0,0.0,1.0,0.0
380,0.667,0.812,0.649,0.0,0.564,1.0,0.151,0.733,3,2,1,0,TEST,6,0.0,0.0,0.0,1.0,0.0,0.0,0.0,0.0,1.0,0.0,0.0,1.0,0.0,0.0,0.0
381,0.415,0.549,0.379,0.509,0.377,0.554,0.03,0.39,3,3,3,0,TEST,3,0.0,0.0,0.0,1.0,0.0,0.0,0.0,0.0,0.0,1.0,0.0,0.0,0.0,1.0,0.0
382,0.225,0.463,0.321,0.957,0.245,0.296,0.017,0.134,2,3,2,0,VAL,5,0.0,0.0,1.0,0.0,0.0,0.0,0.0,0.0,0.0,1.0,0.0,0.0,1.0,0.0,0.0
383,0.437,0.494,0.342,0.784,0.38,0.587,0.014,0.162,2,2,0,0,TRAIN,3,0.0,0.0,1.0,0.0,0.0,0.0,0.0,0.0,1.0,0.0,1.0,0.0,0.0,0.0,0.0
384,0.491,0.631,0.478,0.452,0.359,0.647,0.019,0.353,3,2,0,1,TRAIN,3,0.0,0.0,0.0,1.0,0.0,0.0,0.0,0.0,1.0,0.0,1.0,0.0,0.0,0.0,0.0
385,0.752,0.236,0.496,1.0,0.587,0.0,0.229,0.501,2,3,3,1,VAL,7,0.0,0.0,1.0,0.0,0.0,0.0,0.0,0.0,0.0,1.0,0.0,0.0,0.0,1.0,0.0
386,0.39,0.811,0.507,0.0,0.587,0.933,0.067,0.511,5,0,1,1,TRAIN,6,0.0,0.0,0.0,0.0,0.0,1.0,1.0,0.0,0.0,0.0,0.0,1.0,0.0,0.0,0.0
387,0.782,0.478,0.591,0.364,0.67,0.501,0.167,0.555,5,3,0,1,TRAIN,3,0.0,0.0,0.0,0.0,0.0,1.0,0.0,0.0,0.0,1.0,1.0,0.0,0.0,0.0,0.0
388,0.363,0.553,0.351,0.849,0.402,0.47,0.016,0.242,3,2,1,1,TRAIN,3,0.0,0.0,0.0,1.0,0.0,0.0,0.0,0.0,1.0,0.0,0.0,1.0,0.0,0.0,0.0
389,0.604,0.855,0.541,0.0,0.43,0.876,0.082,0.637,2,3,4,0,TRAIN,6,0.0,0.0,1.0,0.0,0.0,0.0,0.0,0.0,0.0,1.0,0.0,0.0,0.0,0.0,1.0
390,0.453,0.472,0.373,1.0,0.438,0.352,0.025,0.288,3,2,0,0,TRAIN,3,0.0,0.0,0.0,1.0,0.0,0.0,0.0,0.0,1.0,0.0,1.0,0.0,0.0,0.0,0.0
391,0.129,0.509,0.297,0.87,0.233,0.495,0.008,0.104,3,2,0,1,TRAIN,3,0.0,0.0,0.0,1.0,0.0,0.0,0.0,0.0,1.0,0.0,1.0,0.0,0.0,0.0,0.0
392,0.476,0.538,0.485,0.659,0.372,0.558,0.031,0.415,3,0,2,1,TRAIN,3,0.0,0.0,0.0,1.0,0.0,0.0,1.0,0.0,0.0,0.0,0.0,0.0,1.0,0.0,0.0
393,0.46,0.569,0.472,0.651,0.294,0.536,0.02,0.41,3,3,3,0,TEST,3,0.0,0.0,0.0,1.0,0.0,0.0,0.0,0.0,0.0,1.0,0.0,0.0,0.0,1.0,0.0
394,0.374,0.508,0.277,0.952,0.298,0.349,0.012,0.25,3,2,0,1,TEST,3,0.0,0.0,0.0,1.0,0.0,0.0,0.0,0.0,1.0,0.0,1.0,0.0,0.0,0.0,0.0
395,0.897,0.414,0.712,1.0,0.505,0.135,0.048,0.562,0,0,1,1,TEST,4,1.0,0.0,0.0,0.0,0.0,0.0,1.0,0.0,0.0,0.0,0.0,1.0,0.0,0.0,0.0
396,0.385,0.53,0.469,0.637,0.344,0.48,0.03,0.294,3,1,0,0,TRAIN,3,0.0,0.0,0.0,1.0,0.0,0.0,0.0,1.0,0.0,0.0,1.0,0.0,0.0,0.0,0.0
397,0.616,0.835,0.642,0.0,0.431,1.0,0.034,0.551,5,2,2,0,VAL,6,0.0,0.0,0.0,0.0,0.0,1.0,0.0,0.0,1.0,0.0,0.0,0.0,1.0,0.0,0.0
398,0.302,0.416,0.265,0.878,0.351,0.324,0.044,0.142,2,3,0,0,TRAIN,3,0.0,0.0,1.0,0.0,0.0,0.0,0.0,0.0,0.0,1.0,1.0,0.0,0.0,0.0,0.0
399,0.773,0.819,0.715,0.0,0.612,0.879,0.278,0.779,5,3,1,1,TRAIN,6,0.0,0.0,0.0,0.0,0.0,1.0,0.0,0.0,0.0,1.0,0.0,1.0,0.0,0.0,0.0
400,0.235,0.651,0.36,0.858,0.253,0.591,0.003,0.154,2,0,0,0,VAL,3,0.0,0.0,1.0,0.0,0.0,0.0,1.0,0.0,0.0,0.0,1.0,0.0,0.0,0.0,0.0
401,0.436,0.293,0.34,0.981,0.471,0.073,0.273,0.277,0,0,3,0,TEST,7,1.0,0.0,0.0,0.0,0.0,0.0,1.0,0.0,0.0,0.0,0.0,0.0,0.0,1.0,0.0
402,0.235,0.572,0.335,0.919,0.241,0.495,0.007,0.154,3,3,0,1,TEST,3,0.0,0.0,0.0,1.0,0.0,0.0,0.0,0.0,0.0,1.0,1.0,0.0,0.0,0.0,0.0
403,0.12,0.428,0.239,0.292,0.358,0.517,0.055,0.24,4,1,0,0,TEST,5,0.0,0.0,0.0,0.0,1.0,0.0,0.0,1.0,0.0,0.0,1.0,0.0,0.0,0.0,0.0
404,0.508,0.501,0.443,0.0,0.706,0.556,0.39,0.593,4,1,1,0,TRAIN,2,0.0,0.0,0.0,0.0,1.0,0.0,0.0,1.0,0.0,0.0,0.0,1.0,0.0,0.0,0.0
405,0.241,0.394,0.282,1.0,0.292,0.37,0.023,0.159,2,2,0,1,TRAIN,3,0.0,0.0,1.0,0.0,0.0,0.0,0.0,0.0,1.0,0.0,1.0,0.0,0.0,0.0,0.0
406,0.366,0.562,0.434,0.61,0.351,0.507,0.017,0.297,3,2,3,0,TRAIN,3,0.0,0.0,0.0,1.0,0.0,0.0,0.0,0.0,1.0,0.0,0.0,0.0,0.0,1.0,0.0
407,0.373,0.534,0.417,0.631,0.408,0.442,0.03,0.306,1,3,2,0,TRAIN,5,0.0,1.0,0.0,0.0,0.0,0.0,0.0,0.0,0.0,1.0,0.0,0.0,1.0,0.0,0.0
408,0.501,0.423,0.392,0.67,0.425,0.258,0.063,0.353,3,1,0,0,TRAIN,3,0.0,0.0,0.0,1.0,0.0,0.0,0.0,1.0,0.0,0.0,1.0,0.0,0.0,0.0,0.0
409,0.368,0.469,0.385,0.846,0.395,0.355,0.059,0.307,3,3,0,1,VAL,3,0.0,0.0,0.0,1.0,0.0,0.0,0.0,0.0,0.0,1.0,1.0,0.0,0.0,0.0,0.0
410,0.471,0.487,0.453,0.602,0.515,0.351,0.056,0.39,3,2,0,0,TRAIN,3,0.0,0.0,0.0,1.0,0.0,0.0,0.0,0.0,1.0,0.0,1.0,0.0,0.0,0.0,0.0
411,0.33,0.444,0.308,0.842,0.458,0.416,0.045,0.174,1,1,0,0,TEST,3,0.0,1.0,0.0,0.0,0.0,0.0,0.0,1.0,0.0,0.0,1.0,0.0,0.0,0.0,0.0
412,0.58,0.802,0.641,0.0,0.471,1.0,0.061,0.54,0,2,1,1,TRAIN,6,1.0,0.0,0.0,0.0,0.0,0.0,0.0,0.0,1.0,0.0,0.0,1.0,0.0,0.0,0.0
413,0.383,0.43,0.26,0.718,0.386,0.381,0.028,0.154,3,2,0,0,TRAIN,3,0.0,0.0,0.0,1.0,0.0,0.0,0.0,0.0,1.0,0.0,1.0,0.0,0.0,0.0,0.0
414,0.525,0.319,0.522,0.0,0.891,0.104,0.776,0.678,3,1,1,0,TEST,2,0.0,0.0,0.0,1.0,0.0,0.0,0.0,1.0,0.0,0.0,0.0,1.0,0.0,0.0,0.0
415,0.333,0.566,0.388,0.586,0.361,0.577,0.012,0.208,3,2,0,0,VAL,3,0.0,0.0,0.0,1.0,0.0,0.0,0.0,0.0,1.0,0.0,1.0,0.0,0.0,0.0,0.0
416,0.564,0.518,0.539,0.544,0.475,0.675,0.068,0.403,2,0,0,1,TRAIN,3,0.0,0.0,1.0,0.0,0.0,0.0,1.0,0.0,0.0,0.0,1.0,0.0,0.0,0.0,0.0
417,0.573,0.893,0.634,0.0,0.589,0.967,0.066,0.497,3,2,1,1,TRAIN,6,0.0,0.0,0.0,1.0,0.0,0.0,0.0,0.0,1.0,0.0,0.0,1.0,0.0,0.0,0.0
418,0.861,0.425,0.665,1.0,0.523,0.337,0.052,0.616,4,2,1,1,TEST,4,0.0,0.0,0.0,0.0,1.0,0.0,0.0,0.0,1.0,0.0,0.0,1.0,0.0,0.0,0.0
419,0.534,0.23,0.315,0.695,0.635,0.008,0.287,0.415,2,3,0,0,TEST,7,0.0,0.0,1.0,0.0,0.0,0.0,0.0,0.0,0.0,1.0,1.0,0.0,0.0,0.0,0.0
420,0.558,0.246,0.365,0.892,0.434,0.123,0.138,0.412,2,1,0,0,TRAIN,7,0.0,0.0,1.0,0.0,0.0,0.0,0.0,1.0,0.0,0.0,1.0,0.0,0.0,0.0,0.0
421,0.315,0.545,0.408,0.645,0.403,0.565,0.027,0.322,2,2,2,1,TRAIN,3,0.0,0.0,1.0,0.0,0.0,0.0,0.0,0.0,1.0,0.0,0.0,0.0,1.0,0.0,0.0
422,0.667,0.246,0.52,1.0,0.619,0.186,0.238,0.54,0,3,3,0,TEST,7,1.0,0.0,0.0,0.0,0.0,0.0,0.0,0.0,0.0,1.0,0.0,0.0,0.0,1.0,0.0
423,0.235,0.406,0.298,0.812,0.398,0.362,0.041,0.171,1,2,0,1,TEST,3,0.0,1.0,0.0,0.0,0.0,0.0,0.0,0.0,1.0,0.0,1.0,0.0,0.0,0.0,0.0
424,0.547,0.361,0.389,0.323,0.576,0.378,0.269,0.504,4,1,0,1,TEST,7,0.0,0.0,0.0,0.0,1.0,0.0,0.0,1.0,0.0,0.0,1.0,0.0,0.0,0.0,0.0
425,0.316,0.512,0.31,0.708,0.3,0.619,0.017,0.265,2,2,0,0,VAL,3,0.0,0.0,1.0,0.0,0.0,0.0,0.0,0.0,1.0,0.0,1.0,0.0,0.0,0.0,0.0
426,0.736,0.195,0.515,1.0,0.572,0.0,0.195,0.445,0,3,0,0,TRAIN,7,1.0,0.0,0.0,0.0,0.0,0.0,0.0,0.0,0.0,1.0,1.0,0.0,0.0,0.0,0.0
427,0.315,0.474,0.342,0.699,0.434,0.357,0.028,0.244,2,2,0,0,TRAIN,3,0.0,0.0,1.0,0.0,0.0,0.0,0.0,0.0,1.0,0.0,1.0,0.0,0.0,0.0,0.0
428,0.15,0.563,0.274,1.0,0.181,0.68,0.005,0.095,2,2,2,1,TRAIN,3,0.0,0.0,1.0,0.0,0.0,0.0,0.0,0.0,1.0,0.0,0.0,0.0,1.0,0.0,0.0
429,0.341,0.404,0.307,1.0,0.267,0.347,0.026,0.217,0,2,1,0,VAL,3,1.0,0.0,0.0,0.0,0.0,0.0,0.0,0.0,1.0,0.0,0.0,1.0,0.0,0.0,0.0
430,0.458,0.53,0.343,0.642,0.454,0.469,0.042,0.288,3,2,0,1,TRAIN,3,0.0,0.0,0.0,1.0,0.0,0.0,0.0,0.0,1.0,0.0,1.0,0.0,0.0,0.0,0.0
431,0.397,0.615,0.437,0.522,0.389,0.706,0.026,0.229,1,3,0,0,TRAIN,3,0.0,1.0,0.0,0.0,0.0,0.0,0.0,0.0,0.0,1.0,1.0,0.0,0.0,0.0,0.0
432,0.438,0.626,0.382,1.0,0.155,0.619,0.003,0.127,4,3,4,1,VAL,5,0.0,0.0,0.0,0.0,1.0,0.0,0.0,0.0,0.0,1.0,0.0,0.0,0.0,0.0,1.0
433,0.25,0.544,0.328,0.767,0.271,0.51,0.011,0.108,3,3,0,0,TEST,3,0.0,0.0,0.0,1.0,0.0,0.0,0.0,0.0,0.0,1.0,1.0,0.0,0.0,0.0,0.0
434,0.901,0.113,0.563,1.0,0.537,0.0,0.23,0.545,4,3,0,1,TRAIN,7,0.0,0.0,0.0,0.0,1.0,0.0,0.0,0.0,0.0,1.0,1.0,0.0,0.0,0.0,0.0
435,0.328,0.616,0.345,0.965,0.233,0.568,0.007,0.196,3,2,0,1,TRAIN,3,0.0,0.0,0.0,1.0,0.0,0.0,0.0,0.0,1.0,0.0,1.0,0.0,0.0,0.0,0.0
436,0.337,0.485,0.315,0.914,0.337,0.658,0.015,0.243,3,2,3,1,TEST,3,0.0,0.0,0.0,1.0,0.0,0.0,0.0,0.0,1.0,0.0,0.0,0.0,0.0,1.0,0.0
437,0.394,0.57,0.3,0.977,0.169,0.703,0.006,0.176,5,2,3,0,VAL,3,0.0,0.0,0.0,0.0,0.0,1.0,0.0,0.0,1.0,0.0,0.0,0.0,0.0,1.0,0.0
438,0.679,0.73,0.69,0.0,0.568,0.669,0.312,0.721,4,2,1,1,TEST,6,0.0,0.0,0.0,0.0,1.0,0.0,0.0,0.0,1.0,0.0,0.0,1.0,0.0,0.0,0.0
439,0.363,0.535,0.337,1.0,0.351,0.296,0.003,0.241,1,1,3,1,TRAIN,5,0.0,1.0,0.0,0.0,0.0,0.0,0.0,1.0,0.0,0.0,0.0,0.0,0.0,1.0,0.0
440,0.557,0.612,0.536,0.517,0.478,0.458,0.04,0.458,2,0,0,0,TRAIN,3,0.0,0.0,1.0,0.0,0.0,0.0,1.0,0.0,0.0,0.0,1.0,0.0,0.0,0.0,0.0
441,0.622,0.835,0.685,0.0,0.685,0.892,0.089,0.624,0,2,1,1,TRAIN,6,1.0,0.0,0.0,0.0,0.0,0.0,0.0,0.0,1.0,0.0,0.0,1.0,0.0,0.0,0.0
442,0.566,0.873,0.612,0.0,0.506,1.0,0.04,0.508,0,1,3,1,TRAIN,6,1.0,0.0,0.0,0.0,0.0,0.0,0.0,1.0,0.0,0.0,0.0,0.0,0.0,1.0,0.0
443,0.488,0.514,0.535,0.678,0.41,0.496,0.05,0.338,2,2,2,0,TRAIN,3,0.0,0.0,1.0,0.0,0.0,0.0,0.0,0.0,1.0,0.0,0.0,0.0,1.0,0.0,0.0
444,0.363,0.579,0.408,0.7,0.267,0.564,0.035,0.326,3,3,0,0,TEST,3,0.0,0.0,0.0,1.0,0.0,0.0,0.0,0.0,0.0,1.0,1.0,0.0,0.0,0.0,0.0
445,0.405,0.495,0.46,0.825,0.333,0.561,0.026,0.272,3,2,3,1,VAL,3,0.0,0.0,0.0,1.0,0.0,0.0,0.0,0.0,1.0,0.0,0.0,0.0,0.0,1.0,0.0
446,0.681,0.81,0.675,0.0,0.652,0.937,0.205,0.746,5,2,1,1,TEST,6,0.0,0.0,0.0,0.0,0.0,1.0,0.0,0.0,1.0,0.0,0.0,1.0,0.0,0.0,0.0
447,0.333,0.478,0.368,0.714,0.551,0.506,0.063,0.165,2,2,1,0,TRAIN,3,0.0,0.0,1.0,0.0,0.0,0.0,0.0,0.0,1.0,0.0,0.0,1.0,0.0,0.0,0.0
448,0.459,0.82,0.565,0.0,0.594,0.821,0.187,0.536,4,2,1,0,TEST,6,0.0,0.0,0.0,0.0,1.0,0.0,0.0,0.0,1.0,0.0,0.0,1.0,0.0,0.0,0.0
449,0.63,0.304,0.469,1.0,0.468,0.144,0.034,0.368,0,3,0,0,TRAIN,4,1.0,0.0,0.0,0.0,0.0,0.0,0.0,0.0,0.0,1.0,1.0,0.0,0.0,0.0,0.0
450,0.142,0.508,0.252,0.709,0.228,0.459,0.021,0.143,3,2,3,1,TRAIN,3,0.0,0.0,0.0,1.0,0.0,0.0,0.0,0.0,1.0,0.0,0.0,0.0,0.0,1.0,0.0
451,0.569,0.269,0.482,0.88,0.662,0.0,0.26,0.483,5,3,0,0,TRAIN,7,0.0,0.0,0.0,0.0,0.0,1.0,0.0,0.0,0.0,1.0,1.0,0.0,0.0,0.0,0.0
452,0.58,0.214,0.518,0.814,0.622,0.0,0.346,0.517,0,3,0,0,TRAIN,7,1.0,0.0,0.0,0.0,0.0,0.0,0.0,0.0,0.0,1.0,1.0,0.0,0.0,0.0,0.0
453,0.841,0.211,0.539,1.0,0.544,0.147,0.127,0.563,0,0,0,0,TEST,7,1.0,0.0,0.0,0.0,0.0,0.0,1.0,0.0,0.0,0.0,1.0,0.0,0.0,0.0,0.0
454,0.17,0.597,0.272,0.543,0.241,0.54,0.008,0.113,3,3,0,0,TEST,3,0.0,0.0,0.0,1.0,0.0,0.0,0.0,0.0,0.0,1.0,1.0,0.0,0.0,0.0,0.0
455,0.518,0.52,0.451,0.53,0.484,0.571,0.13,0.466,2,2,3,1,TEST,3,0.0,0.0,1.0,0.0,0.0,0.0,0.0,0.0,1.0,0.0,0.0,0.0,0.0,1.0,0.0
456,0.487,0.204,0.392,1.0,0.519,0.0,0.155,0.373,0,3,0,0,VAL,7,1.0,0.0,0.0,0.0,0.0,0.0,0.0,0.0,0.0,1.0,1.0,0.0,0.0,0.0,0.0
457,0.216,0.771,0.328,0.0,0.37,0.967,0.01,0.203,0,0,4,1,TEST,1,1.0,0.0,0.0,0.0,0.0,0.0,1.0,0.0,0.0,0.0,0.0,0.0,0.0,0.0,1.0
458,0.571,0.507,0.435,0.683,0.45,0.488,0.062,0.386,2,3,3,0,TEST,3,0.0,0.0,1.0,0.0,0.0,0.0,0.0,0.0,0.0,1.0,0.0,0.0,0.0,1.0,0.0
459,0.708,0.519,0.565,0.626,0.592,0.594,0.104,0.557,3,2,0,0,TRAIN,3,0.0,0.0,0.0,1.0,0.0,0.0,0.0,0.0,1.0,0.0,1.0,0.0,0.0,0.0,0.0
460,0.659,0.552,0.613,0.461,0.448,0.45,0.094,0.509,1,2,0,0,TRAIN,3,0.0,1.0,0.0,0.0,0.0,0.0,0.0,0.0,1.0,0.0,1.0,0.0,0.0,0.0,0.0
461,0.577,0.559,0.424,0.704,0.33,0.491,0.027,0.311,3,2,0,0,TRAIN,3,0.0,0.0,0.0,1.0,0.0,0.0,0.0,0.0,1.0,0.0,1.0,0.0,0.0,0.0,0.0
462,0.171,0.582,0.343,0.785,0.113,0.749,0.004,0.19,2,2,3,0,TRAIN,3,0.0,0.0,1.0,0.0,0.0,0.0,0.0,0.0,1.0,0.0,0.0,0.0,0.0,1.0,0.0
463,0.053,0.237,0.756,1.0,0.558,0.0,0.276,0.727,4,0,1,1,TRAIN,7,0.0,0.0,0.0,0.0,1.0,0.0,1.0,0.0,0.0,0.0,0.0,1.0,0.0,0.0,0.0
464,0.564,0.514,0.592,0.574,0.533,0.635,0.121,0.541,3,3,3,0,VAL,3,0.0,0.0,0.0,1.0,0.0,0.0,0.0,0.0,0.0,1.0,0.0,0.0,0.0,1.0,0.0
465,0.588,0.866,0.589,0.0,0.495,1.0,0.024,0.5,5,2,0,1,TRAIN,6,0.0,0.0,0.0,0.0,0.0,1.0,0.0,0.0,1.0,0.0,1.0,0.0,0.0,0.0,0.0
466,0.162,0.575,0.228,0.823,0.342,0.48,0.011,0.154,5,2,0,0,TRAIN,3,0.0,0.0,0.0,0.0,0.0,1.0,0.0,0.0,1.0,0.0,1.0,0.0,0.0,0.0,0.0
467,0.345,0.234,0.431,1.0,0.518,0.0,0.258,0.317,5,0,0,1,TRAIN,7,0.0,0.0,0.0,0.0,0.0,1.0,1.0,0.0,0.0,0.0,1.0,0.0,0.0,0.0,0.0
468,0.809,0.293,0.547,1.0,0.633,0.262,0.179,0.62,0,0,0,0,TEST,7,1.0,0.0,0.0,0.0,0.0,0.0,1.0,0.0,0.0,0.0,1.0,0.0,0.0,0.0,0.0
469,0.656,0.378,0.488,0.22,0.571,0.348,0.286,0.52,1,1,4,1,VAL,2,0.0,1.0,0.0,0.0,0.0,0.0,0.0,1.0,0.0,0.0,0.0,0.0,0.0,0.0,1.0
470,0.215,0.539,0.284,0.997,0.16,0.314,0.009,0.096,3,2,0,0,TRAIN,3,0.0,0.0,0.0,1.0,0.0,0.0,0.0,0.0,1.0,0.0,1.0,0.0,0.0,0.0,0.0
471,0.459,0.56,0.454,0.65,0.317,0.475,0.024,0.292,1,2,0,1,VAL,3,0.0,1.0,0.0,0.0,0.0,0.0,0.0,0.0,1.0,0.0,1.0,0.0,0.0,0.0,0.0
472,0.416,0.385,0.445,0.711,0.478,0.056,0.078,0.329,2,2,0,0,TRAIN,3,0.0,0.0,1.0,0.0,0.0,0.0,0.0,0.0,1.0,0.0,1.0,0.0,0.0,0.0,0.0
473,0.251,0.558,0.292,0.781,0.333,0.547,0.016,0.147,1,1,1,1,TEST,8,0.0,1.0,0.0,0.0,0.0,0.0,0.0,1.0,0.0,0.0,0.0,1.0,0.0,0.0,0.0
474,0.393,0.608,0.398,0.731,0.28,0.633,0.004,0.275,3,2,3,0,TRAIN,3,0.0,0.0,0.0,1.0,0.0,0.0,0.0,0.0,1.0,0.0,0.0,0.0,0.0,1.0,0.0
475,0.425,0.377,0.469,0.0,0.718,0.087,0.547,0.515,2,2,4,0,TRAIN,2,0.0,0.0,1.0,0.0,0.0,0.0,0.0,0.0,1.0,0.0,0.0,0.0,0.0,0.0,1.0
476,0.525,0.823,0.531,0.0,0.53,1.0,0.064,0.55,0,2,1,1,TRAIN,6,1.0,0.0,0.0,0.0,0.0,0.0,0.0,0.0,1.0,0.0,0.0,1.0,0.0,0.0,0.0
477,0.204,0.617,0.256,0.945,0.158,0.651,0.005,0.141,2,2,3,0,VAL,3,0.0,0.0,1.0,0.0,0.0,0.0,0.0,0.0,1.0,0.0,0.0,0.0,0.0,1.0,0.0
478,0.232,0.598,0.263,0.829,0.313,0.604,0.011,0.139,3,2,0,0,TRAIN,3,0.0,0.0,0.0,1.0,0.0,0.0,0.0,0.0,1.0,0.0,1.0,0.0,0.0,0.0,0.0
479,0.2,0.397,0.305,0.339,0.512,0.182,0.184,0.31,2,1,0,1,TRAIN,5,0.0,0.0,1.0,0.0,0.0,0.0,0.0,1.0,0.0,0.0,1.0,0.0,0.0,0.0,0.0
480,0.457,0.24,0.361,0.349,0.585,0.03,0.472,0.477,5,3,0,1,TRAIN,7,0.0,0.0,0.0,0.0,0.0,1.0,0.0,0.0,0.0,1.0,1.0,0.0,0.0,0.0,0.0
481,0.581,0.442,0.402,0.597,0.367,0.417,0.086,0.355,3,2,0,0,TEST,3,0.0,0.0,0.0,1.0,0.0,0.0,0.0,0.0,1.0,0.0,1.0,0.0,0.0,0.0,0.0
482,0.228,0.379,0.307,0.963,0.348,0.298,0.096,0.188,0,3,0,1,TRAIN,5,1.0,0.0,0.0,0.0,0.0,0.0,0.0,0.0,0.0,1.0,1.0,0.0,0.0,0.0,0.0
483,0.421,0.409,0.589,0.0,0.702,0.201,0.52,0.612,0,2,1,0,TEST,2,1.0,0.0,0.0,0.0,0.0,0.0,0.0,0.0,1.0,0.0,0.0,1.0,0.0,0.0,0.0
484,0.454,0.575,0.535,0.0,0.595,0.624,0.253,0.532,2,0,1,0,TEST,2,0.0,0.0,1.0,0.0,0.0,0.0,1.0,0.0,0.0,0.0,0.0,1.0,0.0,0.0,0.0
485,0.557,0.504,0.469,0.676,0.441,0.632,0.03,0.423,3,2,3,1,TRAIN,3,0.0,0.0,0.0,1.0,0.0,0.0,0.0,0.0,1.0,0.0,0.0,0.0,0.0,1.0,0.0
486,0.053,0.445,0.712,1.0,0.394,0.349,0.016,0.509,1,1,0,0,TRAIN,4,0.0,1.0,0.0,0.0,0.0,0.0,0.0,1.0,0.0,0.0,1.0,0.0,0.0,0.0,0.0
487,0.379,0.578,0.499,0.71,0.442,0.607,0.025,0.289,2,0,3,0,TRAIN,3,0.0,0.0,1.0,0.0,0.0,0.0,1.0,0.0,0.0,0.0,0.0,0.0,0.0,1.0,0.0
488,0.521,0.906,0.554,0.0,0.492,0.944,0.034,0.485,3,2,0,1,TRAIN,6,0.0,0.0,0.0,1.0,0.0,0.0,0.0,0.0,1.0,0.0,1.0,0.0,0.0,0.0,0.0
489,0.458,0.564,0.456,0.725,0.429,0.634,0.03,0.358,2,2,3,0,TEST,3,0.0,0.0,1.0,0.0,0.0,0.0,0.0,0.0,1.0,0.0,0.0,0.0,0.0,1.0,0.0
490,0.432,0.562,0.387,0.566,0.352,0.394,0.018,0.315,3,2,3,1,VAL,3,0.0,0.0,0.0,1.0,0.0,0.0,0.0,0.0,1.0,0.0,0.0,0.0,0.0,1.0,0.0
491,0.628,0.841,0.655,0.0,0.67,1.0,0.128,0.662,3,2,1,1,TRAIN,6,0.0,0.0,0.0,1.0,0.0,0.0,0.0,0.0,1.0,0.0,0.0,1.0,0.0,0.0,0.0
492,0.477,0.808,0.607,0.0,0.583,0.906,0.074,0.555,3,2,1,1,TRAIN,6,0.0,0.0,0.0,1.0,0.0,0.0,0.0,0.0,1.0,0.0,0.0,1.0,0.0,0.0,0.0
493,0.456,0.168,0.873,1.0,0.601,0.0,0.202,0.954,0,0,0,0,TRAIN,7,1.0,0.0,0.0,0.0,0.0,0.0,1.0,0.0,0.0,0.0,1.0,0.0,0.0,0.0,0.0
494,0.182,0.567,0.326,0.597,0.293,0.361,0.017,0.232,2,2,2,1,VAL,3,0.0,0.0,1.0,0.0,0.0,0.0,0.0,0.0,1.0,0.0,0.0,0.0,1.0,0.0,0.0
495,0.386,0.638,0.358,0.817,0.295,0.737,0.012,0.23,1,2,0,0,TRAIN,3,0.0,1.0,0.0,0.0,0.0,0.0,0.0,0.0,1.0,0.0,1.0,0.0,0.0,0.0,0.0
496,0.357,0.162,0.318,1.0,0.457,0.0,0.238,0.325,0,3,1,0,TEST,7,1.0,0.0,0.0,0.0,0.0,0.0,0.0,0.0,0.0,1.0,0.0,1.0,0.0,0.0,0.0
497,0.426,0.482,0.476,0.6,0.546,0.437,0.113,0.4,2,3,0,0,TRAIN,3,0.0,0.0,1.0,0.0,0.0,0.0,0.0,0.0,0.0,1.0,1.0,0.0,0.0,0.0,0.0
498,0.512,0.31,0.312,0.651,0.587,0.116,0.162,0.394,0,2,0,0,TEST,7,1.0,0.0,0.0,0.0,0.0,0.0,0.0,0.0,1.0,0.0,1.0,0.0,0.0,0.0,0.0
499,0.523,0.45,0.467,0.755,0.501,0.371,0.106,0.386,2,2,0,0,TRAIN,3,0.0,0.0,1.0,0.0,0.0,0.0,0.0,0.0,1.0,0.0,1.0,0.0,0.0,0.0,0.0
500,0.845,0.342,0.625,1.0,0.392,0.123,0.029,0.511,0,0,1,0,TRAIN,4,1.0,0.0,0.0,0.0,0.0,0.0,1.0,0.0,0.0,0.0,0.0,1.0,0.0,0.0,0.0
501,0.563,0.671,0.51,0.0,0.591,0.783,0.12,0.535,0,0,0,1,TEST,1,1.0,0.0,0.0,0.0,0.0,0.0,1.0,0.0,0.0,0.0,1.0,0.0,0.0,0.0,0.0
502,0.389,0.468,0.297,0.785,0.314,0.422,0.048,0.23,3,2,3,1,TRAIN,3,0.0,0.0,0.0,1.0,0.0,0.0,0.0,0.0,1.0,0.0,0.0,0.0,0.0,1.0,0.0
503,0.879,0.339,0.744,1.0,0.547,0.089,0.264,0.755,0,1,0,0,TRAIN,7,1.0,0.0,0.0,0.0,0.0,0.0,0.0,1.0,0.0,0.0,1.0,0.0,0.0,0.0,0.0
504,0.482,0.438,0.466,1.0,0.201,0.507,0.004,0.18,2,1,1,0,VAL,8,0.0,0.0,1.0,0.0,0.0,0.0,0.0,1.0,0.0,0.0,0.0,1.0,0.0,0.0,0.0
505,0.283,0.538,0.326,0.829,0.225,0.458,0.01,0.154,3,3,1,0,VAL,3,0.0,0.0,0.0,1.0,0.0,0.0,0.0,0.0,0.0,1.0,0.0,1.0,0.0,0.0,0.0
506,0.36,0.517,0.299,0.912,0.352,0.318,0.018,0.194,2,2,3,0,TRAIN,3,0.0,0.0,1.0,0.0,0.0,0.0,0.0,0.0,1.0,0.0,0.0,0.0,0.0,1.0,0.0
507,0.692,0.24,0.52,1.0,0.489,0.096,0.264,0.543,0,0,3,0,TEST,7,1.0,0.0,0.0,0.0,0.0,0.0,1.0,0.0,0.0,0.0,0.0,0.0,0.0,1.0,0.0
508,0.041,0.42,0.204,0.77,0.222,0.504,0.011,0.102,3,2,0,1,TRAIN,3,0.0,0.0,0.0,1.0,0.0,0.0,0.0,0.0,1.0,0.0,1.0,0.0,0.0,0.0,0.0
509,0.546,0.501,0.522,0.775,0.446,0.29,0.055,0.339,3,2,0,0,TRAIN,3,0.0,0.0,0.0,1.0,0.0,0.0,0.0,0.0,1.0,0.0,1.0,0.0,0.0,0.0,0.0
510,0.383,0.55,0.33,0.915,0.181,0.483,0.007,0.176,2,2,0,1,TRAIN,3,0.0,0.0,1.0,0.0,0.0,0.0,0.0,0.0,1.0,0.0,1.0,0.0,0.0,0.0,0.0
511,0.296,0.544,0.364,0.568,0.3,0.442,0.024,0.212,3,0,0,1,TEST,3,0.0,0.0,0.0,1.0,0.0,0.0,1.0,0.0,0.0,0.0,1.0,0.0,0.0,0.0,0.0
512,0.446,0.586,0.495,0.0,0.653,0.386,0.357,0.484,2,2,1,1,VAL,2,0.0,0.0,1.0,0.0,0.0,0.0,0.0,0.0,1.0,0.0,0.0,1.0,0.0,0.0,0.0
513,0.444,0.774,0.495,0.0,0.398,0.786,0.032,0.322,3,0,0,0,TRAIN,1,0.0,0.0,0.0,1.0,0.0,0.0,1.0,0.0,0.0,0.0,1.0,0.0,0.0,0.0,0.0
514,0.538,0.755,0.515,0.0,0.607,0.709,0.265,0.535,0,2,1,1,TRAIN,6,1.0,0.0,0.0,0.0,0.0,0.0,0.0,0.0,1.0,0.0,0.0,1.0,0.0,0.0,0.0
515,0.06,0.521,0.175,0.562,0.271,0.51,0.018,0.074,4,1,2,0,TEST,5,0.0,0.0,0.0,0.0,1.0,0.0,0.0,1.0,0.0,0.0,0.0,0.0,1.0,0.0,0.0
516,0.196,0.491,0.312,0.729,0.359,0.41,0.056,0.207,2,0,0,1,TRAIN,3,0.0,0.0,1.0,0.0,0.0,0.0,1.0,0.0,0.0,0.0,1.0,0.0,0.0,0.0,0.0
517,0.193,0.521,0.301,1.0,0.171,0.534,0.005,0.111,0,2,0,1,TEST,5,1.0,0.0,0.0,0.0,0.0,0.0,0.0,0.0,1.0,0.0,1.0,0.0,0.0,0.0,0.0
518,0.624,0.782,0.577,0.0,0.683,0.975,0.292,0.687,3,2,1,1,TRAIN,6,0.0,0.0,0.0,1.0,0.0,0.0,0.0,0.0,1.0,0.0,0.0,1.0,0.0,0.0,0.0
519,0.428,0.63,0.451,0.83,0.216,0.609,0.02,0.296,2,2,0,0,TEST,3,0.0,0.0,1.0,0.0,0.0,0.0,0.0,0.0,1.0,0.0,1.0,0.0,0.0,0.0,0.0
520,0.353,0.448,0.373,0.631,0.357,0.427,0.068,0.28,3,2,3,1,TRAIN,3,0.0,0.0,0.0,1.0,0.0,0.0,0.0,0.0,1.0,0.0,0.0,0.0,0.0,1.0,0.0
521,0.42,0.58,0.373,0.676,0.303,0.563,0.01,0.242,2,2,3,0,TEST,3,0.0,0.0,1.0,0.0,0.0,0.0,0.0,0.0,1.0,0.0,0.0,0.0,0.0,1.0,0.0
522,0.42,0.459,0.392,0.893,0.296,0.359,0.016,0.252,5,2,0,0,TRAIN,3,0.0,0.0,0.0,0.0,0.0,1.0,0.0,0.0,1.0,0.0,1.0,0.0,0.0,0.0,0.0
523,0.733,0.457,0.57,1.0,0.382,0.443,0.036,0.442,0,0,1,1,TRAIN,4,1.0,0.0,0.0,0.0,0.0,0.0,1.0,0.0,0.0,0.0,0.0,1.0,0.0,0.0,0.0
524,0.579,0.772,0.594,0.0,0.733,0.91,0.256,0.689,3,3,0,1,TRAIN,6,0.0,0.0,0.0,1.0,0.0,0.0,0.0,0.0,0.0,1.0,1.0,0.0,0.0,0.0,0.0
525,0.927,0.306,0.615,1.0,0.596,0.206,0.096,0.666,0,0,0,0,TEST,4,1.0,0.0,0.0,0.0,0.0,0.0,1.0,0.0,0.0,0.0,1.0,0.0,0.0,0.0,0.0
526,0.143,0.382,0.176,0.975,0.138,0.394,0.011,0.064,3,2,3,1,TRAIN,3,0.0,0.0,0.0,1.0,0.0,0.0,0.0,0.0,1.0,0.0,0.0,0.0,0.0,1.0,0.0
527,0.223,0.508,0.29,0.539,0.426,0.461,0.046,0.193,3,1,2,1,TRAIN,5,0.0,0.0,0.0,1.0,0.0,0.0,0.0,1.0,0.0,0.0,0.0,0.0,1.0,0.0,0.0
528,0.402,0.567,0.404,0.802,0.284,0.691,0.013,0.194,3,2,0,0,TRAIN,3,0.0,0.0,0.0,1.0,0.0,0.0,0.0,0.0,1.0,0.0,1.0,0.0,0.0,0.0,0.0
529,0.308,0.636,0.381,0.522,0.336,0.571,0.011,0.149,3,3,0,1,TRAIN,3,0.0,0.0,0.0,1.0,0.0,0.0,0.0,0.0,0.0,1.0,1.0,0.0,0.0,0.0,0.0
530,0.405,0.855,0.431,0.0,0.446,1.0,0.05,0.424,0,0,0,0,TRAIN,1,1.0,0.0,0.0,0.0,0.0,0.0,1.0,0.0,0.0,0.0,1.0,0.0,0.0,0.0,0.0
531,0.479,0.933,0.587,0.0,0.503,1.0,0.016,0.443,3,2,2,1,VAL,6,0.0,0.0,0.0,1.0,0.0,0.0,0.0,0.0,1.0,0.0,0.0,0.0,1.0,0.0,0.0
532,0.528,0.322,0.559,0.702,0.613,0.126,0.236,0.46,4,0,1,1,TRAIN,7,0.0,0.0,0.0,0.0,1.0,0.0,1.0,0.0,0.0,0.0,0.0,1.0,0.0,0.0,0.0
533,0.725,0.466,0.584,0.569,0.467,0.532,0.197,0.53,2,3,0,0,TRAIN,3,0.0,0.0,1.0,0.0,0.0,0.0,0.0,0.0,0.0,1.0,1.0,0.0,0.0,0.0,0.0
534,0.362,0.478,0.297,0.702,0.36,0.342,0.024,0.184,2,2,3,0,TRAIN,3,0.0,0.0,1.0,0.0,0.0,0.0,0.0,0.0,1.0,0.0,0.0,0.0,0.0,1.0,0.0
535,0.591,0.55,0.565,0.632,0.43,0.701,0.017,0.353,3,2,0,1,TRAIN,3,0.0,0.0,0.0,1.0,0.0,0.0,0.0,0.0,1.0,0.0,1.0,0.0,0.0,0.0,0.0
536,0.444,0.523,0.458,0.522,0.404,0.404,0.085,0.392,3,2,1,0,TEST,3,0.0,0.0,0.0,1.0,0.0,0.0,0.0,0.0,1.0,0.0,0.0,1.0,0.0,0.0,0.0
537,0.454,0.557,0.397,0.721,0.454,0.522,0.016,0.287,2,2,3,1,TRAIN,3,0.0,0.0,1.0,0.0,0.0,0.0,0.0,0.0,1.0,0.0,0.0,0.0,0.0,1.0,0.0
538,0.647,0.859,0.623,0.0,0.399,1.0,0.029,0.626,3,2,1,1,TRAIN,6,0.0,0.0,0.0,1.0,0.0,0.0,0.0,0.0,1.0,0.0,0.0,1.0,0.0,0.0,0.0
539,0.064,0.488,0.206,0.577,0.399,0.371,0.043,0.156,3,2,2,0,TRAIN,5,0.0,0.0,0.0,1.0,0.0,0.0,0.0,0.0,1.0,0.0,0.0,0.0,1.0,0.0,0.0
540,0.335,0.558,0.326,0.846,0.439,0.556,0.014,0.245,3,2,1,1,VAL,3,0.0,0.0,0.0,1.0,0.0,0.0,0.0,0.0,1.0,0.0,0.0,1.0,0.0,0.0,0.0
541,0.219,0.517,0.189,0.53,0.401,0.503,0.024,0.125,0,1,2,0,TEST,5,1.0,0.0,0.0,0.0,0.0,0.0,0.0,1.0,0.0,0.0,0.0,0.0,1.0,0.0,0.0
542,0.134,0.544,0.242,0.69,0.266,0.67,0.01,0.049,0,1,4,0,TRAIN,5,1.0,0.0,0.0,0.0,0.0,0.0,0.0,1.0,0.0,0.0,0.0,0.0,0.0,0.0,1.0
543,0.611,0.464,0.498,0.761,0.554,0.332,0.112,0.47,2,2,3,1,VAL,3,0.0,0.0,1.0,0.0,0.0,0.0,0.0,0.0,1.0,0.0,0.0,0.0,0.0,1.0,0.0
544,0.42,0.582,0.382,0.913,0.21,0.501,0.008,0.243,2,0,0,0,TEST,3,0.0,0.0,1.0,0.0,0.0,0.0,1.0,0.0,0.0,0.0,1.0,0.0,0.0,0.0,0.0
545,0.706,0.207,0.541,1.0,0.513,0.0,0.151,0.43,0,3,0,0,TRAIN,7,1.0,0.0,0.0,0.0,0.0,0.0,0.0,0.0,0.0,1.0,1.0,0.0,0.0,0.0,0.0
546,0.553,0.693,0.515,0.085,0.542,0.752,0.076,0.532,0,2,4,0,TRAIN,1,1.0,0.0,0.0,0.0,0.0,0.0,0.0,0.0,1.0,0.0,0.0,0.0,0.0,0.0,1.0
547,0.777,0.833,0.642,0.0,0.585,0.887,0.077,0.679,3,2,0,1,TRAIN,6,0.0,0.0,0.0,1.0,0.0,0.0,0.0,0.0,1.0,0.0,1.0,0.0,0.0,0.0,0.0
548,0.676,0.802,0.697,0.0,0.607,1.0,0.179,0.748,0,0,1,1,TRAIN,6,1.0,0.0,0.0,0.0,0.0,0.0,1.0,0.0,0.0,0.0,0.0,1.0,0.0,0.0,0.0
549,0.523,0.525,0.445,0.681,0.379,0.37,0.084,0.319,3,1,0,0,TRAIN,3,0.0,0.0,0.0,1.0,0.0,0.0,0.0,1.0,0.0,0.0,1.0,0.0,0.0,0.0,0.0
550,0.316,0.509,0.362,0.738,0.277,0.519,0.022,0.161,3,2,0,1,TRAIN,3,0.0,0.0,0.0,1.0,0.0,0.0,0.0,0.0,1.0,0.0,1.0,0.0,0.0,0.0,0.0
551,0.498,0.591,0.438,0.733,0.425,0.81,0.01,0.225,2,1,1,1,TRAIN,8,0.0,0.0,1.0,0.0,0.0,0.0,0.0,1.0,0.0,0.0,0.0,1.0,0.0,0.0,0.0
552,0.465,0.544,0.389,0.881,0.26,0.498,0.011,0.219,1,0,0,1,TRAIN,3,0.0,1.0,0.0,0.0,0.0,0.0,1.0,0.0,0.0,0.0,1.0,0.0,0.0,0.0,0.0
553,0.611,0.478,0.524,1.0,0.337,0.396,0.036,0.386,2,1,1,1,VAL,4,0.0,0.0,1.0,0.0,0.0,0.0,0.0,1.0,0.0,0.0,0.0,1.0,0.0,0.0,0.0
554,0.557,0.592,0.568,0.843,0.386,0.57,0.018,0.416,2,3,0,1,TRAIN,3,0.0,0.0,1.0,0.0,0.0,0.0,0.0,0.0,0.0,1.0,1.0,0.0,0.0,0.0,0.0
555,0.309,0.609,0.33,0.712,0.313,0.57,0.005,0.172,3,0,1,0,VAL,3,0.0,0.0,0.0,1.0,0.0,0.0,1.0,0.0,0.0,0.0,0.0,1.0,0.0,0.0,0.0
556,0.519,0.911,0.618,0.0,0.456,1.0,0.024,0.507,0,1,0,1,VAL,6,1.0,0.0,0.0,0.0,0.0,0.0,0.0,1.0,0.0,0.0,1.0,0.0,0.0,0.0,0.0
557,0.482,0.546,0.429,0.685,0.42,0.604,0.017,0.29,3,3,0,0,TEST,3,0.0,0.0,0.0,1.0,0.0,0.0,0.0,0.0,0.0,1.0,1.0,0.0,0.0,0.0,0.0
558,0.28,0.638,0.39,0.54,0.323,0.856,0.011,0.22,2,3,0,0,TEST,3,0.0,0.0,1.0,0.0,0.0,0.0,0.0,0.0,0.0,1.0,1.0,0.0,0.0,0.0,0.0
559,0.535,0.882,0.605,0.0,0.472,1.0,0.047,0.599,0,2,0,1,TEST,6,1.0,0.0,0.0,0.0,0.0,0.0,0.0,0.0,1.0,0.0,1.0,0.0,0.0,0.0,0.0
560,0.154,0.51,0.27,0.724,0.381,0.309,0.027,0.158,2,2,0,0,TEST,3,0.0,0.0,1.0,0.0,0.0,0.0,0.0,0.0,1.0,0.0,1.0,0.0,0.0,0.0,0.0
561,0.155,0.511,0.296,0.825,0.301,0.47,0.016,0.16,2,3,3,0,VAL,3,0.0,0.0,1.0,0.0,0.0,0.0,0.0,0.0,0.0,1.0,0.0,0.0,0.0,1.0,0.0
562,0.382,0.262,0.347,1.0,0.357,0.169,0.065,0.235,4,3,0,1,TRAIN,4,0.0,0.0,0.0,0.0,1.0,0.0,0.0,0.0,0.0,1.0,1.0,0.0,0.0,0.0,0.0
563,0.562,0.791,0.722,0.0,0.616,0.913,0.237,0.612,3,2,2,1,VAL,6,0.0,0.0,0.0,1.0,0.0,0.0,0.0,0.0,1.0,0.0,0.0,0.0,1.0,0.0,0.0
564,0.679,0.345,0.538,0.181,0.706,0.274,0.4,0.629,2,1,1,0,TRAIN,2,0.0,0.0,1.0,0.0,0.0,0.0,0.0,1.0,0.0,0.0,0.0,1.0,0.0,0.0,0.0
565,0.396,0.632,0.42,0.765,0.239,0.515,0.006,0.253,1,2,0,1,TRAIN,3,0.0,1.0,0.0,0.0,0.0,0.0,0.0,0.0,1.0,0.0,1.0,0.0,0.0,0.0,0.0
566,0.309,0.52,0.369,0.649,0.289,0.574,0.018,0.277,3,2,0,0,TEST,3,0.0,0.0,0.0,1.0,0.0,0.0,0.0,0.0,1.0,0.0,1.0,0.0,0.0,0.0,0.0
567,0.341,0.592,0.438,0.588,0.38,0.484,0.016,0.282,3,2,3,0,VAL,3,0.0,0.0,0.0,1.0,0.0,0.0,0.0,0.0,1.0,0.0,0.0,0.0,0.0,1.0,0.0
568,0.418,0.553,0.406,0.749,0.289,0.544,0.015,0.222,2,2,0,0,TRAIN,3,0.0,0.0,1.0,0.0,0.0,0.0,0.0,0.0,1.0,0.0,1.0,0.0,0.0,0.0,0.0
569,0.36,0.493,0.49,0.0,0.819,0.421,0.522,0.602,3,1,4,0,TRAIN,2,0.0,0.0,0.0,1.0,0.0,0.0,0.0,1.0,0.0,0.0,0.0,0.0,0.0,0.0,1.0
570,0.724,0.156,0.372,1.0,0.507,0.028,0.254,0.441,0,1,0,0,TEST,7,1.0,0.0,0.0,0.0,0.0,0.0,0.0,1.0,0.0,0.0,1.0,0.0,0.0,0.0,0.0
571,0.516,0.808,0.658,0.0,0.645,0.792,0.197,0.716,3,2,3,1,TRAIN,6,0.0,0.0,0.0,1.0,0.0,0.0,0.0,0.0,1.0,0.0,0.0,0.0,0.0,1.0,0.0
572,0.404,0.559,0.534,0.669,0.324,0.251,0.024,0.365,3,3,0,0,TEST,3,0.0,0.0,0.0,1.0,0.0,0.0,0.0,0.0,0.0,1.0,1.0,0.0,0.0,0.0,0.0
573,0.999,0.489,0.078,1.0,0.173,0.443,0.003,0.026,2,2,0,0,TRAIN,3,0.0,0.0,1.0,0.0,0.0,0.0,0.0,0.0,1.0,0.0,1.0,0.0,0.0,0.0,0.0
574,0.448,0.464,0.534,0.0,0.728,0.367,0.441,0.554,2,1,1,0,TEST,2,0.0,0.0,1.0,0.0,0.0,0.0,0.0,1.0,0.0,0.0,0.0,1.0,0.0,0.0,0.0
575,0.517,0.769,0.621,0.0,0.503,0.97,0.185,0.602,2,2,0,1,TRAIN,6,0.0,0.0,1.0,0.0,0.0,0.0,0.0,0.0,1.0,0.0,1.0,0.0,0.0,0.0,0.0
576,0.314,0.69,0.42,0.551,0.253,0.589,0.013,0.241,3,0,1,1,TEST,3,0.0,0.0,0.0,1.0,0.0,0.0,1.0,0.0,0.0,0.0,0.0,1.0,0.0,0.0,0.0
577,0.364,0.58,0.457,0.59,0.281,0.596,0.03,0.336,3,3,3,0,VAL,3,0.0,0.0,0.0,1.0,0.0,0.0,0.0,0.0,0.0,1.0,0.0,0.0,0.0,1.0,0.0
578,0.424,0.572,0.484,0.608,0.225,0.494,0.039,0.266,2,2,0,1,TRAIN,3,0.0,0.0,1.0,0.0,0.0,0.0,0.0,0.0,1.0,0.0,1.0,0.0,0.0,0.0,0.0
579,0.52,0.412,0.423,0.0,0.835,0.447,0.651,0.607,2,1,4,0,TRAIN,2,0.0,0.0,1.0,0.0,0.0,0.0,0.0,1.0,0.0,0.0,0.0,0.0,0.0,0.0,1.0
580,0.574,0.742,0.545,0.0,0.64,0.772,0.302,0.674,2,1,1,1,TRAIN,6,0.0,0.0,1.0,0.0,0.0,0.0,0.0,1.0,0.0,0.0,0.0,1.0,0.0,0.0,0.0
581,0.27,0.511,0.344,1.0,0.353,0.503,0.014,0.206,3,1,1,0,TRAIN,3,0.0,0.0,0.0,1.0,0.0,0.0,0.0,1.0,0.0,0.0,0.0,1.0,0.0,0.0,0.0
582,0.348,0.533,0.359,0.69,0.346,0.493,0.015,0.174,3,2,0,0,TRAIN,3,0.0,0.0,0.0,1.0,0.0,0.0,0.0,0.0,1.0,0.0,1.0,0.0,0.0,0.0,0.0
583,0.285,0.554,0.369,0.654,0.338,0.442,0.009,0.182,3,2,0,0,TRAIN,3,0.0,0.0,0.0,1.0,0.0,0.0,0.0,0.0,1.0,0.0,1.0,0.0,0.0,0.0,0.0
584,0.533,0.453,0.384,0.556,0.417,0.459,0.04,0.296,2,2,3,1,VAL,3,0.0,0.0,1.0,0.0,0.0,0.0,0.0,0.0,1.0,0.0,0.0,0.0,0.0,1.0,0.0
585,0.102,0.471,0.243,0.88,0.3,0.476,0.007,0.097,2,2,0,0,TRAIN,3,0.0,0.0,1.0,0.0,0.0,0.0,0.0,0.0,1.0,0.0,1.0,0.0,0.0,0.0,0.0
586,0.571,0.514,0.521,0.613,0.44,0.337,0.047,0.422,3,2,2,1,TRAIN,3,0.0,0.0,0.0,1.0,0.0,0.0,0.0,0.0,1.0,0.0,0.0,0.0,1.0,0.0,0.0
587,0.18,0.226,0.217,0.422,0.615,0.071,0.309,0.252,0,0,0,1,TRAIN,7,1.0,0.0,0.0,0.0,0.0,0.0,1.0,0.0,0.0,0.0,1.0,0.0,0.0,0.0,0.0
588,0.327,0.615,0.397,0.913,0.252,0.653,0.025,0.261,5,2,0,1,VAL,3,0.0,0.0,0.0,0.0,0.0,1.0,0.0,0.0,1.0,0.0,1.0,0.0,0.0,0.0,0.0
589,0.394,0.536,0.413,0.665,0.33,0.55,0.033,0.269,2,2,1,1,TRAIN,3,0.0,0.0,1.0,0.0,0.0,0.0,0.0,0.0,1.0,0.0,0.0,1.0,0.0,0.0,0.0
590,0.56,0.751,0.642,0.0,0.72,0.955,0.394,0.73,2,2,2,1,VAL,6,0.0,0.0,1.0,0.0,0.0,0.0,0.0,0.0,1.0,0.0,0.0,0.0,1.0,0.0,0.0
591,0.248,0.557,0.327,0.676,0.197,0.542,0.015,0.187,3,3,0,0,VAL,3,0.0,0.0,0.0,1.0,0.0,0.0,0.0,0.0,0.0,1.0,1.0,0.0,0.0,0.0,0.0
592,0.201,0.408,0.797,0.9,0.793,0.202,0.384,0.855,0,1,0,0,TRAIN,7,1.0,0.0,0.0,0.0,0.0,0.0,0.0,1.0,0.0,0.0,1.0,0.0,0.0,0.0,0.0
593,0.706,0.224,0.452,0.874,0.587,0.0,0.316,0.544,0,1,3,0,TEST,7,1.0,0.0,0.0,0.0,0.0,0.0,0.0,1.0,0.0,0.0,0.0,0.0,0.0,1.0,0.0
594,0.272,0.501,0.313,0.871,0.294,0.459,0.013,0.202,2,2,3,1,TRAIN,3,0.0,0.0,1.0,0.0,0.0,0.0,0.0,0.0,1.0,0.0,0.0,0.0,0.0,1.0,0.0
595,0.437,0.64,0.409,0.603,0.366,0.745,0.009,0.298,3,2,0,1,TRAIN,3,0.0,0.0,0.0,1.0,0.0,0.0,0.0,0.0,1.0,0.0,1.0,0.0,0.0,0.0,0.0
596,0.429,0.383,0.376,0.74,0.523,0.286,0.046,0.312,2,1,3,0,TRAIN,3,0.0,0.0,1.0,0.0,0.0,0.0,0.0,1.0,0.0,0.0,0.0,0.0,0.0,1.0,0.0
597,0.157,0.556,0.293,0.308,0.336,0.459,0.021,0.113,2,1,2,0,TRAIN,5,0.0,0.0,1.0,0.0,0.0,0.0,0.0,1.0,0.0,0.0,0.0,0.0,1.0,0.0,0.0
598,0.377,0.593,0.377,0.803,0.204,0.538,0.014,0.243,2,2,0,0,TRAIN,3,0.0,0.0,1.0,0.0,0.0,0.0,0.0,0.0,1.0,0.0,1.0,0.0,0.0,0.0,0.0
599,0.395,0.589,0.362,0.753,0.338,0.528,0.026,0.26,3,2,0,1,TRAIN,3,0.0,0.0,0.0,1.0,0.0,0.0,0.0,0.0,1.0,0.0,1.0,0.0,0.0,0.0,0.0
600,0.397,0.558,0.363,0.624,0.364,0.418,0.028,0.323,3,2,0,1,TRAIN,3,0.0,0.0,0.0,1.0,0.0,0.0,0.0,0.0,1.0,0.0,1.0,0.0,0.0,0.0,0.0
601,0.561,0.697,0.571,0.218,0.432,0.768,0.036,0.463,2,2,0,1,TEST,3,0.0,0.0,1.0,0.0,0.0,0.0,0.0,0.0,1.0,0.0,1.0,0.0,0.0,0.0,0.0
602,0.74,0.24,0.593,0.917,0.612,0.024,0.347,0.617,4,1,0,0,TRAIN,7,0.0,0.0,0.0,0.0,1.0,0.0,0.0,1.0,0.0,0.0,1.0,0.0,0.0,0.0,0.0
603,0.858,0.326,0.623,1.0,0.344,0.182,0.075,0.514,4,3,4,0,TRAIN,4,0.0,0.0,0.0,0.0,1.0,0.0,0.0,0.0,0.0,1.0,0.0,0.0,0.0,0.0,1.0
604,0.428,0.562,0.397,0.743,0.443,0.378,0.036,0.321,5,3,3,0,TRAIN,3,0.0,0.0,0.0,0.0,0.0,1.0,0.0,0.0,0.0,1.0,0.0,0.0,0.0,1.0,0.0
605,0.381,0.408,0.31,0.833,0.341,0.258,0.022,0.205,2,0,0,0,TEST,3,0.0,0.0,1.0,0.0,0.0,0.0,1.0,0.0,0.0,0.0,1.0,0.0,0.0,0.0,0.0
606,0.793,0.407,0.657,1.0,0.426,0.224,0.035,0.489,4,0,1,1,VAL,4,0.0,0.0,0.0,0.0,1.0,0.0,1.0,0.0,0.0,0.0,0.0,1.0,0.0,0.0,0.0
607,0.334,0.61,0.35,0.828,0.196,0.626,0.003,0.188,3,0,0,0,TEST,3,0.0,0.0,0.0,1.0,0.0,0.0,1.0,0.0,0.0,0.0,1.0,0.0,0.0,0.0,0.0
608,0.78,0.784,0.646,0.0,0.748,0.719,0.148,0.72,4,0,1,1,VAL,6,0.0,0.0,0.0,0.0,1.0,0.0,1.0,0.0,0.0,0.0,0.0,1.0,0.0,0.0,0.0
609,0.453,0.607,0.507,0.044,0.4,0.745,0.097,0.429,0,0,4,1,TRAIN,1,1.0,0.0,0.0,0.0,0.0,0.0,1.0,0.0,0.0,0.0,0.0,0.0,0.0,0.0,1.0
610,0.464,0.599,0.418,0.812,0.26,0.621,0.034,0.289,3,2,0,1,TEST,3,0.0,0.0,0.0,1.0,0.0,0.0,0.0,0.0,1.0,0.0,1.0,0.0,0.0,0.0,0.0
611,0.853,0.47,0.748,1.0,0.566,0.371,0.071,0.63,0,0,2,0,TEST,4,1.0,0.0,0.0,0.0,0.0,0.0,1.0,0.0,0.0,0.0,0.0,0.0,1.0,0.0,0.0
612,0.628,0.471,0.497,0.673,0.415,0.623,0.041,0.424,5,2,0,1,VAL,3,0.0,0.0,0.0,0.0,0.0,1.0,0.0,0.0,1.0,0.0,1.0,0.0,0.0,0.0,0.0
613,0.502,0.88,0.522,0.0,0.593,1.0,0.032,0.451,4,2,1,1,TRAIN,6,0.0,0.0,0.0,0.0,1.0,0.0,0.0,0.0,1.0,0.0,0.0,1.0,0.0,0.0,0.0
614,0.077,0.436,0.782,0.747,0.734,0.226,0.347,0.837,0,0,1,0,TRAIN,7,1.0,0.0,0.0,0.0,0.0,0.0,1.0,0.0,0.0,0.0,0.0,1.0,0.0,0.0,0.0
615,0.546,0.802,0.478,0.0,0.54,0.866,0.145,0.548,0,2,2,0,TRAIN,6,1.0,0.0,0.0,0.0,0.0,0.0,0.0,0.0,1.0,0.0,0.0,0.0,1.0,0.0,0.0
616,0.881,0.415,0.711,1.0,0.59,0.354,0.092,0.653,2,0,1,1,TEST,4,0.0,0.0,1.0,0.0,0.0,0.0,1.0,0.0,0.0,0.0,0.0,1.0,0.0,0.0,0.0
617,0.963,0.426,0.116,0.91,0.222,0.378,0.014,0.0,2,0,0,1,VAL,8,0.0,0.0,1.0,0.0,0.0,0.0,1.0,0.0,0.0,0.0,1.0,0.0,0.0,0.0,0.0
618,0.426,0.481,0.416,0.485,0.476,0.433,0.041,0.338,3,2,3,0,TRAIN,3,0.0,0.0,0.0,1.0,0.0,0.0,0.0,0.0,1.0,0.0,0.0,0.0,0.0,1.0,0.0
619,0.51,0.432,0.432,0.617,0.458,0.357,0.084,0.437,1,2,3,0,TRAIN,3,0.0,1.0,0.0,0.0,0.0,0.0,0.0,0.0,1.0,0.0,0.0,0.0,0.0,1.0,0.0
620,0.326,0.569,0.394,0.583,0.357,0.652,0.013,0.179,3,0,0,0,TRAIN,3,0.0,0.0,0.0,1.0,0.0,0.0,1.0,0.0,0.0,0.0,1.0,0.0,0.0,0.0,0.0
621,0.569,0.399,0.449,0.991,0.481,0.324,0.124,0.441,2,0,1,1,TRAIN,4,0.0,0.0,1.0,0.0,0.0,0.0,1.0,0.0,0.0,0.0,0.0,1.0,0.0,0.0,0.0
622,0.464,0.612,0.473,0.544,0.517,0.518,0.024,0.398,2,3,0,0,TRAIN,3,0.0,0.0,1.0,0.0,0.0,0.0,0.0,0.0,0.0,1.0,1.0,0.0,0.0,0.0,0.0
623,0.378,0.43,0.381,0.725,0.318,0.364,0.081,0.286,1,2,1,0,TRAIN,3,0.0,1.0,0.0,0.0,0.0,0.0,0.0,0.0,1.0,0.0,0.0,1.0,0.0,0.0,0.0
624,0.476,0.617,0.549,0.553,0.422,0.629,0.016,0.431,2,3,3,0,TRAIN,3,0.0,0.0,1.0,0.0,0.0,0.0,0.0,0.0,0.0,1.0,0.0,0.0,0.0,1.0,0.0
625,0.557,0.578,0.473,0.55,0.409,0.629,0.047,0.439,2,2,3,0,TRAIN,3,0.0,0.0,1.0,0.0,0.0,0.0,0.0,0.0,1.0,0.0,0.0,0.0,0.0,1.0,0.0
626,0.625,0.234,0.504,1.0,0.412,0.106,0.124,0.393,2,0,0,0,TRAIN,7,0.0,0.0,1.0,0.0,0.0,0.0,1.0,0.0,0.0,0.0,1.0,0.0,0.0,0.0,0.0
627,0.338,0.29,0.264,1.0,0.43,0.076,0.074,0.196,4,3,0,0,TEST,7,0.0,0.0,0.0,0.0,1.0,0.0,0.0,0.0,0.0,1.0,1.0,0.0,0.0,0.0,0.0
628,0.343,0.528,0.395,0.71,0.424,0.452,0.024,0.173,2,2,0,0,TRAIN,3,0.0,0.0,1.0,0.0,0.0,0.0,0.0,0.0,1.0,0.0,1.0,0.0,0.0,0.0,0.0
629,0.204,0.427,0.195,0.883,0.347,0.606,0.035,0.221,3,2,3,0,VAL,3,0.0,0.0,0.0,1.0,0.0,0.0,0.0,0.0,1.0,0.0,0.0,0.0,0.0,1.0,0.0
630,0.99,0.388,0.776,1.0,0.612,0.147,0.041,0.695,0,0,1,1,TRAIN,4,1.0,0.0,0.0,0.0,0.0,0.0,1.0,0.0,0.0,0.0,0.0,1.0,0.0,0.0,0.0
631,0.477,0.459,0.391,0.701,0.467,0.298,0.097,0.262,2,2,3,0,VAL,3,0.0,0.0,1.0,0.0,0.0,0.0,0.0,0.0,1.0,0.0,0.0,0.0,0.0,1.0,0.0
632,0.406,0.562,0.35,0.549,0.394,0.628,0.011,0.245,2,2,0,1,TRAIN,3,0.0,0.0,1.0,0.0,0.0,0.0,0.0,0.0,1.0,0.0,1.0,0.0,0.0,0.0,0.0
633,0.319,0.581,0.443,0.742,0.284,0.354,0.015,0.232,3,0,0,1,VAL,3,0.0,0.0,0.0,1.0,0.0,0.0,1.0,0.0,0.0,0.0,1.0,0.0,0.0,0.0,0.0
634,0.735,0.187,0.436,0.99,0.601,0.0,0.264,0.521,0,0,0,0,TRAIN,7,1.0,0.0,0.0,0.0,0.0,0.0,1.0,0.0,0.0,0.0,1.0,0.0,0.0,0.0,0.0
635,0.423,0.561,0.5,0.788,0.375,0.371,0.027,0.29,3,2,0,0,TRAIN,3,0.0,0.0,0.0,1.0,0.0,0.0,0.0,0.0,1.0,0.0,1.0,0.0,0.0,0.0,0.0
636,0.238,0.509,0.431,0.579,0.338,0.288,0.076,0.362,2,2,0,0,TRAIN,3,0.0,0.0,1.0,0.0,0.0,0.0,0.0,0.0,1.0,0.0,1.0,0.0,0.0,0.0,0.0
637,0.467,0.506,0.463,0.351,0.632,0.551,0.127,0.426,2,1,1,1,VAL,2,0.0,0.0,1.0,0.0,0.0,0.0,0.0,1.0,0.0,0.0,0.0,1.0,0.0,0.0,0.0
638,0.272,0.581,0.381,0.645,0.252,0.605,0.025,0.17,2,0,0,0,VAL,3,0.0,0.0,1.0,0.0,0.0,0.0,1.0,0.0,0.0,0.0,1.0,0.0,0.0,0.0,0.0
639,0.762,0.102,0.572,1.0,0.585,0.0,0.269,0.581,0,2,0,0,TEST,7,1.0,0.0,0.0,0.0,0.0,0.0,0.0,0.0,1.0,0.0,1.0,0.0,0.0,0.0,0.0
640,0.558,0.528,0.402,0.818,0.292,0.496,0.042,0.267,2,2,0,1,VAL,3,0.0,0.0,1.0,0.0,0.0,0.0,0.0,0.0,1.0,0.0,1.0,0.0,0.0,0.0,0.0
641,0.561,0.836,0.633,0.0,0.65,1.0,0.169,0.668,3,3,1,1,TRAIN,6,0.0,0.0,0.0,1.0,0.0,0.0,0.0,0.0,0.0,1.0,0.0,1.0,0.0,0.0,0.0
642,0.374,0.465,0.345,0.886,0.397,0.256,0.044,0.269,0,3,3,1,TRAIN,3,1.0,0.0,0.0,0.0,0.0,0.0,0.0,0.0,0.0,1.0,0.0,0.0,0.0,1.0,0.0
643,0.185,0.528,0.169,1.0,0.162,0.403,0.005,0.075,3,2,3,0,TRAIN,3,0.0,0.0,0.0,1.0,0.0,0.0,0.0,0.0,1.0,0.0,0.0,0.0,0.0,1.0,0.0
644,0.947,0.387,0.667,1.0,0.687,0.322,0.33,0.719,0,3,0,0,TRAIN,7,1.0,0.0,0.0,0.0,0.0,0.0,0.0,0.0,0.0,1.0,1.0,0.0,0.0,0.0,0.0
645,0.692,0.258,0.572,0.975,0.505,0.299,0.28,0.47,5,0,0,1,VAL,7,0.0,0.0,0.0,0.0,0.0,1.0,1.0,0.0,0.0,0.0,1.0,0.0,0.0,0.0,0.0
646,0.173,0.413,0.275,1.0,0.27,0.481,0.01,0.139,2,2,0,0,VAL,3,0.0,0.0,1.0,0.0,0.0,0.0,0.0,0.0,1.0,0.0,1.0,0.0,0.0,0.0,0.0
647,0.061,0.58,0.184,0.691,0.343,0.597,0.006,0.046,1,1,0,1,VAL,8,0.0,1.0,0.0,0.0,0.0,0.0,0.0,1.0,0.0,0.0,1.0,0.0,0.0,0.0,0.0
648,0.192,0.536,0.236,0.88,0.232,0.628,0.004,0.098,3,2,0,0,VAL,3,0.0,0.0,0.0,1.0,0.0,0.0,0.0,0.0,1.0,0.0,1.0,0.0,0.0,0.0,0.0
649,0.379,0.508,0.391,0.719,0.345,0.341,0.034,0.286,2,0,3,1,TRAIN,3,0.0,0.0,1.0,0.0,0.0,0.0,1.0,0.0,0.0,0.0,0.0,0.0,0.0,1.0,0.0
650,0.609,0.301,0.59,1.0,0.444,0.285,0.031,0.365,3,3,1,1,TRAIN,4,0.0,0.0,0.0,1.0,0.0,0.0,0.0,0.0,0.0,1.0,0.0,1.0,0.0,0.0,0.0
651,0.554,0.287,0.38,1.0,0.262,0.12,0.023,0.274,0,0,1,1,TRAIN,4,1.0,0.0,0.0,0.0,0.0,0.0,1.0,0.0,0.0,0.0,0.0,1.0,0.0,0.0,0.0
652,0.413,0.522,0.396,0.699,0.482,0.38,0.078,0.292,2,2,0,1,TRAIN,3,0.0,0.0,1.0,0.0,0.0,0.0,0.0,0.0,1.0,0.0,1.0,0.0,0.0,0.0,0.0
653,0.476,0.508,0.325,0.698,0.421,0.414,0.042,0.265,3,1,0,0,TEST,3,0.0,0.0,0.0,1.0,0.0,0.0,0.0,1.0,0.0,0.0,1.0,0.0,0.0,0.0,0.0
654,0.425,0.459,0.433,0.871,0.451,0.471,0.034,0.264,3,2,0,1,TRAIN,3,0.0,0.0,0.0,1.0,0.0,0.0,0.0,0.0,1.0,0.0,1.0,0.0,0.0,0.0,0.0
655,0.369,0.592,0.401,0.648,0.407,0.588,0.026,0.199,5,1,2,1,TEST,3,0.0,0.0,0.0,0.0,0.0,1.0,0.0,1.0,0.0,0.0,0.0,0.0,1.0,0.0,0.0
656,0.539,0.338,0.447,0.128,0.715,0.099,0.443,0.559,2,1,1,0,TEST,2,0.0,0.0,1.0,0.0,0.0,0.0,0.0,1.0,0.0,0.0,0.0,1.0,0.0,0.0,0.0
657,0.522,0.533,0.507,0.0,0.701,0.26,0.342,0.54,2,3,1,0,VAL,2,0.0,0.0,1.0,0.0,0.0,0.0,0.0,0.0,0.0,1.0,0.0,1.0,0.0,0.0,0.0
658,0.491,0.651,0.509,0.0,0.553,0.667,0.156,0.475,2,2,4,0,VAL,2,0.0,0.0,1.0,0.0,0.0,0.0,0.0,0.0,1.0,0.0,0.0,0.0,0.0,0.0,1.0
659,0.391,0.39,0.331,1.0,0.367,0.288,0.108,0.329,4,3,1,0,TRAIN,7,0.0,0.0,0.0,0.0,1.0,0.0,0.0,0.0,0.0,1.0,0.0,1.0,0.0,0.0,0.0
660,0.966,0.442,0.708,1.0,0.653,0.377,0.061,0.692,0,3,2,0,TEST,4,1.0,0.0,0.0,0.0,0.0,0.0,0.0,0.0,0.0,1.0,0.0,0.0,1.0,0.0,0.0
661,0.507,0.548,0.479,0.696,0.268,0.513,0.017,0.303,3,2,3,0,TRAIN,3,0.0,0.0,0.0,1.0,0.0,0.0,0.0,0.0,1.0,0.0,0.0,0.0,0.0,1.0,0.0
662,0.404,0.549,0.368,0.638,0.366,0.585,0.033,0.292,3,2,0,0,TRAIN,3,0.0,0.0,0.0,1.0,0.0,0.0,0.0,0.0,1.0,0.0,1.0,0.0,0.0,0.0,0.0
663,0.653,0.307,0.455,0.766,0.432,0.276,0.23,0.46,0,0,0,0,TRAIN,7,1.0,0.0,0.0,0.0,0.0,0.0,1.0,0.0,0.0,0.0,1.0,0.0,0.0,0.0,0.0
664,0.402,0.512,0.399,0.79,0.274,0.239,0.048,0.244,3,3,0,1,TRAIN,3,0.0,0.0,0.0,1.0,0.0,0.0,0.0,0.0,0.0,1.0,1.0,0.0,0.0,0.0,0.0
665,0.433,0.619,0.451,0.621,0.222,0.548,0.034,0.308,3,2,3,0,TRAIN,3,0.0,0.0,0.0,1.0,0.0,0.0,0.0,0.0,1.0,0.0,0.0,0.0,0.0,1.0,0.0
666,0.355,0.542,0.404,0.687,0.418,0.461,0.025,0.305,1,3,0,1,TRAIN,3,0.0,1.0,0.0,0.0,0.0,0.0,0.0,0.0,0.0,1.0,1.0,0.0,0.0,0.0,0.0
667,0.232,0.439,0.33,0.97,0.331,0.446,0.013,0.135,1,2,3,1,TRAIN,3,0.0,1.0,0.0,0.0,0.0,0.0,0.0,0.0,1.0,0.0,0.0,0.0,0.0,1.0,0.0
668,0.311,0.611,0.419,0.878,0.354,0.525,0.011,0.214,1,3,3,0,TEST,3,0.0,1.0,0.0,0.0,0.0,0.0,0.0,0.0,0.0,1.0,0.0,0.0,0.0,1.0,0.0
669,0.343,0.345,0.28,0.529,0.446,0.152,0.273,0.343,5,1,0,1,TRAIN,7,0.0,0.0,0.0,0.0,0.0,1.0,0.0,1.0,0.0,0.0,1.0,0.0,0.0,0.0,0.0
670,0.386,0.523,0.385,0.747,0.371,0.47,0.041,0.28,3,1,0,0,TRAIN,3,0.0,0.0,0.0,1.0,0.0,0.0,0.0,1.0,0.0,0.0,1.0,0.0,0.0,0.0,0.0
671,0.6,0.41,0.517,0.0,0.75,0.261,0.404,0.528,3,1,4,0,TEST,2,0.0,0.0,0.0,1.0,0.0,0.0,0.0,1.0,0.0,0.0,0.0,0.0,0.0,0.0,1.0
672,0.207,0.598,0.332,0.891,0.219,0.806,0.005,0.176,3,0,0,1,TEST,3,0.0,0.0,0.0,1.0,0.0,0.0,1.0,0.0,0.0,0.0,1.0,0.0,0.0,0.0,0.0
673,0.357,0.507,0.345,0.834,0.322,0.648,0.013,0.245,3,0,3,0,TEST,3,0.0,0.0,0.0,1.0,0.0,0.0,1.0,0.0,0.0,0.0,0.0,0.0,0.0,1.0,0.0
674,0.561,0.806,0.596,0.0,0.59,1.0,0.113,0.556,5,2,1,1,TRAIN,6,0.0,0.0,0.0,0.0,0.0,1.0,0.0,0.0,1.0,0.0,0.0,1.0,0.0,0.0,0.0
675,0.647,0.41,0.527,0.666,0.465,0.427,0.126,0.534,5,1,1,1,VAL,4,0.0,0.0,0.0,0.0,0.0,1.0,0.0,1.0,0.0,0.0,0.0,1.0,0.0,0.0,0.0
676,0.024,0.55,0.191,1.0,0.127,0.492,0.002,0.012,2,0,1,1,VAL,8,0.0,0.0,1.0,0.0,0.0,0.0,1.0,0.0,0.0,0.0,0.0,1.0,0.0,0.0,0.0
677,0.527,0.533,0.402,0.678,0.357,0.499,0.016,0.322,3,2,0,0,TRAIN,3,0.0,0.0,0.0,1.0,0.0,0.0,0.0,0.0,1.0,0.0,1.0,0.0,0.0,0.0,0.0
678,0.807,0.312,0.662,1.0,0.549,0.104,0.054,0.446,2,0,0,0,VAL,4,0.0,0.0,1.0,0.0,0.0,0.0,1.0,0.0,0.0,0.0,1.0,0.0,0.0,0.0,0.0
679,0.719,0.436,0.6,0.5,0.677,0.374,0.178,0.576,1,0,0,1,TEST,7,0.0,1.0,0.0,0.0,0.0,0.0,1.0,0.0,0.0,0.0,1.0,0.0,0.0,0.0,0.0
680,0.34,0.531,0.44,0.875,0.314,0.538,0.018,0.185,2,0,0,0,VAL,3,0.0,0.0,1.0,0.0,0.0,0.0,1.0,0.0,0.0,0.0,1.0,0.0,0.0,0.0,0.0
681,0.371,0.532,0.462,0.658,0.31,0.629,0.032,0.284,3,0,3,0,TEST,3,0.0,0.0,0.0,1.0,0.0,0.0,1.0,0.0,0.0,0.0,0.0,0.0,0.0,1.0,0.0
682,0.139,0.576,0.319,0.99,0.273,0.526,0.006,0.145,5,2,0,1,TEST,3,0.0,0.0,0.0,0.0,0.0,1.0,0.0,0.0,1.0,0.0,1.0,0.0,0.0,0.0,0.0
683,0.527,0.597,0.562,0.554,0.366,0.564,0.021,0.344,3,2,3,0,VAL,3,0.0,0.0,0.0,1.0,0.0,0.0,0.0,0.0,1.0,0.0,0.0,0.0,0.0,1.0,0.0
684,0.316,0.574,0.38,0.949,0.374,0.602,0.007,0.179,3,3,3,0,TEST,3,0.0,0.0,0.0,1.0,0.0,0.0,0.0,0.0,0.0,1.0,0.0,0.0,0.0,1.0,0.0
685,0.354,0.576,0.454,0.894,0.403,0.403,0.036,0.251,1,3,0,0,TRAIN,3,0.0,1.0,0.0,0.0,0.0,0.0,0.0,0.0,0.0,1.0,1.0,0.0,0.0,0.0,0.0
686,0.815,0.34,0.672,1.0,0.682,0.348,0.196,0.654,2,0,0,1,VAL,7,0.0,0.0,1.0,0.0,0.0,0.0,1.0,0.0,0.0,0.0,1.0,0.0,0.0,0.0,0.0
687,0.73,0.254,0.479,0.899,0.557,0.0,0.24,0.501,0,0,0,0,TRAIN,7,1.0,0.0,0.0,0.0,0.0,0.0,1.0,0.0,0.0,0.0,1.0,0.0,0.0,0.0,0.0
688,0.529,0.271,0.502,1.0,0.435,0.1,0.072,0.365,2,3,1,0,TRAIN,4,0.0,0.0,1.0,0.0,0.0,0.0,0.0,0.0,0.0,1.0,0.0,1.0,0.0,0.0,0.0
689,0.672,0.122,0.548,1.0,0.696,0.0,0.24,0.526,0,3,3,0,VAL,7,1.0,0.0,0.0,0.0,0.0,0.0,0.0,0.0,0.0,1.0,0.0,0.0,0.0,1.0,0.0
690,0.762,0.351,0.62,1.0,0.539,0.184,0.106,0.501,0,3,1,1,TEST,4,1.0,0.0,0.0,0.0,0.0,0.0,0.0,0.0,0.0,1.0,0.0,1.0,0.0,0.0,0.0
691,0.443,0.446,0.529,0.0,0.768,0.39,0.533,0.644,1,3,1,1,VAL,2,0.0,1.0,0.0,0.0,0.0,0.0,0.0,0.0,0.0,1.0,0.0,1.0,0.0,0.0,0.0
692,0.204,0.492,0.297,0.353,0.39,0.357,0.063,0.164,0,1,1,0,TEST,5,1.0,0.0,0.0,0.0,0.0,0.0,0.0,1.0,0.0,0.0,0.0,1.0,0.0,0.0,0.0
693,0.835,0.345,0.576,1.0,0.374,0.155,0.024,0.399,4,0,1,1,TEST,4,0.0,0.0,0.0,0.0,1.0,0.0,1.0,0.0,0.0,0.0,0.0,1.0,0.0,0.0,0.0
694,0.476,0.595,0.541,0.818,0.327,0.595,0.009,0.3,0,1,2,1,TEST,5,1.0,0.0,0.0,0.0,0.0,0.0,0.0,1.0,0.0,0.0,0.0,0.0,1.0,0.0,0.0
695,0.229,0.54,0.247,0.878,0.21,0.601,0.04,0.131,2,2,0,0,TRAIN,3,0.0,0.0,1.0,0.0,0.0,0.0,0.0,0.0,1.0,0.0,1.0,0.0,0.0,0.0,0.0
696,0.67,0.866,0.668,0.0,0.627,0.823,0.158,0.663,0,1,0,1,TRAIN,6,1.0,0.0,0.0,0.0,0.0,0.0,0.0,1.0,0.0,0.0,1.0,0.0,0.0,0.0,0.0
697,0.427,0.551,0.406,0.776,0.377,0.514,0.015,0.328,1,2,3,1,TRAIN,3,0.0,1.0,0.0,0.0,0.0,0.0,0.0,0.0,1.0,0.0,0.0,0.0,0.0,1.0,0.0
698,0.406,0.16,0.375,0.978,0.59,0.0,0.386,0.337,0,0,0,0,TRAIN,7,1.0,0.0,0.0,0.0,0.0,0.0,1.0,0.0,0.0,0.0,1.0,0.0,0.0,0.0,0.0
699,0.367,0.479,0.403,0.676,0.233,0.405,0.033,0.21,3,0,0,1,TEST,3,0.0,0.0,0.0,1.0,0.0,0.0,1.0,0.0,0.0,0.0,1.0,0.0,0.0,0.0,0.0
700,0.39,0.565,0.404,0.876,0.408,0.43,0.009,0.311,2,0,0,0,TRAIN,3,0.0,0.0,1.0,0.0,0.0,0.0,1.0,0.0,0.0,0.0,1.0,0.0,0.0,0.0,0.0
701,0.506,0.142,0.467,1.0,0.672,0.0,0.323,0.409,2,3,0,0,TEST,7,0.0,0.0,1.0,0.0,0.0,0.0,0.0,0.0,0.0,1.0,1.0,0.0,0.0,0.0,0.0
702,0.285,0.548,0.41,0.834,0.236,0.598,0.009,0.136,1,2,3,0,TRAIN,3,0.0,1.0,0.0,0.0,0.0,0.0,0.0,0.0,1.0,0.0,0.0,0.0,0.0,1.0,0.0
703,0.479,0.872,0.541,0.0,0.437,0.892,0.015,0.473,1,1,1,1,TRAIN,6,0.0,1.0,0.0,0.0,0.0,0.0,0.0,1.0,0.0,0.0,0.0,1.0,0.0,0.0,0.0
704,0.717,0.418,0.596,0.619,0.702,0.255,0.176,0.518,0,0,1,0,TRAIN,7,1.0,0.0,0.0,0.0,0.0,0.0,1.0,0.0,0.0,0.0,0.0,1.0,0.0,0.0,0.0
705,0.587,0.884,0.568,0.0,0.39,0.832,0.058,0.492,3,2,0,0,VAL,6,0.0,0.0,0.0,1.0,0.0,0.0,0.0,0.0,1.0,0.0,1.0,0.0,0.0,0.0,0.0
706,0.299,0.467,0.327,0.81,0.394,0.491,0.028,0.192,0,1,3,1,VAL,5,1.0,0.0,0.0,0.0,0.0,0.0,0.0,1.0,0.0,0.0,0.0,0.0,0.0,1.0,0.0
707,0.41,0.521,0.424,0.598,0.386,0.604,0.035,0.287,2,3,0,0,TRAIN,3,0.0,0.0,1.0,0.0,0.0,0.0,0.0,0.0,0.0,1.0,1.0,0.0,0.0,0.0,0.0
708,0.397,0.307,0.385,0.485,0.639,0.0,0.349,0.451,5,3,3,0,TRAIN,7,0.0,0.0,0.0,0.0,0.0,1.0,0.0,0.0,0.0,1.0,0.0,0.0,0.0,1.0,0.0
709,0.514,0.399,0.476,0.0,0.81,0.088,0.539,0.618,3,3,4,1,VAL,2,0.0,0.0,0.0,1.0,0.0,0.0,0.0,0.0,0.0,1.0,0.0,0.0,0.0,0.0,1.0
710,0.447,0.544,0.457,0.742,0.306,0.553,0.02,0.339,3,3,3,1,TRAIN,3,0.0,0.0,0.0,1.0,0.0,0.0,0.0,0.0,0.0,1.0,0.0,0.0,0.0,1.0,0.0
711,0.543,0.405,0.533,0.0,0.721,0.138,0.52,0.584,0,0,4,1,TEST,2,1.0,0.0,0.0,0.0,0.0,0.0,1.0,0.0,0.0,0.0,0.0,0.0,0.0,0.0,1.0
712,0.392,0.621,0.415,0.414,0.459,0.614,0.015,0.313,3,0,0,0,TEST,3,0.0,0.0,0.0,1.0,0.0,0.0,1.0,0.0,0.0,0.0,1.0,0.0,0.0,0.0,0.0
713,0.481,0.846,0.525,0.0,0.502,1.0,0.05,0.443,1,3,0,0,VAL,6,0.0,1.0,0.0,0.0,0.0,0.0,0.0,0.0,0.0,1.0,1.0,0.0,0.0,0.0,0.0
714,0.435,0.543,0.397,0.922,0.256,0.558,0.023,0.23,3,2,3,0,TRAIN,3,0.0,0.0,0.0,1.0,0.0,0.0,0.0,0.0,1.0,0.0,0.0,0.0,0.0,1.0,0.0
715,0.367,0.487,0.361,0.871,0.343,0.381,0.016,0.234,3,0,0,0,VAL,3,0.0,0.0,0.0,1.0,0.0,0.0,1.0,0.0,0.0,0.0,1.0,0.0,0.0,0.0,0.0
716,0.184,0.628,0.268,0.959,0.099,0.706,0.002,0.078,0,1,0,1,TRAIN,5,1.0,0.0,0.0,0.0,0.0,0.0,0.0,1.0,0.0,0.0,1.0,0.0,0.0,0.0,0.0
717,0.61,0.849,0.649,0.0,0.656,0.997,0.161,0.694,3,2,0,0,TRAIN,6,0.0,0.0,0.0,1.0,0.0,0.0,0.0,0.0,1.0,0.0,1.0,0.0,0.0,0.0,0.0
718,0.443,0.514,0.42,0.742,0.48,0.34,0.023,0.298,3,2,3,1,TEST,3,0.0,0.0,0.0,1.0,0.0,0.0,0.0,0.0,1.0,0.0,0.0,0.0,0.0,1.0,0.0
719,0.538,0.552,0.465,0.446,0.486,0.411,0.064,0.431,3,2,0,0,TRAIN,3,0.0,0.0,0.0,1.0,0.0,0.0,0.0,0.0,1.0,0.0,1.0,0.0,0.0,0.0,0.0
720,0.226,0.522,0.236,0.94,0.309,0.306,0.019,0.103,3,2,0,0,TEST,3,0.0,0.0,0.0,1.0,0.0,0.0,0.0,0.0,1.0,0.0,1.0,0.0,0.0,0.0,0.0
721,0.507,0.642,0.481,0.473,0.47,0.702,0.027,0.381,3,0,0,1,TRAIN,3,0.0,0.0,0.0,1.0,0.0,0.0,1.0,0.0,0.0,0.0,1.0,0.0,0.0,0.0,0.0
722,0.491,0.6,0.386,0.0,0.64,0.387,0.352,0.535,2,1,4,0,TEST,2,0.0,0.0,1.0,0.0,0.0,0.0,0.0,1.0,0.0,0.0,0.0,0.0,0.0,0.0,1.0
723,0.441,0.501,0.475,0.4,0.473,0.62,0.087,0.309,2,2,0,1,TRAIN,3,0.0,0.0,1.0,0.0,0.0,0.0,0.0,0.0,1.0,0.0,1.0,0.0,0.0,0.0,0.0
724,0.432,0.571,0.522,0.0,0.63,0.478,0.374,0.588,2,1,1,0,TRAIN,2,0.0,0.0,1.0,0.0,0.0,0.0,0.0,1.0,0.0,0.0,0.0,1.0,0.0,0.0,0.0
725,0.594,0.533,0.45,0.739,0.375,0.481,0.058,0.418,3,2,3,0,VAL,3,0.0,0.0,0.0,1.0,0.0,0.0,0.0,0.0,1.0,0.0,0.0,0.0,0.0,1.0,0.0
726,0.446,0.469,0.455,1.0,0.221,0.532,0.029,0.218,4,1,1,0,VAL,8,0.0,0.0,0.0,0.0,1.0,0.0,0.0,1.0,0.0,0.0,0.0,1.0,0.0,0.0,0.0
727,0.501,0.499,0.467,0.0,0.69,0.389,0.572,0.566,2,1,4,1,TEST,2,0.0,0.0,1.0,0.0,0.0,0.0,0.0,1.0,0.0,0.0,0.0,0.0,0.0,0.0,1.0
728,0.346,0.449,0.239,0.773,0.369,0.441,0.038,0.184,5,2,0,1,TRAIN,3,0.0,0.0,0.0,0.0,0.0,1.0,0.0,0.0,1.0,0.0,1.0,0.0,0.0,0.0,0.0
729,0.331,0.596,0.367,0.837,0.331,0.539,0.006,0.171,3,3,0,0,TRAIN,3,0.0,0.0,0.0,1.0,0.0,0.0,0.0,0.0,0.0,1.0,1.0,0.0,0.0,0.0,0.0
730,0.955,0.399,0.598,0.547,0.602,0.313,0.336,0.613,4,0,1,0,TEST,7,0.0,0.0,0.0,0.0,1.0,0.0,1.0,0.0,0.0,0.0,0.0,1.0,0.0,0.0,0.0
731,0.364,0.532,0.314,0.72,0.355,0.517,0.018,0.266,1,2,0,0,TRAIN,3,0.0,1.0,0.0,0.0,0.0,0.0,0.0,0.0,1.0,0.0,1.0,0.0,0.0,0.0,0.0
732,0.516,0.242,0.461,0.768,0.584,0.047,0.304,0.506,0,3,0,0,VAL,7,1.0,0.0,0.0,0.0,0.0,0.0,0.0,0.0,0.0,1.0,1.0,0.0,0.0,0.0,0.0
733,0.477,0.828,0.496,0.0,0.544,0.943,0.075,0.43,0,0,1,1,TEST,6,1.0,0.0,0.0,0.0,0.0,0.0,1.0,0.0,0.0,0.0,0.0,1.0,0.0,0.0,0.0
734,0.602,0.281,0.343,1.0,0.378,0.323,0.093,0.311,0,3,0,1,TRAIN,7,1.0,0.0,0.0,0.0,0.0,0.0,0.0,0.0,0.0,1.0,1.0,0.0,0.0,0.0,0.0
735,0.518,0.793,0.58,0.0,0.675,0.791,0.202,0.691,3,0,1,1,TRAIN,6,0.0,0.0,0.0,1.0,0.0,0.0,1.0,0.0,0.0,0.0,0.0,1.0,0.0,0.0,0.0
736,0.69,0.498,0.584,1.0,0.541,0.47,0.04,0.444,0,3,2,1,TEST,4,1.0,0.0,0.0,0.0,0.0,0.0,0.0,0.0,0.0,1.0,0.0,0.0,1.0,0.0,0.0
737,0.507,0.443,0.469,0.0,0.654,0.444,0.396,0.564,4,1,4,0,TEST,2,0.0,0.0,0.0,0.0,1.0,0.0,0.0,1.0,0.0,0.0,0.0,0.0,0.0,0.0,1.0
738,0.451,0.254,0.336,1.0,0.466,0.083,0.176,0.277,0,3,1,0,VAL,7,1.0,0.0,0.0,0.0,0.0,0.0,0.0,0.0,0.0,1.0,0.0,1.0,0.0,0.0,0.0
739,0.425,0.623,0.444,0.814,0.292,0.687,0.008,0.265,3,2,3,1,TEST,3,0.0,0.0,0.0,1.0,0.0,0.0,0.0,0.0,1.0,0.0,0.0,0.0,0.0,1.0,0.0
740,0.345,0.527,0.36,1.0,0.269,0.568,0.006,0.154,3,0,3,0,VAL,3,0.0,0.0,0.0,1.0,0.0,0.0,1.0,0.0,0.0,0.0,0.0,0.0,0.0,1.0,0.0
741,0.289,0.357,0.37,0.215,0.615,0.182,0.385,0.373,0,0,2,0,VAL,7,1.0,0.0,0.0,0.0,0.0,0.0,1.0,0.0,0.0,0.0,0.0,0.0,1.0,0.0,0.0
742,0.213,0.346,0.287,0.909,0.351,0.378,0.021,0.13,3,2,0,0,TRAIN,3,0.0,0.0,0.0,1.0,0.0,0.0,0.0,0.0,1.0,0.0,1.0,0.0,0.0,0.0,0.0
743,0.574,0.631,0.571,0.413,0.42,0.806,0.032,0.497,3,2,3,0,VAL,3,0.0,0.0,0.0,1.0,0.0,0.0,0.0,0.0,1.0,0.0,0.0,0.0,0.0,1.0,0.0
744,0.658,0.349,0.539,1.0,0.379,0.445,0.077,0.452,4,0,1,1,TRAIN,4,0.0,0.0,0.0,0.0,1.0,0.0,1.0,0.0,0.0,0.0,0.0,1.0,0.0,0.0,0.0
745,0.673,0.808,0.685,0.0,0.729,1.0,0.271,0.753,0,1,1,1,TRAIN,6,1.0,0.0,0.0,0.0,0.0,0.0,0.0,1.0,0.0,0.0,0.0,1.0,0.0,0.0,0.0
746,0.697,0.483,0.499,0.497,0.6,0.22,0.139,0.457,3,0,3,1,VAL,3,0.0,0.0,0.0,1.0,0.0,0.0,1.0,0.0,0.0,0.0,0.0,0.0,0.0,1.0,0.0
747,0.191,0.465,0.285,0.893,0.242,0.376,0.008,0.093,3,2,3,1,VAL,3,0.0,0.0,0.0,1.0,0.0,0.0,0.0,0.0,1.0,0.0,0.0,0.0,0.0,1.0,0.0
748,0.409,0.547,0.5,0.534,0.509,0.524,0.08,0.271,2,2,3,1,TRAIN,3,0.0,0.0,1.0,0.0,0.0,0.0,0.0,0.0,1.0,0.0,0.0,0.0,0.0,1.0,0.0
749,0.322,0.524,0.433,0.759,0.241,0.499,0.059,0.288,3,2,3,0,VAL,3,0.0,0.0,0.0,1.0,0.0,0.0,0.0,0.0,1.0,0.0,0.0,0.0,0.0,1.0,0.0
750,0.513,0.507,0.459,0.553,0.394,0.339,0.062,0.418,2,2,0,0,VAL,3,0.0,0.0,1.0,0.0,0.0,0.0,0.0,0.0,1.0,0.0,1.0,0.0,0.0,0.0,0.0
751,0.309,0.507,0.342,0.707,0.383,0.441,0.034,0.253,3,2,3,0,TRAIN,3,0.0,0.0,0.0,1.0,0.0,0.0,0.0,0.0,1.0,0.0,0.0,0.0,0.0,1.0,0.0
752,0.712,0.621,0.623,0.433,0.482,0.511,0.09,0.546,3,0,1,0,TEST,1,0.0,0.0,0.0,1.0,0.0,0.0,1.0,0.0,0.0,0.0,0.0,1.0,0.0,0.0,0.0
753,0.925,0.339,0.682,0.854,0.65,0.164,0.29,0.727,3,0,0,0,TEST,7,0.0,0.0,0.0,1.0,0.0,0.0,1.0,0.0,0.0,0.0,1.0,0.0,0.0,0.0,0.0
754,0.452,0.529,0.469,0.745,0.311,0.396,0.05,0.422,5,0,3,0,TEST,3,0.0,0.0,0.0,0.0,0.0,1.0,1.0,0.0,0.0,0.0,0.0,0.0,0.0,1.0,0.0
755,0.693,0.817,0.666,0.0,0.615,0.913,0.101,0.658,0,3,1,1,VAL,6,1.0,0.0,0.0,0.0,0.0,0.0,0.0,0.0,0.0,1.0,0.0,1.0,0.0,0.0,0.0
756,0.3,0.593,0.365,0.674,0.264,0.454,0.009,0.253,0,3,2,0,TRAIN,5,1.0,0.0,0.0,0.0,0.0,0.0,0.0,0.0,0.0,1.0,0.0,0.0,1.0,0.0,0.0
757,0.813,0.33,0.578,0.964,0.605,0.196,0.24,0.68,4,0,0,1,TRAIN,7,0.0,0.0,0.0,0.0,1.0,0.0,1.0,0.0,0.0,0.0,1.0,0.0,0.0,0.0,0.0
758,0.606,0.574,0.522,0.766,0.3,0.625,0.019,0.325,3,2,0,1,VAL,3,0.0,0.0,0.0,1.0,0.0,0.0,0.0,0.0,1.0,0.0,1.0,0.0,0.0,0.0,0.0
759,0.346,0.582,0.373,0.615,0.326,0.536,0.019,0.246,3,3,0,0,TEST,3,0.0,0.0,0.0,1.0,0.0,0.0,0.0,0.0,0.0,1.0,1.0,0.0,0.0,0.0,0.0
760,0.472,0.824,0.613,0.0,0.457,1.0,0.122,0.574,5,2,1,0,TEST,6,0.0,0.0,0.0,0.0,0.0,1.0,0.0,0.0,1.0,0.0,0.0,1.0,0.0,0.0,0.0
761,0.511,0.491,0.426,0.719,0.455,0.41,0.054,0.357,3,2,3,0,TRAIN,3,0.0,0.0,0.0,1.0,0.0,0.0,0.0,0.0,1.0,0.0,0.0,0.0,0.0,1.0,0.0
762,0.772,0.419,0.744,0.996,0.523,0.247,0.075,0.598,0,0,1,0,TRAIN,4,1.0,0.0,0.0,0.0,0.0,0.0,1.0,0.0,0.0,0.0,0.0,1.0,0.0,0.0,0.0
763,0.464,0.925,0.632,0.0,0.371,1.0,0.033,0.51,2,3,3,1,TEST,6,0.0,0.0,1.0,0.0,0.0,0.0,0.0,0.0,0.0,1.0,0.0,0.0,0.0,1.0,0.0
764,0.323,0.546,0.354,0.657,0.336,0.559,0.014,0.202,2,3,3,1,TRAIN,3,0.0,0.0,1.0,0.0,0.0,0.0,0.0,0.0,0.0,1.0,0.0,0.0,0.0,1.0,0.0
765,0.801,0.238,0.558,0.711,0.573,0.184,0.218,0.538,0,0,0,0,TRAIN,7,1.0,0.0,0.0,0.0,0.0,0.0,1.0,0.0,0.0,0.0,1.0,0.0,0.0,0.0,0.0
766,0.334,0.589,0.425,0.732,0.29,0.483,0.015,0.284,2,1,0,1,TEST,3,0.0,0.0,1.0,0.0,0.0,0.0,0.0,1.0,0.0,0.0,1.0,0.0,0.0,0.0,0.0
767,0.617,0.911,0.65,0.0,0.54,0.959,0.07,0.557,2,2,1,0,TRAIN,6,0.0,0.0,1.0,0.0,0.0,0.0,0.0,0.0,1.0,0.0,0.0,1.0,0.0,0.0,0.0
768,0.592,0.359,0.546,0.452,0.507,0.372,0.26,0.474,5,3,0,0,TRAIN,7,0.0,0.0,0.0,0.0,0.0,1.0,0.0,0.0,0.0,1.0,1.0,0.0,0.0,0.0,0.0
769,0.66,0.418,0.563,0.165,0.605,0.249,0.387,0.634,0,3,0,1,TRAIN,7,1.0,0.0,0.0,0.0,0.0,0.0,0.0,0.0,0.0,1.0,1.0,0.0,0.0,0.0,0.0
770,0.435,0.408,0.36,0.931,0.429,0.392,0.029,0.192,5,0,0,0,TRAIN,3,0.0,0.0,0.0,0.0,0.0,1.0,1.0,0.0,0.0,0.0,1.0,0.0,0.0,0.0,0.0
771,0.445,0.427,0.445,0.814,0.438,0.285,0.066,0.325,3,2,0,1,TEST,3,0.0,0.0,0.0,1.0,0.0,0.0,0.0,0.0,1.0,0.0,1.0,0.0,0.0,0.0,0.0
772,0.792,0.185,0.605,1.0,0.401,0.051,0.053,0.509,4,0,2,1,TRAIN,4,0.0,0.0,0.0,0.0,1.0,0.0,1.0,0.0,0.0,0.0,0.0,0.0,1.0,0.0,0.0
773,0.241,0.545,0.34,0.895,0.239,0.593,0.012,0.132,5,2,3,0,TEST,3,0.0,0.0,0.0,0.0,0.0,1.0,0.0,0.0,1.0,0.0,0.0,0.0,0.0,1.0,0.0
774,0.619,0.718,0.601,0.0,0.733,0.697,0.406,0.693,1,2,0,0,VAL,6,0.0,1.0,0.0,0.0,0.0,0.0,0.0,0.0,1.0,0.0,1.0,0.0,0.0,0.0,0.0
775,0.41,0.476,0.426,0.677,0.424,0.373,0.044,0.24,1,3,0,1,TRAIN,3,0.0,1.0,0.0,0.0,0.0,0.0,0.0,0.0,0.0,1.0,1.0,0.0,0.0,0.0,0.0
776,0.522,0.864,0.575,0.0,0.567,1.0,0.126,0.535,0,2,1,1,TRAIN,6,1.0,0.0,0.0,0.0,0.0,0.0,0.0,0.0,1.0,0.0,0.0,1.0,0.0,0.0,0.0
777,0.21,0.634,0.34,0.837,0.224,0.52,0.016,0.173,2,3,0,0,TRAIN,3,0.0,0.0,1.0,0.0,0.0,0.0,0.0,0.0,0.0,1.0,1.0,0.0,0.0,0.0,0.0
778,0.296,0.486,0.266,0.766,0.281,0.357,0.022,0.132,3,2,3,1,TRAIN,3,0.0,0.0,0.0,1.0,0.0,0.0,0.0,0.0,1.0,0.0,0.0,0.0,0.0,1.0,0.0
779,0.602,0.212,0.381,0.919,0.583,0.169,0.313,0.464,2,3,0,0,TRAIN,7,0.0,0.0,1.0,0.0,0.0,0.0,0.0,0.0,0.0,1.0,1.0,0.0,0.0,0.0,0.0
780,0.454,0.443,0.325,0.591,0.317,0.46,0.05,0.356,1,2,3,0,TEST,3,0.0,1.0,0.0,0.0,0.0,0.0,0.0,0.0,1.0,0.0,0.0,0.0,0.0,1.0,0.0
781,0.479,0.353,0.513,0.0,0.785,0.12,0.636,0.618,2,1,4,0,TRAIN,2,0.0,0.0,1.0,0.0,0.0,0.0,0.0,1.0,0.0,0.0,0.0,0.0,0.0,0.0,1.0
782,0.569,0.318,0.421,0.614,0.719,0.057,0.426,0.543,2,0,0,0,TRAIN,7,0.0,0.0,1.0,0.0,0.0,0.0,1.0,0.0,0.0,0.0,1.0,0.0,0.0,0.0,0.0
783,0.253,0.585,0.286,0.654,0.273,0.569,0.009,0.154,3,2,3,0,VAL,3,0.0,0.0,0.0,1.0,0.0,0.0,0.0,0.0,1.0,0.0,0.0,0.0,0.0,1.0,0.0
784,0.404,0.574,0.474,0.458,0.35,0.504,0.076,0.345,3,0,3,0,TRAIN,3,0.0,0.0,0.0,1.0,0.0,0.0,1.0,0.0,0.0,0.0,0.0,0.0,0.0,1.0,0.0
785,0.64,0.793,0.548,0.0,0.655,0.922,0.163,0.601,0,2,0,1,VAL,6,1.0,0.0,0.0,0.0,0.0,0.0,0.0,0.0,1.0,0.0,1.0,0.0,0.0,0.0,0.0
786,0.674,0.598,0.683,0.224,0.635,0.667,0.131,0.685,0,0,1,0,TRAIN,1,1.0,0.0,0.0,0.0,0.0,0.0,1.0,0.0,0.0,0.0,0.0,1.0,0.0,0.0,0.0
787,0.44,0.867,0.547,0.0,0.502,1.0,0.041,0.493,5,0,2,0,TRAIN,6,0.0,0.0,0.0,0.0,0.0,1.0,1.0,0.0,0.0,0.0,0.0,0.0,1.0,0.0,0.0
788,0.358,0.528,0.342,0.689,0.388,0.452,0.023,0.228,3,2,3,0,VAL,3,0.0,0.0,0.0,1.0,0.0,0.0,0.0,0.0,1.0,0.0,0.0,0.0,0.0,1.0,0.0
789,0.31,0.665,0.312,0.792,0.267,0.75,0.003,0.11,0,1,0,1,VAL,5,1.0,0.0,0.0,0.0,0.0,0.0,0.0,1.0,0.0,0.0,1.0,0.0,0.0,0.0,0.0
790,0.504,0.525,0.515,0.735,0.301,0.453,0.015,0.318,3,2,3,0,TEST,3,0.0,0.0,0.0,1.0,0.0,0.0,0.0,0.0,1.0,0.0,0.0,0.0,0.0,1.0,0.0
791,0.372,0.448,0.309,0.685,0.311,0.256,0.054,0.218,3,2,3,0,VAL,3,0.0,0.0,0.0,1.0,0.0,0.0,0.0,0.0,1.0,0.0,0.0,0.0,0.0,1.0,0.0
792,0.659,0.241,0.487,0.995,0.551,0.139,0.197,0.551,0,0,0,0,VAL,7,1.0,0.0,0.0,0.0,0.0,0.0,1.0,0.0,0.0,0.0,1.0,0.0,0.0,0.0,0.0
793,0.48,0.077,0.338,1.0,0.484,0.0,0.242,0.269,4,0,0,0,VAL,7,0.0,0.0,0.0,0.0,1.0,0.0,1.0,0.0,0.0,0.0,1.0,0.0,0.0,0.0,0.0
794,0.155,0.642,0.29,0.772,0.24,0.869,0.005,0.096,2,1,3,0,VAL,5,0.0,0.0,1.0,0.0,0.0,0.0,0.0,1.0,0.0,0.0,0.0,0.0,0.0,1.0,0.0
795,0.362,0.536,0.464,0.707,0.355,0.483,0.029,0.218,3,0,0,0,TRAIN,3,0.0,0.0,0.0,1.0,0.0,0.0,1.0,0.0,0.0,0.0,1.0,0.0,0.0,0.0,0.0
796,0.19,0.445,0.297,0.87,0.391,0.412,0.024,0.1,5,3,3,1,TRAIN,3,0.0,0.0,0.0,0.0,0.0,1.0,0.0,0.0,0.0,1.0,0.0,0.0,0.0,1.0,0.0
797,0.415,0.578,0.463,0.041,0.49,0.489,0.048,0.472,2,1,1,1,VAL,2,0.0,0.0,1.0,0.0,0.0,0.0,0.0,1.0,0.0,0.0,0.0,1.0,0.0,0.0,0.0
798,0.474,0.553,0.385,0.683,0.371,0.508,0.04,0.276,2,2,0,0,TRAIN,3,0.0,0.0,1.0,0.0,0.0,0.0,0.0,0.0,1.0,0.0,1.0,0.0,0.0,0.0,0.0
799,0.504,0.899,0.527,0.0,0.448,1.0,0.025,0.516,4,2,0,1,TRAIN,6,0.0,0.0,0.0,0.0,1.0,0.0,0.0,0.0,1.0,0.0,1.0,0.0,0.0,0.0,0.0
800,0.288,0.535,0.43,1.0,0.287,0.586,0.022,0.245,1,2,0,0,VAL,3,0.0,1.0,0.0,0.0,0.0,0.0,0.0,0.0,1.0,0.0,1.0,0.0,0.0,0.0,0.0
801,0.335,0.565,0.375,0.549,0.367,0.667,0.016,0.268,2,3,0,0,VAL,3,0.0,0.0,1.0,0.0,0.0,0.0,0.0,0.0,0.0,1.0,1.0,0.0,0.0,0.0,0.0
802,0.448,0.525,0.529,0.597,0.512,0.313,0.08,0.35,2,2,0,1,TRAIN,3,0.0,0.0,1.0,0.0,0.0,0.0,0.0,0.0,1.0,0.0,1.0,0.0,0.0,0.0,0.0
803,0.666,0.841,0.496,0.0,0.467,0.943,0.039,0.438,0,2,1,1,TRAIN,6,1.0,0.0,0.0,0.0,0.0,0.0,0.0,0.0,1.0,0.0,0.0,1.0,0.0,0.0,0.0
804,0.274,0.428,0.231,0.788,0.39,0.327,0.093,0.171,2,0,1,1,TRAIN,8,0.0,0.0,1.0,0.0,0.0,0.0,1.0,0.0,0.0,0.0,0.0,1.0,0.0,0.0,0.0
805,0.758,0.24,0.675,1.0,0.624,0.082,0.191,0.509,4,0,0,0,TRAIN,7,0.0,0.0,0.0,0.0,1.0,0.0,1.0,0.0,0.0,0.0,1.0,0.0,0.0,0.0,0.0
806,0.482,0.473,0.4,0.573,0.446,0.334,0.064,0.303,3,2,0,1,TRAIN,3,0.0,0.0,0.0,1.0,0.0,0.0,0.0,0.0,1.0,0.0,1.0,0.0,0.0,0.0,0.0
807,0.286,0.42,0.302,0.874,0.255,0.286,0.024,0.151,1,1,2,0,TRAIN,5,0.0,1.0,0.0,0.0,0.0,0.0,0.0,1.0,0.0,0.0,0.0,0.0,1.0,0.0,0.0
808,0.283,0.422,0.3,0.886,0.184,0.419,0.024,0.147,1,2,3,0,TEST,3,0.0,1.0,0.0,0.0,0.0,0.0,0.0,0.0,1.0,0.0,0.0,0.0,0.0,1.0,0.0
809,0.289,0.616,0.418,0.858,0.259,0.639,0.01,0.26,3,2,0,0,TRAIN,3,0.0,0.0,0.0,1.0,0.0,0.0,0.0,0.0,1.0,0.0,1.0,0.0,0.0,0.0,0.0
810,0.985,0.339,0.68,1.0,0.396,0.168,0.019,0.519,0,2,1,1,VAL,4,1.0,0.0,0.0,0.0,0.0,0.0,0.0,0.0,1.0,0.0,0.0,1.0,0.0,0.0,0.0
811,0.451,0.575,0.411,0.664,0.313,0.414,0.029,0.261,1,2,0,1,TRAIN,3,0.0,1.0,0.0,0.0,0.0,0.0,0.0,0.0,1.0,0.0,1.0,0.0,0.0,0.0,0.0
812,0.661,0.314,0.525,0.798,0.651,0.054,0.321,0.514,0,0,1,0,TRAIN,7,1.0,0.0,0.0,0.0,0.0,0.0,1.0,0.0,0.0,0.0,0.0,1.0,0.0,0.0,0.0
813,0.438,0.431,0.365,0.486,0.502,0.381,0.048,0.368,2,1,0,0,VAL,3,0.0,0.0,1.0,0.0,0.0,0.0,0.0,1.0,0.0,0.0,1.0,0.0,0.0,0.0,0.0
814,0.252,0.434,0.29,0.823,0.468,0.251,0.017,0.223,3,1,3,0,TRAIN,5,0.0,0.0,0.0,1.0,0.0,0.0,0.0,1.0,0.0,0.0,0.0,0.0,0.0,1.0,0.0
815,0.425,0.429,0.493,0.0,0.834,0.201,0.624,0.571,3,1,4,1,TRAIN,2,0.0,0.0,0.0,1.0,0.0,0.0,0.0,1.0,0.0,0.0,0.0,0.0,0.0,0.0,1.0
816,0.495,0.752,0.576,0.0,0.686,0.964,0.221,0.663,0,2,1,1,TRAIN,6,1.0,0.0,0.0,0.0,0.0,0.0,0.0,0.0,1.0,0.0,0.0,1.0,0.0,0.0,0.0
817,0.387,0.447,0.455,0.828,0.269,0.546,0.026,0.293,5,3,0,0,TRAIN,3,0.0,0.0,0.0,0.0,0.0,1.0,0.0,0.0,0.0,1.0,1.0,0.0,0.0,0.0,0.0
818,0.288,0.507,0.314,0.658,0.239,0.388,0.014,0.184,0,1,2,0,TEST,5,1.0,0.0,0.0,0.0,0.0,0.0,0.0,1.0,0.0,0.0,0.0,0.0,1.0,0.0,0.0
819,0.42,0.138,0.224,0.811,0.467,0.0,0.285,0.292,2,1,0,0,TRAIN,7,0.0,0.0,1.0,0.0,0.0,0.0,0.0,1.0,0.0,0.0,1.0,0.0,0.0,0.0,0.0
820,0.461,0.41,0.451,0.0,0.879,0.253,0.658,0.634,3,0,4,0,VAL,2,0.0,0.0,0.0,1.0,0.0,0.0,1.0,0.0,0.0,0.0,0.0,0.0,0.0,0.0,1.0
821,0.29,0.492,0.339,1.0,0.316,0.524,0.008,0.148,1,2,0,0,TRAIN,3,0.0,1.0,0.0,0.0,0.0,0.0,0.0,0.0,1.0,0.0,1.0,0.0,0.0,0.0,0.0
822,0.424,0.489,0.402,0.763,0.337,0.242,0.048,0.267,5,1,3,1,VAL,3,0.0,0.0,0.0,0.0,0.0,1.0,0.0,1.0,0.0,0.0,0.0,0.0,0.0,1.0,0.0
823,0.147,0.442,0.355,1.0,0.294,0.256,0.026,0.164,3,2,3,0,VAL,3,0.0,0.0,0.0,1.0,0.0,0.0,0.0,0.0,1.0,0.0,0.0,0.0,0.0,1.0,0.0
824,0.317,0.515,0.254,1.0,0.237,0.468,0.004,0.061,4,2,0,0,TRAIN,3,0.0,0.0,0.0,0.0,1.0,0.0,0.0,0.0,1.0,0.0,1.0,0.0,0.0,0.0,0.0
825,0.697,0.148,0.505,0.804,0.643,0.033,0.457,0.475,0,3,0,1,TRAIN,7,1.0,0.0,0.0,0.0,0.0,0.0,0.0,0.0,0.0,1.0,1.0,0.0,0.0,0.0,0.0
826,0.475,0.596,0.489,0.441,0.389,0.547,0.047,0.418,3,2,0,0,TRAIN,3,0.0,0.0,0.0,1.0,0.0,0.0,0.0,0.0,1.0,0.0,1.0,0.0,0.0,0.0,0.0
827,0.502,0.875,0.57,0.0,0.519,0.978,0.057,0.469,3,2,0,1,TEST,6,0.0,0.0,0.0,1.0,0.0,0.0,0.0,0.0,1.0,0.0,1.0,0.0,0.0,0.0,0.0
828,0.618,0.456,0.561,0.685,0.447,0.545,0.149,0.493,2,2,0,1,TEST,3,0.0,0.0,1.0,0.0,0.0,0.0,0.0,0.0,1.0,0.0,1.0,0.0,0.0,0.0,0.0
829,0.31,0.582,0.404,0.65,0.329,0.418,0.009,0.254,1,2,3,0,VAL,3,0.0,1.0,0.0,0.0,0.0,0.0,0.0,0.0,1.0,0.0,0.0,0.0,0.0,1.0,0.0
830,0.602,0.594,0.549,0.422,0.552,0.563,0.031,0.402,2,2,0,1,TRAIN,3,0.0,0.0,1.0,0.0,0.0,0.0,0.0,0.0,1.0,0.0,1.0,0.0,0.0,0.0,0.0
831,0.028,0.425,0.686,1.0,0.6,0.349,0.096,0.703,4,0,1,1,VAL,4,0.0,0.0,0.0,0.0,1.0,0.0,1.0,0.0,0.0,0.0,0.0,1.0,0.0,0.0,0.0
832,0.692,0.075,0.604,1.0,0.415,0.0,0.067,0.409,0,0,0,0,TEST,4,1.0,0.0,0.0,0.0,0.0,0.0,1.0,0.0,0.0,0.0,1.0,0.0,0.0,0.0,0.0
833,0.611,0.596,0.44,0.473,0.473,0.659,0.02,0.422,2,2,3,0,TEST,3,0.0,0.0,1.0,0.0,0.0,0.0,0.0,0.0,1.0,0.0,0.0,0.0,0.0,1.0,0.0
834,0.549,0.551,0.471,0.814,0.363,0.525,0.036,0.327,3,3,0,0,VAL,3,0.0,0.0,0.0,1.0,0.0,0.0,0.0,0.0,0.0,1.0,1.0,0.0,0.0,0.0,0.0
835,0.434,0.351,0.444,0.215,0.549,0.266,0.432,0.481,0,0,0,1,TRAIN,7,1.0,0.0,0.0,0.0,0.0,0.0,1.0,0.0,0.0,0.0,1.0,0.0,0.0,0.0,0.0
836,0.5,0.516,0.441,0.649,0.411,0.545,0.094,0.364,2,2,0,1,TEST,3,0.0,0.0,1.0,0.0,0.0,0.0,0.0,0.0,1.0,0.0,1.0,0.0,0.0,0.0,0.0
837,0.816,0.225,0.505,1.0,0.396,0.046,0.054,0.396,4,0,0,1,TRAIN,4,0.0,0.0,0.0,0.0,1.0,0.0,1.0,0.0,0.0,0.0,1.0,0.0,0.0,0.0,0.0
838,0.551,0.834,0.546,0.0,0.533,0.769,0.142,0.609,2,3,1,0,TEST,6,0.0,0.0,1.0,0.0,0.0,0.0,0.0,0.0,0.0,1.0,0.0,1.0,0.0,0.0,0.0
839,0.285,0.422,0.36,0.886,0.287,0.371,0.011,0.154,2,3,0,0,TEST,3,0.0,0.0,1.0,0.0,0.0,0.0,0.0,0.0,0.0,1.0,1.0,0.0,0.0,0.0,0.0
840,0.299,0.293,0.299,0.336,0.574,0.026,0.31,0.362,5,0,3,0,TRAIN,7,0.0,0.0,0.0,0.0,0.0,1.0,1.0,0.0,0.0,0.0,0.0,0.0,0.0,1.0,0.0
841,0.568,0.836,0.578,0.0,0.587,1.0,0.116,0.646,1,2,1,1,VAL,6,0.0,1.0,0.0,0.0,0.0,0.0,0.0,0.0,1.0,0.0,0.0,1.0,0.0,0.0,0.0
842,0.456,0.906,0.514,0.0,0.43,1.0,0.017,0.438,4,2,1,1,TRAIN,6,0.0,0.0,0.0,0.0,1.0,0.0,0.0,0.0,1.0,0.0,0.0,1.0,0.0,0.0,0.0
843,0.611,0.872,0.554,0.0,0.567,0.853,0.035,0.504,0,3,1,1,TEST,6,1.0,0.0,0.0,0.0,0.0,0.0,0.0,0.0,0.0,1.0,0.0,1.0,0.0,0.0,0.0
844,0.358,0.507,0.346,0.716,0.316,0.397,0.018,0.183,3,0,0,1,VAL,3,0.0,0.0,0.0,1.0,0.0,0.0,1.0,0.0,0.0,0.0,1.0,0.0,0.0,0.0,0.0
845,0.276,0.514,0.288,0.966,0.295,0.473,0.006,0.101,2,1,0,1,TRAIN,5,0.0,0.0,1.0,0.0,0.0,0.0,0.0,1.0,0.0,0.0,1.0,0.0,0.0,0.0,0.0
846,0.478,0.565,0.471,0.577,0.253,0.613,0.013,0.354,1,1,2,1,TRAIN,3,0.0,1.0,0.0,0.0,0.0,0.0,0.0,1.0,0.0,0.0,0.0,0.0,1.0,0.0,0.0
847,0.623,0.61,0.529,0.533,0.575,0.604,0.123,0.485,3,2,0,0,TRAIN,3,0.0,0.0,0.0,1.0,0.0,0.0,0.0,0.0,1.0,0.0,1.0,0.0,0.0,0.0,0.0
848,0.778,0.281,0.632,0.528,0.818,0.208,0.461,0.665,0,0,0,1,TRAIN,7,1.0,0.0,0.0,0.0,0.0,0.0,1.0,0.0,0.0,0.0,1.0,0.0,0.0,0.0,0.0
849,0.326,0.621,0.374,0.791,0.278,0.689,0.007,0.201,1,2,0,1,TRAIN,3,0.0,1.0,0.0,0.0,0.0,0.0,0.0,0.0,1.0,0.0,1.0,0.0,0.0,0.0,0.0
850,0.618,0.43,0.497,0.215,0.562,0.381,0.197,0.544,2,1,4,0,TRAIN,2,0.0,0.0,1.0,0.0,0.0,0.0,0.0,1.0,0.0,0.0,0.0,0.0,0.0,0.0,1.0
851,0.675,0.82,0.65,0.0,0.637,1.0,0.181,0.662,0,2,0,1,TEST,6,1.0,0.0,0.0,0.0,0.0,0.0,0.0,0.0,1.0,0.0,1.0,0.0,0.0,0.0,0.0
852,0.781,0.328,0.644,0.638,0.763,0.125,0.433,0.648,2,3,0,1,TRAIN,7,0.0,0.0,1.0,0.0,0.0,0.0,0.0,0.0,0.0,1.0,1.0,0.0,0.0,0.0,0.0
853,0.549,0.861,0.57,0.0,0.575,0.92,0.074,0.654,5,2,1,1,VAL,6,0.0,0.0,0.0,0.0,0.0,1.0,0.0,0.0,1.0,0.0,0.0,1.0,0.0,0.0,0.0
854,0.199,0.361,0.316,0.831,0.506,0.282,0.12,0.167,2,2,2,1,VAL,5,0.0,0.0,1.0,0.0,0.0,0.0,0.0,0.0,1.0,0.0,0.0,0.0,1.0,0.0,0.0
855,0.423,0.38,0.357,0.0,0.83,0.299,0.622,0.613,0,1,1,1,TEST,2,1.0,0.0,0.0,0.0,0.0,0.0,0.0,1.0,0.0,0.0,0.0,1.0,0.0,0.0,0.0
856,0.481,0.531,0.519,0.54,0.477,0.522,0.118,0.434,5,2,3,1,VAL,3,0.0,0.0,0.0,0.0,0.0,1.0,0.0,0.0,1.0,0.0,0.0,0.0,0.0,1.0,0.0
857,0.49,0.281,0.572,0.0,0.853,0.027,0.827,0.725,2,2,1,0,TRAIN,2,0.0,0.0,1.0,0.0,0.0,0.0,0.0,0.0,1.0,0.0,0.0,1.0,0.0,0.0,0.0
858,0.24,0.324,0.24,0.989,0.451,0.113,0.057,0.233,3,2,0,1,TEST,3,0.0,0.0,0.0,1.0,0.0,0.0,0.0,0.0,1.0,0.0,1.0,0.0,0.0,0.0,0.0
859,0.18,0.289,0.184,0.818,0.466,0.009,0.108,0.115,2,1,2,0,TRAIN,5,0.0,0.0,1.0,0.0,0.0,0.0,0.0,1.0,0.0,0.0,0.0,0.0,1.0,0.0,0.0
860,0.666,0.718,0.609,0.0,0.757,0.721,0.349,0.716,3,1,1,1,TRAIN,6,0.0,0.0,0.0,1.0,0.0,0.0,0.0,1.0,0.0,0.0,0.0,1.0,0.0,0.0,0.0
861,0.418,0.51,0.407,0.702,0.371,0.395,0.038,0.332,2,2,0,0,TRAIN,3,0.0,0.0,1.0,0.0,0.0,0.0,0.0,0.0,1.0,0.0,1.0,0.0,0.0,0.0,0.0
862,0.167,0.44,0.224,0.929,0.297,0.273,0.033,0.142,2,2,0,1,TRAIN,3,0.0,0.0,1.0,0.0,0.0,0.0,0.0,0.0,1.0,0.0,1.0,0.0,0.0,0.0,0.0
863,0.401,0.535,0.444,0.75,0.387,0.527,0.046,0.27,2,0,0,1,TEST,3,0.0,0.0,1.0,0.0,0.0,0.0,1.0,0.0,0.0,0.0,1.0,0.0,0.0,0.0,0.0
864,0.464,0.539,0.518,0.0,0.833,0.281,0.544,0.593,3,1,1,0,TRAIN,2,0.0,0.0,0.0,1.0,0.0,0.0,0.0,1.0,0.0,0.0,0.0,1.0,0.0,0.0,0.0
865,0.443,0.87,0.437,0.0,0.404,1.0,0.03,0.406,5,1,2,1,TRAIN,6,0.0,0.0,0.0,0.0,0.0,1.0,0.0,1.0,0.0,0.0,0.0,0.0,1.0,0.0,0.0
866,0.275,0.538,0.41,0.784,0.387,0.497,0.029,0.178,3,2,0,0,TRAIN,3,0.0,0.0,0.0,1.0,0.0,0.0,0.0,0.0,1.0,0.0,1.0,0.0,0.0,0.0,0.0
867,0.666,0.574,0.643,0.598,0.496,0.469,0.036,0.45,1,2,0,0,TEST,3,0.0,1.0,0.0,0.0,0.0,0.0,0.0,0.0,1.0,0.0,1.0,0.0,0.0,0.0,0.0
868,0.383,0.83,0.501,0.0,0.454,1.0,0.063,0.429,3,0,1,0,TRAIN,6,0.0,0.0,0.0,1.0,0.0,0.0,1.0,0.0,0.0,0.0,0.0,1.0,0.0,0.0,0.0
869,0.241,0.555,0.265,1.0,0.115,0.481,0.007,0.156,5,2,3,1,VAL,3,0.0,0.0,0.0,0.0,0.0,1.0,0.0,0.0,1.0,0.0,0.0,0.0,0.0,1.0,0.0
870,0.677,0.264,0.423,0.686,0.588,0.037,0.298,0.507,3,0,1,0,TRAIN,7,0.0,0.0,0.0,1.0,0.0,0.0,1.0,0.0,0.0,0.0,0.0,1.0,0.0,0.0,0.0
871,0.595,0.598,0.498,0.483,0.366,0.583,0.026,0.438,1,2,0,0,TRAIN,3,0.0,1.0,0.0,0.0,0.0,0.0,0.0,0.0,1.0,0.0,1.0,0.0,0.0,0.0,0.0
872,0.339,0.587,0.418,0.704,0.207,0.561,0.014,0.283,1,0,0,0,TEST,3,0.0,1.0,0.0,0.0,0.0,0.0,1.0,0.0,0.0,0.0,1.0,0.0,0.0,0.0,0.0
873,0.359,0.918,0.534,0.0,0.368,1.0,0.023,0.413,3,2,1,0,TRAIN,6,0.0,0.0,0.0,1.0,0.0,0.0,0.0,0.0,1.0,0.0,0.0,1.0,0.0,0.0,0.0
874,0.333,0.54,0.33,0.451,0.391,0.496,0.064,0.271,1,2,0,0,TEST,3,0.0,1.0,0.0,0.0,0.0,0.0,0.0,0.0,1.0,0.0,1.0,0.0,0.0,0.0,0.0
875,0.476,0.807,0.533,0.0,0.456,0.907,0.056,0.424,4,0,3,1,TRAIN,6,0.0,0.0,0.0,0.0,1.0,0.0,1.0,0.0,0.0,0.0,0.0,0.0,0.0,1.0,0.0
876,0.396,0.651,0.545,0.961,0.286,0.732,0.009,0.35,3,0,0,1,TRAIN,3,0.0,0.0,0.0,1.0,0.0,0.0,1.0,0.0,0.0,0.0,1.0,0.0,0.0,0.0,0.0
877,0.575,0.799,0.61,0.0,0.54,0.941,0.097,0.644,2,2,0,1,TRAIN,6,0.0,0.0,1.0,0.0,0.0,0.0,0.0,0.0,1.0,0.0,1.0,0.0,0.0,0.0,0.0
878,0.901,0.533,0.77,1.0,0.459,0.484,0.024,0.534,4,0,3,1,VAL,4,0.0,0.0,0.0,0.0,1.0,0.0,1.0,0.0,0.0,0.0,0.0,0.0,0.0,1.0,0.0
879,0.592,0.069,0.519,1.0,0.596,0.0,0.308,0.525,0,0,1,1,TRAIN,7,1.0,0.0,0.0,0.0,0.0,0.0,1.0,0.0,0.0,0.0,0.0,1.0,0.0,0.0,0.0
880,0.485,0.552,0.456,0.75,0.446,0.462,0.015,0.318,3,0,2,0,TRAIN,3,0.0,0.0,0.0,1.0,0.0,0.0,1.0,0.0,0.0,0.0,0.0,0.0,1.0,0.0,0.0
881,0.513,0.842,0.58,0.0,0.63,0.9,0.105,0.556,5,1,1,1,TRAIN,6,0.0,0.0,0.0,0.0,0.0,1.0,0.0,1.0,0.0,0.0,0.0,1.0,0.0,0.0,0.0
882,0.422,0.573,0.473,0.0,0.714,0.509,0.395,0.603,3,2,1,0,TRAIN,2,0.0,0.0,0.0,1.0,0.0,0.0,0.0,0.0,1.0,0.0,0.0,1.0,0.0,0.0,0.0
883,0.595,0.776,0.624,0.0,0.707,0.809,0.227,0.685,0,2,2,1,VAL,6,1.0,0.0,0.0,0.0,0.0,0.0,0.0,0.0,1.0,0.0,0.0,0.0,1.0,0.0,0.0
884,0.443,0.551,0.468,0.475,0.49,0.435,0.075,0.328,2,3,0,0,TEST,3,0.0,0.0,1.0,0.0,0.0,0.0,0.0,0.0,0.0,1.0,1.0,0.0,0.0,0.0,0.0
885,0.198,0.454,0.288,0.957,0.271,0.298,0.006,0.147,2,0,0,1,VAL,3,0.0,0.0,1.0,0.0,0.0,0.0,1.0,0.0,0.0,0.0,1.0,0.0,0.0,0.0,0.0
886,0.575,0.711,0.604,0.0,0.746,0.58,0.355,0.714,1,1,1,0,TRAIN,6,0.0,1.0,0.0,0.0,0.0,0.0,0.0,1.0,0.0,0.0,0.0,1.0,0.0,0.0,0.0
887,0.515,0.472,0.419,1.0,0.369,0.239,0.028,0.249,3,2,0,0,TRAIN,3,0.0,0.0,0.0,1.0,0.0,0.0,0.0,0.0,1.0,0.0,1.0,0.0,0.0,0.0,0.0
888,0.289,0.643,0.335,0.81,0.187,0.614,0.006,0.114,2,2,3,0,TRAIN,3,0.0,0.0,1.0,0.0,0.0,0.0,0.0,0.0,1.0,0.0,0.0,0.0,0.0,1.0,0.0
889,0.258,0.391,0.35,0.964,0.4,0.249,0.053,0.16,2,2,0,0,TRAIN,5,0.0,0.0,1.0,0.0,0.0,0.0,0.0,0.0,1.0,0.0,1.0,0.0,0.0,0.0,0.0
890,0.279,0.535,0.263,0.782,0.347,0.527,0.019,0.16,3,2,0,0,TEST,3,0.0,0.0,0.0,1.0,0.0,0.0,0.0,0.0,1.0,0.0,1.0,0.0,0.0,0.0,0.0
891,0.437,0.598,0.45,0.824,0.308,0.686,0.006,0.272,2,1,0,0,TRAIN,3,0.0,0.0,1.0,0.0,0.0,0.0,0.0,1.0,0.0,0.0,1.0,0.0,0.0,0.0,0.0
892,0.372,0.748,0.422,0.841,0.235,0.892,0.002,0.315,1,0,0,0,TRAIN,3,0.0,1.0,0.0,0.0,0.0,0.0,1.0,0.0,0.0,0.0,1.0,0.0,0.0,0.0,0.0
893,0.577,0.454,0.507,0.185,0.645,0.355,0.233,0.615,3,0,0,1,TRAIN,7,0.0,0.0,0.0,1.0,0.0,0.0,1.0,0.0,0.0,0.0,1.0,0.0,0.0,0.0,0.0
894,0.506,0.493,0.374,0.741,0.458,0.491,0.042,0.305,2,2,0,0,TRAIN,3,0.0,0.0,1.0,0.0,0.0,0.0,0.0,0.0,1.0,0.0,1.0,0.0,0.0,0.0,0.0
895,0.376,0.493,0.422,0.684,0.475,0.528,0.029,0.292,2,3,0,0,TEST,3,0.0,0.0,1.0,0.0,0.0,0.0,0.0,0.0,0.0,1.0,1.0,0.0,0.0,0.0,0.0
896,0.843,0.448,0.67,0.524,0.46,0.345,0.181,0.673,0,0,0,1,TRAIN,7,1.0,0.0,0.0,0.0,0.0,0.0,1.0,0.0,0.0,0.0,1.0,0.0,0.0,0.0,0.0
897,0.266,0.477,0.242,0.845,0.307,0.338,0.013,0.18,3,0,0,0,TEST,3,0.0,0.0,0.0,1.0,0.0,0.0,1.0,0.0,0.0,0.0,1.0,0.0,0.0,0.0,0.0
898,0.526,0.616,0.502,0.265,0.417,0.45,0.161,0.478,0,0,4,0,TEST,1,1.0,0.0,0.0,0.0,0.0,0.0,1.0,0.0,0.0,0.0,0.0,0.0,0.0,0.0,1.0
899,0.393,0.497,0.525,0.752,0.396,0.757,0.021,0.253,3,2,3,0,VAL,3,0.0,0.0,0.0,1.0,0.0,0.0,0.0,0.0,1.0,0.0,0.0,0.0,0.0,1.0,0.0
900,0.495,0.428,0.531,0.65,0.417,0.317,0.071,0.323,5,0,1,1,TRAIN,4,0.0,0.0,0.0,0.0,0.0,1.0,1.0,0.0,0.0,0.0,0.0,1.0,0.0,0.0,0.0
901,0.308,0.591,0.332,0.641,0.298,0.523,0.018,0.273,3,3,0,0,TEST,3,0.0,0.0,0.0,1.0,0.0,0.0,0.0,0.0,0.0,1.0,1.0,0.0,0.0,0.0,0.0
902,0.821,0.249,0.488,1.0,0.557,0.072,0.212,0.461,0,1,0,0,TRAIN,7,1.0,0.0,0.0,0.0,0.0,0.0,0.0,1.0,0.0,0.0,1.0,0.0,0.0,0.0,0.0
903,0.225,0.539,0.349,0.915,0.268,0.398,0.012,0.153,3,1,3,1,TRAIN,3,0.0,0.0,0.0,1.0,0.0,0.0,0.0,1.0,0.0,0.0,0.0,0.0,0.0,1.0,0.0
904,0.501,0.595,0.449,0.676,0.281,0.514,0.026,0.399,3,0,0,0,VAL,3,0.0,0.0,0.0,1.0,0.0,0.0,1.0,0.0,0.0,0.0,1.0,0.0,0.0,0.0,0.0
905,0.438,0.507,0.366,0.537,0.413,0.402,0.072,0.352,1,2,3,1,TRAIN,3,0.0,1.0,0.0,0.0,0.0,0.0,0.0,0.0,1.0,0.0,0.0,0.0,0.0,1.0,0.0
906,0.239,0.624,0.409,0.679,0.35,0.64,0.028,0.261,3,2,3,0,TEST,3,0.0,0.0,0.0,1.0,0.0,0.0,0.0,0.0,1.0,0.0,0.0,0.0,0.0,1.0,0.0
907,0.477,0.845,0.639,0.0,0.599,0.972,0.104,0.541,0,2,3,1,TEST,6,1.0,0.0,0.0,0.0,0.0,0.0,0.0,0.0,1.0,0.0,0.0,0.0,0.0,1.0,0.0
908,0.345,0.425,0.253,0.813,0.369,0.158,0.047,0.157,3,1,0,0,TRAIN,3,0.0,0.0,0.0,1.0,0.0,0.0,0.0,1.0,0.0,0.0,1.0,0.0,0.0,0.0,0.0
909,0.368,0.692,0.435,0.0,0.661,0.809,0.16,0.456,1,2,4,0,TRAIN,2,0.0,1.0,0.0,0.0,0.0,0.0,0.0,0.0,1.0,0.0,0.0,0.0,0.0,0.0,1.0
910,0.636,0.711,0.656,0.0,0.726,0.668,0.318,0.661,3,2,1,1,VAL,6,0.0,0.0,0.0,1.0,0.0,0.0,0.0,0.0,1.0,0.0,0.0,1.0,0.0,0.0,0.0
911,0.583,0.495,0.535,0.537,0.455,0.583,0.026,0.341,3,0,0,0,TRAIN,3,0.0,0.0,0.0,1.0,0.0,0.0,1.0,0.0,0.0,0.0,1.0,0.0,0.0,0.0,0.0
912,0.473,0.577,0.495,0.0,0.641,0.585,0.15,0.453,2,2,0,1,TRAIN,2,0.0,0.0,1.0,0.0,0.0,0.0,0.0,0.0,1.0,0.0,1.0,0.0,0.0,0.0,0.0
913,0.565,0.052,0.383,1.0,0.311,0.0,0.144,0.325,0,0,0,0,TRAIN,7,1.0,0.0,0.0,0.0,0.0,0.0,1.0,0.0,0.0,0.0,1.0,0.0,0.0,0.0,0.0
914,0.491,0.435,0.524,0.0,0.773,0.211,0.477,0.554,1,1,1,0,TEST,2,0.0,1.0,0.0,0.0,0.0,0.0,0.0,1.0,0.0,0.0,0.0,1.0,0.0,0.0,0.0
915,0.322,0.629,0.406,0.786,0.271,0.525,0.011,0.215,2,3,0,0,TRAIN,3,0.0,0.0,1.0,0.0,0.0,0.0,0.0,0.0,0.0,1.0,1.0,0.0,0.0,0.0,0.0
916,0.369,0.524,0.353,0.546,0.331,0.439,0.045,0.364,2,2,3,0,TEST,3,0.0,0.0,1.0,0.0,0.0,0.0,0.0,0.0,1.0,0.0,0.0,0.0,0.0,1.0,0.0
917,0.686,0.271,0.564,0.832,0.593,0.116,0.35,0.53,4,0,0,0,TRAIN,7,0.0,0.0,0.0,0.0,1.0,0.0,1.0,0.0,0.0,0.0,1.0,0.0,0.0,0.0,0.0
918,0.413,0.556,0.416,0.561,0.348,0.545,0.037,0.311,3,2,0,0,VAL,3,0.0,0.0,0.0,1.0,0.0,0.0,0.0,0.0,1.0,0.0,1.0,0.0,0.0,0.0,0.0
919,0.505,0.486,0.452,0.432,0.497,0.622,0.06,0.315,3,3,0,0,TEST,3,0.0,0.0,0.0,1.0,0.0,0.0,0.0,0.0,0.0,1.0,1.0,0.0,0.0,0.0,0.0
920,0.58,0.223,0.506,0.991,0.571,0.0,0.193,0.495,2,1,0,0,TEST,7,0.0,0.0,1.0,0.0,0.0,0.0,0.0,1.0,0.0,0.0,1.0,0.0,0.0,0.0,0.0
921,0.525,0.58,0.46,0.538,0.477,0.584,0.078,0.458,2,2,0,1,TRAIN,3,0.0,0.0,1.0,0.0,0.0,0.0,0.0,0.0,1.0,0.0,1.0,0.0,0.0,0.0,0.0
922,0.431,0.475,0.483,0.896,0.295,0.478,0.014,0.288,2,2,0,1,VAL,3,0.0,0.0,1.0,0.0,0.0,0.0,0.0,0.0,1.0,0.0,1.0,0.0,0.0,0.0,0.0
923,0.614,0.551,0.523,0.666,0.501,0.457,0.057,0.471,2,0,0,1,TEST,3,0.0,0.0,1.0,0.0,0.0,0.0,1.0,0.0,0.0,0.0,1.0,0.0,0.0,0.0,0.0
924,0.833,0.383,0.64,1.0,0.43,0.117,0.024,0.476,0,0,0,1,TRAIN,4,1.0,0.0,0.0,0.0,0.0,0.0,1.0,0.0,0.0,0.0,1.0,0.0,0.0,0.0,0.0
925,0.436,0.586,0.479,0.0,0.571,0.587,0.238,0.484,3,1,4,0,TEST,2,0.0,0.0,0.0,1.0,0.0,0.0,0.0,1.0,0.0,0.0,0.0,0.0,0.0,0.0,1.0
926,0.391,0.58,0.446,0.678,0.321,0.443,0.014,0.295,1,1,0,0,TEST,3,0.0,1.0,0.0,0.0,0.0,0.0,0.0,1.0,0.0,0.0,1.0,0.0,0.0,0.0,0.0
927,0.991,0.456,0.26,0.856,0.348,0.531,0.01,0.09,1,1,4,0,VAL,5,0.0,1.0,0.0,0.0,0.0,0.0,0.0,1.0,0.0,0.0,0.0,0.0,0.0,0.0,1.0
928,0.537,0.734,0.69,0.0,0.766,0.837,0.38,0.812,4,2,2,1,TRAIN,6,0.0,0.0,0.0,0.0,1.0,0.0,0.0,0.0,1.0,0.0,0.0,0.0,1.0,0.0,0.0
929,0.492,0.536,0.486,1.0,0.195,0.526,0.001,0.231,0,1,3,1,TEST,5,1.0,0.0,0.0,0.0,0.0,0.0,0.0,1.0,0.0,0.0,0.0,0.0,0.0,1.0,0.0
930,0.547,0.532,0.487,0.525,0.281,0.506,0.025,0.332,1,2,0,0,TRAIN,3,0.0,1.0,0.0,0.0,0.0,0.0,0.0,0.0,1.0,0.0,1.0,0.0,0.0,0.0,0.0
931,0.596,0.531,0.635,0.568,0.569,0.42,0.117,0.577,0,0,0,0,TRAIN,1,1.0,0.0,0.0,0.0,0.0,0.0,1.0,0.0,0.0,0.0,1.0,0.0,0.0,0.0,0.0
932,0.393,0.442,0.373,1.0,0.27,0.367,0.02,0.239,0,3,2,1,VAL,5,1.0,0.0,0.0,0.0,0.0,0.0,0.0,0.0,0.0,1.0,0.0,0.0,1.0,0.0,0.0
933,0.263,0.563,0.465,0.638,0.389,0.559,0.012,0.237,2,2,0,0,TRAIN,3,0.0,0.0,1.0,0.0,0.0,0.0,0.0,0.0,1.0,0.0,1.0,0.0,0.0,0.0,0.0
934,0.288,0.596,0.382,0.798,0.264,0.573,0.006,0.219,2,2,1,0,TRAIN,3,0.0,0.0,1.0,0.0,0.0,0.0,0.0,0.0,1.0,0.0,0.0,1.0,0.0,0.0,0.0
935,0.39,0.639,0.324,0.613,0.46,0.561,0.023,0.254,2,2,0,0,TEST,3,0.0,0.0,1.0,0.0,0.0,0.0,0.0,0.0,1.0,0.0,1.0,0.0,0.0,0.0,0.0
936,0.399,0.595,0.444,0.499,0.429,0.496,0.04,0.333,3,2,0,0,VAL,3,0.0,0.0,0.0,1.0,0.0,0.0,0.0,0.0,1.0,0.0,1.0,0.0,0.0,0.0,0.0
937,0.508,0.483,0.503,0.578,0.52,0.379,0.03,0.368,3,2,3,1,TRAIN,3,0.0,0.0,0.0,1.0,0.0,0.0,0.0,0.0,1.0,0.0,0.0,0.0,0.0,1.0,0.0
938,0.574,0.864,0.651,0.0,0.492,0.837,0.043,0.569,5,2,0,1,VAL,6,0.0,0.0,0.0,0.0,0.0,1.0,0.0,0.0,1.0,0.0,1.0,0.0,0.0,0.0,0.0
939,0.374,0.492,0.462,0.757,0.502,0.358,0.067,0.381,2,2,0,1,TEST,3,0.0,0.0,1.0,0.0,0.0,0.0,0.0,0.0,1.0,0.0,1.0,0.0,0.0,0.0,0.0
940,0.422,0.528,0.411,0.677,0.345,0.716,0.029,0.34,3,2,0,0,TRAIN,3,0.0,0.0,0.0,1.0,0.0,0.0,0.0,0.0,1.0,0.0,1.0,0.0,0.0,0.0,0.0
941,0.615,0.827,0.761,0.0,0.763,0.937,0.192,0.692,2,3,2,1,TEST,6,0.0,0.0,1.0,0.0,0.0,0.0,0.0,0.0,0.0,1.0,0.0,0.0,1.0,0.0,0.0
942,0.4,0.497,0.319,0.801,0.396,0.425,0.024,0.226,1,0,0,0,VAL,3,0.0,1.0,0.0,0.0,0.0,0.0,1.0,0.0,0.0,0.0,1.0,0.0,0.0,0.0,0.0
943,0.538,0.891,0.471,0.0,0.506,0.96,0.037,0.461,2,2,1,1,TRAIN,6,0.0,0.0,1.0,0.0,0.0,0.0,0.0,0.0,1.0,0.0,0.0,1.0,0.0,0.0,0.0
944,0.451,0.451,0.511,0.961,0.434,0.26,0.036,0.311,3,2,0,0,TRAIN,3,0.0,0.0,0.0,1.0,0.0,0.0,0.0,0.0,1.0,0.0,1.0,0.0,0.0,0.0,0.0
945,0.38,0.585,0.445,0.695,0.336,0.619,0.018,0.229,2,2,0,0,TRAIN,3,0.0,0.0,1.0,0.0,0.0,0.0,0.0,0.0,1.0,0.0,1.0,0.0,0.0,0.0,0.0
946,0.483,0.552,0.448,0.552,0.344,0.619,0.02,0.36,2,2,3,0,TRAIN,3,0.0,0.0,1.0,0.0,0.0,0.0,0.0,0.0,1.0,0.0,0.0,0.0,0.0,1.0,0.0
947,0.33,0.533,0.352,0.83,0.291,0.672,0.017,0.213,3,3,0,1,TEST,3,0.0,0.0,0.0,1.0,0.0,0.0,0.0,0.0,0.0,1.0,1.0,0.0,0.0,0.0,0.0
948,0.407,0.59,0.433,0.559,0.405,0.638,0.018,0.319,1,2,3,0,VAL,3,0.0,1.0,0.0,0.0,0.0,0.0,0.0,0.0,1.0,0.0,0.0,0.0,0.0,1.0,0.0
949,0.447,0.52,0.386,0.762,0.464,0.558,0.033,0.21,3,2,0,1,VAL,3,0.0,0.0,0.0,1.0,0.0,0.0,0.0,0.0,1.0,0.0,1.0,0.0,0.0,0.0,0.0
950,0.72,0.231,0.528,1.0,0.54,0.0,0.194,0.429,0,3,0,1,TRAIN,7,1.0,0.0,0.0,0.0,0.0,0.0,0.0,0.0,0.0,1.0,1.0,0.0,0.0,0.0,0.0
951,0.01,0.416,0.701,1.0,0.499,0.229,0.018,0.481,0,3,4,1,TEST,4,1.0,0.0,0.0,0.0,0.0,0.0,0.0,0.0,0.0,1.0,0.0,0.0,0.0,0.0,1.0
952,0.36,0.656,0.437,0.435,0.345,0.605,0.016,0.394,3,2,0,0,TRAIN,3,0.0,0.0,0.0,1.0,0.0,0.0,0.0,0.0,1.0,0.0,1.0,0.0,0.0,0.0,0.0
953,0.459,0.402,0.502,0.775,0.576,0.335,0.132,0.363,0,0,3,1,VAL,4,1.0,0.0,0.0,0.0,0.0,0.0,1.0,0.0,0.0,0.0,0.0,0.0,0.0,1.0,0.0
954,0.206,0.822,0.349,0.0,0.305,1.0,0.015,0.218,3,0,2,1,VAL,1,0.0,0.0,0.0,1.0,0.0,0.0,1.0,0.0,0.0,0.0,0.0,0.0,1.0,0.0,0.0
955,0.598,0.465,0.494,0.857,0.538,0.357,0.046,0.389,3,2,3,1,TRAIN,3,0.0,0.0,0.0,1.0,0.0,0.0,0.0,0.0,1.0,0.0,0.0,0.0,0.0,1.0,0.0
956,0.348,0.551,0.406,0.664,0.367,0.39,0.015,0.282,5,0,0,1,TRAIN,3,0.0,0.0,0.0,0.0,0.0,1.0,1.0,0.0,0.0,0.0,1.0,0.0,0.0,0.0,0.0
957,0.475,0.373,0.427,0.624,0.632,0.281,0.306,0.478,0,1,0,0,TRAIN,7,1.0,0.0,0.0,0.0,0.0,0.0,0.0,1.0,0.0,0.0,1.0,0.0,0.0,0.0,0.0
958,0.54,0.828,0.656,0.0,0.645,0.915,0.1,0.656,3,0,0,1,TRAIN,6,0.0,0.0,0.0,1.0,0.0,0.0,1.0,0.0,0.0,0.0,1.0,0.0,0.0,0.0,0.0
959,0.779,0.336,0.54,0.902,0.447,0.259,0.111,0.541,0,3,0,0,VAL,7,1.0,0.0,0.0,0.0,0.0,0.0,0.0,0.0,0.0,1.0,1.0,0.0,0.0,0.0,0.0
960,0.156,0.569,0.192,0.644,0.361,0.351,0.007,0.119,2,2,3,0,TRAIN,3,0.0,0.0,1.0,0.0,0.0,0.0,0.0,0.0,1.0,0.0,0.0,0.0,0.0,1.0,0.0
961,0.064,0.301,0.812,1.0,0.733,0.103,0.251,0.804,0,0,0,1,TRAIN,7,1.0,0.0,0.0,0.0,0.0,0.0,1.0,0.0,0.0,0.0,1.0,0.0,0.0,0.0,0.0
962,0.397,0.411,0.352,0.779,0.397,0.465,0.043,0.265,3,1,0,0,TRAIN,3,0.0,0.0,0.0,1.0,0.0,0.0,0.0,1.0,0.0,0.0,1.0,0.0,0.0,0.0,0.0
963,0.998,0.282,0.674,0.867,0.675,0.0,0.357,0.72,0,0,0,1,TRAIN,7,1.0,0.0,0.0,0.0,0.0,0.0,1.0,0.0,0.0,0.0,1.0,0.0,0.0,0.0,0.0
964,0.106,0.536,0.165,0.962,0.245,0.522,0.004,0.058,2,1,1,0,TRAIN,8,0.0,0.0,1.0,0.0,0.0,0.0,0.0,1.0,0.0,0.0,0.0,1.0,0.0,0.0,0.0
965,0.079,0.495,0.281,0.879,0.171,0.458,0.008,0.097,1,1,4,1,TEST,5,0.0,1.0,0.0,0.0,0.0,0.0,0.0,1.0,0.0,0.0,0.0,0.0,0.0,0.0,1.0
966,0.311,0.56,0.247,0.67,0.308,0.465,0.011,0.234,3,2,0,0,TEST,3,0.0,0.0,0.0,1.0,0.0,0.0,0.0,0.0,1.0,0.0,1.0,0.0,0.0,0.0,0.0
967,0.583,0.799,0.625,0.0,0.626,0.938,0.145,0.712,2,3,0,1,VAL,6,0.0,0.0,1.0,0.0,0.0,0.0,0.0,0.0,0.0,1.0,1.0,0.0,0.0,0.0,0.0
968,0.273,0.29,0.288,0.753,0.547,0.064,0.207,0.251,4,3,0,0,VAL,7,0.0,0.0,0.0,0.0,1.0,0.0,0.0,0.0,0.0,1.0,1.0,0.0,0.0,0.0,0.0
969,0.454,0.617,0.41,0.497,0.376,0.572,0.031,0.326,3,0,0,1,TRAIN,3,0.0,0.0,0.0,1.0,0.0,0.0,1.0,0.0,0.0,0.0,1.0,0.0,0.0,0.0,0.0
970,0.413,0.848,0.488,0.0,0.449,0.948,0.038,0.539,0,1,1,1,VAL,6,1.0,0.0,0.0,0.0,0.0,0.0,0.0,1.0,0.0,0.0,0.0,1.0,0.0,0.0,0.0
971,0.554,0.454,0.505,0.0,0.666,0.22,0.598,0.558,1,1,1,0,TEST,2,0.0,1.0,0.0,0.0,0.0,0.0,0.0,1.0,0.0,0.0,0.0,1.0,0.0,0.0,0.0
972,0.267,0.406,0.305,0.946,0.467,0.412,0.057,0.214,2,0,0,0,TRAIN,3,0.0,0.0,1.0,0.0,0.0,0.0,1.0,0.0,0.0,0.0,1.0,0.0,0.0,0.0,0.0
973,0.462,0.459,0.414,0.814,0.347,0.479,0.034,0.292,3,2,3,0,TRAIN,3,0.0,0.0,0.0,1.0,0.0,0.0,0.0,0.0,1.0,0.0,0.0,0.0,0.0,1.0,0.0
974,0.499,0.894,0.629,0.0,0.441,1.0,0.049,0.511,2,3,0,0,TEST,6,0.0,0.0,1.0,0.0,0.0,0.0,0.0,0.0,0.0,1.0,1.0,0.0,0.0,0.0,0.0
975,0.286,0.597,0.394,0.621,0.319,0.584,0.021,0.241,4,2,0,1,VAL,3,0.0,0.0,0.0,0.0,1.0,0.0,0.0,0.0,1.0,0.0,1.0,0.0,0.0,0.0,0.0
976,0.888,0.395,0.613,1.0,0.58,0.265,0.06,0.604,2,0,1,1,VAL,4,0.0,0.0,1.0,0.0,0.0,0.0,1.0,0.0,0.0,0.0,0.0,1.0,0.0,0.0,0.0
977,0.325,0.551,0.345,0.749,0.366,0.473,0.016,0.23,3,2,0,1,TEST,3,0.0,0.0,0.0,1.0,0.0,0.0,0.0,0.0,1.0,0.0,1.0,0.0,0.0,0.0,0.0
978,0.076,0.481,0.238,0.597,0.23,0.501,0.014,0.064,3,1,1,0,VAL,8,0.0,0.0,0.0,1.0,0.0,0.0,0.0,1.0,0.0,0.0,0.0,1.0,0.0,0.0,0.0
979,0.774,0.424,0.686,0.4,0.655,0.226,0.486,0.746,5,3,0,0,TRAIN,7,0.0,0.0,0.0,0.0,0.0,1.0,0.0,0.0,0.0,1.0,1.0,0.0,0.0,0.0,0.0
980,0.502,0.478,0.532,0.0,0.799,0.198,0.676,0.652,2,3,4,0,TRAIN,2,0.0,0.0,1.0,0.0,0.0,0.0,0.0,0.0,0.0,1.0,0.0,0.0,0.0,0.0,1.0
981,0.487,0.202,0.298,1.0,0.379,0.0,0.145,0.274,0,0,1,1,TRAIN,7,1.0,0.0,0.0,0.0,0.0,0.0,1.0,0.0,0.0,0.0,0.0,1.0,0.0,0.0,0.0
982,0.579,0.827,0.617,0.0,0.742,0.884,0.125,0.644,2,2,1,0,TEST,6,0.0,0.0,1.0,0.0,0.0,0.0,0.0,0.0,1.0,0.0,0.0,1.0,0.0,0.0,0.0
983,0.461,0.575,0.451,0.803,0.412,0.445,0.01,0.263,2,2,0,0,TEST,3,0.0,0.0,1.0,0.0,0.0,0.0,0.0,0.0,1.0,0.0,1.0,0.0,0.0,0.0,0.0
984,0.551,0.859,0.576,0.0,0.458,0.924,0.113,0.572,4,1,1,1,TRAIN,6,0.0,0.0,0.0,0.0,1.0,0.0,0.0,1.0,0.0,0.0,0.0,1.0,0.0,0.0,0.0
985,0.032,0.486,0.787,0.692,0.767,0.358,0.322,0.845,0,1,0,0,TRAIN,7,1.0,0.0,0.0,0.0,0.0,0.0,0.0,1.0,0.0,0.0,1.0,0.0,0.0,0.0,0.0
986,0.498,0.544,0.549,0.64,0.335,0.589,0.046,0.436,3,2,3,0,VAL,3,0.0,0.0,0.0,1.0,0.0,0.0,0.0,0.0,1.0,0.0,0.0,0.0,0.0,1.0,0.0
987,0.443,0.479,0.388,0.836,0.438,0.45,0.039,0.282,2,3,0,1,TRAIN,3,0.0,0.0,1.0,0.0,0.0,0.0,0.0,0.0,0.0,1.0,1.0,0.0,0.0,0.0,0.0
988,0.362,0.577,0.342,0.944,0.269,0.606,0.005,0.179,3,2,2,0,VAL,3,0.0,0.0,0.0,1.0,0.0,0.0,0.0,0.0,1.0,0.0,0.0,0.0,1.0,0.0,0.0
989,0.341,0.46,0.256,0.831,0.235,0.577,0.036,0.145,4,2,3,0,TEST,3,0.0,0.0,0.0,0.0,1.0,0.0,0.0,0.0,1.0,0.0,0.0,0.0,0.0,1.0,0.0
990,0.268,0.534,0.301,0.999,0.311,0.326,0.006,0.197,3,2,4,0,VAL,3,0.0,0.0,0.0,1.0,0.0,0.0,0.0,0.0,1.0,0.0,0.0,0.0,0.0,0.0,1.0
991,0.161,0.503,0.28,0.826,0.264,0.491,0.029,0.14,1,0,3,1,TRAIN,3,0.0,1.0,0.0,0.0,0.0,0.0,1.0,0.0,0.0,0.0,0.0,0.0,0.0,1.0,0.0
992,0.337,0.51,0.361,0.734,0.413,0.389,0.017,0.282,2,0,0,0,TRAIN,3,0.0,0.0,1.0,0.0,0.0,0.0,1.0,0.0,0.0,0.0,1.0,0.0,0.0,0.0,0.0
993,0.344,0.607,0.405,0.956,0.191,0.53,0.008,0.212,1,1,1,1,TRAIN,8,0.0,1.0,0.0,0.0,0.0,0.0,0.0,1.0,0.0,0.0,0.0,1.0,0.0,0.0,0.0
994,0.614,0.575,0.525,0.072,0.525,0.551,0.276,0.557,3,0,4,1,TRAIN,1,0.0,0.0,0.0,1.0,0.0,0.0,1.0,0.0,0.0,0.0,0.0,0.0,0.0,0.0,1.0
995,0.342,0.491,0.436,0.774,0.364,0.588,0.015,0.202,3,2,0,0,TRAIN,3,0.0,0.0,0.0,1.0,0.0,0.0,0.0,0.0,1.0,0.0,1.0,0.0,0.0,0.0,0.0
996,0.524,0.539,0.451,0.661,0.401,0.439,0.032,0.332,2,2,3,0,VAL,3,0.0,0.0,1.0,0.0,0.0,0.0,0.0,0.0,1.0,0.0,0.0,0.0,0.0,1.0,0.0
997,0.361,0.52,0.407,0.758,0.35,0.31,0.033,0.291,3,3,3,1,TRAIN,3,0.0,0.0,0.0,1.0,0.0,0.0,0.0,0.0,0.0,1.0,0.0,0.0,0.0,1.0,0.0
998,0.598,0.365,0.557,0.0,0.819,0.226,0.585,0.667,3,1,1,0,VAL,2,0.0,0.0,0.0,1.0,0.0,0.0,0.0,1.0,0.0,0.0,0.0,1.0,0.0,0.0,0.0
999,0.585,0.542,0.465,0.672,0.406,0.411,0.031,0.409,1,2,0,0,TEST,3,0.0,1.0,0.0,0.0,0.0,0.0,0.0,0.0,1.0,0.0,1.0,0.0,0.0,0.0,0.0
1000,0.278,0.552,0.428,0.636,0.367,0.429,0.019,0.299,1,2,0,0,TRAIN,3,0.0,1.0,0.0,0.0,0.0,0.0,0.0,0.0,1.0,0.0,1.0,0.0,0.0,0.0,0.0
1001,0.298,0.589,0.36,0.732,0.232,0.456,0.021,0.237,3,1,0,0,TEST,3,0.0,0.0,0.0,1.0,0.0,0.0,0.0,1.0,0.0,0.0,1.0,0.0,0.0,0.0,0.0
1002,0.365,0.576,0.356,0.804,0.468,0.463,0.023,0.179,3,3,0,1,VAL,3,0.0,0.0,0.0,1.0,0.0,0.0,0.0,0.0,0.0,1.0,1.0,0.0,0.0,0.0,0.0
1003,0.724,0.227,0.489,0.666,0.578,0.0,0.389,0.616,3,0,0,0,TRAIN,7,0.0,0.0,0.0,1.0,0.0,0.0,1.0,0.0,0.0,0.0,1.0,0.0,0.0,0.0,0.0
1004,0.63,0.726,0.549,0.0,0.538,0.751,0.224,0.562,2,0,1,1,TRAIN,6,0.0,0.0,1.0,0.0,0.0,0.0,1.0,0.0,0.0,0.0,0.0,1.0,0.0,0.0,0.0
1005,0.388,0.766,0.41,0.0,0.39,0.729,0.041,0.356,3,0,4,1,TRAIN,1,0.0,0.0,0.0,1.0,0.0,0.0,1.0,0.0,0.0,0.0,0.0,0.0,0.0,0.0,1.0
1006,0.542,0.497,0.471,0.321,0.598,0.488,0.137,0.472,1,1,0,0,TRAIN,2,0.0,1.0,0.0,0.0,0.0,0.0,0.0,1.0,0.0,0.0,1.0,0.0,0.0,0.0,0.0
1007,0.265,0.471,0.302,0.833,0.306,0.237,0.02,0.19,4,1,1,1,TRAIN,5,0.0,0.0,0.0,0.0,1.0,0.0,0.0,1.0,0.0,0.0,0.0,1.0,0.0,0.0,0.0
1008,0.63,0.449,0.62,0.531,0.539,0.339,0.103,0.469,3,2,0,1,TRAIN,3,0.0,0.0,0.0,1.0,0.0,0.0,0.0,0.0,1.0,0.0,1.0,0.0,0.0,0.0,0.0
1009,0.175,0.537,0.213,0.928,0.228,0.749,0.003,0.051,1,2,0,0,TEST,3,0.0,1.0,0.0,0.0,0.0,0.0,0.0,0.0,1.0,0.0,1.0,0.0,0.0,0.0,0.0
1010,0.347,0.495,0.456,0.735,0.39,0.598,0.044,0.323,2,2,3,0,TEST,3,0.0,0.0,1.0,0.0,0.0,0.0,0.0,0.0,1.0,0.0,0.0,0.0,0.0,1.0,0.0
1011,0.775,0.262,0.587,0.977,0.708,0.059,0.302,0.616,0,0,0,0,VAL,7,1.0,0.0,0.0,0.0,0.0,0.0,1.0,0.0,0.0,0.0,1.0,0.0,0.0,0.0,0.0
1012,0.421,0.567,0.462,0.644,0.384,0.442,0.029,0.322,3,2,0,0,VAL,3,0.0,0.0,0.0,1.0,0.0,0.0,0.0,0.0,1.0,0.0,1.0,0.0,0.0,0.0,0.0
1013,0.465,0.435,0.413,0.604,0.442,0.506,0.045,0.271,5,2,3,1,TRAIN,3,0.0,0.0,0.0,0.0,0.0,1.0,0.0,0.0,1.0,0.0,0.0,0.0,0.0,1.0,0.0
1014,0.494,0.848,0.594,0.0,0.452,0.93,0.04,0.488,3,2,1,1,TRAIN,6,0.0,0.0,0.0,1.0,0.0,0.0,0.0,0.0,1.0,0.0,0.0,1.0,0.0,0.0,0.0
1015,0.927,0.561,0.634,0.932,0.522,0.645,0.05,0.619,0,3,0,1,TRAIN,4,1.0,0.0,0.0,0.0,0.0,0.0,0.0,0.0,0.0,1.0,1.0,0.0,0.0,0.0,0.0
1016,0.363,0.607,0.466,0.737,0.298,0.645,0.021,0.211,2,2,1,0,TRAIN,3,0.0,0.0,1.0,0.0,0.0,0.0,0.0,0.0,1.0,0.0,0.0,1.0,0.0,0.0,0.0
1017,0.22,0.51,0.345,0.9,0.361,0.413,0.017,0.201,3,2,0,1,VAL,3,0.0,0.0,0.0,1.0,0.0,0.0,0.0,0.0,1.0,0.0,1.0,0.0,0.0,0.0,0.0
1018,0.359,0.562,0.561,0.0,0.793,0.583,0.518,0.58,1,1,4,1,TRAIN,2,0.0,1.0,0.0,0.0,0.0,0.0,0.0,1.0,0.0,0.0,0.0,0.0,0.0,0.0,1.0
1019,0.298,0.567,0.455,0.738,0.475,0.724,0.029,0.343,1,3,3,0,TRAIN,3,0.0,1.0,0.0,0.0,0.0,0.0,0.0,0.0,0.0,1.0,0.0,0.0,0.0,1.0,0.0
1020,0.64,0.829,0.592,0.0,0.491,0.844,0.04,0.452,3,3,1,1,VAL,6,0.0,0.0,0.0,1.0,0.0,0.0,0.0,0.0,0.0,1.0,0.0,1.0,0.0,0.0,0.0
1021,0.37,0.724,0.448,0.109,0.335,0.773,0.03,0.33,3,0,4,0,TRAIN,1,0.0,0.0,0.0,1.0,0.0,0.0,1.0,0.0,0.0,0.0,0.0,0.0,0.0,0.0,1.0
1022,0.492,0.557,0.467,0.328,0.47,0.496,0.066,0.355,5,2,3,0,VAL,3,0.0,0.0,0.0,0.0,0.0,1.0,0.0,0.0,1.0,0.0,0.0,0.0,0.0,1.0,0.0
1023,0.356,0.473,0.349,0.65,0.277,0.378,0.06,0.251,3,2,3,0,TRAIN,3,0.0,0.0,0.0,1.0,0.0,0.0,0.0,0.0,1.0,0.0,0.0,0.0,0.0,1.0,0.0
1024,0.616,0.483,0.51,0.59,0.533,0.532,0.057,0.41,1,2,0,0,TRAIN,3,0.0,1.0,0.0,0.0,0.0,0.0,0.0,0.0,1.0,0.0,1.0,0.0,0.0,0.0,0.0
1025,0.492,0.538,0.518,0.756,0.475,0.499,0.073,0.394,2,2,0,0,TEST,3,0.0,0.0,1.0,0.0,0.0,0.0,0.0,0.0,1.0,0.0,1.0,0.0,0.0,0.0,0.0
1026,0.42,0.534,0.48,0.88,0.399,0.59,0.032,0.28,3,2,0,1,TRAIN,3,0.0,0.0,0.0,1.0,0.0,0.0,0.0,0.0,1.0,0.0,1.0,0.0,0.0,0.0,0.0
1027,0.42,0.644,0.482,0.74,0.323,0.677,0.008,0.348,3,2,3,0,TRAIN,3,0.0,0.0,0.0,1.0,0.0,0.0,0.0,0.0,1.0,0.0,0.0,0.0,0.0,1.0,0.0
1028,0.348,0.603,0.398,0.564,0.32,0.808,0.007,0.269,3,2,1,0,TRAIN,3,0.0,0.0,0.0,1.0,0.0,0.0,0.0,0.0,1.0,0.0,0.0,1.0,0.0,0.0,0.0
1029,0.498,0.876,0.557,0.0,0.447,1.0,0.067,0.448,3,2,0,1,TEST,6,0.0,0.0,0.0,1.0,0.0,0.0,0.0,0.0,1.0,0.0,1.0,0.0,0.0,0.0,0.0
1030,0.408,0.47,0.381,0.708,0.41,0.407,0.068,0.336,3,2,3,0,VAL,3,0.0,0.0,0.0,1.0,0.0,0.0,0.0,0.0,1.0,0.0,0.0,0.0,0.0,1.0,0.0
1031,0.454,0.917,0.462,0.0,0.418,0.988,0.078,0.495,1,3,2,1,VAL,6,0.0,1.0,0.0,0.0,0.0,0.0,0.0,0.0,0.0,1.0,0.0,0.0,1.0,0.0,0.0
1032,0.45,0.203,0.388,1.0,0.492,0.0,0.199,0.31,0,3,0,0,TRAIN,7,1.0,0.0,0.0,0.0,0.0,0.0,0.0,0.0,0.0,1.0,1.0,0.0,0.0,0.0,0.0
1033,0.466,0.824,0.454,0.0,0.655,0.803,0.106,0.592,0,1,1,1,TRAIN,6,1.0,0.0,0.0,0.0,0.0,0.0,0.0,1.0,0.0,0.0,0.0,1.0,0.0,0.0,0.0
1034,0.405,0.533,0.369,0.902,0.245,0.369,0.007,0.193,2,2,0,0,VAL,3,0.0,0.0,1.0,0.0,0.0,0.0,0.0,0.0,1.0,0.0,1.0,0.0,0.0,0.0,0.0
1035,0.144,0.561,0.275,0.952,0.2,0.351,0.005,0.125,2,2,0,0,TEST,3,0.0,0.0,1.0,0.0,0.0,0.0,0.0,0.0,1.0,0.0,1.0,0.0,0.0,0.0,0.0
1036,0.06,0.464,0.249,0.791,0.232,0.455,0.015,0.116,2,2,0,0,TRAIN,3,0.0,0.0,1.0,0.0,0.0,0.0,0.0,0.0,1.0,0.0,1.0,0.0,0.0,0.0,0.0
1037,0.381,0.861,0.557,0.0,0.59,0.872,0.09,0.49,3,2,1,1,VAL,6,0.0,0.0,0.0,1.0,0.0,0.0,0.0,0.0,1.0,0.0,0.0,1.0,0.0,0.0,0.0
1038,0.965,0.339,0.591,1.0,0.287,0.235,0.009,0.464,0,3,0,1,TEST,4,1.0,0.0,0.0,0.0,0.0,0.0,0.0,0.0,0.0,1.0,1.0,0.0,0.0,0.0,0.0
1039,0.403,0.515,0.357,0.84,0.332,0.339,0.024,0.212,2,2,0,1,TRAIN,5,0.0,0.0,1.0,0.0,0.0,0.0,0.0,0.0,1.0,0.0,1.0,0.0,0.0,0.0,0.0
1040,0.515,0.31,0.443,1.0,0.544,0.073,0.11,0.39,5,0,0,0,TRAIN,7,0.0,0.0,0.0,0.0,0.0,1.0,1.0,0.0,0.0,0.0,1.0,0.0,0.0,0.0,0.0
1041,0.386,0.576,0.393,0.693,0.349,0.437,0.042,0.258,3,2,3,1,VAL,3,0.0,0.0,0.0,1.0,0.0,0.0,0.0,0.0,1.0,0.0,0.0,0.0,0.0,1.0,0.0
1042,0.214,0.588,0.394,0.503,0.354,0.513,0.021,0.219,3,3,3,0,TEST,3,0.0,0.0,0.0,1.0,0.0,0.0,0.0,0.0,0.0,1.0,0.0,0.0,0.0,1.0,0.0
1043,0.33,0.361,0.287,0.598,0.545,0.25,0.213,0.307,4,1,0,0,TEST,5,0.0,0.0,0.0,0.0,1.0,0.0,0.0,1.0,0.0,0.0,1.0,0.0,0.0,0.0,0.0
1044,0.663,0.321,0.464,0.913,0.509,0.304,0.121,0.461,0,1,1,1,VAL,7,1.0,0.0,0.0,0.0,0.0,0.0,0.0,1.0,0.0,0.0,0.0,1.0,0.0,0.0,0.0
1045,0.626,0.518,0.544,0.317,0.546,0.552,0.132,0.533,0,1,0,1,VAL,1,1.0,0.0,0.0,0.0,0.0,0.0,0.0,1.0,0.0,0.0,1.0,0.0,0.0,0.0,0.0
1046,0.725,0.423,0.67,0.576,0.559,0.255,0.205,0.629,3,0,0,1,VAL,7,0.0,0.0,0.0,1.0,0.0,0.0,1.0,0.0,0.0,0.0,1.0,0.0,0.0,0.0,0.0
1047,0.109,0.547,0.342,1.0,0.161,0.677,0.003,0.092,2,2,0,1,VAL,3,0.0,0.0,1.0,0.0,0.0,0.0,0.0,0.0,1.0,0.0,1.0,0.0,0.0,0.0,0.0
1048,0.529,0.607,0.51,0.474,0.555,0.503,0.036,0.417,2,2,3,0,TRAIN,3,0.0,0.0,1.0,0.0,0.0,0.0,0.0,0.0,1.0,0.0,0.0,0.0,0.0,1.0,0.0
1049,0.138,0.673,0.326,0.468,0.36,0.504,0.015,0.084,0,2,1,1,TRAIN,5,1.0,0.0,0.0,0.0,0.0,0.0,0.0,0.0,1.0,0.0,0.0,1.0,0.0,0.0,0.0
1050,0.707,0.251,0.503,1.0,0.483,0.085,0.074,0.352,0,0,0,0,VAL,7,1.0,0.0,0.0,0.0,0.0,0.0,1.0,0.0,0.0,0.0,1.0,0.0,0.0,0.0,0.0
1051,0.413,0.588,0.46,0.0,0.541,0.418,0.26,0.455,3,1,1,0,VAL,2,0.0,0.0,0.0,1.0,0.0,0.0,0.0,1.0,0.0,0.0,0.0,1.0,0.0,0.0,0.0
1052,0.615,0.597,0.528,0.538,0.506,0.63,0.043,0.501,3,1,0,1,TRAIN,3,0.0,0.0,0.0,1.0,0.0,0.0,0.0,1.0,0.0,0.0,1.0,0.0,0.0,0.0,0.0
1053,0.561,0.769,0.541,0.0,0.491,0.831,0.109,0.523,2,0,0,1,VAL,6,0.0,0.0,1.0,0.0,0.0,0.0,1.0,0.0,0.0,0.0,1.0,0.0,0.0,0.0,0.0
1054,0.418,0.523,0.411,0.736,0.344,0.524,0.061,0.265,5,1,0,1,TRAIN,3,0.0,0.0,0.0,0.0,0.0,1.0,0.0,1.0,0.0,0.0,1.0,0.0,0.0,0.0,0.0
1055,0.602,0.373,0.606,0.981,0.477,0.229,0.064,0.402,0,0,1,0,VAL,4,1.0,0.0,0.0,0.0,0.0,0.0,1.0,0.0,0.0,0.0,0.0,1.0,0.0,0.0,0.0
1056,0.491,0.893,0.518,0.0,0.504,0.894,0.029,0.412,5,1,0,1,TRAIN,6,0.0,0.0,0.0,0.0,0.0,1.0,0.0,1.0,0.0,0.0,1.0,0.0,0.0,0.0,0.0
1057,0.795,0.273,0.57,1.0,0.491,0.088,0.037,0.495,4,2,1,1,TRAIN,4,0.0,0.0,0.0,0.0,1.0,0.0,0.0,0.0,1.0,0.0,0.0,1.0,0.0,0.0,0.0
1058,0.451,0.707,0.386,0.0,0.515,0.751,0.045,0.358,0,0,4,0,TEST,1,1.0,0.0,0.0,0.0,0.0,0.0,1.0,0.0,0.0,0.0,0.0,0.0,0.0,0.0,1.0
1059,0.656,0.285,0.492,0.862,0.615,0.115,0.26,0.534,0,1,1,0,TRAIN,7,1.0,0.0,0.0,0.0,0.0,0.0,0.0,1.0,0.0,0.0,0.0,1.0,0.0,0.0,0.0
1060,0.29,0.541,0.368,0.629,0.345,0.608,0.013,0.271,2,3,3,1,TRAIN,3,0.0,0.0,1.0,0.0,0.0,0.0,0.0,0.0,0.0,1.0,0.0,0.0,0.0,1.0,0.0
1061,0.547,0.54,0.474,0.395,0.519,0.538,0.06,0.44,1,2,0,1,TEST,3,0.0,1.0,0.0,0.0,0.0,0.0,0.0,0.0,1.0,0.0,1.0,0.0,0.0,0.0,0.0
1062,0.529,0.368,0.382,0.91,0.371,0.208,0.033,0.238,0,0,4,0,TEST,7,1.0,0.0,0.0,0.0,0.0,0.0,1.0,0.0,0.0,0.0,0.0,0.0,0.0,0.0,1.0
1063,0.288,0.528,0.328,0.613,0.349,0.489,0.026,0.175,2,2,0,1,TRAIN,3,0.0,0.0,1.0,0.0,0.0,0.0,0.0,0.0,1.0,0.0,1.0,0.0,0.0,0.0,0.0
1064,0.166,0.515,0.317,0.855,0.213,0.475,0.01,0.115,1,2,3,1,TRAIN,3,0.0,1.0,0.0,0.0,0.0,0.0,0.0,0.0,1.0,0.0,0.0,0.0,0.0,1.0,0.0
1065,0.822,0.535,0.599,0.68,0.504,0.337,0.076,0.559,0,3,0,1,TRAIN,4,1.0,0.0,0.0,0.0,0.0,0.0,0.0,0.0,0.0,1.0,1.0,0.0,0.0,0.0,0.0
1066,0.362,0.632,0.292,0.583,0.336,0.69,0.005,0.149,3,2,0,0,TRAIN,3,0.0,0.0,0.0,1.0,0.0,0.0,0.0,0.0,1.0,0.0,1.0,0.0,0.0,0.0,0.0
1067,0.317,0.524,0.37,0.826,0.389,0.395,0.014,0.25,4,2,0,0,TRAIN,3,0.0,0.0,0.0,0.0,1.0,0.0,0.0,0.0,1.0,0.0,1.0,0.0,0.0,0.0,0.0
1068,0.475,0.508,0.406,0.938,0.341,0.614,0.023,0.284,3,3,3,1,TRAIN,3,0.0,0.0,0.0,1.0,0.0,0.0,0.0,0.0,0.0,1.0,0.0,0.0,0.0,1.0,0.0
1069,0.356,0.48,0.436,0.677,0.399,0.472,0.043,0.235,1,0,0,1,VAL,3,0.0,1.0,0.0,0.0,0.0,0.0,1.0,0.0,0.0,0.0,1.0,0.0,0.0,0.0,0.0
1070,0.183,0.537,0.274,0.63,0.151,0.486,0.007,0.11,1,1,0,0,TEST,3,0.0,1.0,0.0,0.0,0.0,0.0,0.0,1.0,0.0,0.0,1.0,0.0,0.0,0.0,0.0
1071,0.525,0.455,0.435,0.826,0.413,0.501,0.03,0.327,2,1,0,0,TEST,3,0.0,0.0,1.0,0.0,0.0,0.0,0.0,1.0,0.0,0.0,1.0,0.0,0.0,0.0,0.0
1072,0.479,0.522,0.501,0.641,0.423,0.547,0.063,0.416,3,2,0,0,TRAIN,3,0.0,0.0,0.0,1.0,0.0,0.0,0.0,0.0,1.0,0.0,1.0,0.0,0.0,0.0,0.0
1073,0.495,0.239,0.45,0.808,0.63,0.0,0.337,0.467,0,0,0,0,VAL,7,1.0,0.0,0.0,0.0,0.0,0.0,1.0,0.0,0.0,0.0,1.0,0.0,0.0,0.0,0.0
1074,0.801,0.67,0.657,0.0,0.772,0.784,0.49,0.739,2,3,3,1,TRAIN,6,0.0,0.0,1.0,0.0,0.0,0.0,0.0,0.0,0.0,1.0,0.0,0.0,0.0,1.0,0.0
1075,0.615,0.204,0.45,0.822,0.739,0.118,0.335,0.5,4,3,3,0,TRAIN,7,0.0,0.0,0.0,0.0,1.0,0.0,0.0,0.0,0.0,1.0,0.0,0.0,0.0,1.0,0.0
1076,0.337,0.481,0.334,0.834,0.451,0.46,0.025,0.21,3,2,1,0,VAL,3,0.0,0.0,0.0,1.0,0.0,0.0,0.0,0.0,1.0,0.0,0.0,1.0,0.0,0.0,0.0
1077,0.15,0.443,0.297,0.992,0.257,0.405,0.006,0.052,2,2,3,0,TRAIN,3,0.0,0.0,1.0,0.0,0.0,0.0,0.0,0.0,1.0,0.0,0.0,0.0,0.0,1.0,0.0
1078,0.736,0.284,0.525,1.0,0.46,0.201,0.117,0.54,4,0,0,0,TEST,7,0.0,0.0,0.0,0.0,1.0,0.0,1.0,0.0,0.0,0.0,1.0,0.0,0.0,0.0,0.0
1079,0.428,0.52,0.466,0.554,0.445,0.604,0.057,0.401,3,2,3,0,VAL,3,0.0,0.0,0.0,1.0,0.0,0.0,0.0,0.0,1.0,0.0,0.0,0.0,0.0,1.0,0.0
1080,0.356,0.602,0.413,0.844,0.26,0.617,0.021,0.248,3,3,3,1,TRAIN,3,0.0,0.0,0.0,1.0,0.0,0.0,0.0,0.0,0.0,1.0,0.0,0.0,0.0,1.0,0.0
1081,0.512,0.361,0.508,1.0,0.451,0.056,0.04,0.381,4,0,1,1,TRAIN,4,0.0,0.0,0.0,0.0,1.0,0.0,1.0,0.0,0.0,0.0,0.0,1.0,0.0,0.0,0.0
1082,0.374,0.533,0.408,0.569,0.429,0.336,0.038,0.221,2,3,0,1,TRAIN,3,0.0,0.0,1.0,0.0,0.0,0.0,0.0,0.0,0.0,1.0,1.0,0.0,0.0,0.0,0.0
1083,0.259,0.549,0.294,0.857,0.24,0.518,0.013,0.136,3,2,3,0,VAL,3,0.0,0.0,0.0,1.0,0.0,0.0,0.0,0.0,1.0,0.0,0.0,0.0,0.0,1.0,0.0
1084,0.537,0.802,0.562,0.0,0.64,0.94,0.201,0.554,5,2,1,1,TRAIN,6,0.0,0.0,0.0,0.0,0.0,1.0,0.0,0.0,1.0,0.0,0.0,1.0,0.0,0.0,0.0
1085,0.729,0.313,0.543,1.0,0.494,0.339,0.059,0.436,0,0,2,1,TRAIN,4,1.0,0.0,0.0,0.0,0.0,0.0,1.0,0.0,0.0,0.0,0.0,0.0,1.0,0.0,0.0
1086,0.239,0.545,0.258,0.667,0.309,0.599,0.022,0.12,3,2,0,0,TRAIN,3,0.0,0.0,0.0,1.0,0.0,0.0,0.0,0.0,1.0,0.0,1.0,0.0,0.0,0.0,0.0
1087,0.357,0.682,0.495,0.814,0.273,0.771,0.006,0.195,2,1,3,1,TRAIN,3,0.0,0.0,1.0,0.0,0.0,0.0,0.0,1.0,0.0,0.0,0.0,0.0,0.0,1.0,0.0
1088,0.241,0.429,0.419,0.634,0.363,0.317,0.047,0.189,3,0,3,1,TRAIN,3,0.0,0.0,0.0,1.0,0.0,0.0,1.0,0.0,0.0,0.0,0.0,0.0,0.0,1.0,0.0
1089,0.596,0.599,0.414,0.648,0.487,0.7,0.012,0.456,5,2,0,1,TEST,3,0.0,0.0,0.0,0.0,0.0,1.0,0.0,0.0,1.0,0.0,1.0,0.0,0.0,0.0,0.0
1090,0.623,0.592,0.588,0.28,0.497,0.662,0.043,0.494,3,3,3,0,VAL,3,0.0,0.0,0.0,1.0,0.0,0.0,0.0,0.0,0.0,1.0,0.0,0.0,0.0,1.0,0.0
1091,0.45,0.58,0.361,0.498,0.418,0.527,0.072,0.447,3,2,0,0,TRAIN,3,0.0,0.0,0.0,1.0,0.0,0.0,0.0,0.0,1.0,0.0,1.0,0.0,0.0,0.0,0.0
1092,0.398,0.548,0.385,0.873,0.446,0.411,0.014,0.276,3,2,0,1,TEST,3,0.0,0.0,0.0,1.0,0.0,0.0,0.0,0.0,1.0,0.0,1.0,0.0,0.0,0.0,0.0
1093,0.48,0.504,0.356,0.532,0.437,0.615,0.039,0.302,2,0,0,1,TRAIN,3,0.0,0.0,1.0,0.0,0.0,0.0,1.0,0.0,0.0,0.0,1.0,0.0,0.0,0.0,0.0
1094,0.613,0.263,0.57,1.0,0.392,0.021,0.121,0.494,0,0,1,1,TEST,7,1.0,0.0,0.0,0.0,0.0,0.0,1.0,0.0,0.0,0.0,0.0,1.0,0.0,0.0,0.0
1095,0.689,0.819,0.638,0.0,0.671,0.957,0.087,0.666,0,2,1,1,TEST,6,1.0,0.0,0.0,0.0,0.0,0.0,0.0,0.0,1.0,0.0,0.0,1.0,0.0,0.0,0.0
1096,0.971,0.461,0.656,1.0,0.578,0.588,0.037,0.658,0,0,0,0,TEST,4,1.0,0.0,0.0,0.0,0.0,0.0,1.0,0.0,0.0,0.0,1.0,0.0,0.0,0.0,0.0
1097,0.175,0.55,0.277,1.0,0.253,0.414,0.002,0.089,5,2,0,0,TEST,3,0.0,0.0,0.0,0.0,0.0,1.0,0.0,0.0,1.0,0.0,1.0,0.0,0.0,0.0,0.0
1098,0.279,0.547,0.328,0.975,0.298,0.379,0.02,0.157,1,0,1,0,VAL,3,0.0,1.0,0.0,0.0,0.0,0.0,1.0,0.0,0.0,0.0,0.0,1.0,0.0,0.0,0.0
1099,0.365,0.466,0.361,0.608,0.401,0.349,0.05,0.251,3,2,3,1,TRAIN,3,0.0,0.0,0.0,1.0,0.0,0.0,0.0,0.0,1.0,0.0,0.0,0.0,0.0,1.0,0.0
1100,0.138,0.414,0.254,1.0,0.216,0.361,0.007,0.056,5,3,0,0,VAL,3,0.0,0.0,0.0,0.0,0.0,1.0,0.0,0.0,0.0,1.0,1.0,0.0,0.0,0.0,0.0
1101,0.294,0.624,0.473,0.633,0.322,0.589,0.016,0.271,3,2,0,0,TEST,3,0.0,0.0,0.0,1.0,0.0,0.0,0.0,0.0,1.0,0.0,1.0,0.0,0.0,0.0,0.0
1102,0.406,0.58,0.42,0.674,0.381,0.392,0.025,0.271,1,3,0,1,TRAIN,3,0.0,1.0,0.0,0.0,0.0,0.0,0.0,0.0,0.0,1.0,1.0,0.0,0.0,0.0,0.0
1103,0.35,0.557,0.354,0.828,0.283,0.661,0.014,0.262,3,0,1,1,TEST,3,0.0,0.0,0.0,1.0,0.0,0.0,1.0,0.0,0.0,0.0,0.0,1.0,0.0,0.0,0.0
1104,0.401,0.582,0.359,1.0,0.265,0.648,0.003,0.231,1,1,0,1,TRAIN,5,0.0,1.0,0.0,0.0,0.0,0.0,0.0,1.0,0.0,0.0,1.0,0.0,0.0,0.0,0.0
1105,0.967,0.257,0.617,1.0,0.641,0.0,0.2,0.619,5,0,0,0,VAL,7,0.0,0.0,0.0,0.0,0.0,1.0,1.0,0.0,0.0,0.0,1.0,0.0,0.0,0.0,0.0
1106,0.508,0.835,0.588,0.0,0.547,0.759,0.149,0.599,3,2,2,1,TRAIN,6,0.0,0.0,0.0,1.0,0.0,0.0,0.0,0.0,1.0,0.0,0.0,0.0,1.0,0.0,0.0
1107,0.097,0.248,0.746,1.0,0.786,0.019,0.361,0.839,4,0,1,1,TRAIN,7,0.0,0.0,0.0,0.0,1.0,0.0,1.0,0.0,0.0,0.0,0.0,1.0,0.0,0.0,0.0
1108,0.692,0.21,0.54,1.0,0.648,0.0,0.268,0.571,0,0,0,0,TEST,7,1.0,0.0,0.0,0.0,0.0,0.0,1.0,0.0,0.0,0.0,1.0,0.0,0.0,0.0,0.0
1109,0.484,0.894,0.675,0.0,0.624,0.797,0.118,0.535,0,2,0,0,TRAIN,6,1.0,0.0,0.0,0.0,0.0,0.0,0.0,0.0,1.0,0.0,1.0,0.0,0.0,0.0,0.0
1110,0.292,0.536,0.348,0.66,0.396,0.6,0.013,0.214,1,2,0,0,TRAIN,3,0.0,1.0,0.0,0.0,0.0,0.0,0.0,0.0,1.0,0.0,1.0,0.0,0.0,0.0,0.0
1111,0.36,0.519,0.463,0.829,0.382,0.258,0.033,0.358,0,2,0,0,TRAIN,3,1.0,0.0,0.0,0.0,0.0,0.0,0.0,0.0,1.0,0.0,1.0,0.0,0.0,0.0,0.0
1112,0.454,0.474,0.561,0.0,0.78,0.391,0.551,0.569,2,2,1,0,TRAIN,2,0.0,0.0,1.0,0.0,0.0,0.0,0.0,0.0,1.0,0.0,0.0,1.0,0.0,0.0,0.0
1113,0.717,0.452,0.563,0.643,0.522,0.399,0.119,0.457,2,0,0,0,TEST,3,0.0,0.0,1.0,0.0,0.0,0.0,1.0,0.0,0.0,0.0,1.0,0.0,0.0,0.0,0.0
1114,0.21,0.51,0.304,0.746,0.269,0.42,0.018,0.208,1,2,0,0,TRAIN,3,0.0,1.0,0.0,0.0,0.0,0.0,0.0,0.0,1.0,0.0,1.0,0.0,0.0,0.0,0.0
1115,0.472,0.59,0.532,0.573,0.326,0.638,0.06,0.396,5,0,0,1,TRAIN,3,0.0,0.0,0.0,0.0,0.0,1.0,1.0,0.0,0.0,0.0,1.0,0.0,0.0,0.0,0.0
1116,0.286,0.599,0.44,0.768,0.304,0.47,0.025,0.232,3,3,1,0,TRAIN,3,0.0,0.0,0.0,1.0,0.0,0.0,0.0,0.0,0.0,1.0,0.0,1.0,0.0,0.0,0.0
1117,0.389,0.553,0.491,0.58,0.463,0.574,0.048,0.396,3,3,3,0,TRAIN,3,0.0,0.0,0.0,1.0,0.0,0.0,0.0,0.0,0.0,1.0,0.0,0.0,0.0,1.0,0.0
1118,0.862,0.277,0.679,1.0,0.593,0.071,0.183,0.546,0,0,0,0,TRAIN,7,1.0,0.0,0.0,0.0,0.0,0.0,1.0,0.0,0.0,0.0,1.0,0.0,0.0,0.0,0.0
1119,0.607,0.479,0.456,0.427,0.51,0.494,0.093,0.517,3,2,0,0,TEST,3,0.0,0.0,0.0,1.0,0.0,0.0,0.0,0.0,1.0,0.0,1.0,0.0,0.0,0.0,0.0
1120,0.727,0.397,0.589,1.0,0.393,0.306,0.034,0.464,3,0,1,1,TRAIN,4,0.0,0.0,0.0,1.0,0.0,0.0,1.0,0.0,0.0,0.0,0.0,1.0,0.0,0.0,0.0
1121,0.59,0.427,0.448,0.0,0.763,0.347,0.605,0.587,2,1,1,0,TRAIN,2,0.0,0.0,1.0,0.0,0.0,0.0,0.0,1.0,0.0,0.0,0.0,1.0,0.0,0.0,0.0
1122,0.913,0.471,0.819,0.446,0.772,0.309,0.441,0.787,4,1,0,0,VAL,7,0.0,0.0,0.0,0.0,1.0,0.0,0.0,1.0,0.0,0.0,1.0,0.0,0.0,0.0,0.0
1123,0.252,0.637,0.283,0.929,0.256,0.656,0.004,0.113,3,2,0,1,TRAIN,3,0.0,0.0,0.0,1.0,0.0,0.0,0.0,0.0,1.0,0.0,1.0,0.0,0.0,0.0,0.0
1124,0.505,0.544,0.375,0.78,0.341,0.456,0.024,0.29,3,2,0,0,TRAIN,3,0.0,0.0,0.0,1.0,0.0,0.0,0.0,0.0,1.0,0.0,1.0,0.0,0.0,0.0,0.0
1125,0.536,0.327,0.474,0.583,0.605,0.0,0.158,0.413,3,2,0,0,VAL,3,0.0,0.0,0.0,1.0,0.0,0.0,0.0,0.0,1.0,0.0,1.0,0.0,0.0,0.0,0.0
1126,0.656,0.682,0.624,0.0,0.808,0.75,0.505,0.802,2,0,1,1,TRAIN,6,0.0,0.0,1.0,0.0,0.0,0.0,1.0,0.0,0.0,0.0,0.0,1.0,0.0,0.0,0.0
1127,0.465,0.535,0.496,0.673,0.389,0.403,0.054,0.366,3,2,3,0,TRAIN,3,0.0,0.0,0.0,1.0,0.0,0.0,0.0,0.0,1.0,0.0,0.0,0.0,0.0,1.0,0.0
1128,0.253,0.572,0.405,0.588,0.455,0.447,0.037,0.266,3,2,0,1,TRAIN,3,0.0,0.0,0.0,1.0,0.0,0.0,0.0,0.0,1.0,0.0,1.0,0.0,0.0,0.0,0.0
1129,0.421,0.851,0.505,0.0,0.517,1.0,0.053,0.415,0,2,1,1,TRAIN,6,1.0,0.0,0.0,0.0,0.0,0.0,0.0,0.0,1.0,0.0,0.0,1.0,0.0,0.0,0.0
1130,0.615,0.556,0.428,0.625,0.478,0.692,0.028,0.323,3,0,0,0,TRAIN,3,0.0,0.0,0.0,1.0,0.0,0.0,1.0,0.0,0.0,0.0,1.0,0.0,0.0,0.0,0.0
1131,0.329,0.201,0.383,1.0,0.522,0.021,0.111,0.251,0,2,0,1,TRAIN,7,1.0,0.0,0.0,0.0,0.0,0.0,0.0,0.0,1.0,0.0,1.0,0.0,0.0,0.0,0.0
1132,0.455,0.606,0.423,0.714,0.522,0.756,0.021,0.254,1,1,4,0,TRAIN,5,0.0,1.0,0.0,0.0,0.0,0.0,0.0,1.0,0.0,0.0,0.0,0.0,0.0,0.0,1.0
1133,0.57,0.417,0.454,0.0,0.761,0.16,0.655,0.654,2,3,4,0,TEST,2,0.0,0.0,1.0,0.0,0.0,0.0,0.0,0.0,0.0,1.0,0.0,0.0,0.0,0.0,1.0
1134,0.687,0.298,0.511,0.83,0.625,0.132,0.202,0.477,0,1,1,1,TRAIN,7,1.0,0.0,0.0,0.0,0.0,0.0,0.0,1.0,0.0,0.0,0.0,1.0,0.0,0.0,0.0
1135,0.558,0.187,0.451,1.0,0.403,0.0,0.132,0.362,0,0,0,0,TRAIN,7,1.0,0.0,0.0,0.0,0.0,0.0,1.0,0.0,0.0,0.0,1.0,0.0,0.0,0.0,0.0
1136,0.605,0.581,0.545,0.619,0.416,0.618,0.036,0.404,2,2,3,1,TRAIN,3,0.0,0.0,1.0,0.0,0.0,0.0,0.0,0.0,1.0,0.0,0.0,0.0,0.0,1.0,0.0
1137,0.187,0.517,0.248,0.724,0.181,0.573,0.024,0.08,1,0,0,1,TRAIN,8,0.0,1.0,0.0,0.0,0.0,0.0,1.0,0.0,0.0,0.0,1.0,0.0,0.0,0.0,0.0
1138,0.291,0.562,0.373,0.692,0.406,0.518,0.016,0.183,3,2,0,0,TRAIN,3,0.0,0.0,0.0,1.0,0.0,0.0,0.0,0.0,1.0,0.0,1.0,0.0,0.0,0.0,0.0
1139,0.703,0.27,0.521,1.0,0.417,0.135,0.089,0.467,4,1,3,0,VAL,7,0.0,0.0,0.0,0.0,1.0,0.0,0.0,1.0,0.0,0.0,0.0,0.0,0.0,1.0,0.0
1140,0.506,0.432,0.371,0.861,0.343,0.335,0.023,0.28,1,3,2,0,TEST,3,0.0,1.0,0.0,0.0,0.0,0.0,0.0,0.0,0.0,1.0,0.0,0.0,1.0,0.0,0.0
1141,0.38,0.458,0.407,0.689,0.38,0.382,0.079,0.297,1,2,3,0,TRAIN,3,0.0,1.0,0.0,0.0,0.0,0.0,0.0,0.0,1.0,0.0,0.0,0.0,0.0,1.0,0.0
1142,0.328,0.525,0.259,0.775,0.311,0.489,0.028,0.191,3,2,0,1,TRAIN,3,0.0,0.0,0.0,1.0,0.0,0.0,0.0,0.0,1.0,0.0,1.0,0.0,0.0,0.0,0.0
1143,0.611,0.844,0.636,0.0,0.679,0.831,0.135,0.625,4,3,0,1,TRAIN,6,0.0,0.0,0.0,0.0,1.0,0.0,0.0,0.0,0.0,1.0,1.0,0.0,0.0,0.0,0.0
1144,0.604,0.79,0.601,0.0,0.519,0.949,0.166,0.605,3,2,2,1,TRAIN,6,0.0,0.0,0.0,1.0,0.0,0.0,0.0,0.0,1.0,0.0,0.0,0.0,1.0,0.0,0.0
1145,0.656,0.893,0.608,0.0,0.455,0.969,0.031,0.555,2,2,0,1,VAL,6,0.0,0.0,1.0,0.0,0.0,0.0,0.0,0.0,1.0,0.0,1.0,0.0,0.0,0.0,0.0
1146,0.438,0.852,0.566,0.0,0.477,0.937,0.085,0.538,0,2,0,1,TRAIN,6,1.0,0.0,0.0,0.0,0.0,0.0,0.0,0.0,1.0,0.0,1.0,0.0,0.0,0.0,0.0
1147,0.395,0.366,0.374,1.0,0.348,0.217,0.089,0.179,1,2,0,0,TRAIN,3,0.0,1.0,0.0,0.0,0.0,0.0,0.0,0.0,1.0,0.0,1.0,0.0,0.0,0.0,0.0
1148,0.461,0.448,0.487,0.18,0.603,0.341,0.368,0.508,2,1,4,0,VAL,2,0.0,0.0,1.0,0.0,0.0,0.0,0.0,1.0,0.0,0.0,0.0,0.0,0.0,0.0,1.0
1149,0.293,0.415,0.261,0.55,0.276,0.29,0.052,0.245,1,2,3,0,VAL,3,0.0,1.0,0.0,0.0,0.0,0.0,0.0,0.0,1.0,0.0,0.0,0.0,0.0,1.0,0.0
1150,0.136,0.485,0.209,0.921,0.08,0.478,0.006,0.071,3,2,0,0,VAL,3,0.0,0.0,0.0,1.0,0.0,0.0,0.0,0.0,1.0,0.0,1.0,0.0,0.0,0.0,0.0
1151,0.422,0.537,0.404,0.599,0.401,0.483,0.02,0.272,2,2,3,0,TEST,3,0.0,0.0,1.0,0.0,0.0,0.0,0.0,0.0,1.0,0.0,0.0,0.0,0.0,1.0,0.0
1152,0.296,0.569,0.448,0.638,0.394,0.596,0.032,0.207,4,2,0,0,TRAIN,3,0.0,0.0,0.0,0.0,1.0,0.0,0.0,0.0,1.0,0.0,1.0,0.0,0.0,0.0,0.0
1153,0.2,0.581,0.347,0.671,0.313,0.423,0.03,0.272,2,2,0,0,TRAIN,3,0.0,0.0,1.0,0.0,0.0,0.0,0.0,0.0,1.0,0.0,1.0,0.0,0.0,0.0,0.0
1154,0.925,0.444,0.704,0.508,0.707,0.264,0.176,0.71,3,3,3,0,TRAIN,7,0.0,0.0,0.0,1.0,0.0,0.0,0.0,0.0,0.0,1.0,0.0,0.0,0.0,1.0,0.0
1155,0.219,0.592,0.334,0.829,0.419,0.429,0.011,0.217,3,2,0,1,TEST,3,0.0,0.0,0.0,1.0,0.0,0.0,0.0,0.0,1.0,0.0,1.0,0.0,0.0,0.0,0.0
1156,0.231,0.534,0.323,1.0,0.237,0.489,0.006,0.129,2,2,0,1,TRAIN,3,0.0,0.0,1.0,0.0,0.0,0.0,0.0,0.0,1.0,0.0,1.0,0.0,0.0,0.0,0.0
1157,0.527,0.474,0.421,0.55,0.441,0.474,0.08,0.311,3,2,0,0,VAL,3,0.0,0.0,0.0,1.0,0.0,0.0,0.0,0.0,1.0,0.0,1.0,0.0,0.0,0.0,0.0
1158,0.377,0.528,0.428,0.61,0.461,0.555,0.063,0.336,5,3,3,0,TRAIN,3,0.0,0.0,0.0,0.0,0.0,1.0,0.0,0.0,0.0,1.0,0.0,0.0,0.0,1.0,0.0
1159,0.202,0.532,0.261,1.0,0.25,0.567,0.005,0.047,2,2,0,1,TRAIN,3,0.0,0.0,1.0,0.0,0.0,0.0,0.0,0.0,1.0,0.0,1.0,0.0,0.0,0.0,0.0
1160,0.239,0.505,0.308,1.0,0.222,0.517,0.008,0.097,1,0,0,1,TEST,3,0.0,1.0,0.0,0.0,0.0,0.0,1.0,0.0,0.0,0.0,1.0,0.0,0.0,0.0,0.0
1161,0.641,0.522,0.619,0.581,0.503,0.631,0.14,0.536,1,3,1,0,VAL,3,0.0,1.0,0.0,0.0,0.0,0.0,0.0,0.0,0.0,1.0,0.0,1.0,0.0,0.0,0.0
1162,0.768,0.411,0.515,0.721,0.658,0.284,0.149,0.586,0,0,0,0,TRAIN,7,1.0,0.0,0.0,0.0,0.0,0.0,1.0,0.0,0.0,0.0,1.0,0.0,0.0,0.0,0.0
1163,0.422,0.49,0.374,0.879,0.299,0.28,0.057,0.298,2,2,0,0,TEST,3,0.0,0.0,1.0,0.0,0.0,0.0,0.0,0.0,1.0,0.0,1.0,0.0,0.0,0.0,0.0
1164,0.571,0.862,0.573,0.0,0.436,1.0,0.041,0.54,0,2,0,1,TRAIN,6,1.0,0.0,0.0,0.0,0.0,0.0,0.0,0.0,1.0,0.0,1.0,0.0,0.0,0.0,0.0
1165,0.066,0.497,0.219,0.958,0.253,0.372,0.003,0.084,5,3,0,0,TEST,3,0.0,0.0,0.0,0.0,0.0,1.0,0.0,0.0,0.0,1.0,1.0,0.0,0.0,0.0,0.0
1166,0.767,0.533,0.602,0.499,0.468,0.495,0.108,0.471,3,3,3,1,TEST,3,0.0,0.0,0.0,1.0,0.0,0.0,0.0,0.0,0.0,1.0,0.0,0.0,0.0,1.0,0.0
1167,0.501,0.115,0.35,1.0,0.504,0.0,0.195,0.363,0,3,3,0,TEST,7,1.0,0.0,0.0,0.0,0.0,0.0,0.0,0.0,0.0,1.0,0.0,0.0,0.0,1.0,0.0
1168,0.495,0.557,0.402,0.685,0.306,0.613,0.026,0.365,5,2,3,0,TRAIN,3,0.0,0.0,0.0,0.0,0.0,1.0,0.0,0.0,1.0,0.0,0.0,0.0,0.0,1.0,0.0
1169,0.813,0.43,0.588,0.995,0.523,0.205,0.052,0.55,0,3,0,0,TEST,7,1.0,0.0,0.0,0.0,0.0,0.0,0.0,0.0,0.0,1.0,1.0,0.0,0.0,0.0,0.0
1170,0.374,0.72,0.388,0.0,0.459,0.78,0.063,0.316,3,0,4,0,VAL,1,0.0,0.0,0.0,1.0,0.0,0.0,1.0,0.0,0.0,0.0,0.0,0.0,0.0,0.0,1.0
1171,0.337,0.433,0.366,0.997,0.265,0.235,0.071,0.287,1,2,0,0,VAL,3,0.0,1.0,0.0,0.0,0.0,0.0,0.0,0.0,1.0,0.0,1.0,0.0,0.0,0.0,0.0
1172,0.459,0.473,0.585,0.0,0.844,0.38,0.723,0.647,2,1,4,1,TRAIN,2,0.0,0.0,1.0,0.0,0.0,0.0,0.0,1.0,0.0,0.0,0.0,0.0,0.0,0.0,1.0
1173,0.215,0.559,0.367,1.0,0.148,0.576,0.004,0.09,2,3,3,1,VAL,3,0.0,0.0,1.0,0.0,0.0,0.0,0.0,0.0,0.0,1.0,0.0,0.0,0.0,1.0,0.0
1174,0.635,0.797,0.616,0.0,0.627,1.0,0.197,0.568,5,3,3,1,VAL,6,0.0,0.0,0.0,0.0,0.0,1.0,0.0,0.0,0.0,1.0,0.0,0.0,0.0,1.0,0.0
1175,0.297,0.611,0.407,0.648,0.274,0.395,0.01,0.23,3,3,1,0,VAL,3,0.0,0.0,0.0,1.0,0.0,0.0,0.0,0.0,0.0,1.0,0.0,1.0,0.0,0.0,0.0
1176,0.169,0.516,0.265,0.795,0.297,0.482,0.007,0.133,3,0,3,1,TRAIN,3,0.0,0.0,0.0,1.0,0.0,0.0,1.0,0.0,0.0,0.0,0.0,0.0,0.0,1.0,0.0
1177,0.784,0.352,0.703,1.0,0.52,0.199,0.221,0.635,5,1,2,0,VAL,7,0.0,0.0,0.0,0.0,0.0,1.0,0.0,1.0,0.0,0.0,0.0,0.0,1.0,0.0,0.0
1178,0.605,0.798,0.577,0.0,0.645,1.0,0.124,0.493,2,2,1,1,TRAIN,6,0.0,0.0,1.0,0.0,0.0,0.0,0.0,0.0,1.0,0.0,0.0,1.0,0.0,0.0,0.0
1179,0.344,0.454,0.251,0.869,0.378,0.353,0.035,0.132,3,2,2,1,TEST,3,0.0,0.0,0.0,1.0,0.0,0.0,0.0,0.0,1.0,0.0,0.0,0.0,1.0,0.0,0.0
1180,0.679,0.241,0.429,1.0,0.302,0.155,0.038,0.279,0,0,0,1,TRAIN,4,1.0,0.0,0.0,0.0,0.0,0.0,1.0,0.0,0.0,0.0,1.0,0.0,0.0,0.0,0.0
1181,0.359,0.483,0.346,0.732,0.398,0.313,0.043,0.223,2,3,0,1,TRAIN,3,0.0,0.0,1.0,0.0,0.0,0.0,0.0,0.0,0.0,1.0,1.0,0.0,0.0,0.0,0.0
1182,0.242,0.47,0.35,0.725,0.381,0.57,0.019,0.232,3,2,0,0,TRAIN,3,0.0,0.0,0.0,1.0,0.0,0.0,0.0,0.0,1.0,0.0,1.0,0.0,0.0,0.0,0.0
1183,0.314,0.414,0.354,0.106,0.562,0.241,0.251,0.374,4,2,0,1,TRAIN,7,0.0,0.0,0.0,0.0,1.0,0.0,0.0,0.0,1.0,0.0,1.0,0.0,0.0,0.0,0.0
1184,0.43,0.518,0.426,0.641,0.423,0.616,0.042,0.272,1,0,0,0,TEST,3,0.0,1.0,0.0,0.0,0.0,0.0,1.0,0.0,0.0,0.0,1.0,0.0,0.0,0.0,0.0
1185,0.556,0.444,0.509,0.0,0.638,0.369,0.534,0.598,1,2,4,1,TRAIN,2,0.0,1.0,0.0,0.0,0.0,0.0,0.0,0.0,1.0,0.0,0.0,0.0,0.0,0.0,1.0
1186,0.761,0.255,0.535,1.0,0.597,0.11,0.168,0.587,4,0,0,0,TRAIN,7,0.0,0.0,0.0,0.0,1.0,0.0,1.0,0.0,0.0,0.0,1.0,0.0,0.0,0.0,0.0
1187,0.527,0.833,0.543,0.0,0.547,0.862,0.118,0.575,5,2,0,0,TRAIN,6,0.0,0.0,0.0,0.0,0.0,1.0,0.0,0.0,1.0,0.0,1.0,0.0,0.0,0.0,0.0
1188,0.317,0.647,0.44,0.0,0.577,0.613,0.197,0.514,0,2,1,0,TRAIN,2,1.0,0.0,0.0,0.0,0.0,0.0,0.0,0.0,1.0,0.0,0.0,1.0,0.0,0.0,0.0
1189,0.295,0.479,0.341,0.735,0.356,0.329,0.05,0.242,1,3,0,0,VAL,3,0.0,1.0,0.0,0.0,0.0,0.0,0.0,0.0,0.0,1.0,1.0,0.0,0.0,0.0,0.0
1190,0.417,0.497,0.417,0.773,0.325,0.579,0.016,0.233,2,2,0,0,TRAIN,3,0.0,0.0,1.0,0.0,0.0,0.0,0.0,0.0,1.0,0.0,1.0,0.0,0.0,0.0,0.0
1191,0.936,0.338,0.702,1.0,0.647,0.276,0.078,0.647,0,0,0,1,TRAIN,7,1.0,0.0,0.0,0.0,0.0,0.0,1.0,0.0,0.0,0.0,1.0,0.0,0.0,0.0,0.0
1192,0.06,0.391,0.231,0.647,0.259,0.194,0.07,0.183,2,1,1,1,VAL,5,0.0,0.0,1.0,0.0,0.0,0.0,0.0,1.0,0.0,0.0,0.0,1.0,0.0,0.0,0.0
1193,0.772,0.345,0.602,0.762,0.593,0.073,0.347,0.575,0,1,0,1,VAL,7,1.0,0.0,0.0,0.0,0.0,0.0,0.0,1.0,0.0,0.0,1.0,0.0,0.0,0.0,0.0
1194,0.532,0.536,0.549,0.619,0.523,0.573,0.057,0.449,3,3,1,0,TEST,3,0.0,0.0,0.0,1.0,0.0,0.0,0.0,0.0,0.0,1.0,0.0,1.0,0.0,0.0,0.0
1195,0.272,0.514,0.288,1.0,0.19,0.393,0.003,0.105,2,1,1,1,TEST,8,0.0,0.0,1.0,0.0,0.0,0.0,0.0,1.0,0.0,0.0,0.0,1.0,0.0,0.0,0.0
1196,0.466,0.553,0.542,0.0,0.706,0.419,0.363,0.499,3,1,1,0,TRAIN,2,0.0,0.0,0.0,1.0,0.0,0.0,0.0,1.0,0.0,0.0,0.0,1.0,0.0,0.0,0.0
1197,0.362,0.524,0.336,0.667,0.399,0.43,0.032,0.314,2,2,3,0,VAL,3,0.0,0.0,1.0,0.0,0.0,0.0,0.0,0.0,1.0,0.0,0.0,0.0,0.0,1.0,0.0
1198,0.533,0.823,0.553,0.0,0.666,1.0,0.164,0.536,3,3,1,1,TRAIN,6,0.0,0.0,0.0,1.0,0.0,0.0,0.0,0.0,0.0,1.0,0.0,1.0,0.0,0.0,0.0
1199,0.812,0.356,0.568,1.0,0.431,0.135,0.061,0.472,4,3,1,0,TRAIN,4,0.0,0.0,0.0,0.0,1.0,0.0,0.0,0.0,0.0,1.0,0.0,1.0,0.0,0.0,0.0
1200,0.394,0.274,0.395,0.612,0.582,0.133,0.315,0.393,4,3,0,1,TRAIN,7,0.0,0.0,0.0,0.0,1.0,0.0,0.0,0.0,0.0,1.0,1.0,0.0,0.0,0.0,0.0
1201,0.331,0.521,0.281,0.866,0.327,0.368,0.021,0.172,1,1,0,0,TEST,3,0.0,1.0,0.0,0.0,0.0,0.0,0.0,1.0,0.0,0.0,1.0,0.0,0.0,0.0,0.0
1202,0.436,0.678,0.456,0.166,0.371,0.643,0.048,0.445,3,0,0,0,VAL,1,0.0,0.0,0.0,1.0,0.0,0.0,1.0,0.0,0.0,0.0,1.0,0.0,0.0,0.0,0.0
1203,0.565,0.492,0.411,0.714,0.424,0.438,0.049,0.366,3,0,0,0,TRAIN,3,0.0,0.0,0.0,1.0,0.0,0.0,1.0,0.0,0.0,0.0,1.0,0.0,0.0,0.0,0.0
1204,0.663,0.524,0.612,0.471,0.482,0.469,0.085,0.568,3,2,3,0,TEST,3,0.0,0.0,0.0,1.0,0.0,0.0,0.0,0.0,1.0,0.0,0.0,0.0,0.0,1.0,0.0
1205,0.681,0.528,0.536,0.546,0.589,0.426,0.075,0.45,3,3,0,1,TEST,3,0.0,0.0,0.0,1.0,0.0,0.0,0.0,0.0,0.0,1.0,1.0,0.0,0.0,0.0,0.0
1206,0.533,0.537,0.492,0.549,0.539,0.29,0.069,0.39,2,2,3,0,TRAIN,3,0.0,0.0,1.0,0.0,0.0,0.0,0.0,0.0,1.0,0.0,0.0,0.0,0.0,1.0,0.0
1207,0.167,0.481,0.407,0.785,0.281,0.358,0.05,0.254,3,2,0,0,VAL,3,0.0,0.0,0.0,1.0,0.0,0.0,0.0,0.0,1.0,0.0,1.0,0.0,0.0,0.0,0.0
1208,0.48,0.526,0.417,0.8,0.308,0.586,0.039,0.329,5,2,0,0,VAL,3,0.0,0.0,0.0,0.0,0.0,1.0,0.0,0.0,1.0,0.0,1.0,0.0,0.0,0.0,0.0
1209,0.421,0.532,0.418,0.694,0.427,0.517,0.04,0.26,2,0,0,1,TRAIN,3,0.0,0.0,1.0,0.0,0.0,0.0,1.0,0.0,0.0,0.0,1.0,0.0,0.0,0.0,0.0
1210,0.335,0.321,0.386,0.435,0.522,0.123,0.365,0.401,4,0,1,1,TRAIN,7,0.0,0.0,0.0,0.0,1.0,0.0,1.0,0.0,0.0,0.0,0.0,1.0,0.0,0.0,0.0
1211,0.55,0.488,0.423,0.0,0.634,0.485,0.474,0.615,1,1,4,1,TEST,2,0.0,1.0,0.0,0.0,0.0,0.0,0.0,1.0,0.0,0.0,0.0,0.0,0.0,0.0,1.0
1212,0.624,0.276,0.443,0.047,0.728,0.165,0.556,0.635,3,1,4,0,TRAIN,2,0.0,0.0,0.0,1.0,0.0,0.0,0.0,1.0,0.0,0.0,0.0,0.0,0.0,0.0,1.0
1213,0.183,0.586,0.321,0.749,0.202,0.575,0.01,0.116,3,2,0,1,VAL,3,0.0,0.0,0.0,1.0,0.0,0.0,0.0,0.0,1.0,0.0,1.0,0.0,0.0,0.0,0.0
1214,0.495,0.696,0.568,0.161,0.466,0.747,0.031,0.428,3,2,2,0,TRAIN,3,0.0,0.0,0.0,1.0,0.0,0.0,0.0,0.0,1.0,0.0,0.0,0.0,1.0,0.0,0.0
1215,0.628,0.522,0.56,0.678,0.41,0.551,0.079,0.442,3,2,1,0,VAL,3,0.0,0.0,0.0,1.0,0.0,0.0,0.0,0.0,1.0,0.0,0.0,1.0,0.0,0.0,0.0
1216,0.485,0.851,0.595,0.0,0.616,0.855,0.148,0.514,4,1,0,1,TRAIN,6,0.0,0.0,0.0,0.0,1.0,0.0,0.0,1.0,0.0,0.0,1.0,0.0,0.0,0.0,0.0
1217,0.236,0.52,0.38,0.8,0.261,0.474,0.041,0.151,2,2,3,1,TRAIN,3,0.0,0.0,1.0,0.0,0.0,0.0,0.0,0.0,1.0,0.0,0.0,0.0,0.0,1.0,0.0
1218,0.1,0.625,0.259,0.923,0.203,0.707,0.003,0.036,2,1,0,1,TRAIN,8,0.0,0.0,1.0,0.0,0.0,0.0,0.0,1.0,0.0,0.0,1.0,0.0,0.0,0.0,0.0
1219,0.122,0.664,0.278,0.87,0.123,0.885,0.001,0.091,2,1,2,0,TEST,5,0.0,0.0,1.0,0.0,0.0,0.0,0.0,1.0,0.0,0.0,0.0,0.0,1.0,0.0,0.0
1220,0.392,0.481,0.441,0.0,0.81,0.359,0.596,0.549,1,3,4,1,VAL,2,0.0,1.0,0.0,0.0,0.0,0.0,0.0,0.0,0.0,1.0,0.0,0.0,0.0,0.0,1.0
1221,0.985,0.259,0.752,1.0,0.779,0.0,0.295,0.773,0,0,1,1,VAL,7,1.0,0.0,0.0,0.0,0.0,0.0,1.0,0.0,0.0,0.0,0.0,1.0,0.0,0.0,0.0
1222,0.363,0.62,0.364,0.719,0.325,0.62,0.015,0.275,2,2,3,0,TRAIN,3,0.0,0.0,1.0,0.0,0.0,0.0,0.0,0.0,1.0,0.0,0.0,0.0,0.0,1.0,0.0
1223,0.487,0.805,0.587,0.0,0.584,0.844,0.114,0.63,3,2,0,1,VAL,6,0.0,0.0,0.0,1.0,0.0,0.0,0.0,0.0,1.0,0.0,1.0,0.0,0.0,0.0,0.0
1224,0.718,0.81,0.676,0.0,0.803,0.886,0.3,0.742,5,3,2,1,VAL,6,0.0,0.0,0.0,0.0,0.0,1.0,0.0,0.0,0.0,1.0,0.0,0.0,1.0,0.0,0.0
1225,0.127,0.52,0.268,0.832,0.21,0.496,0.011,0.106,3,2,0,0,TRAIN,3,0.0,0.0,0.0,1.0,0.0,0.0,0.0,0.0,1.0,0.0,1.0,0.0,0.0,0.0,0.0
1226,0.576,0.618,0.556,0.467,0.522,0.62,0.044,0.414,3,3,0,0,TRAIN,3,0.0,0.0,0.0,1.0,0.0,0.0,0.0,0.0,0.0,1.0,1.0,0.0,0.0,0.0,0.0
1227,0.451,0.609,0.534,0.0,0.757,0.568,0.298,0.524,3,0,4,0,TEST,2,0.0,0.0,0.0,1.0,0.0,0.0,1.0,0.0,0.0,0.0,0.0,0.0,0.0,0.0,1.0
1228,0.535,0.475,0.526,0.218,0.505,0.408,0.295,0.461,2,1,1,0,TRAIN,2,0.0,0.0,1.0,0.0,0.0,0.0,0.0,1.0,0.0,0.0,0.0,1.0,0.0,0.0,0.0
1229,0.423,0.515,0.412,0.52,0.546,0.432,0.057,0.386,3,2,0,1,TRAIN,3,0.0,0.0,0.0,1.0,0.0,0.0,0.0,0.0,1.0,0.0,1.0,0.0,0.0,0.0,0.0
1230,0.519,0.525,0.442,0.0,0.61,0.346,0.203,0.515,4,0,0,0,TRAIN,7,0.0,0.0,0.0,0.0,1.0,0.0,1.0,0.0,0.0,0.0,1.0,0.0,0.0,0.0,0.0
1231,0.604,0.777,0.634,0.0,0.778,0.776,0.233,0.624,3,0,1,1,TRAIN,6,0.0,0.0,0.0,1.0,0.0,0.0,1.0,0.0,0.0,0.0,0.0,1.0,0.0,0.0,0.0
1232,0.507,0.823,0.652,0.0,0.647,0.813,0.217,0.581,0,2,0,0,TEST,6,1.0,0.0,0.0,0.0,0.0,0.0,0.0,0.0,1.0,0.0,1.0,0.0,0.0,0.0,0.0
1233,0.375,0.529,0.419,0.696,0.421,0.293,0.047,0.337,2,0,0,1,TRAIN,3,0.0,0.0,1.0,0.0,0.0,0.0,1.0,0.0,0.0,0.0,1.0,0.0,0.0,0.0,0.0
1234,0.761,0.332,0.508,0.758,0.58,0.232,0.179,0.49,0,3,1,0,VAL,7,1.0,0.0,0.0,0.0,0.0,0.0,0.0,0.0,0.0,1.0,0.0,1.0,0.0,0.0,0.0
1235,0.323,0.461,0.441,0.802,0.352,0.401,0.031,0.281,2,3,3,1,VAL,3,0.0,0.0,1.0,0.0,0.0,0.0,0.0,0.0,0.0,1.0,0.0,0.0,0.0,1.0,0.0
1236,0.907,0.313,0.642,1.0,0.507,0.048,0.031,0.555,5,1,1,1,TRAIN,4,0.0,0.0,0.0,0.0,0.0,1.0,0.0,1.0,0.0,0.0,0.0,1.0,0.0,0.0,0.0
1237,0.518,0.191,0.396,1.0,0.517,0.0,0.237,0.478,5,0,3,1,TEST,7,0.0,0.0,0.0,0.0,0.0,1.0,1.0,0.0,0.0,0.0,0.0,0.0,0.0,1.0,0.0
1238,0.485,0.489,0.442,0.71,0.482,0.286,0.036,0.331,3,1,0,1,TRAIN,3,0.0,0.0,0.0,1.0,0.0,0.0,0.0,1.0,0.0,0.0,1.0,0.0,0.0,0.0,0.0
1239,0.467,0.581,0.41,0.565,0.449,0.501,0.029,0.376,2,2,1,1,TRAIN,3,0.0,0.0,1.0,0.0,0.0,0.0,0.0,0.0,1.0,0.0,0.0,1.0,0.0,0.0,0.0
1240,0.314,0.434,0.28,0.794,0.416,0.366,0.032,0.187,1,3,0,0,VAL,3,0.0,1.0,0.0,0.0,0.0,0.0,0.0,0.0,0.0,1.0,1.0,0.0,0.0,0.0,0.0
1241,0.345,0.501,0.365,0.965,0.38,0.315,0.021,0.187,3,0,0,0,TEST,3,0.0,0.0,0.0,1.0,0.0,0.0,1.0,0.0,0.0,0.0,1.0,0.0,0.0,0.0,0.0
1242,0.354,0.474,0.276,1.0,0.35,0.284,0.021,0.192,0,3,0,0,VAL,5,1.0,0.0,0.0,0.0,0.0,0.0,0.0,0.0,0.0,1.0,1.0,0.0,0.0,0.0,0.0
1243,0.258,0.526,0.355,0.95,0.493,0.518,0.023,0.27,3,2,0,0,TRAIN,3,0.0,0.0,0.0,1.0,0.0,0.0,0.0,0.0,1.0,0.0,1.0,0.0,0.0,0.0,0.0
1244,0.54,0.503,0.483,0.584,0.458,0.463,0.09,0.468,1,1,3,0,TEST,3,0.0,1.0,0.0,0.0,0.0,0.0,0.0,1.0,0.0,0.0,0.0,0.0,0.0,1.0,0.0
1245,0.586,0.387,0.313,0.664,0.4,0.538,0.046,0.298,3,2,0,0,VAL,3,0.0,0.0,0.0,1.0,0.0,0.0,0.0,0.0,1.0,0.0,1.0,0.0,0.0,0.0,0.0
1246,0.265,0.606,0.351,0.639,0.314,0.435,0.012,0.2,3,2,1,1,TEST,3,0.0,0.0,0.0,1.0,0.0,0.0,0.0,0.0,1.0,0.0,0.0,1.0,0.0,0.0,0.0
1247,0.844,0.267,0.517,1.0,0.472,0.097,0.035,0.438,2,0,2,1,TEST,4,0.0,0.0,1.0,0.0,0.0,0.0,1.0,0.0,0.0,0.0,0.0,0.0,1.0,0.0,0.0
1248,0.381,0.477,0.385,0.72,0.416,0.547,0.029,0.218,3,2,0,1,TEST,3,0.0,0.0,0.0,1.0,0.0,0.0,0.0,0.0,1.0,0.0,1.0,0.0,0.0,0.0,0.0
1249,0.045,0.441,0.729,0.876,0.602,0.244,0.317,0.798,0,0,0,1,VAL,7,1.0,0.0,0.0,0.0,0.0,0.0,1.0,0.0,0.0,0.0,1.0,0.0,0.0,0.0,0.0
1250,0.249,0.53,0.305,0.897,0.328,0.506,0.01,0.164,1,3,0,1,TRAIN,3,0.0,1.0,0.0,0.0,0.0,0.0,0.0,0.0,0.0,1.0,1.0,0.0,0.0,0.0,0.0
1251,0.309,0.623,0.303,0.766,0.209,0.604,0.013,0.198,2,2,3,1,VAL,3,0.0,0.0,1.0,0.0,0.0,0.0,0.0,0.0,1.0,0.0,0.0,0.0,0.0,1.0,0.0
1252,0.486,0.555,0.384,0.574,0.455,0.485,0.035,0.351,3,3,0,0,TRAIN,3,0.0,0.0,0.0,1.0,0.0,0.0,0.0,0.0,0.0,1.0,1.0,0.0,0.0,0.0,0.0
1253,0.439,0.54,0.435,0.583,0.4,0.718,0.028,0.329,2,0,0,1,TRAIN,3,0.0,0.0,1.0,0.0,0.0,0.0,1.0,0.0,0.0,0.0,1.0,0.0,0.0,0.0,0.0
1254,0.661,0.254,0.533,0.652,0.672,0.013,0.434,0.49,0,0,0,0,TRAIN,7,1.0,0.0,0.0,0.0,0.0,0.0,1.0,0.0,0.0,0.0,1.0,0.0,0.0,0.0,0.0
1255,1.0,0.44,0.711,1.0,0.565,0.38,0.119,0.663,0,1,0,0,TRAIN,7,1.0,0.0,0.0,0.0,0.0,0.0,0.0,1.0,0.0,0.0,1.0,0.0,0.0,0.0,0.0
1256,0.33,0.701,0.419,0.076,0.443,0.599,0.042,0.288,0,0,4,1,TRAIN,1,1.0,0.0,0.0,0.0,0.0,0.0,1.0,0.0,0.0,0.0,0.0,0.0,0.0,0.0,1.0
1257,0.938,0.52,0.146,0.579,0.21,0.583,0.014,0.013,2,1,1,1,TRAIN,8,0.0,0.0,1.0,0.0,0.0,0.0,0.0,1.0,0.0,0.0,0.0,1.0,0.0,0.0,0.0
1258,0.355,0.519,0.469,0.693,0.441,0.491,0.039,0.269,2,2,3,0,TRAIN,3,0.0,0.0,1.0,0.0,0.0,0.0,0.0,0.0,1.0,0.0,0.0,0.0,0.0,1.0,0.0
1259,0.487,0.829,0.561,0.0,0.524,0.909,0.094,0.557,5,3,0,1,TRAIN,6,0.0,0.0,0.0,0.0,0.0,1.0,0.0,0.0,0.0,1.0,1.0,0.0,0.0,0.0,0.0
1260,0.328,0.492,0.342,0.659,0.372,0.538,0.016,0.219,3,0,0,1,TRAIN,3,0.0,0.0,0.0,1.0,0.0,0.0,1.0,0.0,0.0,0.0,1.0,0.0,0.0,0.0,0.0
1261,0.43,0.491,0.455,0.0,0.63,0.323,0.356,0.572,2,1,4,1,VAL,2,0.0,0.0,1.0,0.0,0.0,0.0,0.0,1.0,0.0,0.0,0.0,0.0,0.0,0.0,1.0
1262,0.665,0.195,0.477,0.789,0.571,0.0,0.283,0.47,0,3,3,1,TRAIN,7,1.0,0.0,0.0,0.0,0.0,0.0,0.0,0.0,0.0,1.0,0.0,0.0,0.0,1.0,0.0
1263,0.439,0.568,0.417,0.74,0.34,0.651,0.015,0.379,2,2,0,0,TRAIN,3,0.0,0.0,1.0,0.0,0.0,0.0,0.0,0.0,1.0,0.0,1.0,0.0,0.0,0.0,0.0
1264,0.452,0.659,0.504,0.667,0.289,0.739,0.024,0.278,2,2,0,0,TRAIN,3,0.0,0.0,1.0,0.0,0.0,0.0,0.0,0.0,1.0,0.0,1.0,0.0,0.0,0.0,0.0
1265,0.399,0.548,0.42,0.672,0.355,0.524,0.026,0.267,0,2,3,0,TRAIN,3,1.0,0.0,0.0,0.0,0.0,0.0,0.0,0.0,1.0,0.0,0.0,0.0,0.0,1.0,0.0
1266,0.425,0.513,0.439,0.71,0.317,0.444,0.048,0.271,3,2,3,1,TEST,3,0.0,0.0,0.0,1.0,0.0,0.0,0.0,0.0,1.0,0.0,0.0,0.0,0.0,1.0,0.0
1267,0.246,0.596,0.357,0.829,0.264,0.634,0.007,0.139,3,2,0,1,TRAIN,3,0.0,0.0,0.0,1.0,0.0,0.0,0.0,0.0,1.0,0.0,1.0,0.0,0.0,0.0,0.0
1268,0.38,0.474,0.402,0.991,0.438,0.396,0.023,0.276,2,2,0,0,VAL,3,0.0,0.0,1.0,0.0,0.0,0.0,0.0,0.0,1.0,0.0,1.0,0.0,0.0,0.0,0.0
1269,0.861,0.435,0.709,1.0,0.423,0.239,0.033,0.534,1,3,0,0,TRAIN,4,0.0,1.0,0.0,0.0,0.0,0.0,0.0,0.0,0.0,1.0,1.0,0.0,0.0,0.0,0.0
1270,0.736,0.258,0.601,1.0,0.659,0.176,0.115,0.497,5,0,0,0,VAL,7,0.0,0.0,0.0,0.0,0.0,1.0,1.0,0.0,0.0,0.0,1.0,0.0,0.0,0.0,0.0
1271,0.104,0.43,0.291,0.315,0.382,0.502,0.071,0.207,2,1,2,0,TRAIN,5,0.0,0.0,1.0,0.0,0.0,0.0,0.0,1.0,0.0,0.0,0.0,0.0,1.0,0.0,0.0
1272,0.216,0.638,0.256,0.898,0.098,0.54,0.004,0.102,2,2,0,0,TRAIN,3,0.0,0.0,1.0,0.0,0.0,0.0,0.0,0.0,1.0,0.0,1.0,0.0,0.0,0.0,0.0
1273,0.503,0.538,0.488,0.686,0.38,0.508,0.065,0.42,2,0,3,1,TEST,3,0.0,0.0,1.0,0.0,0.0,0.0,1.0,0.0,0.0,0.0,0.0,0.0,0.0,1.0,0.0
1274,0.377,0.724,0.466,0.094,0.377,0.804,0.041,0.38,0,0,0,0,TRAIN,1,1.0,0.0,0.0,0.0,0.0,0.0,1.0,0.0,0.0,0.0,1.0,0.0,0.0,0.0,0.0
1275,0.704,0.286,0.516,1.0,0.638,0.036,0.237,0.506,5,0,0,0,TRAIN,7,0.0,0.0,0.0,0.0,0.0,1.0,1.0,0.0,0.0,0.0,1.0,0.0,0.0,0.0,0.0
1276,0.676,0.327,0.583,1.0,0.462,0.161,0.114,0.497,3,0,0,0,TRAIN,7,0.0,0.0,0.0,1.0,0.0,0.0,1.0,0.0,0.0,0.0,1.0,0.0,0.0,0.0,0.0
1277,0.844,0.203,0.593,1.0,0.634,0.0,0.255,0.667,0,0,3,1,TEST,7,1.0,0.0,0.0,0.0,0.0,0.0,1.0,0.0,0.0,0.0,0.0,0.0,0.0,1.0,0.0
1278,0.292,0.486,0.366,0.831,0.317,0.337,0.018,0.194,2,1,0,1,TRAIN,3,0.0,0.0,1.0,0.0,0.0,0.0,0.0,1.0,0.0,0.0,1.0,0.0,0.0,0.0,0.0
1279,0.515,0.49,0.46,0.0,0.589,0.443,0.348,0.578,3,1,1,1,TRAIN,2,0.0,0.0,0.0,1.0,0.0,0.0,0.0,1.0,0.0,0.0,0.0,1.0,0.0,0.0,0.0
1280,0.554,0.617,0.494,0.449,0.363,0.597,0.029,0.415,4,2,3,0,TRAIN,3,0.0,0.0,0.0,0.0,1.0,0.0,0.0,0.0,1.0,0.0,0.0,0.0,0.0,1.0,0.0
1281,0.273,0.538,0.34,0.681,0.28,0.431,0.023,0.15,3,3,0,1,TRAIN,3,0.0,0.0,0.0,1.0,0.0,0.0,0.0,0.0,0.0,1.0,1.0,0.0,0.0,0.0,0.0
1282,0.509,0.602,0.507,0.647,0.34,0.557,0.014,0.344,3,3,3,0,TRAIN,3,0.0,0.0,0.0,1.0,0.0,0.0,0.0,0.0,0.0,1.0,0.0,0.0,0.0,1.0,0.0
1283,0.678,0.908,0.753,0.0,0.571,1.0,0.042,0.738,3,0,1,1,TEST,6,0.0,0.0,0.0,1.0,0.0,0.0,1.0,0.0,0.0,0.0,0.0,1.0,0.0,0.0,0.0
1284,0.351,0.435,0.341,0.232,0.522,0.297,0.162,0.319,0,2,1,1,TEST,7,1.0,0.0,0.0,0.0,0.0,0.0,0.0,0.0,1.0,0.0,0.0,1.0,0.0,0.0,0.0
1285,0.522,0.601,0.379,0.67,0.326,0.575,0.013,0.25,3,3,0,0,VAL,3,0.0,0.0,0.0,1.0,0.0,0.0,0.0,0.0,0.0,1.0,1.0,0.0,0.0,0.0,0.0
1286,0.462,0.782,0.573,0.0,0.527,0.802,0.116,0.561,2,2,0,1,VAL,6,0.0,0.0,1.0,0.0,0.0,0.0,0.0,0.0,1.0,0.0,1.0,0.0,0.0,0.0,0.0
1287,0.403,0.73,0.422,0.197,0.323,0.883,0.027,0.398,3,0,1,0,VAL,1,0.0,0.0,0.0,1.0,0.0,0.0,1.0,0.0,0.0,0.0,0.0,1.0,0.0,0.0,0.0
1288,0.351,0.551,0.385,0.898,0.375,0.537,0.022,0.253,3,2,0,1,TRAIN,3,0.0,0.0,0.0,1.0,0.0,0.0,0.0,0.0,1.0,0.0,1.0,0.0,0.0,0.0,0.0
1289,0.307,0.504,0.247,1.0,0.27,0.437,0.017,0.143,2,0,3,1,TEST,3,0.0,0.0,1.0,0.0,0.0,0.0,1.0,0.0,0.0,0.0,0.0,0.0,0.0,1.0,0.0
1290,0.221,0.459,0.359,0.91,0.315,0.469,0.018,0.134,1,0,0,1,TRAIN,3,0.0,1.0,0.0,0.0,0.0,0.0,1.0,0.0,0.0,0.0,1.0,0.0,0.0,0.0,0.0
1291,0.765,0.434,0.62,0.388,0.619,0.31,0.315,0.624,0,0,0,0,TRAIN,7,1.0,0.0,0.0,0.0,0.0,0.0,1.0,0.0,0.0,0.0,1.0,0.0,0.0,0.0,0.0
1292,0.485,0.553,0.485,0.831,0.422,0.416,0.051,0.378,3,2,3,0,TEST,3,0.0,0.0,0.0,1.0,0.0,0.0,0.0,0.0,1.0,0.0,0.0,0.0,0.0,1.0,0.0
1293,0.465,0.263,0.381,0.817,0.532,0.12,0.256,0.42,0,3,0,0,TRAIN,7,1.0,0.0,0.0,0.0,0.0,0.0,0.0,0.0,0.0,1.0,1.0,0.0,0.0,0.0,0.0
1294,0.307,0.513,0.331,0.859,0.334,0.37,0.02,0.168,1,3,2,1,TEST,3,0.0,1.0,0.0,0.0,0.0,0.0,0.0,0.0,0.0,1.0,0.0,0.0,1.0,0.0,0.0
1295,0.316,0.553,0.355,0.731,0.26,0.618,0.017,0.213,2,2,3,0,TRAIN,3,0.0,0.0,1.0,0.0,0.0,0.0,0.0,0.0,1.0,0.0,0.0,0.0,0.0,1.0,0.0
1296,0.16,0.335,0.223,1.0,0.307,0.245,0.032,0.108,1,2,3,1,TRAIN,3,0.0,1.0,0.0,0.0,0.0,0.0,0.0,0.0,1.0,0.0,0.0,0.0,0.0,1.0,0.0
1297,0.382,0.517,0.411,0.794,0.161,0.502,0.011,0.16,5,2,0,0,TRAIN,3,0.0,0.0,0.0,0.0,0.0,1.0,0.0,0.0,1.0,0.0,1.0,0.0,0.0,0.0,0.0
1298,0.457,0.316,0.373,1.0,0.528,0.318,0.088,0.235,0,1,0,0,TRAIN,7,1.0,0.0,0.0,0.0,0.0,0.0,0.0,1.0,0.0,0.0,1.0,0.0,0.0,0.0,0.0
1299,0.755,0.252,0.632,1.0,0.494,0.176,0.094,0.616,4,0,1,1,TEST,4,0.0,0.0,0.0,0.0,1.0,0.0,1.0,0.0,0.0,0.0,0.0,1.0,0.0,0.0,0.0
1300,0.331,0.524,0.328,0.811,0.388,0.431,0.019,0.246,3,0,0,0,TRAIN,3,0.0,0.0,0.0,1.0,0.0,0.0,1.0,0.0,0.0,0.0,1.0,0.0,0.0,0.0,0.0
1301,0.466,0.516,0.529,0.69,0.369,0.451,0.028,0.293,0,3,0,0,TRAIN,3,1.0,0.0,0.0,0.0,0.0,0.0,0.0,0.0,0.0,1.0,1.0,0.0,0.0,0.0,0.0
1302,0.177,0.522,0.363,0.864,0.292,0.57,0.009,0.186,3,0,1,1,TRAIN,3,0.0,0.0,0.0,1.0,0.0,0.0,1.0,0.0,0.0,0.0,0.0,1.0,0.0,0.0,0.0
1303,0.525,0.804,0.444,0.0,0.545,0.911,0.125,0.516,5,2,1,1,TRAIN,6,0.0,0.0,0.0,0.0,0.0,1.0,0.0,0.0,1.0,0.0,0.0,1.0,0.0,0.0,0.0
1304,0.428,0.445,0.427,0.732,0.385,0.294,0.085,0.306,2,2,3,0,TRAIN,3,0.0,0.0,1.0,0.0,0.0,0.0,0.0,0.0,1.0,0.0,0.0,0.0,0.0,1.0,0.0
1305,0.382,0.528,0.409,0.523,0.432,0.437,0.076,0.317,0,1,0,1,VAL,3,1.0,0.0,0.0,0.0,0.0,0.0,0.0,1.0,0.0,0.0,1.0,0.0,0.0,0.0,0.0
1306,0.323,0.565,0.479,0.757,0.342,0.496,0.017,0.228,3,2,0,0,VAL,3,0.0,0.0,0.0,1.0,0.0,0.0,0.0,0.0,1.0,0.0,1.0,0.0,0.0,0.0,0.0
1307,0.564,0.519,0.424,0.763,0.421,0.361,0.046,0.451,3,2,0,1,TEST,3,0.0,0.0,0.0,1.0,0.0,0.0,0.0,0.0,1.0,0.0,1.0,0.0,0.0,0.0,0.0
1308,0.472,0.328,0.472,0.552,0.5,0.176,0.291,0.413,0,0,1,1,TRAIN,7,1.0,0.0,0.0,0.0,0.0,0.0,1.0,0.0,0.0,0.0,0.0,1.0,0.0,0.0,0.0
1309,0.606,0.184,0.433,1.0,0.356,0.312,0.154,0.375,0,0,3,0,TRAIN,7,1.0,0.0,0.0,0.0,0.0,0.0,1.0,0.0,0.0,0.0,0.0,0.0,0.0,1.0,0.0
1310,0.331,0.551,0.38,0.777,0.373,0.603,0.023,0.253,1,0,0,0,TEST,3,0.0,1.0,0.0,0.0,0.0,0.0,1.0,0.0,0.0,0.0,1.0,0.0,0.0,0.0,0.0
1311,0.507,0.415,0.542,0.0,0.612,0.374,0.493,0.54,3,1,1,0,TRAIN,2,0.0,0.0,0.0,1.0,0.0,0.0,0.0,1.0,0.0,0.0,0.0,1.0,0.0,0.0,0.0
1312,0.322,0.611,0.42,1.0,0.282,0.612,0.004,0.119,3,2,0,0,VAL,3,0.0,0.0,0.0,1.0,0.0,0.0,0.0,0.0,1.0,0.0,1.0,0.0,0.0,0.0,0.0
1313,0.305,0.776,0.423,0.0,0.396,0.881,0.025,0.34,0,0,0,1,TRAIN,1,1.0,0.0,0.0,0.0,0.0,0.0,1.0,0.0,0.0,0.0,1.0,0.0,0.0,0.0,0.0
1314,0.327,0.635,0.449,0.508,0.217,0.648,0.016,0.258,2,2,0,0,TRAIN,3,0.0,0.0,1.0,0.0,0.0,0.0,0.0,0.0,1.0,0.0,1.0,0.0,0.0,0.0,0.0
1315,0.699,0.303,0.442,0.474,0.58,0.226,0.295,0.474,0,0,0,1,VAL,7,1.0,0.0,0.0,0.0,0.0,0.0,1.0,0.0,0.0,0.0,1.0,0.0,0.0,0.0,0.0
1316,0.656,0.806,0.592,0.0,0.712,0.895,0.211,0.707,5,2,1,1,TEST,6,0.0,0.0,0.0,0.0,0.0,1.0,0.0,0.0,1.0,0.0,0.0,1.0,0.0,0.0,0.0
1317,0.234,0.565,0.397,0.843,0.235,0.461,0.009,0.158,3,1,0,1,TEST,3,0.0,0.0,0.0,1.0,0.0,0.0,0.0,1.0,0.0,0.0,1.0,0.0,0.0,0.0,0.0
1318,0.389,0.805,0.369,0.0,0.324,0.808,0.03,0.225,1,0,1,0,VAL,1,0.0,1.0,0.0,0.0,0.0,0.0,1.0,0.0,0.0,0.0,0.0,1.0,0.0,0.0,0.0
1319,0.286,0.618,0.277,0.804,0.319,0.595,0.005,0.184,1,1,0,1,TRAIN,5,0.0,1.0,0.0,0.0,0.0,0.0,0.0,1.0,0.0,0.0,1.0,0.0,0.0,0.0,0.0
1320,0.647,0.77,0.597,0.0,0.628,0.819,0.192,0.717,2,3,0,1,TRAIN,6,0.0,0.0,1.0,0.0,0.0,0.0,0.0,0.0,0.0,1.0,1.0,0.0,0.0,0.0,0.0
1321,0.556,0.183,0.404,1.0,0.612,0.0,0.308,0.451,4,0,0,1,TRAIN,7,0.0,0.0,0.0,0.0,1.0,0.0,1.0,0.0,0.0,0.0,1.0,0.0,0.0,0.0,0.0
1322,0.467,0.209,0.377,0.78,0.57,0.004,0.224,0.411,0,0,0,1,TRAIN,7,1.0,0.0,0.0,0.0,0.0,0.0,1.0,0.0,0.0,0.0,1.0,0.0,0.0,0.0,0.0
1323,0.696,0.892,0.692,0.0,0.53,1.0,0.087,0.678,0,2,1,1,TEST,6,1.0,0.0,0.0,0.0,0.0,0.0,0.0,0.0,1.0,0.0,0.0,1.0,0.0,0.0,0.0
1324,0.198,0.527,0.291,0.837,0.068,0.727,0.007,0.098,3,2,0,1,VAL,3,0.0,0.0,0.0,1.0,0.0,0.0,0.0,0.0,1.0,0.0,1.0,0.0,0.0,0.0,0.0
1325,0.238,0.509,0.227,0.982,0.293,0.563,0.008,0.149,3,2,2,0,TRAIN,3,0.0,0.0,0.0,1.0,0.0,0.0,0.0,0.0,1.0,0.0,0.0,0.0,1.0,0.0,0.0
1326,0.466,0.506,0.393,0.844,0.387,0.551,0.109,0.309,3,2,0,1,TRAIN,3,0.0,0.0,0.0,1.0,0.0,0.0,0.0,0.0,1.0,0.0,1.0,0.0,0.0,0.0,0.0
1327,0.479,0.817,0.607,0.0,0.605,0.872,0.106,0.555,3,2,2,0,TRAIN,6,0.0,0.0,0.0,1.0,0.0,0.0,0.0,0.0,1.0,0.0,0.0,0.0,1.0,0.0,0.0
1328,0.883,0.572,0.705,0.897,0.563,0.493,0.113,0.655,0,2,0,1,TEST,4,1.0,0.0,0.0,0.0,0.0,0.0,0.0,0.0,1.0,0.0,1.0,0.0,0.0,0.0,0.0
1329,0.402,0.147,0.353,0.872,0.662,0.0,0.287,0.337,0,0,0,1,TRAIN,7,1.0,0.0,0.0,0.0,0.0,0.0,1.0,0.0,0.0,0.0,1.0,0.0,0.0,0.0,0.0
1330,0.526,0.801,0.65,0.0,0.679,0.806,0.149,0.67,2,1,0,1,TRAIN,6,0.0,0.0,1.0,0.0,0.0,0.0,0.0,1.0,0.0,0.0,1.0,0.0,0.0,0.0,0.0
1331,0.596,0.558,0.456,0.789,0.372,0.698,0.031,0.359,3,2,0,0,TEST,3,0.0,0.0,0.0,1.0,0.0,0.0,0.0,0.0,1.0,0.0,1.0,0.0,0.0,0.0,0.0
1332,0.612,0.578,0.46,0.46,0.567,0.668,0.043,0.433,3,3,2,0,TRAIN,3,0.0,0.0,0.0,1.0,0.0,0.0,0.0,0.0,0.0,1.0,0.0,0.0,1.0,0.0,0.0
1333,0.366,0.717,0.467,0.087,0.471,0.659,0.04,0.43,0,2,0,0,TRAIN,1,1.0,0.0,0.0,0.0,0.0,0.0,0.0,0.0,1.0,0.0,1.0,0.0,0.0,0.0,0.0
1334,0.559,0.398,0.535,0.314,0.705,0.318,0.329,0.525,1,3,4,0,TEST,2,0.0,1.0,0.0,0.0,0.0,0.0,0.0,0.0,0.0,1.0,0.0,0.0,0.0,0.0,1.0
1335,0.415,0.556,0.462,0.537,0.446,0.678,0.034,0.289,2,3,0,0,TRAIN,3,0.0,0.0,1.0,0.0,0.0,0.0,0.0,0.0,0.0,1.0,1.0,0.0,0.0,0.0,0.0
1336,0.457,0.341,0.501,0.641,0.562,0.137,0.267,0.354,4,1,0,0,VAL,7,0.0,0.0,0.0,0.0,1.0,0.0,0.0,1.0,0.0,0.0,1.0,0.0,0.0,0.0,0.0
1337,0.277,0.486,0.324,0.866,0.291,0.344,0.011,0.138,3,2,3,0,TRAIN,3,0.0,0.0,0.0,1.0,0.0,0.0,0.0,0.0,1.0,0.0,0.0,0.0,0.0,1.0,0.0
1338,0.493,0.696,0.502,0.0,0.53,0.724,0.213,0.508,3,2,1,0,TEST,2,0.0,0.0,0.0,1.0,0.0,0.0,0.0,0.0,1.0,0.0,0.0,1.0,0.0,0.0,0.0
1339,0.982,0.408,0.763,0.945,0.543,0.176,0.299,0.679,2,0,0,0,TRAIN,7,0.0,0.0,1.0,0.0,0.0,0.0,1.0,0.0,0.0,0.0,1.0,0.0,0.0,0.0,0.0
1340,0.676,0.565,0.663,0.314,0.488,0.317,0.134,0.577,2,1,0,1,TRAIN,3,0.0,0.0,1.0,0.0,0.0,0.0,0.0,1.0,0.0,0.0,1.0,0.0,0.0,0.0,0.0
1341,0.406,0.568,0.388,0.441,0.333,0.585,0.045,0.361,3,2,0,0,VAL,3,0.0,0.0,0.0,1.0,0.0,0.0,0.0,0.0,1.0,0.0,1.0,0.0,0.0,0.0,0.0
1342,0.182,0.485,0.225,0.583,0.209,0.421,0.043,0.092,0,2,2,1,TRAIN,5,1.0,0.0,0.0,0.0,0.0,0.0,0.0,0.0,1.0,0.0,0.0,0.0,1.0,0.0,0.0
1343,0.274,0.471,0.333,0.803,0.352,0.313,0.055,0.253,3,0,3,1,TRAIN,3,0.0,0.0,0.0,1.0,0.0,0.0,1.0,0.0,0.0,0.0,0.0,0.0,0.0,1.0,0.0
1344,0.134,0.57,0.297,0.775,0.197,0.656,0.01,0.124,2,2,0,1,TRAIN,3,0.0,0.0,1.0,0.0,0.0,0.0,0.0,0.0,1.0,0.0,1.0,0.0,0.0,0.0,0.0
1345,0.56,0.434,0.483,0.478,0.559,0.246,0.201,0.384,2,2,3,1,TEST,3,0.0,0.0,1.0,0.0,0.0,0.0,0.0,0.0,1.0,0.0,0.0,0.0,0.0,1.0,0.0
1346,0.313,0.523,0.414,0.651,0.389,0.431,0.058,0.271,3,3,1,0,TEST,3,0.0,0.0,0.0,1.0,0.0,0.0,0.0,0.0,0.0,1.0,0.0,1.0,0.0,0.0,0.0
1347,0.536,0.434,0.517,0.0,0.758,0.309,0.302,0.505,4,1,4,0,VAL,2,0.0,0.0,0.0,0.0,1.0,0.0,0.0,1.0,0.0,0.0,0.0,0.0,0.0,0.0,1.0
1348,0.209,0.514,0.236,1.0,0.197,0.706,0.007,0.096,2,0,3,0,TRAIN,3,0.0,0.0,1.0,0.0,0.0,0.0,1.0,0.0,0.0,0.0,0.0,0.0,0.0,1.0,0.0
1349,0.501,0.439,0.437,0.0,0.615,0.361,0.401,0.598,3,1,4,0,TRAIN,2,0.0,0.0,0.0,1.0,0.0,0.0,0.0,1.0,0.0,0.0,0.0,0.0,0.0,0.0,1.0
1350,0.522,0.476,0.533,0.0,0.669,0.42,0.477,0.545,2,3,4,1,TRAIN,2,0.0,0.0,1.0,0.0,0.0,0.0,0.0,0.0,0.0,1.0,0.0,0.0,0.0,0.0,1.0
1351,0.305,0.458,0.976,1.0,0.506,0.398,0.064,0.835,0,3,1,1,TRAIN,4,1.0,0.0,0.0,0.0,0.0,0.0,0.0,0.0,0.0,1.0,0.0,1.0,0.0,0.0,0.0
1352,0.314,0.433,0.897,1.0,0.628,0.222,0.088,0.907,4,3,0,1,TEST,4,0.0,0.0,0.0,0.0,1.0,0.0,0.0,0.0,0.0,1.0,1.0,0.0,0.0,0.0,0.0
1353,0.682,0.236,0.511,0.641,0.682,0.0,0.465,0.549,5,1,0,0,TRAIN,7,0.0,0.0,0.0,0.0,0.0,1.0,0.0,1.0,0.0,0.0,1.0,0.0,0.0,0.0,0.0
1354,0.613,0.163,0.417,0.875,0.724,0.0,0.368,0.55,0,3,0,0,TRAIN,7,1.0,0.0,0.0,0.0,0.0,0.0,0.0,0.0,0.0,1.0,1.0,0.0,0.0,0.0,0.0
1355,0.423,0.517,0.422,0.691,0.389,0.542,0.023,0.373,1,2,0,1,TEST,3,0.0,1.0,0.0,0.0,0.0,0.0,0.0,0.0,1.0,0.0,1.0,0.0,0.0,0.0,0.0
1356,0.594,0.747,0.636,0.0,0.642,0.839,0.225,0.667,0,2,2,1,VAL,6,1.0,0.0,0.0,0.0,0.0,0.0,0.0,0.0,1.0,0.0,0.0,0.0,1.0,0.0,0.0
1357,0.329,0.547,0.447,0.601,0.37,0.459,0.032,0.278,1,3,3,1,TRAIN,3,0.0,1.0,0.0,0.0,0.0,0.0,0.0,0.0,0.0,1.0,0.0,0.0,0.0,1.0,0.0
1358,0.225,0.54,0.335,0.692,0.296,0.468,0.027,0.172,3,2,0,0,TRAIN,3,0.0,0.0,0.0,1.0,0.0,0.0,0.0,0.0,1.0,0.0,1.0,0.0,0.0,0.0,0.0
1359,0.948,0.311,0.71,1.0,0.651,0.127,0.324,0.662,0,0,0,1,TEST,7,1.0,0.0,0.0,0.0,0.0,0.0,1.0,0.0,0.0,0.0,1.0,0.0,0.0,0.0,0.0
1360,0.519,0.519,0.516,0.0,0.659,0.413,0.331,0.593,1,1,4,0,TRAIN,2,0.0,1.0,0.0,0.0,0.0,0.0,0.0,1.0,0.0,0.0,0.0,0.0,0.0,0.0,1.0
1361,0.578,0.819,0.632,0.0,0.58,0.853,0.281,0.738,2,2,0,1,TRAIN,6,0.0,0.0,1.0,0.0,0.0,0.0,0.0,0.0,1.0,0.0,1.0,0.0,0.0,0.0,0.0
1362,0.043,0.476,0.226,1.0,0.27,0.397,0.004,0.034,1,3,0,0,VAL,3,0.0,1.0,0.0,0.0,0.0,0.0,0.0,0.0,0.0,1.0,1.0,0.0,0.0,0.0,0.0
1363,0.423,0.529,0.428,0.0,0.722,0.289,0.531,0.608,1,1,1,0,TEST,2,0.0,1.0,0.0,0.0,0.0,0.0,0.0,1.0,0.0,0.0,0.0,1.0,0.0,0.0,0.0
1364,0.568,0.517,0.49,0.53,0.453,0.655,0.05,0.365,1,2,0,0,TRAIN,3,0.0,1.0,0.0,0.0,0.0,0.0,0.0,0.0,1.0,0.0,1.0,0.0,0.0,0.0,0.0
1365,0.736,0.229,0.489,1.0,0.469,0.131,0.185,0.499,5,0,0,0,VAL,7,0.0,0.0,0.0,0.0,0.0,1.0,1.0,0.0,0.0,0.0,1.0,0.0,0.0,0.0,0.0
1366,0.169,0.523,0.259,0.79,0.208,0.288,0.01,0.135,0,2,0,0,VAL,3,1.0,0.0,0.0,0.0,0.0,0.0,0.0,0.0,1.0,0.0,1.0,0.0,0.0,0.0,0.0
1367,0.493,0.602,0.514,0.378,0.462,0.486,0.057,0.423,3,2,3,0,TEST,3,0.0,0.0,0.0,1.0,0.0,0.0,0.0,0.0,1.0,0.0,0.0,0.0,0.0,1.0,0.0
1368,0.271,0.519,0.289,0.651,0.295,0.423,0.035,0.205,5,0,3,0,VAL,3,0.0,0.0,0.0,0.0,0.0,1.0,1.0,0.0,0.0,0.0,0.0,0.0,0.0,1.0,0.0
1369,0.333,0.64,0.428,0.748,0.402,0.599,0.014,0.231,1,2,3,0,TRAIN,3,0.0,1.0,0.0,0.0,0.0,0.0,0.0,0.0,1.0,0.0,0.0,0.0,0.0,1.0,0.0
1370,0.625,0.474,0.532,0.482,0.607,0.613,0.197,0.559,3,2,3,1,TRAIN,3,0.0,0.0,0.0,1.0,0.0,0.0,0.0,0.0,1.0,0.0,0.0,0.0,0.0,1.0,0.0
1371,0.359,0.594,0.352,0.732,0.246,0.674,0.015,0.24,1,2,3,0,TRAIN,3,0.0,1.0,0.0,0.0,0.0,0.0,0.0,0.0,1.0,0.0,0.0,0.0,0.0,1.0,0.0
1372,0.497,0.518,0.454,0.626,0.371,0.308,0.041,0.354,3,2,1,1,TEST,3,0.0,0.0,0.0,1.0,0.0,0.0,0.0,0.0,1.0,0.0,0.0,1.0,0.0,0.0,0.0
1373,0.654,0.793,0.614,0.0,0.706,0.819,0.211,0.681,3,3,1,0,TRAIN,6,0.0,0.0,0.0,1.0,0.0,0.0,0.0,0.0,0.0,1.0,0.0,1.0,0.0,0.0,0.0
1374,0.47,0.45,0.397,0.73,0.519,0.366,0.054,0.306,3,3,0,1,TRAIN,3,0.0,0.0,0.0,1.0,0.0,0.0,0.0,0.0,0.0,1.0,1.0,0.0,0.0,0.0,0.0
1375,0.361,0.552,0.463,0.84,0.428,0.464,0.023,0.206,0,1,0,1,TRAIN,5,1.0,0.0,0.0,0.0,0.0,0.0,0.0,1.0,0.0,0.0,1.0,0.0,0.0,0.0,0.0
1376,0.32,0.515,0.391,0.895,0.393,0.429,0.016,0.122,2,2,3,0,TEST,3,0.0,0.0,1.0,0.0,0.0,0.0,0.0,0.0,1.0,0.0,0.0,0.0,0.0,1.0,0.0
1377,0.472,0.561,0.437,0.559,0.539,0.488,0.042,0.436,3,3,0,0,TRAIN,3,0.0,0.0,0.0,1.0,0.0,0.0,0.0,0.0,0.0,1.0,1.0,0.0,0.0,0.0,0.0
1378,0.518,0.568,0.491,0.58,0.284,0.532,0.035,0.365,3,0,3,0,TRAIN,3,0.0,0.0,0.0,1.0,0.0,0.0,1.0,0.0,0.0,0.0,0.0,0.0,0.0,1.0,0.0
1379,0.467,0.43,0.377,0.757,0.463,0.516,0.05,0.381,3,2,0,1,TEST,3,0.0,0.0,0.0,1.0,0.0,0.0,0.0,0.0,1.0,0.0,1.0,0.0,0.0,0.0,0.0
1380,0.672,0.831,0.553,0.0,0.59,1.0,0.094,0.576,3,2,1,0,TRAIN,6,0.0,0.0,0.0,1.0,0.0,0.0,0.0,0.0,1.0,0.0,0.0,1.0,0.0,0.0,0.0
1381,0.482,0.119,0.32,1.0,0.521,0.0,0.179,0.383,5,0,0,1,TEST,7,0.0,0.0,0.0,0.0,0.0,1.0,1.0,0.0,0.0,0.0,1.0,0.0,0.0,0.0,0.0
1382,0.537,0.8,0.541,0.0,0.635,0.795,0.182,0.605,0,2,0,1,TRAIN,6,1.0,0.0,0.0,0.0,0.0,0.0,0.0,0.0,1.0,0.0,1.0,0.0,0.0,0.0,0.0
1383,0.185,0.494,0.326,1.0,0.354,0.416,0.007,0.096,1,3,0,0,TEST,3,0.0,1.0,0.0,0.0,0.0,0.0,0.0,0.0,0.0,1.0,1.0,0.0,0.0,0.0,0.0
1384,0.67,0.109,0.497,0.806,0.688,0.0,0.333,0.603,0,1,0,0,TEST,7,1.0,0.0,0.0,0.0,0.0,0.0,0.0,1.0,0.0,0.0,1.0,0.0,0.0,0.0,0.0
1385,0.124,0.657,0.255,0.846,0.206,0.776,0.002,0.101,2,2,3,1,VAL,3,0.0,0.0,1.0,0.0,0.0,0.0,0.0,0.0,1.0,0.0,0.0,0.0,0.0,1.0,0.0
1386,0.501,0.475,0.55,0.0,0.516,0.46,0.307,0.462,0,1,1,1,TRAIN,2,1.0,0.0,0.0,0.0,0.0,0.0,0.0,1.0,0.0,0.0,0.0,1.0,0.0,0.0,0.0
1387,0.321,0.515,0.355,0.866,0.38,0.547,0.012,0.152,2,2,0,0,TRAIN,3,0.0,0.0,1.0,0.0,0.0,0.0,0.0,0.0,1.0,0.0,1.0,0.0,0.0,0.0,0.0
1388,0.247,0.595,0.386,0.766,0.264,0.541,0.013,0.213,2,2,0,0,TRAIN,3,0.0,0.0,1.0,0.0,0.0,0.0,0.0,0.0,1.0,0.0,1.0,0.0,0.0,0.0,0.0
1389,0.652,0.742,0.55,0.0,0.59,1.0,0.08,0.547,0,0,1,1,TRAIN,6,1.0,0.0,0.0,0.0,0.0,0.0,1.0,0.0,0.0,0.0,0.0,1.0,0.0,0.0,0.0
1390,0.388,0.534,0.396,0.663,0.425,0.578,0.014,0.289,3,2,3,1,TRAIN,3,0.0,0.0,0.0,1.0,0.0,0.0,0.0,0.0,1.0,0.0,0.0,0.0,0.0,1.0,0.0
1391,0.665,0.322,0.474,0.642,0.501,0.254,0.225,0.462,0,0,0,1,VAL,7,1.0,0.0,0.0,0.0,0.0,0.0,1.0,0.0,0.0,0.0,1.0,0.0,0.0,0.0,0.0
1392,0.407,0.59,0.454,0.712,0.403,0.544,0.038,0.329,3,2,3,0,TRAIN,3,0.0,0.0,0.0,1.0,0.0,0.0,0.0,0.0,1.0,0.0,0.0,0.0,0.0,1.0,0.0
1393,0.555,0.86,0.605,0.0,0.579,0.858,0.175,0.522,1,2,1,1,TRAIN,6,0.0,1.0,0.0,0.0,0.0,0.0,0.0,0.0,1.0,0.0,0.0,1.0,0.0,0.0,0.0
1394,0.546,0.782,0.556,0.0,0.61,0.89,0.098,0.537,3,2,1,1,TEST,6,0.0,0.0,0.0,1.0,0.0,0.0,0.0,0.0,1.0,0.0,0.0,1.0,0.0,0.0,0.0
1395,0.484,0.637,0.479,0.502,0.441,0.662,0.047,0.372,3,2,3,1,TRAIN,3,0.0,0.0,0.0,1.0,0.0,0.0,0.0,0.0,1.0,0.0,0.0,0.0,0.0,1.0,0.0
1396,0.187,0.564,0.927,0.625,0.781,0.465,0.261,0.949,0,1,0,0,TRAIN,7,1.0,0.0,0.0,0.0,0.0,0.0,0.0,1.0,0.0,0.0,1.0,0.0,0.0,0.0,0.0
1397,0.279,0.404,0.276,0.921,0.455,0.189,0.044,0.221,1,3,0,0,TRAIN,3,0.0,1.0,0.0,0.0,0.0,0.0,0.0,0.0,0.0,1.0,1.0,0.0,0.0,0.0,0.0
1398,0.131,0.494,0.289,1.0,0.248,0.323,0.01,0.105,1,1,0,0,TRAIN,3,0.0,1.0,0.0,0.0,0.0,0.0,0.0,1.0,0.0,0.0,1.0,0.0,0.0,0.0,0.0
1399,0.946,0.558,0.705,0.839,0.509,0.492,0.075,0.653,0,3,1,1,TEST,4,1.0,0.0,0.0,0.0,0.0,0.0,0.0,0.0,0.0,1.0,0.0,1.0,0.0,0.0,0.0
1400,0.386,0.52,0.447,0.659,0.367,0.424,0.057,0.314,1,2,3,0,TEST,3,0.0,1.0,0.0,0.0,0.0,0.0,0.0,0.0,1.0,0.0,0.0,0.0,0.0,1.0,0.0
1401,0.304,0.558,0.335,0.95,0.289,0.586,0.004,0.146,1,2,3,0,TRAIN,3,0.0,1.0,0.0,0.0,0.0,0.0,0.0,0.0,1.0,0.0,0.0,0.0,0.0,1.0,0.0
1402,0.256,0.526,0.177,0.616,0.266,0.529,0.02,0.166,3,2,3,0,TRAIN,3,0.0,0.0,0.0,1.0,0.0,0.0,0.0,0.0,1.0,0.0,0.0,0.0,0.0,1.0,0.0
1403,0.511,0.82,0.522,0.0,0.551,1.0,0.062,0.521,3,2,3,1,TRAIN,6,0.0,0.0,0.0,1.0,0.0,0.0,0.0,0.0,1.0,0.0,0.0,0.0,0.0,1.0,0.0
1404,0.194,0.497,0.288,0.759,0.345,0.349,0.054,0.092,1,1,2,0,TRAIN,5,0.0,1.0,0.0,0.0,0.0,0.0,0.0,1.0,0.0,0.0,0.0,0.0,1.0,0.0,0.0
1405,0.375,0.653,0.436,0.389,0.349,0.654,0.016,0.34,1,2,3,0,TRAIN,3,0.0,1.0,0.0,0.0,0.0,0.0,0.0,0.0,1.0,0.0,0.0,0.0,0.0,1.0,0.0
1406,0.461,0.907,0.504,0.0,0.487,1.0,0.01,0.449,3,3,1,1,TRAIN,6,0.0,0.0,0.0,1.0,0.0,0.0,0.0,0.0,0.0,1.0,0.0,1.0,0.0,0.0,0.0
1407,0.244,0.553,0.309,0.62,0.336,0.672,0.018,0.256,3,2,1,1,TEST,3,0.0,0.0,0.0,1.0,0.0,0.0,0.0,0.0,1.0,0.0,0.0,1.0,0.0,0.0,0.0
1408,0.563,0.262,0.471,0.602,0.577,0.0,0.41,0.562,5,0,0,0,VAL,7,0.0,0.0,0.0,0.0,0.0,1.0,1.0,0.0,0.0,0.0,1.0,0.0,0.0,0.0,0.0
1409,0.409,0.511,0.375,0.759,0.333,0.462,0.017,0.232,3,2,0,0,VAL,3,0.0,0.0,0.0,1.0,0.0,0.0,0.0,0.0,1.0,0.0,1.0,0.0,0.0,0.0,0.0
1410,0.556,0.485,0.504,0.016,0.697,0.322,0.227,0.513,2,1,4,1,TRAIN,2,0.0,0.0,1.0,0.0,0.0,0.0,0.0,1.0,0.0,0.0,0.0,0.0,0.0,0.0,1.0
1411,0.409,0.529,0.324,0.59,0.451,0.302,0.036,0.337,1,2,0,1,TRAIN,3,0.0,1.0,0.0,0.0,0.0,0.0,0.0,0.0,1.0,0.0,1.0,0.0,0.0,0.0,0.0
1412,0.462,0.677,0.487,0.399,0.39,0.489,0.024,0.446,2,2,0,0,TRAIN,3,0.0,0.0,1.0,0.0,0.0,0.0,0.0,0.0,1.0,0.0,1.0,0.0,0.0,0.0,0.0
1413,0.389,0.554,0.345,0.629,0.274,0.321,0.049,0.336,3,2,3,0,TRAIN,3,0.0,0.0,0.0,1.0,0.0,0.0,0.0,0.0,1.0,0.0,0.0,0.0,0.0,1.0,0.0
1414,0.513,0.565,0.452,0.786,0.471,0.522,0.039,0.329,1,2,3,0,TRAIN,3,0.0,1.0,0.0,0.0,0.0,0.0,0.0,0.0,1.0,0.0,0.0,0.0,0.0,1.0,0.0
1415,0.693,0.756,0.612,0.0,0.701,0.805,0.351,0.684,1,2,0,1,TRAIN,6,0.0,1.0,0.0,0.0,0.0,0.0,0.0,0.0,1.0,0.0,1.0,0.0,0.0,0.0,0.0
1416,0.2,0.144,0.239,0.903,0.533,0.0,0.274,0.206,0,0,0,0,VAL,7,1.0,0.0,0.0,0.0,0.0,0.0,1.0,0.0,0.0,0.0,1.0,0.0,0.0,0.0,0.0
1417,0.365,0.515,0.474,0.0,0.685,0.611,0.491,0.574,3,1,4,0,VAL,2,0.0,0.0,0.0,1.0,0.0,0.0,0.0,1.0,0.0,0.0,0.0,0.0,0.0,0.0,1.0
1418,0.353,0.521,0.452,0.837,0.374,0.433,0.039,0.284,2,2,0,0,TRAIN,3,0.0,0.0,1.0,0.0,0.0,0.0,0.0,0.0,1.0,0.0,1.0,0.0,0.0,0.0,0.0
1419,0.764,0.18,0.601,1.0,0.601,0.0,0.194,0.46,0,0,0,0,TRAIN,7,1.0,0.0,0.0,0.0,0.0,0.0,1.0,0.0,0.0,0.0,1.0,0.0,0.0,0.0,0.0
1420,0.629,0.548,0.43,0.736,0.313,0.699,0.021,0.331,3,2,0,0,TRAIN,3,0.0,0.0,0.0,1.0,0.0,0.0,0.0,0.0,1.0,0.0,1.0,0.0,0.0,0.0,0.0
1421,0.69,0.183,0.496,1.0,0.497,0.0,0.188,0.437,5,0,0,1,TRAIN,7,0.0,0.0,0.0,0.0,0.0,1.0,1.0,0.0,0.0,0.0,1.0,0.0,0.0,0.0,0.0
1422,0.247,0.543,0.23,0.72,0.258,0.458,0.012,0.13,2,2,3,0,VAL,3,0.0,0.0,1.0,0.0,0.0,0.0,0.0,0.0,1.0,0.0,0.0,0.0,0.0,1.0,0.0
1423,0.49,0.828,0.468,0.0,0.533,0.99,0.116,0.459,3,1,1,1,TEST,6,0.0,0.0,0.0,1.0,0.0,0.0,0.0,1.0,0.0,0.0,0.0,1.0,0.0,0.0,0.0
1424,0.417,0.54,0.364,0.893,0.158,0.658,0.018,0.232,3,2,3,0,TRAIN,3,0.0,0.0,0.0,1.0,0.0,0.0,0.0,0.0,1.0,0.0,0.0,0.0,0.0,1.0,0.0
1425,0.385,0.367,0.383,0.815,0.366,0.216,0.127,0.249,1,1,0,1,TEST,5,0.0,1.0,0.0,0.0,0.0,0.0,0.0,1.0,0.0,0.0,1.0,0.0,0.0,0.0,0.0
1426,0.152,0.52,0.214,0.683,0.263,0.464,0.022,0.066,0,3,2,0,TEST,5,1.0,0.0,0.0,0.0,0.0,0.0,0.0,0.0,0.0,1.0,0.0,0.0,1.0,0.0,0.0
1427,0.64,0.514,0.462,0.853,0.402,0.589,0.057,0.299,2,2,2,0,TRAIN,3,0.0,0.0,1.0,0.0,0.0,0.0,0.0,0.0,1.0,0.0,0.0,0.0,1.0,0.0,0.0
1428,0.502,0.626,0.442,0.72,0.382,0.614,0.017,0.363,3,3,0,0,TRAIN,3,0.0,0.0,0.0,1.0,0.0,0.0,0.0,0.0,0.0,1.0,1.0,0.0,0.0,0.0,0.0
1429,0.579,0.56,0.601,0.469,0.474,0.391,0.074,0.505,3,2,0,0,TRAIN,3,0.0,0.0,0.0,1.0,0.0,0.0,0.0,0.0,1.0,0.0,1.0,0.0,0.0,0.0,0.0
1430,0.565,0.39,0.529,0.553,0.527,0.264,0.091,0.437,2,2,3,1,TRAIN,3,0.0,0.0,1.0,0.0,0.0,0.0,0.0,0.0,1.0,0.0,0.0,0.0,0.0,1.0,0.0
1431,0.048,0.531,0.801,0.668,0.724,0.427,0.19,0.887,2,0,1,0,TEST,7,0.0,0.0,1.0,0.0,0.0,0.0,1.0,0.0,0.0,0.0,0.0,1.0,0.0,0.0,0.0
1432,0.033,0.526,0.222,0.476,0.35,0.474,0.025,0.086,0,1,0,0,TRAIN,5,1.0,0.0,0.0,0.0,0.0,0.0,0.0,1.0,0.0,0.0,1.0,0.0,0.0,0.0,0.0
1433,0.547,0.453,0.423,0.0,0.68,0.184,0.624,0.635,1,3,4,0,TEST,2,0.0,1.0,0.0,0.0,0.0,0.0,0.0,0.0,0.0,1.0,0.0,0.0,0.0,0.0,1.0
1434,0.478,0.152,0.311,0.928,0.39,0.0,0.304,0.3,0,0,0,0,TEST,7,1.0,0.0,0.0,0.0,0.0,0.0,1.0,0.0,0.0,0.0,1.0,0.0,0.0,0.0,0.0
1435,0.546,0.769,0.672,0.0,0.528,1.0,0.146,0.532,5,2,2,1,TRAIN,6,0.0,0.0,0.0,0.0,0.0,1.0,0.0,0.0,1.0,0.0,0.0,0.0,1.0,0.0,0.0
1436,0.109,0.478,0.767,0.646,0.778,0.408,0.344,0.835,0,0,0,1,TEST,7,1.0,0.0,0.0,0.0,0.0,0.0,1.0,0.0,0.0,0.0,1.0,0.0,0.0,0.0,0.0
1437,0.474,0.714,0.398,0.06,0.371,0.766,0.025,0.426,0,0,0,0,TRAIN,1,1.0,0.0,0.0,0.0,0.0,0.0,1.0,0.0,0.0,0.0,1.0,0.0,0.0,0.0,0.0
1438,0.415,0.51,0.413,0.663,0.393,0.272,0.044,0.386,3,2,2,0,TRAIN,3,0.0,0.0,0.0,1.0,0.0,0.0,0.0,0.0,1.0,0.0,0.0,0.0,1.0,0.0,0.0
1439,0.442,0.607,0.42,0.776,0.315,0.543,0.018,0.291,5,2,0,0,VAL,3,0.0,0.0,0.0,0.0,0.0,1.0,0.0,0.0,1.0,0.0,1.0,0.0,0.0,0.0,0.0
1440,0.383,0.543,0.478,0.0,0.611,0.406,0.39,0.572,3,1,1,1,VAL,2,0.0,0.0,0.0,1.0,0.0,0.0,0.0,1.0,0.0,0.0,0.0,1.0,0.0,0.0,0.0
1441,0.298,0.369,0.223,0.515,0.539,0.202,0.2,0.235,0,2,2,0,TRAIN,5,1.0,0.0,0.0,0.0,0.0,0.0,0.0,0.0,1.0,0.0,0.0,0.0,1.0,0.0,0.0
1442,0.502,0.147,0.377,1.0,0.464,0.0,0.17,0.352,0,3,0,0,TEST,7,1.0,0.0,0.0,0.0,0.0,0.0,0.0,0.0,0.0,1.0,1.0,0.0,0.0,0.0,0.0
1443,0.566,0.893,0.545,0.0,0.418,1.0,0.038,0.462,2,2,0,1,VAL,6,0.0,0.0,1.0,0.0,0.0,0.0,0.0,0.0,1.0,0.0,1.0,0.0,0.0,0.0,0.0
1444,0.434,0.605,0.507,0.0,0.575,0.461,0.205,0.525,2,1,1,0,TEST,2,0.0,0.0,1.0,0.0,0.0,0.0,0.0,1.0,0.0,0.0,0.0,1.0,0.0,0.0,0.0
1445,0.395,0.3,0.327,0.28,0.552,0.025,0.488,0.394,0,3,0,1,TEST,7,1.0,0.0,0.0,0.0,0.0,0.0,0.0,0.0,0.0,1.0,1.0,0.0,0.0,0.0,0.0
1446,0.311,0.464,0.365,0.726,0.382,0.499,0.021,0.228,3,2,0,0,VAL,3,0.0,0.0,0.0,1.0,0.0,0.0,0.0,0.0,1.0,0.0,1.0,0.0,0.0,0.0,0.0
1447,0.381,0.613,0.346,0.817,0.259,0.584,0.005,0.227,3,1,0,0,TEST,3,0.0,0.0,0.0,1.0,0.0,0.0,0.0,1.0,0.0,0.0,1.0,0.0,0.0,0.0,0.0
1448,0.462,0.8,0.483,0.0,0.493,0.886,0.133,0.567,3,3,1,1,TEST,6,0.0,0.0,0.0,1.0,0.0,0.0,0.0,0.0,0.0,1.0,0.0,1.0,0.0,0.0,0.0
1449,0.994,0.355,0.741,1.0,0.483,0.318,0.019,0.632,4,0,1,1,TEST,4,0.0,0.0,0.0,0.0,1.0,0.0,1.0,0.0,0.0,0.0,0.0,1.0,0.0,0.0,0.0
1450,0.561,0.218,0.497,1.0,0.685,0.0,0.276,0.537,0,3,0,0,TRAIN,7,1.0,0.0,0.0,0.0,0.0,0.0,0.0,0.0,0.0,1.0,1.0,0.0,0.0,0.0,0.0
1451,0.471,0.539,0.515,0.68,0.439,0.529,0.026,0.425,3,3,0,0,VAL,3,0.0,0.0,0.0,1.0,0.0,0.0,0.0,0.0,0.0,1.0,1.0,0.0,0.0,0.0,0.0
1452,0.372,0.64,0.397,0.621,0.324,0.771,0.017,0.332,3,3,3,0,TRAIN,3,0.0,0.0,0.0,1.0,0.0,0.0,0.0,0.0,0.0,1.0,0.0,0.0,0.0,1.0,0.0
1453,0.395,0.59,0.439,0.961,0.38,0.45,0.027,0.29,2,3,3,1,TRAIN,3,0.0,0.0,1.0,0.0,0.0,0.0,0.0,0.0,0.0,1.0,0.0,0.0,0.0,1.0,0.0
1454,0.646,0.529,0.458,0.751,0.455,0.381,0.025,0.356,5,2,0,0,TRAIN,3,0.0,0.0,0.0,0.0,0.0,1.0,0.0,0.0,1.0,0.0,1.0,0.0,0.0,0.0,0.0
1455,0.392,0.618,0.434,0.658,0.346,0.601,0.01,0.278,5,2,3,1,TRAIN,3,0.0,0.0,0.0,0.0,0.0,1.0,0.0,0.0,1.0,0.0,0.0,0.0,0.0,1.0,0.0
1456,0.501,0.436,0.463,0.635,0.576,0.429,0.11,0.389,5,3,3,1,TRAIN,3,0.0,0.0,0.0,0.0,0.0,1.0,0.0,0.0,0.0,1.0,0.0,0.0,0.0,1.0,0.0
1457,0.759,0.317,0.579,0.752,0.589,0.318,0.326,0.631,0,0,1,0,TRAIN,7,1.0,0.0,0.0,0.0,0.0,0.0,1.0,0.0,0.0,0.0,0.0,1.0,0.0,0.0,0.0
1458,0.603,0.795,0.532,0.0,0.685,0.834,0.23,0.586,3,2,0,1,TRAIN,6,0.0,0.0,0.0,1.0,0.0,0.0,0.0,0.0,1.0,0.0,1.0,0.0,0.0,0.0,0.0
1459,0.57,0.798,0.526,0.0,0.684,0.89,0.308,0.712,0,2,1,1,VAL,6,1.0,0.0,0.0,0.0,0.0,0.0,0.0,0.0,1.0,0.0,0.0,1.0,0.0,0.0,0.0
1460,0.805,0.17,0.554,1.0,0.485,0.0,0.281,0.6,0,0,0,1,TRAIN,7,1.0,0.0,0.0,0.0,0.0,0.0,1.0,0.0,0.0,0.0,1.0,0.0,0.0,0.0,0.0
1461,0.545,0.576,0.461,0.614,0.327,0.597,0.034,0.374,3,2,2,1,VAL,3,0.0,0.0,0.0,1.0,0.0,0.0,0.0,0.0,1.0,0.0,0.0,0.0,1.0,0.0,0.0
1462,0.565,0.89,0.603,0.0,0.522,1.0,0.043,0.588,0,2,1,0,TEST,6,1.0,0.0,0.0,0.0,0.0,0.0,0.0,0.0,1.0,0.0,0.0,1.0,0.0,0.0,0.0
1463,0.618,0.607,0.548,0.612,0.388,0.568,0.019,0.372,3,3,3,1,TRAIN,3,0.0,0.0,0.0,1.0,0.0,0.0,0.0,0.0,0.0,1.0,0.0,0.0,0.0,1.0,0.0
1464,0.564,0.234,0.353,0.537,0.68,0.0,0.42,0.49,0,0,0,1,VAL,7,1.0,0.0,0.0,0.0,0.0,0.0,1.0,0.0,0.0,0.0,1.0,0.0,0.0,0.0,0.0
1465,0.494,0.212,0.471,1.0,0.438,0.0,0.078,0.353,0,0,0,0,TRAIN,7,1.0,0.0,0.0,0.0,0.0,0.0,1.0,0.0,0.0,0.0,1.0,0.0,0.0,0.0,0.0
1466,0.481,0.545,0.43,1.0,0.198,0.622,0.005,0.23,0,1,3,0,TEST,5,1.0,0.0,0.0,0.0,0.0,0.0,0.0,1.0,0.0,0.0,0.0,0.0,0.0,1.0,0.0
1467,0.677,0.412,0.542,0.663,0.457,0.182,0.093,0.457,2,2,3,1,TEST,3,0.0,0.0,1.0,0.0,0.0,0.0,0.0,0.0,1.0,0.0,0.0,0.0,0.0,1.0,0.0
1468,0.147,0.455,0.291,0.906,0.293,0.346,0.01,0.146,3,2,1,0,TRAIN,3,0.0,0.0,0.0,1.0,0.0,0.0,0.0,0.0,1.0,0.0,0.0,1.0,0.0,0.0,0.0
1469,0.133,0.538,0.279,0.935,0.213,0.436,0.005,0.105,1,2,3,0,TRAIN,3,0.0,1.0,0.0,0.0,0.0,0.0,0.0,0.0,1.0,0.0,0.0,0.0,0.0,1.0,0.0
1470,0.503,0.509,0.494,0.726,0.491,0.528,0.042,0.412,3,2,3,0,VAL,3,0.0,0.0,0.0,1.0,0.0,0.0,0.0,0.0,1.0,0.0,0.0,0.0,0.0,1.0,0.0
1471,0.388,0.473,0.383,0.567,0.499,0.395,0.066,0.262,2,3,0,0,TEST,3,0.0,0.0,1.0,0.0,0.0,0.0,0.0,0.0,0.0,1.0,1.0,0.0,0.0,0.0,0.0
1472,0.872,0.399,0.683,1.0,0.52,0.14,0.054,0.516,0,2,1,0,TRAIN,4,1.0,0.0,0.0,0.0,0.0,0.0,0.0,0.0,1.0,0.0,0.0,1.0,0.0,0.0,0.0
1473,0.403,0.34,0.314,0.742,0.541,0.068,0.194,0.38,5,0,0,1,TEST,7,0.0,0.0,0.0,0.0,0.0,1.0,1.0,0.0,0.0,0.0,1.0,0.0,0.0,0.0,0.0
1474,0.396,0.62,0.395,0.51,0.222,0.637,0.011,0.267,3,2,0,1,TRAIN,3,0.0,0.0,0.0,1.0,0.0,0.0,0.0,0.0,1.0,0.0,1.0,0.0,0.0,0.0,0.0
1475,0.148,0.496,0.17,1.0,0.104,0.409,0.008,0.038,2,0,3,1,TRAIN,3,0.0,0.0,1.0,0.0,0.0,0.0,1.0,0.0,0.0,0.0,0.0,0.0,0.0,1.0,0.0
1476,0.514,0.584,0.559,0.6,0.442,0.47,0.051,0.374,3,2,3,0,VAL,3,0.0,0.0,0.0,1.0,0.0,0.0,0.0,0.0,1.0,0.0,0.0,0.0,0.0,1.0,0.0
1477,0.235,0.479,0.357,0.849,0.432,0.389,0.019,0.235,2,2,3,0,TEST,3,0.0,0.0,1.0,0.0,0.0,0.0,0.0,0.0,1.0,0.0,0.0,0.0,0.0,1.0,0.0
1478,0.564,0.336,0.534,1.0,0.498,0.231,0.203,0.384,0,3,2,1,VAL,4,1.0,0.0,0.0,0.0,0.0,0.0,0.0,0.0,0.0,1.0,0.0,0.0,1.0,0.0,0.0
1479,0.628,0.48,0.51,0.902,0.474,0.41,0.086,0.389,5,2,3,1,TEST,3,0.0,0.0,0.0,0.0,0.0,1.0,0.0,0.0,1.0,0.0,0.0,0.0,0.0,1.0,0.0
1480,0.607,0.362,0.577,0.434,0.583,0.223,0.357,0.529,0,0,0,0,VAL,7,1.0,0.0,0.0,0.0,0.0,0.0,1.0,0.0,0.0,0.0,1.0,0.0,0.0,0.0,0.0
1481,0.365,0.497,0.428,0.819,0.347,0.283,0.036,0.296,3,2,3,0,TEST,3,0.0,0.0,0.0,1.0,0.0,0.0,0.0,0.0,1.0,0.0,0.0,0.0,0.0,1.0,0.0
1482,0.442,0.718,0.382,0.798,0.212,0.537,0.004,0.257,2,3,0,1,TRAIN,3,0.0,0.0,1.0,0.0,0.0,0.0,0.0,0.0,0.0,1.0,1.0,0.0,0.0,0.0,0.0
1483,0.614,0.823,0.619,0.0,0.623,0.808,0.192,0.693,3,2,1,0,TRAIN,6,0.0,0.0,0.0,1.0,0.0,0.0,0.0,0.0,1.0,0.0,0.0,1.0,0.0,0.0,0.0
1484,0.358,0.158,0.335,0.92,0.586,0.0,0.288,0.239,4,1,3,0,TRAIN,7,0.0,0.0,0.0,0.0,1.0,0.0,0.0,1.0,0.0,0.0,0.0,0.0,0.0,1.0,0.0
1485,0.307,0.483,0.362,0.889,0.296,0.567,0.02,0.217,3,0,0,1,TRAIN,3,0.0,0.0,0.0,1.0,0.0,0.0,1.0,0.0,0.0,0.0,1.0,0.0,0.0,0.0,0.0
1486,0.503,0.548,0.515,0.0,0.764,0.392,0.436,0.65,1,2,0,1,TRAIN,2,0.0,1.0,0.0,0.0,0.0,0.0,0.0,0.0,1.0,0.0,1.0,0.0,0.0,0.0,0.0
1487,0.728,0.774,0.685,0.0,0.706,0.77,0.443,0.745,2,2,0,1,VAL,6,0.0,0.0,1.0,0.0,0.0,0.0,0.0,0.0,1.0,0.0,1.0,0.0,0.0,0.0,0.0
1488,0.362,0.682,0.355,0.714,0.211,0.737,0.007,0.263,5,2,0,0,TRAIN,3,0.0,0.0,0.0,0.0,0.0,1.0,0.0,0.0,1.0,0.0,1.0,0.0,0.0,0.0,0.0
1489,0.376,0.564,0.39,0.67,0.325,0.685,0.017,0.166,3,2,1,0,TRAIN,3,0.0,0.0,0.0,1.0,0.0,0.0,0.0,0.0,1.0,0.0,0.0,1.0,0.0,0.0,0.0
1490,0.61,0.24,0.472,0.993,0.624,0.069,0.265,0.566,5,0,3,0,TEST,7,0.0,0.0,0.0,0.0,0.0,1.0,1.0,0.0,0.0,0.0,0.0,0.0,0.0,1.0,0.0
1491,0.814,0.396,0.58,0.836,0.637,0.27,0.139,0.612,0,0,0,1,TEST,4,1.0,0.0,0.0,0.0,0.0,0.0,1.0,0.0,0.0,0.0,1.0,0.0,0.0,0.0,0.0
1492,0.512,0.307,0.399,0.938,0.576,0.073,0.169,0.318,4,0,0,1,VAL,7,0.0,0.0,0.0,0.0,1.0,0.0,1.0,0.0,0.0,0.0,1.0,0.0,0.0,0.0,0.0
1493,0.464,0.514,0.408,0.536,0.38,0.329,0.069,0.308,2,1,3,0,TRAIN,3,0.0,0.0,1.0,0.0,0.0,0.0,0.0,1.0,0.0,0.0,0.0,0.0,0.0,1.0,0.0
1494,0.351,0.398,0.322,0.725,0.369,0.369,0.128,0.271,3,2,0,1,VAL,3,0.0,0.0,0.0,1.0,0.0,0.0,0.0,0.0,1.0,0.0,1.0,0.0,0.0,0.0,0.0
1495,0.538,0.527,0.461,0.581,0.454,0.483,0.045,0.388,2,2,0,1,VAL,3,0.0,0.0,1.0,0.0,0.0,0.0,0.0,0.0,1.0,0.0,1.0,0.0,0.0,0.0,0.0
1496,0.235,0.601,0.361,0.07,0.47,0.478,0.106,0.324,4,1,0,0,TRAIN,7,0.0,0.0,0.0,0.0,1.0,0.0,0.0,1.0,0.0,0.0,1.0,0.0,0.0,0.0,0.0
1497,0.217,0.574,0.294,1.0,0.277,0.515,0.004,0.144,2,2,3,1,TRAIN,3,0.0,0.0,1.0,0.0,0.0,0.0,0.0,0.0,1.0,0.0,0.0,0.0,0.0,1.0,0.0
1498,0.842,0.322,0.631,0.815,0.53,0.211,0.138,0.669,5,0,0,0,TEST,7,0.0,0.0,0.0,0.0,0.0,1.0,1.0,0.0,0.0,0.0,1.0,0.0,0.0,0.0,0.0
1499,0.379,0.598,0.478,0.595,0.413,0.498,0.052,0.286,1,3,0,0,TRAIN,3,0.0,1.0,0.0,0.0,0.0,0.0,0.0,0.0,0.0,1.0,1.0,0.0,0.0,0.0,0.0
1500,0.597,0.762,0.636,0.0,0.686,0.678,0.247,0.633,2,3,1,1,VAL,6,0.0,0.0,1.0,0.0,0.0,0.0,0.0,0.0,0.0,1.0,0.0,1.0,0.0,0.0,0.0
1501,0.564,0.838,0.696,0.0,0.589,0.988,0.149,0.584,3,1,0,1,TRAIN,6,0.0,0.0,0.0,1.0,0.0,0.0,0.0,1.0,0.0,0.0,1.0,0.0,0.0,0.0,0.0
1502,0.503,0.508,0.413,0.726,0.284,0.595,0.042,0.324,3,0,0,1,TRAIN,3,0.0,0.0,0.0,1.0,0.0,0.0,1.0,0.0,0.0,0.0,1.0,0.0,0.0,0.0,0.0
1503,0.712,0.78,0.548,0.0,0.634,0.784,0.08,0.576,4,1,0,1,TRAIN,6,0.0,0.0,0.0,0.0,1.0,0.0,0.0,1.0,0.0,0.0,1.0,0.0,0.0,0.0,0.0
1504,0.566,0.387,0.42,0.517,0.612,0.3,0.249,0.537,2,3,1,0,VAL,7,0.0,0.0,1.0,0.0,0.0,0.0,0.0,0.0,0.0,1.0,0.0,1.0,0.0,0.0,0.0
1505,0.97,0.52,0.215,0.906,0.153,0.476,0.001,0.043,1,2,0,0,TRAIN,3,0.0,1.0,0.0,0.0,0.0,0.0,0.0,0.0,1.0,0.0,1.0,0.0,0.0,0.0,0.0
1506,0.252,0.614,0.387,0.802,0.309,0.659,0.004,0.203,2,2,3,1,TRAIN,3,0.0,0.0,1.0,0.0,0.0,0.0,0.0,0.0,1.0,0.0,0.0,0.0,0.0,1.0,0.0
1507,0.306,0.49,0.299,0.795,0.373,0.57,0.031,0.237,3,3,0,0,TRAIN,3,0.0,0.0,0.0,1.0,0.0,0.0,0.0,0.0,0.0,1.0,1.0,0.0,0.0,0.0,0.0
1508,0.256,0.574,0.375,0.748,0.26,0.375,0.027,0.218,3,0,3,0,TRAIN,3,0.0,0.0,0.0,1.0,0.0,0.0,1.0,0.0,0.0,0.0,0.0,0.0,0.0,1.0,0.0
1509,0.66,0.277,0.533,0.843,0.575,0.027,0.319,0.513,0,0,0,0,VAL,7,1.0,0.0,0.0,0.0,0.0,0.0,1.0,0.0,0.0,0.0,1.0,0.0,0.0,0.0,0.0
1510,0.456,0.476,0.346,0.807,0.29,0.183,0.034,0.271,5,2,0,0,TRAIN,3,0.0,0.0,0.0,0.0,0.0,1.0,0.0,0.0,1.0,0.0,1.0,0.0,0.0,0.0,0.0
1511,0.839,0.276,0.608,1.0,0.436,0.177,0.152,0.546,5,0,1,0,TRAIN,7,0.0,0.0,0.0,0.0,0.0,1.0,1.0,0.0,0.0,0.0,0.0,1.0,0.0,0.0,0.0
1512,0.597,0.752,0.631,0.0,0.609,0.734,0.39,0.668,0,2,0,1,TRAIN,6,1.0,0.0,0.0,0.0,0.0,0.0,0.0,0.0,1.0,0.0,1.0,0.0,0.0,0.0,0.0
1513,0.364,0.489,0.384,0.574,0.393,0.372,0.037,0.239,3,2,3,0,TRAIN,3,0.0,0.0,0.0,1.0,0.0,0.0,0.0,0.0,1.0,0.0,0.0,0.0,0.0,1.0,0.0
1514,0.262,0.488,0.334,0.878,0.307,0.47,0.021,0.228,2,1,0,1,TEST,5,0.0,0.0,1.0,0.0,0.0,0.0,0.0,1.0,0.0,0.0,1.0,0.0,0.0,0.0,0.0
1515,0.991,0.401,0.784,1.0,0.538,0.174,0.138,0.781,2,1,1,1,TRAIN,7,0.0,0.0,1.0,0.0,0.0,0.0,0.0,1.0,0.0,0.0,0.0,1.0,0.0,0.0,0.0
1516,0.47,0.565,0.449,0.645,0.432,0.691,0.036,0.319,2,3,1,0,TRAIN,3,0.0,0.0,1.0,0.0,0.0,0.0,0.0,0.0,0.0,1.0,0.0,1.0,0.0,0.0,0.0
1517,0.286,0.612,0.285,1.0,0.271,0.49,0.004,0.208,3,2,0,0,VAL,3,0.0,0.0,0.0,1.0,0.0,0.0,0.0,0.0,1.0,0.0,1.0,0.0,0.0,0.0,0.0
1518,0.429,0.611,0.407,0.563,0.354,0.554,0.017,0.257,1,2,3,1,TRAIN,3,0.0,1.0,0.0,0.0,0.0,0.0,0.0,0.0,1.0,0.0,0.0,0.0,0.0,1.0,0.0
1519,0.81,0.344,0.624,0.818,0.496,0.141,0.202,0.56,0,0,0,0,TEST,7,1.0,0.0,0.0,0.0,0.0,0.0,1.0,0.0,0.0,0.0,1.0,0.0,0.0,0.0,0.0
1520,0.186,0.607,0.24,0.752,0.309,0.626,0.004,0.062,3,3,0,0,TEST,3,0.0,0.0,0.0,1.0,0.0,0.0,0.0,0.0,0.0,1.0,1.0,0.0,0.0,0.0,0.0
1521,0.272,0.576,0.36,0.706,0.311,0.689,0.013,0.199,2,3,0,0,TEST,3,0.0,0.0,1.0,0.0,0.0,0.0,0.0,0.0,0.0,1.0,1.0,0.0,0.0,0.0,0.0
1522,0.392,0.6,0.444,0.808,0.372,0.483,0.016,0.204,5,2,3,1,TEST,3,0.0,0.0,0.0,0.0,0.0,1.0,0.0,0.0,1.0,0.0,0.0,0.0,0.0,1.0,0.0
1523,0.507,0.174,0.401,0.936,0.427,0.0,0.375,0.43,4,1,1,0,TRAIN,7,0.0,0.0,0.0,0.0,1.0,0.0,0.0,1.0,0.0,0.0,0.0,1.0,0.0,0.0,0.0
1524,0.368,0.657,0.516,0.511,0.283,0.716,0.014,0.304,3,2,3,0,TRAIN,3,0.0,0.0,0.0,1.0,0.0,0.0,0.0,0.0,1.0,0.0,0.0,0.0,0.0,1.0,0.0
1525,0.434,0.638,0.427,0.637,0.345,0.616,0.012,0.326,2,2,0,0,TRAIN,3,0.0,0.0,1.0,0.0,0.0,0.0,0.0,0.0,1.0,0.0,1.0,0.0,0.0,0.0,0.0
1526,0.468,0.842,0.528,0.0,0.64,0.998,0.111,0.509,4,2,0,0,VAL,6,0.0,0.0,0.0,0.0,1.0,0.0,0.0,0.0,1.0,0.0,1.0,0.0,0.0,0.0,0.0
1527,0.358,0.571,0.413,0.751,0.393,0.434,0.012,0.294,0,1,1,1,TRAIN,5,1.0,0.0,0.0,0.0,0.0,0.0,0.0,1.0,0.0,0.0,0.0,1.0,0.0,0.0,0.0
1528,0.746,0.237,0.45,1.0,0.579,0.002,0.235,0.512,0,3,0,0,VAL,7,1.0,0.0,0.0,0.0,0.0,0.0,0.0,0.0,0.0,1.0,1.0,0.0,0.0,0.0,0.0
1529,0.473,0.611,0.558,0.61,0.333,0.651,0.01,0.344,1,1,0,0,TEST,3,0.0,1.0,0.0,0.0,0.0,0.0,0.0,1.0,0.0,0.0,1.0,0.0,0.0,0.0,0.0
1530,0.579,0.769,0.564,0.0,0.745,0.939,0.194,0.557,3,2,1,1,TEST,6,0.0,0.0,0.0,1.0,0.0,0.0,0.0,0.0,1.0,0.0,0.0,1.0,0.0,0.0,0.0
1531,0.296,0.496,0.419,0.539,0.411,0.425,0.027,0.299,2,3,0,0,TRAIN,3,0.0,0.0,1.0,0.0,0.0,0.0,0.0,0.0,0.0,1.0,1.0,0.0,0.0,0.0,0.0
1532,0.425,0.565,0.398,0.775,0.255,0.649,0.017,0.21,4,3,3,1,TRAIN,3,0.0,0.0,0.0,0.0,1.0,0.0,0.0,0.0,0.0,1.0,0.0,0.0,0.0,1.0,0.0
1533,0.537,0.861,0.548,0.0,0.522,1.0,0.089,0.509,2,2,1,1,TRAIN,6,0.0,0.0,1.0,0.0,0.0,0.0,0.0,0.0,1.0,0.0,0.0,1.0,0.0,0.0,0.0
1534,0.314,0.515,0.343,1.0,0.386,0.262,0.012,0.194,2,0,3,0,TEST,3,0.0,0.0,1.0,0.0,0.0,0.0,1.0,0.0,0.0,0.0,0.0,0.0,0.0,1.0,0.0
1535,0.743,0.591,0.646,0.456,0.581,0.604,0.085,0.603,3,2,0,0,TRAIN,3,0.0,0.0,0.0,1.0,0.0,0.0,0.0,0.0,1.0,0.0,1.0,0.0,0.0,0.0,0.0
1536,0.357,0.558,0.429,0.843,0.361,0.566,0.009,0.241,5,2,0,0,TEST,3,0.0,0.0,0.0,0.0,0.0,1.0,0.0,0.0,1.0,0.0,1.0,0.0,0.0,0.0,0.0
1537,0.208,0.629,0.29,0.786,0.212,0.686,0.011,0.124,2,2,0,1,TRAIN,3,0.0,0.0,1.0,0.0,0.0,0.0,0.0,0.0,1.0,0.0,1.0,0.0,0.0,0.0,0.0
1538,0.677,0.851,0.676,0.0,0.745,0.788,0.18,0.629,0,2,1,1,TEST,6,1.0,0.0,0.0,0.0,0.0,0.0,0.0,0.0,1.0,0.0,0.0,1.0,0.0,0.0,0.0
1539,0.324,0.381,0.342,0.831,0.578,0.314,0.077,0.298,3,2,3,0,TEST,3,0.0,0.0,0.0,1.0,0.0,0.0,0.0,0.0,1.0,0.0,0.0,0.0,0.0,1.0,0.0
1540,0.835,0.301,0.594,1.0,0.406,0.18,0.171,0.619,0,0,0,0,TEST,7,1.0,0.0,0.0,0.0,0.0,0.0,1.0,0.0,0.0,0.0,1.0,0.0,0.0,0.0,0.0
1541,0.505,0.584,0.546,0.547,0.387,0.719,0.018,0.438,3,0,3,1,VAL,3,0.0,0.0,0.0,1.0,0.0,0.0,1.0,0.0,0.0,0.0,0.0,0.0,0.0,1.0,0.0
1542,0.493,0.537,0.425,0.789,0.437,0.584,0.025,0.301,4,3,3,1,VAL,3,0.0,0.0,0.0,0.0,1.0,0.0,0.0,0.0,0.0,1.0,0.0,0.0,0.0,1.0,0.0
1543,0.479,0.832,0.583,0.0,0.555,0.811,0.038,0.528,3,2,0,1,TEST,6,0.0,0.0,0.0,1.0,0.0,0.0,0.0,0.0,1.0,0.0,1.0,0.0,0.0,0.0,0.0
1544,0.648,0.752,0.637,0.0,0.653,0.885,0.197,0.691,0,2,3,1,VAL,6,1.0,0.0,0.0,0.0,0.0,0.0,0.0,0.0,1.0,0.0,0.0,0.0,0.0,1.0,0.0
1545,0.41,0.565,0.416,0.067,0.513,0.503,0.153,0.417,3,1,1,0,TRAIN,2,0.0,0.0,0.0,1.0,0.0,0.0,0.0,1.0,0.0,0.0,0.0,1.0,0.0,0.0,0.0
1546,0.323,0.823,0.533,0.0,0.474,0.985,0.143,0.513,0,2,0,1,TEST,6,1.0,0.0,0.0,0.0,0.0,0.0,0.0,0.0,1.0,0.0,1.0,0.0,0.0,0.0,0.0
1547,0.401,0.209,0.355,1.0,0.551,0.031,0.25,0.328,0,3,3,0,TRAIN,7,1.0,0.0,0.0,0.0,0.0,0.0,0.0,0.0,0.0,1.0,0.0,0.0,0.0,1.0,0.0
1548,0.487,0.461,0.472,0.719,0.407,0.301,0.124,0.308,2,3,0,0,TEST,3,0.0,0.0,1.0,0.0,0.0,0.0,0.0,0.0,0.0,1.0,1.0,0.0,0.0,0.0,0.0
1549,0.246,0.269,0.332,1.0,0.524,0.0,0.122,0.26,0,0,0,0,TRAIN,7,1.0,0.0,0.0,0.0,0.0,0.0,1.0,0.0,0.0,0.0,1.0,0.0,0.0,0.0,0.0
1550,0.433,0.582,0.471,0.549,0.452,0.412,0.038,0.369,2,2,3,0,TRAIN,3,0.0,0.0,1.0,0.0,0.0,0.0,0.0,0.0,1.0,0.0,0.0,0.0,0.0,1.0,0.0
1551,0.53,0.662,0.527,0.588,0.361,0.691,0.028,0.318,2,2,0,1,VAL,3,0.0,0.0,1.0,0.0,0.0,0.0,0.0,0.0,1.0,0.0,1.0,0.0,0.0,0.0,0.0
1552,0.537,0.237,0.463,0.798,0.516,0.0,0.226,0.369,0,0,0,0,TRAIN,7,1.0,0.0,0.0,0.0,0.0,0.0,1.0,0.0,0.0,0.0,1.0,0.0,0.0,0.0,0.0
1553,0.716,0.263,0.499,1.0,0.65,0.127,0.129,0.559,0,0,0,0,VAL,7,1.0,0.0,0.0,0.0,0.0,0.0,1.0,0.0,0.0,0.0,1.0,0.0,0.0,0.0,0.0
1554,0.539,0.793,0.499,0.0,0.604,0.732,0.176,0.581,2,3,0,1,VAL,6,0.0,0.0,1.0,0.0,0.0,0.0,0.0,0.0,0.0,1.0,1.0,0.0,0.0,0.0,0.0
1555,0.337,0.775,0.37,0.0,0.44,0.844,0.03,0.258,0,0,0,0,TRAIN,1,1.0,0.0,0.0,0.0,0.0,0.0,1.0,0.0,0.0,0.0,1.0,0.0,0.0,0.0,0.0
1556,0.261,0.489,0.371,1.0,0.305,0.556,0.009,0.188,0,1,4,1,TRAIN,5,1.0,0.0,0.0,0.0,0.0,0.0,0.0,1.0,0.0,0.0,0.0,0.0,0.0,0.0,1.0
1557,0.274,0.488,0.368,0.981,0.231,0.442,0.018,0.115,3,2,0,0,VAL,3,0.0,0.0,0.0,1.0,0.0,0.0,0.0,0.0,1.0,0.0,1.0,0.0,0.0,0.0,0.0
1558,0.355,0.651,0.419,0.664,0.277,0.679,0.009,0.258,3,2,1,0,VAL,3,0.0,0.0,0.0,1.0,0.0,0.0,0.0,0.0,1.0,0.0,0.0,1.0,0.0,0.0,0.0
1559,0.383,0.226,0.405,0.794,0.502,0.0,0.233,0.295,0,2,0,1,TEST,7,1.0,0.0,0.0,0.0,0.0,0.0,0.0,0.0,1.0,0.0,1.0,0.0,0.0,0.0,0.0
1560,0.415,0.527,0.325,0.741,0.32,0.488,0.023,0.262,3,2,2,0,TRAIN,3,0.0,0.0,0.0,1.0,0.0,0.0,0.0,0.0,1.0,0.0,0.0,0.0,1.0,0.0,0.0
1561,0.218,0.527,0.38,1.0,0.303,0.47,0.011,0.171,3,2,3,0,TRAIN,3,0.0,0.0,0.0,1.0,0.0,0.0,0.0,0.0,1.0,0.0,0.0,0.0,0.0,1.0,0.0
1562,0.877,0.507,0.82,1.0,0.51,0.473,0.045,0.732,2,0,1,1,TRAIN,4,0.0,0.0,1.0,0.0,0.0,0.0,1.0,0.0,0.0,0.0,0.0,1.0,0.0,0.0,0.0
1563,0.191,0.513,0.318,0.619,0.477,0.467,0.044,0.212,0,1,0,0,TEST,5,1.0,0.0,0.0,0.0,0.0,0.0,0.0,1.0,0.0,0.0,1.0,0.0,0.0,0.0,0.0
1564,0.537,0.8,0.54,0.0,0.568,0.925,0.164,0.62,3,2,0,1,VAL,6,0.0,0.0,0.0,1.0,0.0,0.0,0.0,0.0,1.0,0.0,1.0,0.0,0.0,0.0,0.0
1565,0.309,0.556,0.248,0.887,0.104,0.75,0.007,0.155,5,2,0,0,TEST,3,0.0,0.0,0.0,0.0,0.0,1.0,0.0,0.0,1.0,0.0,1.0,0.0,0.0,0.0,0.0
1566,0.263,0.515,0.336,0.856,0.366,0.647,0.012,0.253,0,1,0,0,TRAIN,5,1.0,0.0,0.0,0.0,0.0,0.0,0.0,1.0,0.0,0.0,1.0,0.0,0.0,0.0,0.0
1567,0.702,0.762,0.64,0.0,0.622,0.967,0.182,0.703,3,0,1,0,TEST,6,0.0,0.0,0.0,1.0,0.0,0.0,1.0,0.0,0.0,0.0,0.0,1.0,0.0,0.0,0.0
1568,0.907,0.304,0.695,1.0,0.575,0.06,0.173,0.582,4,0,0,0,VAL,7,0.0,0.0,0.0,0.0,1.0,0.0,1.0,0.0,0.0,0.0,1.0,0.0,0.0,0.0,0.0
1569,0.805,0.438,0.116,0.687,0.173,0.49,0.011,0.009,1,1,0,0,VAL,8,0.0,1.0,0.0,0.0,0.0,0.0,0.0,1.0,0.0,0.0,1.0,0.0,0.0,0.0,0.0
1570,0.761,0.839,0.554,0.0,0.603,0.958,0.096,0.723,2,2,0,1,TRAIN,6,0.0,0.0,1.0,0.0,0.0,0.0,0.0,0.0,1.0,0.0,1.0,0.0,0.0,0.0,0.0
1571,0.204,0.497,0.245,0.873,0.22,0.562,0.006,0.1,0,2,0,1,VAL,3,1.0,0.0,0.0,0.0,0.0,0.0,0.0,0.0,1.0,0.0,1.0,0.0,0.0,0.0,0.0
1572,0.596,0.548,0.533,0.506,0.433,0.424,0.054,0.401,3,3,0,0,TRAIN,3,0.0,0.0,0.0,1.0,0.0,0.0,0.0,0.0,0.0,1.0,1.0,0.0,0.0,0.0,0.0
1573,0.213,0.428,0.213,0.671,0.304,0.369,0.032,0.18,1,2,0,0,TEST,3,0.0,1.0,0.0,0.0,0.0,0.0,0.0,0.0,1.0,0.0,1.0,0.0,0.0,0.0,0.0
1574,0.331,0.528,0.388,0.532,0.308,0.428,0.034,0.297,3,2,0,0,TRAIN,3,0.0,0.0,0.0,1.0,0.0,0.0,0.0,0.0,1.0,0.0,1.0,0.0,0.0,0.0,0.0
1575,0.406,0.542,0.372,0.723,0.316,0.493,0.022,0.254,3,3,3,0,TRAIN,3,0.0,0.0,0.0,1.0,0.0,0.0,0.0,0.0,0.0,1.0,0.0,0.0,0.0,1.0,0.0
1576,0.691,0.793,0.666,0.0,0.581,0.911,0.124,0.658,3,2,0,1,TRAIN,6,0.0,0.0,0.0,1.0,0.0,0.0,0.0,0.0,1.0,0.0,1.0,0.0,0.0,0.0,0.0
1577,0.061,0.484,0.216,0.924,0.073,0.505,0.002,0.047,3,2,3,0,TRAIN,3,0.0,0.0,0.0,1.0,0.0,0.0,0.0,0.0,1.0,0.0,0.0,0.0,0.0,1.0,0.0
1578,0.561,0.797,0.644,0.0,0.497,1.0,0.051,0.544,0,2,0,0,TRAIN,6,1.0,0.0,0.0,0.0,0.0,0.0,0.0,0.0,1.0,0.0,1.0,0.0,0.0,0.0,0.0
1579,0.424,0.422,0.383,0.853,0.34,0.219,0.047,0.309,3,2,3,1,TRAIN,3,0.0,0.0,0.0,1.0,0.0,0.0,0.0,0.0,1.0,0.0,0.0,0.0,0.0,1.0,0.0
1580,0.509,0.499,0.465,0.809,0.357,0.359,0.031,0.307,3,2,0,0,TRAIN,3,0.0,0.0,0.0,1.0,0.0,0.0,0.0,0.0,1.0,0.0,1.0,0.0,0.0,0.0,0.0
1581,0.225,0.17,0.192,0.904,0.444,0.0,0.232,0.128,0,3,1,1,TRAIN,7,1.0,0.0,0.0,0.0,0.0,0.0,0.0,0.0,0.0,1.0,0.0,1.0,0.0,0.0,0.0
1582,0.591,0.821,0.629,0.0,0.679,0.781,0.187,0.654,3,2,0,1,TEST,6,0.0,0.0,0.0,1.0,0.0,0.0,0.0,0.0,1.0,0.0,1.0,0.0,0.0,0.0,0.0
1583,0.448,0.496,0.556,0.0,0.733,0.394,0.705,0.648,5,1,1,1,TRAIN,2,0.0,0.0,0.0,0.0,0.0,1.0,0.0,1.0,0.0,0.0,0.0,1.0,0.0,0.0,0.0
1584,0.7,0.196,0.529,1.0,0.694,0.0,0.302,0.522,5,0,1,1,TRAIN,7,0.0,0.0,0.0,0.0,0.0,1.0,1.0,0.0,0.0,0.0,0.0,1.0,0.0,0.0,0.0
1585,0.732,0.292,0.533,1.0,0.32,0.186,0.059,0.348,4,0,2,1,TEST,4,0.0,0.0,0.0,0.0,1.0,0.0,1.0,0.0,0.0,0.0,0.0,0.0,1.0,0.0,0.0
1586,0.505,0.766,0.608,0.0,0.715,0.799,0.265,0.654,3,2,2,1,VAL,6,0.0,0.0,0.0,1.0,0.0,0.0,0.0,0.0,1.0,0.0,0.0,0.0,1.0,0.0,0.0
1587,0.421,0.503,0.365,0.677,0.543,0.542,0.055,0.366,3,2,3,0,TRAIN,3,0.0,0.0,0.0,1.0,0.0,0.0,0.0,0.0,1.0,0.0,0.0,0.0,0.0,1.0,0.0
1588,0.229,0.545,0.319,0.744,0.162,0.586,0.012,0.233,3,2,0,0,TRAIN,3,0.0,0.0,0.0,1.0,0.0,0.0,0.0,0.0,1.0,0.0,1.0,0.0,0.0,0.0,0.0
1589,0.662,0.815,0.719,0.0,0.649,0.956,0.246,0.635,0,1,1,1,TRAIN,6,1.0,0.0,0.0,0.0,0.0,0.0,0.0,1.0,0.0,0.0,0.0,1.0,0.0,0.0,0.0
1590,0.768,0.359,0.527,1.0,0.452,0.259,0.072,0.535,0,3,1,1,TRAIN,4,1.0,0.0,0.0,0.0,0.0,0.0,0.0,0.0,0.0,1.0,0.0,1.0,0.0,0.0,0.0
1591,0.485,0.576,0.562,0.605,0.553,0.746,0.035,0.422,2,2,1,0,TEST,3,0.0,0.0,1.0,0.0,0.0,0.0,0.0,0.0,1.0,0.0,0.0,1.0,0.0,0.0,0.0
1592,0.51,0.811,0.563,0.0,0.446,0.897,0.082,0.5,5,3,1,1,VAL,6,0.0,0.0,0.0,0.0,0.0,1.0,0.0,0.0,0.0,1.0,0.0,1.0,0.0,0.0,0.0
1593,0.334,0.64,0.416,0.687,0.388,0.514,0.018,0.299,3,3,0,0,TRAIN,3,0.0,0.0,0.0,1.0,0.0,0.0,0.0,0.0,0.0,1.0,1.0,0.0,0.0,0.0,0.0
1594,0.375,0.574,0.411,0.645,0.381,0.543,0.045,0.358,2,0,0,0,TRAIN,3,0.0,0.0,1.0,0.0,0.0,0.0,1.0,0.0,0.0,0.0,1.0,0.0,0.0,0.0,0.0
1595,0.436,0.628,0.497,0.657,0.348,0.57,0.013,0.271,2,2,1,0,TRAIN,3,0.0,0.0,1.0,0.0,0.0,0.0,0.0,0.0,1.0,0.0,0.0,1.0,0.0,0.0,0.0
1596,0.368,0.495,0.373,0.9,0.284,0.269,0.03,0.197,3,2,0,0,TRAIN,3,0.0,0.0,0.0,1.0,0.0,0.0,0.0,0.0,1.0,0.0,1.0,0.0,0.0,0.0,0.0
1597,0.495,0.759,0.533,0.0,0.604,0.703,0.132,0.607,5,3,0,1,VAL,6,0.0,0.0,0.0,0.0,0.0,1.0,0.0,0.0,0.0,1.0,1.0,0.0,0.0,0.0,0.0
1598,0.607,0.802,0.671,0.0,0.6,0.831,0.164,0.62,0,2,1,1,TRAIN,6,1.0,0.0,0.0,0.0,0.0,0.0,0.0,0.0,1.0,0.0,0.0,1.0,0.0,0.0,0.0
1599,0.571,0.464,0.601,0.319,0.663,0.311,0.28,0.589,0,1,3,0,TRAIN,7,1.0,0.0,0.0,0.0,0.0,0.0,0.0,1.0,0.0,0.0,0.0,0.0,0.0,1.0,0.0
1600,0.52,0.465,0.506,0.695,0.423,0.292,0.072,0.34,3,2,0,0,TRAIN,3,0.0,0.0,0.0,1.0,0.0,0.0,0.0,0.0,1.0,0.0,1.0,0.0,0.0,0.0,0.0
1601,0.679,0.767,0.753,0.0,0.668,0.773,0.247,0.649,0,2,1,1,VAL,6,1.0,0.0,0.0,0.0,0.0,0.0,0.0,0.0,1.0,0.0,0.0,1.0,0.0,0.0,0.0
1602,0.148,0.527,0.25,0.949,0.233,0.464,0.004,0.062,3,3,3,0,TRAIN,3,0.0,0.0,0.0,1.0,0.0,0.0,0.0,0.0,0.0,1.0,0.0,0.0,0.0,1.0,0.0
1603,0.603,0.282,0.441,0.645,0.558,0.121,0.255,0.408,4,0,0,0,TEST,7,0.0,0.0,0.0,0.0,1.0,0.0,1.0,0.0,0.0,0.0,1.0,0.0,0.0,0.0,0.0
1604,0.489,0.446,0.43,0.0,0.66,0.171,0.399,0.533,2,2,1,0,VAL,2,0.0,0.0,1.0,0.0,0.0,0.0,0.0,0.0,1.0,0.0,0.0,1.0,0.0,0.0,0.0
1605,0.556,0.484,0.466,0.831,0.301,0.424,0.024,0.295,2,2,0,1,VAL,3,0.0,0.0,1.0,0.0,0.0,0.0,0.0,0.0,1.0,0.0,1.0,0.0,0.0,0.0,0.0
1606,0.163,0.538,0.232,0.899,0.123,0.578,0.004,0.006,2,2,0,0,VAL,3,0.0,0.0,1.0,0.0,0.0,0.0,0.0,0.0,1.0,0.0,1.0,0.0,0.0,0.0,0.0
1607,0.613,0.79,0.541,0.0,0.519,0.868,0.135,0.588,3,2,1,1,TRAIN,6,0.0,0.0,0.0,1.0,0.0,0.0,0.0,0.0,1.0,0.0,0.0,1.0,0.0,0.0,0.0
1608,0.26,0.547,0.27,0.984,0.331,0.475,0.013,0.176,3,2,0,0,TRAIN,3,0.0,0.0,0.0,1.0,0.0,0.0,0.0,0.0,1.0,0.0,1.0,0.0,0.0,0.0,0.0
1609,0.457,0.848,0.509,0.0,0.649,0.849,0.169,0.557,4,2,0,1,TRAIN,6,0.0,0.0,0.0,0.0,1.0,0.0,0.0,0.0,1.0,0.0,1.0,0.0,0.0,0.0,0.0
1610,0.45,0.497,0.45,0.0,0.77,0.272,0.36,0.536,2,1,1,0,TRAIN,2,0.0,0.0,1.0,0.0,0.0,0.0,0.0,1.0,0.0,0.0,0.0,1.0,0.0,0.0,0.0
1611,0.371,0.533,0.455,0.594,0.411,0.402,0.045,0.383,2,2,3,0,TRAIN,3,0.0,0.0,1.0,0.0,0.0,0.0,0.0,0.0,1.0,0.0,0.0,0.0,0.0,1.0,0.0
1612,0.536,0.143,0.323,1.0,0.437,0.0,0.259,0.343,0,0,1,1,TEST,7,1.0,0.0,0.0,0.0,0.0,0.0,1.0,0.0,0.0,0.0,0.0,1.0,0.0,0.0,0.0
1613,0.936,0.506,0.717,1.0,0.564,0.349,0.093,0.697,0,0,1,1,VAL,4,1.0,0.0,0.0,0.0,0.0,0.0,1.0,0.0,0.0,0.0,0.0,1.0,0.0,0.0,0.0
1614,0.343,0.61,0.356,0.967,0.335,0.549,0.002,0.191,2,1,2,1,TRAIN,5,0.0,0.0,1.0,0.0,0.0,0.0,0.0,1.0,0.0,0.0,0.0,0.0,1.0,0.0,0.0
1615,0.444,0.833,0.554,0.0,0.584,1.0,0.087,0.478,3,2,0,1,TRAIN,6,0.0,0.0,0.0,1.0,0.0,0.0,0.0,0.0,1.0,0.0,1.0,0.0,0.0,0.0,0.0
1616,0.704,0.455,0.571,0.596,0.451,0.268,0.1,0.607,2,0,0,0,TRAIN,3,0.0,0.0,1.0,0.0,0.0,0.0,1.0,0.0,0.0,0.0,1.0,0.0,0.0,0.0,0.0
1617,0.297,0.564,0.346,0.778,0.258,0.43,0.008,0.136,2,0,0,0,VAL,3,0.0,0.0,1.0,0.0,0.0,0.0,1.0,0.0,0.0,0.0,1.0,0.0,0.0,0.0,0.0
1618,0.501,0.518,0.447,0.65,0.401,0.44,0.02,0.368,1,2,0,0,TEST,3,0.0,1.0,0.0,0.0,0.0,0.0,0.0,0.0,1.0,0.0,1.0,0.0,0.0,0.0,0.0
1619,0.429,0.622,0.453,0.698,0.415,0.606,0.034,0.294,3,0,0,0,TRAIN,3,0.0,0.0,0.0,1.0,0.0,0.0,1.0,0.0,0.0,0.0,1.0,0.0,0.0,0.0,0.0
1620,0.577,0.576,0.597,0.577,0.443,0.498,0.049,0.538,2,3,3,1,VAL,3,0.0,0.0,1.0,0.0,0.0,0.0,0.0,0.0,0.0,1.0,0.0,0.0,0.0,1.0,0.0
1621,0.078,0.55,0.253,0.775,0.29,0.499,0.009,0.097,0,1,1,0,TRAIN,8,1.0,0.0,0.0,0.0,0.0,0.0,0.0,1.0,0.0,0.0,0.0,1.0,0.0,0.0,0.0
1622,0.639,0.577,0.552,0.169,0.566,0.701,0.088,0.445,3,0,4,0,TRAIN,1,0.0,0.0,0.0,1.0,0.0,0.0,1.0,0.0,0.0,0.0,0.0,0.0,0.0,0.0,1.0
1623,0.51,0.58,0.457,0.842,0.281,0.592,0.01,0.262,2,2,0,1,VAL,3,0.0,0.0,1.0,0.0,0.0,0.0,0.0,0.0,1.0,0.0,1.0,0.0,0.0,0.0,0.0
1624,0.708,0.561,0.604,0.33,0.508,0.638,0.073,0.497,1,2,0,0,TEST,3,0.0,1.0,0.0,0.0,0.0,0.0,0.0,0.0,1.0,0.0,1.0,0.0,0.0,0.0,0.0
1625,0.274,0.544,0.372,0.826,0.291,0.582,0.009,0.194,1,2,0,1,VAL,3,0.0,1.0,0.0,0.0,0.0,0.0,0.0,0.0,1.0,0.0,1.0,0.0,0.0,0.0,0.0
1626,0.059,0.242,0.744,1.0,0.612,0.0,0.228,0.75,0,0,0,1,TRAIN,7,1.0,0.0,0.0,0.0,0.0,0.0,1.0,0.0,0.0,0.0,1.0,0.0,0.0,0.0,0.0
1627,0.113,0.394,0.16,0.788,0.324,0.424,0.064,0.114,1,1,3,1,VAL,5,0.0,1.0,0.0,0.0,0.0,0.0,0.0,1.0,0.0,0.0,0.0,0.0,0.0,1.0,0.0
1628,0.66,0.256,0.534,1.0,0.656,0.0,0.181,0.496,0,3,0,1,TEST,7,1.0,0.0,0.0,0.0,0.0,0.0,0.0,0.0,0.0,1.0,1.0,0.0,0.0,0.0,0.0
1629,0.353,0.518,0.375,0.781,0.348,0.22,0.046,0.293,3,0,0,1,TRAIN,3,0.0,0.0,0.0,1.0,0.0,0.0,1.0,0.0,0.0,0.0,1.0,0.0,0.0,0.0,0.0
1630,0.234,0.483,0.327,1.0,0.269,0.516,0.003,0.151,1,1,0,1,TRAIN,8,0.0,1.0,0.0,0.0,0.0,0.0,0.0,1.0,0.0,0.0,1.0,0.0,0.0,0.0,0.0
1631,0.571,0.3,0.553,1.0,0.594,0.122,0.113,0.533,3,0,0,0,TRAIN,7,0.0,0.0,0.0,1.0,0.0,0.0,1.0,0.0,0.0,0.0,1.0,0.0,0.0,0.0,0.0
1632,0.702,0.205,0.437,1.0,0.527,0.007,0.169,0.429,0,3,0,0,TRAIN,7,1.0,0.0,0.0,0.0,0.0,0.0,0.0,0.0,0.0,1.0,1.0,0.0,0.0,0.0,0.0
1633,0.111,0.507,0.174,0.942,0.225,0.521,0.005,0.029,3,3,3,0,TRAIN,3,0.0,0.0,0.0,1.0,0.0,0.0,0.0,0.0,0.0,1.0,0.0,0.0,0.0,1.0,0.0
1634,0.442,0.498,0.408,0.871,0.377,0.465,0.021,0.328,5,2,3,0,VAL,3,0.0,0.0,0.0,0.0,0.0,1.0,0.0,0.0,1.0,0.0,0.0,0.0,0.0,1.0,0.0
1635,0.645,0.833,0.622,0.0,0.583,0.974,0.121,0.662,3,2,0,1,TRAIN,6,0.0,0.0,0.0,1.0,0.0,0.0,0.0,0.0,1.0,0.0,1.0,0.0,0.0,0.0,0.0
1636,0.366,0.552,0.456,0.81,0.424,0.417,0.011,0.242,3,2,3,0,VAL,3,0.0,0.0,0.0,1.0,0.0,0.0,0.0,0.0,1.0,0.0,0.0,0.0,0.0,1.0,0.0
1637,0.204,0.565,0.302,0.701,0.287,0.689,0.022,0.182,1,0,1,1,TRAIN,8,0.0,1.0,0.0,0.0,0.0,0.0,1.0,0.0,0.0,0.0,0.0,1.0,0.0,0.0,0.0
1638,0.416,0.553,0.425,0.562,0.422,0.596,0.06,0.343,3,3,0,1,TRAIN,3,0.0,0.0,0.0,1.0,0.0,0.0,0.0,0.0,0.0,1.0,1.0,0.0,0.0,0.0,0.0
1639,0.393,0.55,0.392,0.546,0.365,0.535,0.021,0.332,5,2,3,0,TEST,3,0.0,0.0,0.0,0.0,0.0,1.0,0.0,0.0,1.0,0.0,0.0,0.0,0.0,1.0,0.0
1640,0.474,0.532,0.487,0.68,0.482,0.583,0.035,0.378,2,2,0,0,TRAIN,3,0.0,0.0,1.0,0.0,0.0,0.0,0.0,0.0,1.0,0.0,1.0,0.0,0.0,0.0,0.0
1641,0.294,0.537,0.354,0.829,0.37,0.581,0.013,0.133,3,1,3,0,TEST,3,0.0,0.0,0.0,1.0,0.0,0.0,0.0,1.0,0.0,0.0,0.0,0.0,0.0,1.0,0.0
1642,0.248,0.505,0.361,0.88,0.281,0.383,0.018,0.202,3,1,0,0,TRAIN,3,0.0,0.0,0.0,1.0,0.0,0.0,0.0,1.0,0.0,0.0,1.0,0.0,0.0,0.0,0.0
1643,0.29,0.487,0.327,0.97,0.22,0.393,0.013,0.161,2,2,0,0,VAL,3,0.0,0.0,1.0,0.0,0.0,0.0,0.0,0.0,1.0,0.0,1.0,0.0,0.0,0.0,0.0
1644,0.544,0.543,0.424,0.498,0.568,0.487,0.051,0.43,5,3,2,1,TRAIN,3,0.0,0.0,0.0,0.0,0.0,1.0,0.0,0.0,0.0,1.0,0.0,0.0,1.0,0.0,0.0
1645,0.335,0.583,0.443,0.87,0.321,0.647,0.011,0.232,5,2,0,0,TRAIN,3,0.0,0.0,0.0,0.0,0.0,1.0,0.0,0.0,1.0,0.0,1.0,0.0,0.0,0.0,0.0
1646,0.267,0.465,0.321,0.802,0.353,0.633,0.038,0.209,2,2,0,1,TRAIN,3,0.0,0.0,1.0,0.0,0.0,0.0,0.0,0.0,1.0,0.0,1.0,0.0,0.0,0.0,0.0
1647,0.53,0.776,0.54,0.0,0.713,0.738,0.294,0.596,3,0,1,1,TEST,6,0.0,0.0,0.0,1.0,0.0,0.0,1.0,0.0,0.0,0.0,0.0,1.0,0.0,0.0,0.0
1648,0.763,0.378,0.546,1.0,0.442,0.269,0.118,0.463,0,0,1,1,VAL,4,1.0,0.0,0.0,0.0,0.0,0.0,1.0,0.0,0.0,0.0,0.0,1.0,0.0,0.0,0.0
1649,0.266,0.47,0.392,0.913,0.367,0.235,0.027,0.171,3,0,0,1,TEST,3,0.0,0.0,0.0,1.0,0.0,0.0,1.0,0.0,0.0,0.0,1.0,0.0,0.0,0.0,0.0
1650,0.443,0.572,0.417,0.863,0.335,0.518,0.019,0.232,1,2,0,0,VAL,3,0.0,1.0,0.0,0.0,0.0,0.0,0.0,0.0,1.0,0.0,1.0,0.0,0.0,0.0,0.0
1651,0.212,0.585,0.335,0.786,0.354,0.707,0.015,0.185,1,1,0,0,TRAIN,5,0.0,1.0,0.0,0.0,0.0,0.0,0.0,1.0,0.0,0.0,1.0,0.0,0.0,0.0,0.0
1652,0.334,0.589,0.401,0.87,0.375,0.547,0.011,0.341,2,2,2,1,TRAIN,3,0.0,0.0,1.0,0.0,0.0,0.0,0.0,0.0,1.0,0.0,0.0,0.0,1.0,0.0,0.0
1653,0.755,0.836,0.643,0.0,0.684,0.786,0.066,0.639,0,2,2,1,VAL,6,1.0,0.0,0.0,0.0,0.0,0.0,0.0,0.0,1.0,0.0,0.0,0.0,1.0,0.0,0.0
1654,0.284,0.509,0.38,1.0,0.3,0.457,0.009,0.237,2,1,2,1,TRAIN,5,0.0,0.0,1.0,0.0,0.0,0.0,0.0,1.0,0.0,0.0,0.0,0.0,1.0,0.0,0.0
1655,0.325,0.42,0.418,1.0,0.49,0.315,0.022,0.264,0,1,0,1,TEST,5,1.0,0.0,0.0,0.0,0.0,0.0,0.0,1.0,0.0,0.0,1.0,0.0,0.0,0.0,0.0
1656,0.372,0.473,0.388,0.884,0.195,0.327,0.056,0.222,1,3,0,0,TEST,3,0.0,1.0,0.0,0.0,0.0,0.0,0.0,0.0,0.0,1.0,1.0,0.0,0.0,0.0,0.0
1657,0.419,0.601,0.459,0.594,0.349,0.638,0.013,0.343,1,2,3,0,VAL,3,0.0,1.0,0.0,0.0,0.0,0.0,0.0,0.0,1.0,0.0,0.0,0.0,0.0,1.0,0.0
1658,0.451,0.601,0.273,1.0,0.151,0.653,0.003,0.265,0,1,0,0,VAL,5,1.0,0.0,0.0,0.0,0.0,0.0,0.0,1.0,0.0,0.0,1.0,0.0,0.0,0.0,0.0
1659,0.476,0.476,0.474,0.173,0.681,0.451,0.268,0.436,3,0,1,0,TRAIN,2,0.0,0.0,0.0,1.0,0.0,0.0,1.0,0.0,0.0,0.0,0.0,1.0,0.0,0.0,0.0
1660,0.516,0.585,0.448,0.767,0.38,0.42,0.024,0.279,2,2,1,0,TEST,3,0.0,0.0,1.0,0.0,0.0,0.0,0.0,0.0,1.0,0.0,0.0,1.0,0.0,0.0,0.0
1661,0.462,0.486,0.481,0.881,0.429,0.458,0.033,0.388,2,2,2,0,VAL,3,0.0,0.0,1.0,0.0,0.0,0.0,0.0,0.0,1.0,0.0,0.0,0.0,1.0,0.0,0.0
1662,0.183,0.46,0.284,0.809,0.402,0.355,0.044,0.168,1,0,2,0,TEST,3,0.0,1.0,0.0,0.0,0.0,0.0,1.0,0.0,0.0,0.0,0.0,0.0,1.0,0.0,0.0
1663,0.927,0.457,0.169,0.149,0.368,0.44,0.068,0.116,0,1,0,1,TEST,5,1.0,0.0,0.0,0.0,0.0,0.0,0.0,1.0,0.0,0.0,1.0,0.0,0.0,0.0,0.0
1664,0.227,0.528,0.298,0.722,0.31,0.526,0.017,0.127,2,1,1,1,TEST,8,0.0,0.0,1.0,0.0,0.0,0.0,0.0,1.0,0.0,0.0,0.0,1.0,0.0,0.0,0.0
1665,0.794,0.411,0.563,0.745,0.681,0.339,0.187,0.561,0,3,0,0,TEST,7,1.0,0.0,0.0,0.0,0.0,0.0,0.0,0.0,0.0,1.0,1.0,0.0,0.0,0.0,0.0
1666,0.415,0.69,0.509,0.0,0.646,0.941,0.3,0.552,2,1,4,1,TRAIN,2,0.0,0.0,1.0,0.0,0.0,0.0,0.0,1.0,0.0,0.0,0.0,0.0,0.0,0.0,1.0
1667,0.38,0.538,0.406,0.619,0.423,0.705,0.036,0.266,3,3,3,0,VAL,3,0.0,0.0,0.0,1.0,0.0,0.0,0.0,0.0,0.0,1.0,0.0,0.0,0.0,1.0,0.0
1668,0.455,0.597,0.44,0.597,0.431,0.465,0.04,0.331,2,3,0,0,TEST,3,0.0,0.0,1.0,0.0,0.0,0.0,0.0,0.0,0.0,1.0,1.0,0.0,0.0,0.0,0.0
1669,0.422,0.43,0.387,0.83,0.281,0.353,0.05,0.232,2,1,1,0,TRAIN,8,0.0,0.0,1.0,0.0,0.0,0.0,0.0,1.0,0.0,0.0,0.0,1.0,0.0,0.0,0.0
1670,0.145,0.549,0.246,0.726,0.331,0.391,0.027,0.159,1,1,2,0,TRAIN,5,0.0,1.0,0.0,0.0,0.0,0.0,0.0,1.0,0.0,0.0,0.0,0.0,1.0,0.0,0.0
1671,0.559,0.843,0.562,0.0,0.589,1.0,0.089,0.609,5,0,3,0,TEST,6,0.0,0.0,0.0,0.0,0.0,1.0,1.0,0.0,0.0,0.0,0.0,0.0,0.0,1.0,0.0
1672,0.473,0.592,0.413,0.0,0.624,0.68,0.347,0.531,2,1,1,0,VAL,2,0.0,0.0,1.0,0.0,0.0,0.0,0.0,1.0,0.0,0.0,0.0,1.0,0.0,0.0,0.0
1673,0.501,0.603,0.516,0.781,0.31,0.643,0.017,0.328,3,2,0,0,TEST,3,0.0,0.0,0.0,1.0,0.0,0.0,0.0,0.0,1.0,0.0,1.0,0.0,0.0,0.0,0.0
1674,0.172,0.506,0.288,0.892,0.261,0.351,0.005,0.155,3,2,3,0,VAL,3,0.0,0.0,0.0,1.0,0.0,0.0,0.0,0.0,1.0,0.0,0.0,0.0,0.0,1.0,0.0
1675,0.366,0.463,0.388,0.595,0.557,0.438,0.119,0.319,0,2,3,0,TEST,3,1.0,0.0,0.0,0.0,0.0,0.0,0.0,0.0,1.0,0.0,0.0,0.0,0.0,1.0,0.0
1676,0.405,0.487,0.416,0.833,0.407,0.374,0.041,0.27,3,3,0,0,TRAIN,3,0.0,0.0,0.0,1.0,0.0,0.0,0.0,0.0,0.0,1.0,1.0,0.0,0.0,0.0,0.0
1677,0.271,0.621,0.318,0.651,0.195,0.729,0.012,0.16,2,1,2,1,TRAIN,5,0.0,0.0,1.0,0.0,0.0,0.0,0.0,1.0,0.0,0.0,0.0,0.0,1.0,0.0,0.0
1678,0.236,0.453,0.336,0.663,0.426,0.239,0.031,0.155,5,2,0,0,VAL,3,0.0,0.0,0.0,0.0,0.0,1.0,0.0,0.0,1.0,0.0,1.0,0.0,0.0,0.0,0.0
1679,0.585,0.053,0.417,1.0,0.418,0.0,0.143,0.416,4,3,0,1,VAL,7,0.0,0.0,0.0,0.0,1.0,0.0,0.0,0.0,0.0,1.0,1.0,0.0,0.0,0.0,0.0
1680,0.365,0.629,0.402,0.835,0.385,0.556,0.005,0.247,3,2,0,1,TRAIN,3,0.0,0.0,0.0,1.0,0.0,0.0,0.0,0.0,1.0,0.0,1.0,0.0,0.0,0.0,0.0
1681,0.502,0.546,0.409,0.862,0.373,0.537,0.016,0.315,3,2,0,1,TEST,3,0.0,0.0,0.0,1.0,0.0,0.0,0.0,0.0,1.0,0.0,1.0,0.0,0.0,0.0,0.0
1682,0.529,0.443,0.437,0.803,0.337,0.334,0.034,0.353,2,2,4,0,VAL,3,0.0,0.0,1.0,0.0,0.0,0.0,0.0,0.0,1.0,0.0,0.0,0.0,0.0,0.0,1.0
1683,0.951,0.198,0.649,1.0,0.551,0.0,0.272,0.619,4,0,0,0,TRAIN,7,0.0,0.0,0.0,0.0,1.0,0.0,1.0,0.0,0.0,0.0,1.0,0.0,0.0,0.0,0.0
1684,0.05,0.167,0.232,0.622,0.551,0.0,0.325,0.212,0,3,0,0,VAL,7,1.0,0.0,0.0,0.0,0.0,0.0,0.0,0.0,0.0,1.0,1.0,0.0,0.0,0.0,0.0
1685,0.54,0.489,0.446,0.77,0.416,0.414,0.091,0.385,3,2,0,1,TRAIN,3,0.0,0.0,0.0,1.0,0.0,0.0,0.0,0.0,1.0,0.0,1.0,0.0,0.0,0.0,0.0
1686,0.372,0.551,0.438,0.796,0.453,0.535,0.014,0.332,5,2,0,1,TEST,3,0.0,0.0,0.0,0.0,0.0,1.0,0.0,0.0,1.0,0.0,1.0,0.0,0.0,0.0,0.0
1687,0.44,0.535,0.493,0.0,0.576,0.474,0.342,0.56,2,1,4,1,TRAIN,2,0.0,0.0,1.0,0.0,0.0,0.0,0.0,1.0,0.0,0.0,0.0,0.0,0.0,0.0,1.0
1688,0.079,0.539,0.306,0.828,0.224,0.562,0.003,0.178,1,2,0,1,TRAIN,3,0.0,1.0,0.0,0.0,0.0,0.0,0.0,0.0,1.0,0.0,1.0,0.0,0.0,0.0,0.0
1689,0.148,0.418,0.795,1.0,0.561,0.0,0.055,0.766,0,0,3,1,TRAIN,7,1.0,0.0,0.0,0.0,0.0,0.0,1.0,0.0,0.0,0.0,0.0,0.0,0.0,1.0,0.0
1690,0.616,0.844,0.476,0.0,0.528,0.922,0.089,0.627,0,2,1,0,TRAIN,6,1.0,0.0,0.0,0.0,0.0,0.0,0.0,0.0,1.0,0.0,0.0,1.0,0.0,0.0,0.0
1691,0.517,0.82,0.608,0.0,0.631,0.751,0.205,0.579,1,2,1,1,TEST,6,0.0,1.0,0.0,0.0,0.0,0.0,0.0,0.0,1.0,0.0,0.0,1.0,0.0,0.0,0.0
1692,0.633,0.782,0.644,0.0,0.639,0.715,0.159,0.657,0,2,3,1,TRAIN,6,1.0,0.0,0.0,0.0,0.0,0.0,0.0,0.0,1.0,0.0,0.0,0.0,0.0,1.0,0.0
1693,0.332,0.582,0.284,0.837,0.255,0.499,0.018,0.255,3,2,2,0,TRAIN,3,0.0,0.0,0.0,1.0,0.0,0.0,0.0,0.0,1.0,0.0,0.0,0.0,1.0,0.0,0.0
1694,0.514,0.573,0.52,0.364,0.467,0.616,0.051,0.433,1,3,3,0,TEST,3,0.0,1.0,0.0,0.0,0.0,0.0,0.0,0.0,0.0,1.0,0.0,0.0,0.0,1.0,0.0
1695,0.422,0.569,0.444,0.7,0.469,0.449,0.037,0.358,3,2,0,0,TRAIN,3,0.0,0.0,0.0,1.0,0.0,0.0,0.0,0.0,1.0,0.0,1.0,0.0,0.0,0.0,0.0
1696,0.398,0.541,0.351,0.973,0.339,0.47,0.024,0.185,2,2,0,0,TEST,3,0.0,0.0,1.0,0.0,0.0,0.0,0.0,0.0,1.0,0.0,1.0,0.0,0.0,0.0,0.0
1697,0.507,0.617,0.42,0.0,0.603,0.779,0.181,0.456,5,1,1,0,TRAIN,2,0.0,0.0,0.0,0.0,0.0,1.0,0.0,1.0,0.0,0.0,0.0,1.0,0.0,0.0,0.0
1698,0.265,0.438,0.31,1.0,0.256,0.359,0.023,0.072,2,2,3,0,VAL,3,0.0,0.0,1.0,0.0,0.0,0.0,0.0,0.0,1.0,0.0,0.0,0.0,0.0,1.0,0.0
1699,0.114,0.477,0.215,0.945,0.155,0.52,0.011,0.099,2,0,0,1,TRAIN,3,0.0,0.0,1.0,0.0,0.0,0.0,1.0,0.0,0.0,0.0,1.0,0.0,0.0,0.0,0.0
1700,0.29,0.591,0.413,0.673,0.396,0.48,0.008,0.243,1,2,0,0,TRAIN,3,0.0,1.0,0.0,0.0,0.0,0.0,0.0,0.0,1.0,0.0,1.0,0.0,0.0,0.0,0.0
1701,0.819,0.38,0.563,0.435,0.632,0.303,0.256,0.595,0,0,0,0,TEST,7,1.0,0.0,0.0,0.0,0.0,0.0,1.0,0.0,0.0,0.0,1.0,0.0,0.0,0.0,0.0
1702,0.862,0.258,0.671,1.0,0.634,0.0,0.275,0.595,0,1,0,1,VAL,7,1.0,0.0,0.0,0.0,0.0,0.0,0.0,1.0,0.0,0.0,1.0,0.0,0.0,0.0,0.0
1703,0.406,0.553,0.442,0.852,0.291,0.518,0.033,0.307,2,2,0,0,TEST,3,0.0,0.0,1.0,0.0,0.0,0.0,0.0,0.0,1.0,0.0,1.0,0.0,0.0,0.0,0.0
1704,0.203,0.438,0.207,1.0,0.414,0.287,0.013,0.123,3,2,0,0,TRAIN,3,0.0,0.0,0.0,1.0,0.0,0.0,0.0,0.0,1.0,0.0,1.0,0.0,0.0,0.0,0.0
1705,0.724,0.303,0.525,1.0,0.416,0.087,0.136,0.528,4,0,0,0,TRAIN,7,0.0,0.0,0.0,0.0,1.0,0.0,1.0,0.0,0.0,0.0,1.0,0.0,0.0,0.0,0.0
1706,0.174,0.537,0.321,0.873,0.382,0.475,0.008,0.176,1,3,3,0,TEST,3,0.0,1.0,0.0,0.0,0.0,0.0,0.0,0.0,0.0,1.0,0.0,0.0,0.0,1.0,0.0
1707,0.239,0.257,0.261,0.581,0.531,0.03,0.339,0.326,0,0,0,1,TRAIN,7,1.0,0.0,0.0,0.0,0.0,0.0,1.0,0.0,0.0,0.0,1.0,0.0,0.0,0.0,0.0
1708,0.481,0.494,0.45,0.776,0.418,0.433,0.053,0.377,3,2,0,1,TEST,3,0.0,0.0,0.0,1.0,0.0,0.0,0.0,0.0,1.0,0.0,1.0,0.0,0.0,0.0,0.0
1709,0.341,0.52,0.424,0.699,0.397,0.534,0.015,0.224,1,2,3,0,TRAIN,3,0.0,1.0,0.0,0.0,0.0,0.0,0.0,0.0,1.0,0.0,0.0,0.0,0.0,1.0,0.0
1710,0.365,0.532,0.434,0.82,0.227,0.637,0.018,0.258,2,0,0,1,VAL,3,0.0,0.0,1.0,0.0,0.0,0.0,1.0,0.0,0.0,0.0,1.0,0.0,0.0,0.0,0.0
1711,0.155,0.562,0.305,0.9,0.283,0.516,0.005,0.121,3,1,3,0,TRAIN,3,0.0,0.0,0.0,1.0,0.0,0.0,0.0,1.0,0.0,0.0,0.0,0.0,0.0,1.0,0.0
1712,0.577,0.607,0.431,0.37,0.391,0.653,0.018,0.291,2,1,3,1,VAL,3,0.0,0.0,1.0,0.0,0.0,0.0,0.0,1.0,0.0,0.0,0.0,0.0,0.0,1.0,0.0
1713,0.429,0.476,0.316,0.732,0.367,0.335,0.07,0.241,2,3,3,0,VAL,3,0.0,0.0,1.0,0.0,0.0,0.0,0.0,0.0,0.0,1.0,0.0,0.0,0.0,1.0,0.0
1714,0.619,0.776,0.647,0.0,0.638,0.857,0.26,0.771,0,2,1,0,TRAIN,6,1.0,0.0,0.0,0.0,0.0,0.0,0.0,0.0,1.0,0.0,0.0,1.0,0.0,0.0,0.0
1715,0.817,0.598,0.625,0.344,0.471,0.625,0.098,0.594,2,0,3,0,TEST,3,0.0,0.0,1.0,0.0,0.0,0.0,1.0,0.0,0.0,0.0,0.0,0.0,0.0,1.0,0.0
1716,0.38,0.272,0.299,0.546,0.552,0.021,0.276,0.442,0,0,0,1,TRAIN,7,1.0,0.0,0.0,0.0,0.0,0.0,1.0,0.0,0.0,0.0,1.0,0.0,0.0,0.0,0.0
1717,0.249,0.516,0.385,1.0,0.35,0.491,0.015,0.285,0,1,2,0,TRAIN,5,1.0,0.0,0.0,0.0,0.0,0.0,0.0,1.0,0.0,0.0,0.0,0.0,1.0,0.0,0.0
1718,0.278,0.556,0.398,0.678,0.371,0.678,0.027,0.331,2,3,0,1,VAL,3,0.0,0.0,1.0,0.0,0.0,0.0,0.0,0.0,0.0,1.0,1.0,0.0,0.0,0.0,0.0
1719,0.598,0.208,0.53,1.0,0.565,0.0,0.206,0.456,3,2,0,1,TEST,7,0.0,0.0,0.0,1.0,0.0,0.0,0.0,0.0,1.0,0.0,1.0,0.0,0.0,0.0,0.0
1720,0.749,0.168,0.517,1.0,0.618,0.0,0.335,0.562,0,3,3,0,VAL,7,1.0,0.0,0.0,0.0,0.0,0.0,0.0,0.0,0.0,1.0,0.0,0.0,0.0,1.0,0.0
1721,0.319,0.536,0.381,0.591,0.443,0.466,0.032,0.274,3,0,3,1,VAL,3,0.0,0.0,0.0,1.0,0.0,0.0,1.0,0.0,0.0,0.0,0.0,0.0,0.0,1.0,0.0
1722,0.233,0.373,0.891,1.0,0.642,0.286,0.223,0.923,5,1,0,1,TEST,7,0.0,0.0,0.0,0.0,0.0,1.0,0.0,1.0,0.0,0.0,1.0,0.0,0.0,0.0,0.0
1723,0.597,0.281,0.494,0.937,0.461,0.002,0.256,0.423,0,0,1,1,TRAIN,7,1.0,0.0,0.0,0.0,0.0,0.0,1.0,0.0,0.0,0.0,0.0,1.0,0.0,0.0,0.0
1724,0.723,0.26,0.559,1.0,0.43,0.149,0.046,0.462,0,0,1,0,TRAIN,4,1.0,0.0,0.0,0.0,0.0,0.0,1.0,0.0,0.0,0.0,0.0,1.0,0.0,0.0,0.0
1725,0.407,0.528,0.38,0.651,0.341,0.553,0.069,0.321,2,2,2,1,TRAIN,3,0.0,0.0,1.0,0.0,0.0,0.0,0.0,0.0,1.0,0.0,0.0,0.0,1.0,0.0,0.0
1726,0.297,0.453,0.317,1.0,0.365,0.305,0.036,0.194,3,3,0,0,TRAIN,3,0.0,0.0,0.0,1.0,0.0,0.0,0.0,0.0,0.0,1.0,1.0,0.0,0.0,0.0,0.0
1727,0.508,0.824,0.6,0.0,0.527,0.965,0.058,0.452,0,0,2,1,TRAIN,6,1.0,0.0,0.0,0.0,0.0,0.0,1.0,0.0,0.0,0.0,0.0,0.0,1.0,0.0,0.0
1728,0.761,0.308,0.55,1.0,0.474,0.001,0.035,0.401,0,0,0,0,TRAIN,4,1.0,0.0,0.0,0.0,0.0,0.0,1.0,0.0,0.0,0.0,1.0,0.0,0.0,0.0,0.0
1729,0.288,0.505,0.332,0.972,0.465,0.558,0.018,0.19,3,0,0,1,TRAIN,3,0.0,0.0,0.0,1.0,0.0,0.0,1.0,0.0,0.0,0.0,1.0,0.0,0.0,0.0,0.0
1730,0.397,0.325,0.418,0.862,0.491,0.183,0.128,0.345,0,3,0,0,TRAIN,7,1.0,0.0,0.0,0.0,0.0,0.0,0.0,0.0,0.0,1.0,1.0,0.0,0.0,0.0,0.0
1731,0.715,0.164,0.424,1.0,0.563,0.0,0.187,0.411,0,1,0,0,VAL,7,1.0,0.0,0.0,0.0,0.0,0.0,0.0,1.0,0.0,0.0,1.0,0.0,0.0,0.0,0.0
1732,0.377,0.481,0.295,0.939,0.273,0.423,0.007,0.143,2,1,1,1,TRAIN,8,0.0,0.0,1.0,0.0,0.0,0.0,0.0,1.0,0.0,0.0,0.0,1.0,0.0,0.0,0.0
1733,0.26,0.563,0.326,0.831,0.295,0.834,0.007,0.176,3,2,3,1,TEST,3,0.0,0.0,0.0,1.0,0.0,0.0,0.0,0.0,1.0,0.0,0.0,0.0,0.0,1.0,0.0
1734,0.593,0.755,0.596,0.0,0.644,0.835,0.264,0.674,3,2,0,1,TRAIN,6,0.0,0.0,0.0,1.0,0.0,0.0,0.0,0.0,1.0,0.0,1.0,0.0,0.0,0.0,0.0
1735,0.596,0.322,0.442,0.0,0.815,0.0,0.54,0.605,1,1,4,0,TEST,2,0.0,1.0,0.0,0.0,0.0,0.0,0.0,1.0,0.0,0.0,0.0,0.0,0.0,0.0,1.0
1736,0.042,0.478,0.251,0.879,0.25,0.431,0.014,0.131,2,1,1,1,TEST,8,0.0,0.0,1.0,0.0,0.0,0.0,0.0,1.0,0.0,0.0,0.0,1.0,0.0,0.0,0.0
1737,0.605,0.382,0.417,0.546,0.463,0.13,0.14,0.433,2,2,0,1,TRAIN,3,0.0,0.0,1.0,0.0,0.0,0.0,0.0,0.0,1.0,0.0,1.0,0.0,0.0,0.0,0.0
1738,0.487,0.471,0.418,0.962,0.379,0.356,0.028,0.263,1,0,3,0,TRAIN,3,0.0,1.0,0.0,0.0,0.0,0.0,1.0,0.0,0.0,0.0,0.0,0.0,0.0,1.0,0.0
1739,0.552,0.849,0.506,0.0,0.605,0.952,0.161,0.576,5,2,0,1,VAL,6,0.0,0.0,0.0,0.0,0.0,1.0,0.0,0.0,1.0,0.0,1.0,0.0,0.0,0.0,0.0
1740,0.324,0.446,0.286,0.76,0.244,0.295,0.035,0.203,1,3,3,1,TEST,3,0.0,1.0,0.0,0.0,0.0,0.0,0.0,0.0,0.0,1.0,0.0,0.0,0.0,1.0,0.0
1741,0.339,0.47,0.331,0.981,0.284,0.362,0.071,0.22,3,2,3,0,VAL,3,0.0,0.0,0.0,1.0,0.0,0.0,0.0,0.0,1.0,0.0,0.0,0.0,0.0,1.0,0.0
1742,0.444,0.48,0.413,0.642,0.424,0.413,0.055,0.299,2,1,3,1,VAL,3,0.0,0.0,1.0,0.0,0.0,0.0,0.0,1.0,0.0,0.0,0.0,0.0,0.0,1.0,0.0
1743,0.565,0.755,0.591,0.0,0.634,0.808,0.331,0.679,3,2,0,1,TRAIN,6,0.0,0.0,0.0,1.0,0.0,0.0,0.0,0.0,1.0,0.0,1.0,0.0,0.0,0.0,0.0
1744,0.222,0.384,0.313,0.86,0.344,0.219,0.068,0.195,1,2,0,0,TRAIN,3,0.0,1.0,0.0,0.0,0.0,0.0,0.0,0.0,1.0,0.0,1.0,0.0,0.0,0.0,0.0
1745,0.378,0.646,0.518,0.0,0.563,0.551,0.129,0.519,1,2,0,0,TRAIN,2,0.0,1.0,0.0,0.0,0.0,0.0,0.0,0.0,1.0,0.0,1.0,0.0,0.0,0.0,0.0
1746,0.496,0.143,0.323,1.0,0.589,0.0,0.157,0.29,2,0,0,1,TRAIN,7,0.0,0.0,1.0,0.0,0.0,0.0,1.0,0.0,0.0,0.0,1.0,0.0,0.0,0.0,0.0
1747,0.735,0.3,0.509,1.0,0.446,0.275,0.262,0.506,0,0,0,1,TRAIN,7,1.0,0.0,0.0,0.0,0.0,0.0,1.0,0.0,0.0,0.0,1.0,0.0,0.0,0.0,0.0
1748,0.369,0.549,0.442,0.499,0.341,0.389,0.106,0.274,1,2,0,1,TRAIN,3,0.0,1.0,0.0,0.0,0.0,0.0,0.0,0.0,1.0,0.0,1.0,0.0,0.0,0.0,0.0
1749,0.236,0.566,0.31,0.903,0.276,0.559,0.011,0.131,2,1,1,0,TRAIN,5,0.0,0.0,1.0,0.0,0.0,0.0,0.0,1.0,0.0,0.0,0.0,1.0,0.0,0.0,0.0
1750,0.461,0.424,0.409,1.0,0.362,0.116,0.036,0.289,0,1,0,0,VAL,5,1.0,0.0,0.0,0.0,0.0,0.0,0.0,1.0,0.0,0.0,1.0,0.0,0.0,0.0,0.0
1751,0.516,0.499,0.364,1.0,0.234,0.457,0.003,0.245,1,1,2,0,TRAIN,5,0.0,1.0,0.0,0.0,0.0,0.0,0.0,1.0,0.0,0.0,0.0,0.0,1.0,0.0,0.0
1752,0.627,0.804,0.597,0.0,0.632,0.932,0.1,0.547,5,2,1,1,TEST,6,0.0,0.0,0.0,0.0,0.0,1.0,0.0,0.0,1.0,0.0,0.0,1.0,0.0,0.0,0.0
1753,0.565,0.664,0.59,0.726,0.356,0.746,0.013,0.407,1,3,1,0,TRAIN,3,0.0,1.0,0.0,0.0,0.0,0.0,0.0,0.0,0.0,1.0,0.0,1.0,0.0,0.0,0.0
1754,0.437,0.488,0.418,0.671,0.267,0.385,0.025,0.282,2,1,3,1,TEST,3,0.0,0.0,1.0,0.0,0.0,0.0,0.0,1.0,0.0,0.0,0.0,0.0,0.0,1.0,0.0
1755,0.836,0.493,0.586,1.0,0.48,0.472,0.042,0.529,0,3,1,1,TEST,4,1.0,0.0,0.0,0.0,0.0,0.0,0.0,0.0,0.0,1.0,0.0,1.0,0.0,0.0,0.0
1756,0.293,0.252,0.27,0.619,0.463,0.0,0.155,0.176,0,3,0,1,TRAIN,7,1.0,0.0,0.0,0.0,0.0,0.0,0.0,0.0,0.0,1.0,1.0,0.0,0.0,0.0,0.0
1757,0.666,0.802,0.701,0.0,0.678,0.582,0.275,0.693,0,1,2,1,TRAIN,6,1.0,0.0,0.0,0.0,0.0,0.0,0.0,1.0,0.0,0.0,0.0,0.0,1.0,0.0,0.0
1758,0.418,0.473,0.424,0.864,0.395,0.58,0.062,0.333,2,2,0,0,TRAIN,3,0.0,0.0,1.0,0.0,0.0,0.0,0.0,0.0,1.0,0.0,1.0,0.0,0.0,0.0,0.0
1759,0.545,0.507,0.499,0.667,0.484,0.547,0.039,0.324,5,2,0,0,VAL,3,0.0,0.0,0.0,0.0,0.0,1.0,0.0,0.0,1.0,0.0,1.0,0.0,0.0,0.0,0.0
1760,0.132,0.535,0.242,1.0,0.173,0.522,0.003,0.061,1,2,2,0,TRAIN,5,0.0,1.0,0.0,0.0,0.0,0.0,0.0,0.0,1.0,0.0,0.0,0.0,1.0,0.0,0.0
1761,0.863,0.418,0.702,0.563,0.751,0.275,0.389,0.717,2,0,0,0,TRAIN,7,0.0,0.0,1.0,0.0,0.0,0.0,1.0,0.0,0.0,0.0,1.0,0.0,0.0,0.0,0.0
1762,0.468,0.517,0.443,0.719,0.35,0.372,0.034,0.346,3,2,3,0,TRAIN,3,0.0,0.0,0.0,1.0,0.0,0.0,0.0,0.0,1.0,0.0,0.0,0.0,0.0,1.0,0.0
1763,0.432,0.461,0.415,0.743,0.534,0.425,0.061,0.334,3,3,0,0,TEST,3,0.0,0.0,0.0,1.0,0.0,0.0,0.0,0.0,0.0,1.0,1.0,0.0,0.0,0.0,0.0
1764,0.388,0.541,0.437,0.917,0.393,0.556,0.01,0.281,1,2,0,0,TRAIN,3,0.0,1.0,0.0,0.0,0.0,0.0,0.0,0.0,1.0,0.0,1.0,0.0,0.0,0.0,0.0
1765,0.393,0.532,0.48,0.538,0.358,0.355,0.116,0.306,3,0,0,0,TRAIN,3,0.0,0.0,0.0,1.0,0.0,0.0,1.0,0.0,0.0,0.0,1.0,0.0,0.0,0.0,0.0
1766,0.513,0.569,0.432,0.607,0.279,0.43,0.048,0.342,1,3,0,0,TEST,3,0.0,1.0,0.0,0.0,0.0,0.0,0.0,0.0,0.0,1.0,1.0,0.0,0.0,0.0,0.0
1767,0.641,0.814,0.633,0.0,0.63,0.917,0.185,0.678,3,3,0,1,TRAIN,6,0.0,0.0,0.0,1.0,0.0,0.0,0.0,0.0,0.0,1.0,1.0,0.0,0.0,0.0,0.0
1768,0.284,0.425,0.288,0.874,0.212,0.26,0.009,0.149,0,1,0,1,TRAIN,3,1.0,0.0,0.0,0.0,0.0,0.0,0.0,1.0,0.0,0.0,1.0,0.0,0.0,0.0,0.0
1769,0.442,0.553,0.428,0.551,0.33,0.399,0.042,0.411,2,2,0,0,TRAIN,3,0.0,0.0,1.0,0.0,0.0,0.0,0.0,0.0,1.0,0.0,1.0,0.0,0.0,0.0,0.0
1770,0.739,0.243,0.51,1.0,0.593,0.091,0.2,0.537,4,0,1,0,TRAIN,7,0.0,0.0,0.0,0.0,1.0,0.0,1.0,0.0,0.0,0.0,0.0,1.0,0.0,0.0,0.0
1771,0.601,0.79,0.508,0.0,0.57,1.0,0.115,0.608,5,2,0,1,TRAIN,6,0.0,0.0,0.0,0.0,0.0,1.0,0.0,0.0,1.0,0.0,1.0,0.0,0.0,0.0,0.0
1772,0.429,0.297,0.348,0.85,0.542,0.148,0.138,0.364,0,1,0,1,TRAIN,7,1.0,0.0,0.0,0.0,0.0,0.0,0.0,1.0,0.0,0.0,1.0,0.0,0.0,0.0,0.0
1773,0.847,0.371,0.65,1.0,0.508,0.307,0.095,0.595,5,3,1,1,TRAIN,4,0.0,0.0,0.0,0.0,0.0,1.0,0.0,0.0,0.0,1.0,0.0,1.0,0.0,0.0,0.0
1774,0.65,0.866,0.677,0.0,0.479,0.81,0.048,0.578,2,2,3,1,TRAIN,6,0.0,0.0,1.0,0.0,0.0,0.0,0.0,0.0,1.0,0.0,0.0,0.0,0.0,1.0,0.0
1775,0.465,0.599,0.451,0.722,0.386,0.644,0.032,0.349,3,3,3,0,TEST,3,0.0,0.0,0.0,1.0,0.0,0.0,0.0,0.0,0.0,1.0,0.0,0.0,0.0,1.0,0.0
1776,0.424,0.544,0.407,0.647,0.267,0.598,0.026,0.341,3,2,0,0,VAL,3,0.0,0.0,0.0,1.0,0.0,0.0,0.0,0.0,1.0,0.0,1.0,0.0,0.0,0.0,0.0
1777,0.509,0.783,0.617,0.0,0.578,0.869,0.109,0.585,0,1,1,1,TEST,6,1.0,0.0,0.0,0.0,0.0,0.0,0.0,1.0,0.0,0.0,0.0,1.0,0.0,0.0,0.0
1778,0.417,0.583,0.414,0.791,0.263,0.318,0.011,0.199,2,1,3,1,TRAIN,3,0.0,0.0,1.0,0.0,0.0,0.0,0.0,1.0,0.0,0.0,0.0,0.0,0.0,1.0,0.0
1779,0.216,0.46,0.281,1.0,0.307,0.567,0.014,0.135,3,3,0,1,TRAIN,3,0.0,0.0,0.0,1.0,0.0,0.0,0.0,0.0,0.0,1.0,1.0,0.0,0.0,0.0,0.0
1780,0.386,0.397,0.392,0.721,0.571,0.004,0.136,0.318,0,1,0,0,TRAIN,5,1.0,0.0,0.0,0.0,0.0,0.0,0.0,1.0,0.0,0.0,1.0,0.0,0.0,0.0,0.0
1781,0.944,0.297,0.607,1.0,0.483,0.0,0.106,0.531,3,0,0,0,TRAIN,7,0.0,0.0,0.0,1.0,0.0,0.0,1.0,0.0,0.0,0.0,1.0,0.0,0.0,0.0,0.0
1782,0.597,0.351,0.547,0.0,0.801,0.226,0.663,0.682,1,0,1,0,VAL,2,0.0,1.0,0.0,0.0,0.0,0.0,1.0,0.0,0.0,0.0,0.0,1.0,0.0,0.0,0.0
1783,0.405,0.494,0.455,0.739,0.431,0.341,0.075,0.346,2,0,3,1,TRAIN,3,0.0,0.0,1.0,0.0,0.0,0.0,1.0,0.0,0.0,0.0,0.0,0.0,0.0,1.0,0.0
1784,0.793,0.32,0.577,1.0,0.476,0.22,0.057,0.514,4,0,1,1,TRAIN,4,0.0,0.0,0.0,0.0,1.0,0.0,1.0,0.0,0.0,0.0,0.0,1.0,0.0,0.0,0.0
1785,0.623,0.36,0.638,0.417,0.768,0.297,0.314,0.594,0,0,0,0,VAL,7,1.0,0.0,0.0,0.0,0.0,0.0,1.0,0.0,0.0,0.0,1.0,0.0,0.0,0.0,0.0
1786,0.243,0.461,0.23,1.0,0.342,0.32,0.011,0.09,1,2,0,1,VAL,3,0.0,1.0,0.0,0.0,0.0,0.0,0.0,0.0,1.0,0.0,1.0,0.0,0.0,0.0,0.0
1787,0.455,0.585,0.493,0.712,0.521,0.569,0.028,0.414,1,2,0,1,TRAIN,3,0.0,1.0,0.0,0.0,0.0,0.0,0.0,0.0,1.0,0.0,1.0,0.0,0.0,0.0,0.0
1788,0.467,0.402,0.442,0.744,0.515,0.203,0.083,0.417,1,2,0,0,VAL,3,0.0,1.0,0.0,0.0,0.0,0.0,0.0,0.0,1.0,0.0,1.0,0.0,0.0,0.0,0.0
1789,0.341,0.532,0.361,0.92,0.339,0.548,0.021,0.179,2,3,0,0,VAL,3,0.0,0.0,1.0,0.0,0.0,0.0,0.0,0.0,0.0,1.0,1.0,0.0,0.0,0.0,0.0
1790,0.525,0.634,0.473,0.794,0.351,0.534,0.01,0.369,3,3,0,0,TRAIN,3,0.0,0.0,0.0,1.0,0.0,0.0,0.0,0.0,0.0,1.0,1.0,0.0,0.0,0.0,0.0
1791,0.537,0.38,0.492,0.161,0.673,0.129,0.41,0.515,2,1,4,0,TEST,2,0.0,0.0,1.0,0.0,0.0,0.0,0.0,1.0,0.0,0.0,0.0,0.0,0.0,0.0,1.0
1792,0.521,0.641,0.514,0.772,0.338,0.54,0.013,0.353,2,2,0,0,TRAIN,3,0.0,0.0,1.0,0.0,0.0,0.0,0.0,0.0,1.0,0.0,1.0,0.0,0.0,0.0,0.0
1793,0.785,0.226,0.602,0.86,0.673,0.0,0.36,0.622,5,0,0,0,TRAIN,7,0.0,0.0,0.0,0.0,0.0,1.0,1.0,0.0,0.0,0.0,1.0,0.0,0.0,0.0,0.0
1794,0.358,0.58,0.319,0.512,0.264,0.641,0.01,0.19,3,2,0,0,TRAIN,3,0.0,0.0,0.0,1.0,0.0,0.0,0.0,0.0,1.0,0.0,1.0,0.0,0.0,0.0,0.0
1795,0.431,0.573,0.409,0.44,0.355,0.356,0.067,0.3,1,2,0,0,TRAIN,3,0.0,1.0,0.0,0.0,0.0,0.0,0.0,0.0,1.0,0.0,1.0,0.0,0.0,0.0,0.0
1796,0.393,0.617,0.392,0.659,0.25,0.642,0.012,0.251,1,2,3,1,TRAIN,3,0.0,1.0,0.0,0.0,0.0,0.0,0.0,0.0,1.0,0.0,0.0,0.0,0.0,1.0,0.0
1797,0.329,0.496,0.357,0.799,0.404,0.468,0.024,0.249,3,0,0,0,TEST,3,0.0,0.0,0.0,1.0,0.0,0.0,1.0,0.0,0.0,0.0,1.0,0.0,0.0,0.0,0.0
1798,0.556,0.501,0.501,0.504,0.439,0.412,0.094,0.452,1,2,0,1,TEST,3,0.0,1.0,0.0,0.0,0.0,0.0,0.0,0.0,1.0,0.0,1.0,0.0,0.0,0.0,0.0
1799,0.074,0.434,0.258,0.807,0.337,0.286,0.021,0.073,3,2,3,1,TRAIN,3,0.0,0.0,0.0,1.0,0.0,0.0,0.0,0.0,1.0,0.0,0.0,0.0,0.0,1.0,0.0
1800,0.712,0.435,0.642,1.0,0.254,0.378,0.023,0.466,0,0,3,1,VAL,4,1.0,0.0,0.0,0.0,0.0,0.0,1.0,0.0,0.0,0.0,0.0,0.0,0.0,1.0,0.0
1801,0.775,0.271,0.497,0.976,0.472,0.0,0.131,0.455,0,0,0,0,TEST,7,1.0,0.0,0.0,0.0,0.0,0.0,1.0,0.0,0.0,0.0,1.0,0.0,0.0,0.0,0.0
1802,0.5,0.585,0.452,0.802,0.348,0.492,0.022,0.358,2,0,3,0,TRAIN,3,0.0,0.0,1.0,0.0,0.0,0.0,1.0,0.0,0.0,0.0,0.0,0.0,0.0,1.0,0.0
1803,0.459,0.54,0.344,0.665,0.279,0.686,0.025,0.245,3,2,3,0,TRAIN,3,0.0,0.0,0.0,1.0,0.0,0.0,0.0,0.0,1.0,0.0,0.0,0.0,0.0,1.0,0.0
1804,0.26,0.516,0.379,0.786,0.328,0.264,0.032,0.247,2,2,3,0,TRAIN,3,0.0,0.0,1.0,0.0,0.0,0.0,0.0,0.0,1.0,0.0,0.0,0.0,0.0,1.0,0.0
1805,0.881,0.317,0.722,0.438,0.732,0.171,0.515,0.793,0,0,3,0,TEST,7,1.0,0.0,0.0,0.0,0.0,0.0,1.0,0.0,0.0,0.0,0.0,0.0,0.0,1.0,0.0
1806,0.895,0.407,0.667,1.0,0.566,0.337,0.062,0.555,0,0,1,1,TRAIN,4,1.0,0.0,0.0,0.0,0.0,0.0,1.0,0.0,0.0,0.0,0.0,1.0,0.0,0.0,0.0
1807,0.946,0.371,0.662,0.949,0.512,0.071,0.191,0.57,5,1,0,1,TRAIN,7,0.0,0.0,0.0,0.0,0.0,1.0,0.0,1.0,0.0,0.0,1.0,0.0,0.0,0.0,0.0
1808,0.732,0.222,0.594,1.0,0.484,0.105,0.116,0.497,0,3,0,1,VAL,7,1.0,0.0,0.0,0.0,0.0,0.0,0.0,0.0,0.0,1.0,1.0,0.0,0.0,0.0,0.0
1809,0.293,0.56,0.274,0.849,0.269,0.477,0.006,0.191,3,0,0,0,VAL,3,0.0,0.0,0.0,1.0,0.0,0.0,1.0,0.0,0.0,0.0,1.0,0.0,0.0,0.0,0.0
1810,0.107,0.448,0.244,0.642,0.342,0.352,0.025,0.114,2,1,0,0,TEST,5,0.0,0.0,1.0,0.0,0.0,0.0,0.0,1.0,0.0,0.0,1.0,0.0,0.0,0.0,0.0
1811,0.357,0.429,0.374,0.636,0.453,0.376,0.073,0.236,0,2,0,0,TEST,3,1.0,0.0,0.0,0.0,0.0,0.0,0.0,0.0,1.0,0.0,1.0,0.0,0.0,0.0,0.0
1812,0.113,0.468,0.309,0.881,0.339,0.359,0.039,0.168,2,2,0,1,TRAIN,3,0.0,0.0,1.0,0.0,0.0,0.0,0.0,0.0,1.0,0.0,1.0,0.0,0.0,0.0,0.0
1813,0.325,0.361,0.287,0.759,0.442,0.285,0.054,0.203,3,2,0,0,VAL,3,0.0,0.0,0.0,1.0,0.0,0.0,0.0,0.0,1.0,0.0,1.0,0.0,0.0,0.0,0.0
1814,0.25,0.505,0.31,0.619,0.326,0.619,0.02,0.145,1,2,0,1,VAL,3,0.0,1.0,0.0,0.0,0.0,0.0,0.0,0.0,1.0,0.0,1.0,0.0,0.0,0.0,0.0
1815,0.528,0.548,0.44,0.521,0.389,0.621,0.057,0.344,3,3,0,0,TRAIN,3,0.0,0.0,0.0,1.0,0.0,0.0,0.0,0.0,0.0,1.0,1.0,0.0,0.0,0.0,0.0
1816,0.348,0.57,0.216,1.0,0.21,0.613,0.003,0.082,3,1,1,1,TRAIN,8,0.0,0.0,0.0,1.0,0.0,0.0,0.0,1.0,0.0,0.0,0.0,1.0,0.0,0.0,0.0
1817,0.497,0.858,0.55,0.0,0.413,1.0,0.05,0.453,3,2,1,0,TRAIN,6,0.0,0.0,0.0,1.0,0.0,0.0,0.0,0.0,1.0,0.0,0.0,1.0,0.0,0.0,0.0
1818,0.642,0.279,0.459,0.703,0.568,0.17,0.167,0.52,0,1,0,1,TRAIN,7,1.0,0.0,0.0,0.0,0.0,0.0,0.0,1.0,0.0,0.0,1.0,0.0,0.0,0.0,0.0
1819,0.315,0.509,0.312,0.79,0.413,0.489,0.019,0.219,1,3,0,1,TEST,3,0.0,1.0,0.0,0.0,0.0,0.0,0.0,0.0,0.0,1.0,1.0,0.0,0.0,0.0,0.0
1820,0.2,0.523,0.389,0.823,0.307,0.462,0.03,0.217,2,3,3,0,TEST,3,0.0,0.0,1.0,0.0,0.0,0.0,0.0,0.0,0.0,1.0,0.0,0.0,0.0,1.0,0.0
1821,0.814,0.318,0.659,0.713,0.636,0.003,0.324,0.691,2,3,0,0,TEST,7,0.0,0.0,1.0,0.0,0.0,0.0,0.0,0.0,0.0,1.0,1.0,0.0,0.0,0.0,0.0
1822,0.409,0.548,0.378,0.568,0.257,0.557,0.066,0.272,2,1,3,0,TEST,3,0.0,0.0,1.0,0.0,0.0,0.0,0.0,1.0,0.0,0.0,0.0,0.0,0.0,1.0,0.0
1823,0.552,0.604,0.534,0.453,0.505,0.565,0.049,0.447,3,2,3,1,TRAIN,3,0.0,0.0,0.0,1.0,0.0,0.0,0.0,0.0,1.0,0.0,0.0,0.0,0.0,1.0,0.0
1824,0.538,0.508,0.608,0.0,0.743,0.366,0.59,0.588,1,1,4,1,TRAIN,2,0.0,1.0,0.0,0.0,0.0,0.0,0.0,1.0,0.0,0.0,0.0,0.0,0.0,0.0,1.0
1825,0.363,0.204,0.319,0.929,0.549,0.0,0.262,0.256,0,0,0,1,TRAIN,7,1.0,0.0,0.0,0.0,0.0,0.0,1.0,0.0,0.0,0.0,1.0,0.0,0.0,0.0,0.0
1826,0.726,0.72,0.726,0.0,0.735,0.778,0.451,0.821,2,2,0,0,VAL,6,0.0,0.0,1.0,0.0,0.0,0.0,0.0,0.0,1.0,0.0,1.0,0.0,0.0,0.0,0.0
1827,0.482,0.757,0.478,0.0,0.647,0.73,0.285,0.562,2,2,0,0,TEST,6,0.0,0.0,1.0,0.0,0.0,0.0,0.0,0.0,1.0,0.0,1.0,0.0,0.0,0.0,0.0
1828,0.64,0.608,0.564,0.533,0.447,0.59,0.021,0.484,3,3,0,0,TEST,3,0.0,0.0,0.0,1.0,0.0,0.0,0.0,0.0,0.0,1.0,1.0,0.0,0.0,0.0,0.0
1829,0.501,0.46,0.442,0.843,0.433,0.41,0.011,0.333,2,2,3,0,TRAIN,3,0.0,0.0,1.0,0.0,0.0,0.0,0.0,0.0,1.0,0.0,0.0,0.0,0.0,1.0,0.0
1830,0.565,0.549,0.415,0.628,0.531,0.339,0.031,0.383,2,2,3,0,TRAIN,3,0.0,0.0,1.0,0.0,0.0,0.0,0.0,0.0,1.0,0.0,0.0,0.0,0.0,1.0,0.0
1831,0.749,0.263,0.607,0.47,0.798,0.212,0.462,0.683,0,1,0,0,TEST,7,1.0,0.0,0.0,0.0,0.0,0.0,0.0,1.0,0.0,0.0,1.0,0.0,0.0,0.0,0.0
1832,0.38,0.521,0.404,0.0,0.707,0.387,0.523,0.53,1,1,1,0,TRAIN,2,0.0,1.0,0.0,0.0,0.0,0.0,0.0,1.0,0.0,0.0,0.0,1.0,0.0,0.0,0.0
1833,0.416,0.609,0.443,0.064,0.46,0.749,0.101,0.501,3,1,4,0,TRAIN,2,0.0,0.0,0.0,1.0,0.0,0.0,0.0,1.0,0.0,0.0,0.0,0.0,0.0,0.0,1.0
1834,0.64,0.805,0.617,0.0,0.596,1.0,0.206,0.555,3,2,2,1,TEST,6,0.0,0.0,0.0,1.0,0.0,0.0,0.0,0.0,1.0,0.0,0.0,0.0,1.0,0.0,0.0
1835,0.574,0.815,0.626,0.0,0.606,0.847,0.088,0.546,2,2,1,1,TRAIN,6,0.0,0.0,1.0,0.0,0.0,0.0,0.0,0.0,1.0,0.0,0.0,1.0,0.0,0.0,0.0
1836,0.253,0.564,0.392,0.881,0.337,0.457,0.01,0.245,2,3,0,1,VAL,3,0.0,0.0,1.0,0.0,0.0,0.0,0.0,0.0,0.0,1.0,1.0,0.0,0.0,0.0,0.0
1837,0.293,0.56,0.472,0.878,0.29,0.519,0.006,0.209,3,3,0,1,TEST,3,0.0,0.0,0.0,1.0,0.0,0.0,0.0,0.0,0.0,1.0,1.0,0.0,0.0,0.0,0.0
1838,0.408,0.549,0.439,0.463,0.364,0.438,0.065,0.274,3,0,3,0,TRAIN,3,0.0,0.0,0.0,1.0,0.0,0.0,1.0,0.0,0.0,0.0,0.0,0.0,0.0,1.0,0.0
1839,0.355,0.518,0.422,0.718,0.45,0.606,0.032,0.251,3,2,0,0,VAL,3,0.0,0.0,0.0,1.0,0.0,0.0,0.0,0.0,1.0,0.0,1.0,0.0,0.0,0.0,0.0
1840,0.466,0.466,0.345,0.752,0.458,0.546,0.032,0.323,3,2,0,0,TEST,3,0.0,0.0,0.0,1.0,0.0,0.0,0.0,0.0,1.0,0.0,1.0,0.0,0.0,0.0,0.0
1841,0.191,0.528,0.348,0.771,0.225,0.511,0.022,0.189,2,2,3,0,TRAIN,3,0.0,0.0,1.0,0.0,0.0,0.0,0.0,0.0,1.0,0.0,0.0,0.0,0.0,1.0,0.0
1842,0.557,0.199,0.372,1.0,0.395,0.023,0.109,0.325,0,0,0,1,TRAIN,7,1.0,0.0,0.0,0.0,0.0,0.0,1.0,0.0,0.0,0.0,1.0,0.0,0.0,0.0,0.0
1843,0.015,0.33,0.744,1.0,0.449,0.019,0.209,0.609,4,3,0,1,TRAIN,4,0.0,0.0,0.0,0.0,1.0,0.0,0.0,0.0,0.0,1.0,1.0,0.0,0.0,0.0,0.0
1844,0.619,0.389,0.527,1.0,0.272,0.283,0.053,0.446,0,0,1,0,VAL,4,1.0,0.0,0.0,0.0,0.0,0.0,1.0,0.0,0.0,0.0,0.0,1.0,0.0,0.0,0.0
1845,0.961,0.48,0.163,0.519,0.265,0.342,0.02,0.063,2,0,1,0,TRAIN,8,0.0,0.0,1.0,0.0,0.0,0.0,1.0,0.0,0.0,0.0,0.0,1.0,0.0,0.0,0.0
1846,0.439,0.602,0.494,0.564,0.327,0.499,0.023,0.299,2,2,0,0,TRAIN,3,0.0,0.0,1.0,0.0,0.0,0.0,0.0,0.0,1.0,0.0,1.0,0.0,0.0,0.0,0.0
1847,0.629,0.572,0.412,0.443,0.416,0.743,0.052,0.329,2,2,0,0,TRAIN,3,0.0,0.0,1.0,0.0,0.0,0.0,0.0,0.0,1.0,0.0,1.0,0.0,0.0,0.0,0.0
1848,0.54,0.799,0.576,0.0,0.527,0.961,0.194,0.64,2,2,1,1,TRAIN,6,0.0,0.0,1.0,0.0,0.0,0.0,0.0,0.0,1.0,0.0,0.0,1.0,0.0,0.0,0.0
1849,0.512,0.567,0.387,0.969,0.334,0.48,0.01,0.259,1,1,3,0,TRAIN,5,0.0,1.0,0.0,0.0,0.0,0.0,0.0,1.0,0.0,0.0,0.0,0.0,0.0,1.0,0.0
1850,0.447,0.562,0.397,0.715,0.297,0.594,0.034,0.274,3,0,1,0,TRAIN,3,0.0,0.0,0.0,1.0,0.0,0.0,1.0,0.0,0.0,0.0,0.0,1.0,0.0,0.0,0.0
1851,0.47,0.567,0.475,0.695,0.312,0.524,0.022,0.263,2,2,0,1,TEST,3,0.0,0.0,1.0,0.0,0.0,0.0,0.0,0.0,1.0,0.0,1.0,0.0,0.0,0.0,0.0
1852,0.424,0.467,0.534,0.522,0.413,0.429,0.068,0.362,3,2,0,1,TRAIN,3,0.0,0.0,0.0,1.0,0.0,0.0,0.0,0.0,1.0,0.0,1.0,0.0,0.0,0.0,0.0
1853,0.534,0.563,0.576,0.734,0.408,0.601,0.026,0.367,2,2,0,1,TRAIN,3,0.0,0.0,1.0,0.0,0.0,0.0,0.0,0.0,1.0,0.0,1.0,0.0,0.0,0.0,0.0
1854,0.447,0.451,0.356,0.573,0.457,0.387,0.044,0.229,2,2,0,0,TRAIN,3,0.0,0.0,1.0,0.0,0.0,0.0,0.0,0.0,1.0,0.0,1.0,0.0,0.0,0.0,0.0
1855,0.376,0.512,0.443,0.764,0.371,0.347,0.052,0.224,2,2,0,1,TRAIN,3,0.0,0.0,1.0,0.0,0.0,0.0,0.0,0.0,1.0,0.0,1.0,0.0,0.0,0.0,0.0
1856,0.559,0.543,0.474,0.729,0.389,0.342,0.099,0.422,2,2,0,0,TEST,3,0.0,0.0,1.0,0.0,0.0,0.0,0.0,0.0,1.0,0.0,1.0,0.0,0.0,0.0,0.0
1857,0.916,0.191,0.672,1.0,0.696,0.0,0.318,0.563,0,0,0,0,TRAIN,7,1.0,0.0,0.0,0.0,0.0,0.0,1.0,0.0,0.0,0.0,1.0,0.0,0.0,0.0,0.0
1858,0.219,0.582,0.366,0.797,0.306,0.533,0.005,0.13,1,3,1,1,VAL,3,0.0,1.0,0.0,0.0,0.0,0.0,0.0,0.0,0.0,1.0,0.0,1.0,0.0,0.0,0.0
1859,0.288,0.538,0.386,0.695,0.354,0.534,0.018,0.171,1,0,0,0,TRAIN,3,0.0,1.0,0.0,0.0,0.0,0.0,1.0,0.0,0.0,0.0,1.0,0.0,0.0,0.0,0.0
1860,0.16,0.877,0.422,0.0,0.432,1.0,0.009,0.263,0,2,1,0,TRAIN,6,1.0,0.0,0.0,0.0,0.0,0.0,0.0,0.0,1.0,0.0,0.0,1.0,0.0,0.0,0.0
1861,0.285,0.512,0.344,1.0,0.386,0.488,0.025,0.191,3,2,1,0,TEST,3,0.0,0.0,0.0,1.0,0.0,0.0,0.0,0.0,1.0,0.0,0.0,1.0,0.0,0.0,0.0
1862,0.165,0.575,0.345,0.817,0.247,0.686,0.013,0.155,3,2,0,0,VAL,3,0.0,0.0,0.0,1.0,0.0,0.0,0.0,0.0,1.0,0.0,1.0,0.0,0.0,0.0,0.0
1863,0.604,0.352,0.552,1.0,0.395,0.205,0.06,0.397,0,3,1,1,TEST,4,1.0,0.0,0.0,0.0,0.0,0.0,0.0,0.0,0.0,1.0,0.0,1.0,0.0,0.0,0.0
1864,0.073,0.515,0.258,1.0,0.0,0.429,0.002,0.037,3,3,0,1,TRAIN,3,0.0,0.0,0.0,1.0,0.0,0.0,0.0,0.0,0.0,1.0,1.0,0.0,0.0,0.0,0.0
1865,0.319,0.624,0.393,0.472,0.38,0.435,0.023,0.291,3,2,0,0,VAL,3,0.0,0.0,0.0,1.0,0.0,0.0,0.0,0.0,1.0,0.0,1.0,0.0,0.0,0.0,0.0
1866,0.292,0.531,0.306,0.819,0.326,0.569,0.007,0.125,3,2,3,0,TRAIN,3,0.0,0.0,0.0,1.0,0.0,0.0,0.0,0.0,1.0,0.0,0.0,0.0,0.0,1.0,0.0
1867,0.247,0.484,0.282,0.948,0.182,0.437,0.015,0.1,1,1,1,1,TEST,8,0.0,1.0,0.0,0.0,0.0,0.0,0.0,1.0,0.0,0.0,0.0,1.0,0.0,0.0,0.0
1868,0.317,0.533,0.181,0.922,0.31,0.528,0.008,0.141,2,2,0,0,VAL,3,0.0,0.0,1.0,0.0,0.0,0.0,0.0,0.0,1.0,0.0,1.0,0.0,0.0,0.0,0.0
1869,0.426,0.761,0.531,0.0,0.68,0.888,0.201,0.673,0,2,1,1,VAL,6,1.0,0.0,0.0,0.0,0.0,0.0,0.0,0.0,1.0,0.0,0.0,1.0,0.0,0.0,0.0
1870,0.042,0.548,0.17,0.84,0.213,0.332,0.005,0.053,2,1,4,0,TRAIN,8,0.0,0.0,1.0,0.0,0.0,0.0,0.0,1.0,0.0,0.0,0.0,0.0,0.0,0.0,1.0
1871,0.441,0.552,0.465,0.584,0.429,0.66,0.023,0.284,1,2,3,0,TEST,3,0.0,1.0,0.0,0.0,0.0,0.0,0.0,0.0,1.0,0.0,0.0,0.0,0.0,1.0,0.0
1872,0.035,0.389,0.26,0.763,0.233,0.264,0.016,0.069,2,1,1,0,TRAIN,8,0.0,0.0,1.0,0.0,0.0,0.0,0.0,1.0,0.0,0.0,0.0,1.0,0.0,0.0,0.0
1873,0.436,0.559,0.463,0.606,0.533,0.545,0.038,0.403,2,3,0,0,TRAIN,3,0.0,0.0,1.0,0.0,0.0,0.0,0.0,0.0,0.0,1.0,1.0,0.0,0.0,0.0,0.0
1874,0.483,0.538,0.458,0.494,0.392,0.412,0.093,0.381,1,2,0,0,VAL,3,0.0,1.0,0.0,0.0,0.0,0.0,0.0,0.0,1.0,0.0,1.0,0.0,0.0,0.0,0.0
1875,0.172,0.433,0.326,0.864,0.283,0.31,0.032,0.09,3,2,0,0,VAL,3,0.0,0.0,0.0,1.0,0.0,0.0,0.0,0.0,1.0,0.0,1.0,0.0,0.0,0.0,0.0
1876,0.231,0.436,0.204,0.809,0.33,0.323,0.024,0.109,1,2,0,0,VAL,3,0.0,1.0,0.0,0.0,0.0,0.0,0.0,0.0,1.0,0.0,1.0,0.0,0.0,0.0,0.0
1877,0.359,0.491,0.45,0.699,0.368,0.555,0.023,0.268,5,0,0,0,TRAIN,3,0.0,0.0,0.0,0.0,0.0,1.0,1.0,0.0,0.0,0.0,1.0,0.0,0.0,0.0,0.0
1878,0.38,0.419,0.424,0.667,0.426,0.331,0.079,0.289,3,2,0,0,TRAIN,3,0.0,0.0,0.0,1.0,0.0,0.0,0.0,0.0,1.0,0.0,1.0,0.0,0.0,0.0,0.0
1879,0.586,0.848,0.571,0.0,0.55,0.963,0.055,0.577,0,1,0,1,TEST,6,1.0,0.0,0.0,0.0,0.0,0.0,0.0,1.0,0.0,0.0,1.0,0.0,0.0,0.0,0.0
1880,0.45,0.62,0.481,0.858,0.376,0.453,0.01,0.21,2,2,3,1,VAL,3,0.0,0.0,1.0,0.0,0.0,0.0,0.0,0.0,1.0,0.0,0.0,0.0,0.0,1.0,0.0
1881,0.551,0.52,0.518,0.706,0.404,0.483,0.028,0.344,2,2,0,1,TRAIN,3,0.0,0.0,1.0,0.0,0.0,0.0,0.0,0.0,1.0,0.0,1.0,0.0,0.0,0.0,0.0
1882,0.505,0.544,0.407,0.624,0.393,0.594,0.039,0.311,3,2,0,0,TEST,3,0.0,0.0,0.0,1.0,0.0,0.0,0.0,0.0,1.0,0.0,1.0,0.0,0.0,0.0,0.0
1883,0.209,0.502,0.236,0.258,0.356,0.493,0.073,0.198,1,1,0,0,TRAIN,5,0.0,1.0,0.0,0.0,0.0,0.0,0.0,1.0,0.0,0.0,1.0,0.0,0.0,0.0,0.0
1884,0.597,0.538,0.504,0.589,0.393,0.558,0.025,0.411,2,2,0,0,TRAIN,3,0.0,0.0,1.0,0.0,0.0,0.0,0.0,0.0,1.0,0.0,1.0,0.0,0.0,0.0,0.0
1885,0.549,0.355,0.403,0.623,0.499,0.291,0.238,0.453,0,3,0,1,TEST,7,1.0,0.0,0.0,0.0,0.0,0.0,0.0,0.0,0.0,1.0,1.0,0.0,0.0,0.0,0.0
1886,0.555,0.446,0.417,0.553,0.569,0.483,0.046,0.43,2,2,0,0,TEST,3,0.0,0.0,1.0,0.0,0.0,0.0,0.0,0.0,1.0,0.0,1.0,0.0,0.0,0.0,0.0
1887,0.27,0.591,0.265,0.869,0.165,0.399,0.01,0.139,2,1,4,0,VAL,5,0.0,0.0,1.0,0.0,0.0,0.0,0.0,1.0,0.0,0.0,0.0,0.0,0.0,0.0,1.0
1888,0.351,0.217,0.216,0.895,0.492,0.161,0.207,0.292,0,0,1,0,TEST,7,1.0,0.0,0.0,0.0,0.0,0.0,1.0,0.0,0.0,0.0,0.0,1.0,0.0,0.0,0.0
1889,0.492,0.565,0.417,0.916,0.265,0.529,0.015,0.223,3,2,0,0,TRAIN,3,0.0,0.0,0.0,1.0,0.0,0.0,0.0,0.0,1.0,0.0,1.0,0.0,0.0,0.0,0.0
1890,0.318,0.436,0.361,0.733,0.386,0.287,0.032,0.243,3,2,0,0,TRAIN,3,0.0,0.0,0.0,1.0,0.0,0.0,0.0,0.0,1.0,0.0,1.0,0.0,0.0,0.0,0.0
1891,0.631,0.785,0.61,0.0,0.599,0.936,0.202,0.622,0,2,2,1,TRAIN,6,1.0,0.0,0.0,0.0,0.0,0.0,0.0,0.0,1.0,0.0,0.0,0.0,1.0,0.0,0.0
1892,0.97,0.54,0.185,0.451,0.267,0.756,0.006,0.015,1,2,2,0,TRAIN,5,0.0,1.0,0.0,0.0,0.0,0.0,0.0,0.0,1.0,0.0,0.0,0.0,1.0,0.0,0.0
1893,0.44,0.55,0.503,0.739,0.456,0.58,0.02,0.334,3,3,3,1,TEST,3,0.0,0.0,0.0,1.0,0.0,0.0,0.0,0.0,0.0,1.0,0.0,0.0,0.0,1.0,0.0
1894,0.434,0.565,0.362,0.674,0.314,0.469,0.032,0.189,5,2,1,0,TEST,3,0.0,0.0,0.0,0.0,0.0,1.0,0.0,0.0,1.0,0.0,0.0,1.0,0.0,0.0,0.0
1895,0.066,0.408,0.775,0.753,0.719,0.194,0.274,0.849,5,1,3,0,TRAIN,7,0.0,0.0,0.0,0.0,0.0,1.0,0.0,1.0,0.0,0.0,0.0,0.0,0.0,1.0,0.0
1896,0.053,0.269,0.21,0.451,0.433,0.05,0.24,0.163,5,0,0,1,TRAIN,7,0.0,0.0,0.0,0.0,0.0,1.0,1.0,0.0,0.0,0.0,1.0,0.0,0.0,0.0,0.0
1897,0.386,0.475,0.313,0.794,0.381,0.295,0.031,0.215,3,2,0,0,VAL,3,0.0,0.0,0.0,1.0,0.0,0.0,0.0,0.0,1.0,0.0,1.0,0.0,0.0,0.0,0.0
1898,0.545,0.906,0.576,0.0,0.379,0.943,0.014,0.551,3,2,0,1,TEST,6,0.0,0.0,0.0,1.0,0.0,0.0,0.0,0.0,1.0,0.0,1.0,0.0,0.0,0.0,0.0
1899,0.412,0.509,0.409,0.583,0.371,0.441,0.064,0.333,3,2,0,1,TRAIN,3,0.0,0.0,0.0,1.0,0.0,0.0,0.0,0.0,1.0,0.0,1.0,0.0,0.0,0.0,0.0
1900,0.327,0.748,0.428,0.0,0.428,0.993,0.031,0.295,0,0,0,0,VAL,1,1.0,0.0,0.0,0.0,0.0,0.0,1.0,0.0,0.0,0.0,1.0,0.0,0.0,0.0,0.0
1901,0.405,0.515,0.351,0.562,0.402,0.55,0.055,0.308,1,2,0,0,TEST,3,0.0,1.0,0.0,0.0,0.0,0.0,0.0,0.0,1.0,0.0,1.0,0.0,0.0,0.0,0.0
1902,0.197,0.493,0.237,0.926,0.209,0.534,0.005,0.13,3,2,3,0,TEST,3,0.0,0.0,0.0,1.0,0.0,0.0,0.0,0.0,1.0,0.0,0.0,0.0,0.0,1.0,0.0
1903,0.419,0.86,0.583,0.0,0.594,1.0,0.067,0.547,2,2,0,1,VAL,6,0.0,0.0,1.0,0.0,0.0,0.0,0.0,0.0,1.0,0.0,1.0,0.0,0.0,0.0,0.0
1904,0.4,0.588,0.438,0.79,0.183,0.48,0.02,0.315,2,2,0,0,TRAIN,3,0.0,0.0,1.0,0.0,0.0,0.0,0.0,0.0,1.0,0.0,1.0,0.0,0.0,0.0,0.0
1905,0.353,0.572,0.259,0.586,0.409,0.572,0.009,0.217,5,2,0,0,TEST,3,0.0,0.0,0.0,0.0,0.0,1.0,0.0,0.0,1.0,0.0,1.0,0.0,0.0,0.0,0.0
1906,0.952,0.32,0.724,0.931,0.682,0.104,0.198,0.767,0,0,0,1,TEST,7,1.0,0.0,0.0,0.0,0.0,0.0,1.0,0.0,0.0,0.0,1.0,0.0,0.0,0.0,0.0
1907,0.266,0.481,0.345,0.789,0.378,0.305,0.01,0.16,2,2,0,0,TRAIN,3,0.0,0.0,1.0,0.0,0.0,0.0,0.0,0.0,1.0,0.0,1.0,0.0,0.0,0.0,0.0
1908,0.351,0.536,0.392,1.0,0.279,0.487,0.009,0.227,2,3,2,0,TRAIN,5,0.0,0.0,1.0,0.0,0.0,0.0,0.0,0.0,0.0,1.0,0.0,0.0,1.0,0.0,0.0
1909,0.533,0.784,0.566,0.0,0.575,0.785,0.184,0.557,0,2,1,1,TEST,6,1.0,0.0,0.0,0.0,0.0,0.0,0.0,0.0,1.0,0.0,0.0,1.0,0.0,0.0,0.0
1910,0.868,0.458,0.713,1.0,0.448,0.409,0.036,0.58,0,0,0,0,TRAIN,7,1.0,0.0,0.0,0.0,0.0,0.0,1.0,0.0,0.0,0.0,1.0,0.0,0.0,0.0,0.0
1911,0.592,0.219,0.478,1.0,0.512,0.02,0.072,0.299,0,0,3,0,TEST,7,1.0,0.0,0.0,0.0,0.0,0.0,1.0,0.0,0.0,0.0,0.0,0.0,0.0,1.0,0.0
1912,0.453,0.41,0.427,0.162,0.706,0.174,0.395,0.573,0,0,0,0,TEST,7,1.0,0.0,0.0,0.0,0.0,0.0,1.0,0.0,0.0,0.0,1.0,0.0,0.0,0.0,0.0
1913,0.492,0.544,0.469,0.583,0.444,0.473,0.087,0.351,1,3,3,0,TEST,3,0.0,1.0,0.0,0.0,0.0,0.0,0.0,0.0,0.0,1.0,0.0,0.0,0.0,1.0,0.0
1914,0.557,0.241,0.401,0.497,0.46,0.0,0.519,0.434,0,3,0,1,TRAIN,7,1.0,0.0,0.0,0.0,0.0,0.0,0.0,0.0,0.0,1.0,1.0,0.0,0.0,0.0,0.0
1915,0.486,0.417,0.441,0.007,0.602,0.438,0.355,0.515,2,1,1,1,TEST,2,0.0,0.0,1.0,0.0,0.0,0.0,0.0,1.0,0.0,0.0,0.0,1.0,0.0,0.0,0.0
1916,0.559,0.45,0.514,0.0,0.634,0.384,0.437,0.53,0,1,1,0,TRAIN,2,1.0,0.0,0.0,0.0,0.0,0.0,0.0,1.0,0.0,0.0,0.0,1.0,0.0,0.0,0.0
1917,0.553,0.815,0.637,0.0,0.607,0.919,0.186,0.625,0,2,1,1,TRAIN,6,1.0,0.0,0.0,0.0,0.0,0.0,0.0,0.0,1.0,0.0,0.0,1.0,0.0,0.0,0.0
1918,0.716,0.408,0.624,1.0,0.557,0.35,0.073,0.522,3,0,4,1,VAL,4,0.0,0.0,0.0,1.0,0.0,0.0,1.0,0.0,0.0,0.0,0.0,0.0,0.0,0.0,1.0
1919,0.43,0.472,0.386,0.817,0.344,0.473,0.034,0.233,2,2,0,0,TRAIN,3,0.0,0.0,1.0,0.0,0.0,0.0,0.0,0.0,1.0,0.0,1.0,0.0,0.0,0.0,0.0
1920,0.103,0.516,0.268,0.498,0.314,0.466,0.027,0.12,2,1,2,0,TRAIN,5,0.0,0.0,1.0,0.0,0.0,0.0,0.0,1.0,0.0,0.0,0.0,0.0,1.0,0.0,0.0
1921,0.845,0.282,0.632,0.991,0.604,0.173,0.206,0.633,0,3,0,0,TRAIN,7,1.0,0.0,0.0,0.0,0.0,0.0,0.0,0.0,0.0,1.0,1.0,0.0,0.0,0.0,0.0
1922,0.321,0.623,0.216,0.968,0.285,0.438,0.003,0.128,2,1,1,1,TRAIN,8,0.0,0.0,1.0,0.0,0.0,0.0,0.0,1.0,0.0,0.0,0.0,1.0,0.0,0.0,0.0
1923,0.398,0.341,0.401,1.0,0.434,0.229,0.083,0.338,3,2,1,0,VAL,5,0.0,0.0,0.0,1.0,0.0,0.0,0.0,0.0,1.0,0.0,0.0,1.0,0.0,0.0,0.0
1924,0.601,0.79,0.616,0.0,0.686,1.0,0.151,0.656,2,3,3,1,TEST,6,0.0,0.0,1.0,0.0,0.0,0.0,0.0,0.0,0.0,1.0,0.0,0.0,0.0,1.0,0.0
1925,0.148,0.429,0.304,0.89,0.41,0.256,0.029,0.241,2,3,1,0,TRAIN,5,0.0,0.0,1.0,0.0,0.0,0.0,0.0,0.0,0.0,1.0,0.0,1.0,0.0,0.0,0.0
1926,0.596,0.578,0.547,0.487,0.498,0.6,0.042,0.382,2,3,3,0,TRAIN,3,0.0,0.0,1.0,0.0,0.0,0.0,0.0,0.0,0.0,1.0,0.0,0.0,0.0,1.0,0.0
1927,0.534,0.632,0.469,0.669,0.413,0.72,0.023,0.342,2,0,0,1,VAL,3,0.0,0.0,1.0,0.0,0.0,0.0,1.0,0.0,0.0,0.0,1.0,0.0,0.0,0.0,0.0
1928,0.562,0.499,0.486,0.846,0.46,0.471,0.07,0.391,1,2,3,0,VAL,3,0.0,1.0,0.0,0.0,0.0,0.0,0.0,0.0,1.0,0.0,0.0,0.0,0.0,1.0,0.0
1929,0.275,0.45,0.38,1.0,0.181,0.174,0.015,0.188,0,1,2,0,TRAIN,5,1.0,0.0,0.0,0.0,0.0,0.0,0.0,1.0,0.0,0.0,0.0,0.0,1.0,0.0,0.0
1930,0.227,0.511,0.377,0.539,0.356,0.535,0.036,0.225,3,1,0,1,TEST,3,0.0,0.0,0.0,1.0,0.0,0.0,0.0,1.0,0.0,0.0,1.0,0.0,0.0,0.0,0.0
1931,0.11,0.859,0.242,0.0,0.321,1.0,0.011,0.101,0,0,1,1,TRAIN,1,1.0,0.0,0.0,0.0,0.0,0.0,1.0,0.0,0.0,0.0,0.0,1.0,0.0,0.0,0.0
1932,0.771,0.257,0.534,1.0,0.471,0.0,0.174,0.465,5,1,0,0,TEST,7,0.0,0.0,0.0,0.0,0.0,1.0,0.0,1.0,0.0,0.0,1.0,0.0,0.0,0.0,0.0
1933,0.523,0.531,0.462,0.798,0.364,0.469,0.061,0.397,3,3,2,0,TEST,3,0.0,0.0,0.0,1.0,0.0,0.0,0.0,0.0,0.0,1.0,0.0,0.0,1.0,0.0,0.0
1934,0.527,0.253,0.488,1.0,0.435,0.16,0.084,0.379,0,0,0,1,VAL,4,1.0,0.0,0.0,0.0,0.0,0.0,1.0,0.0,0.0,0.0,1.0,0.0,0.0,0.0,0.0
1935,0.477,0.902,0.595,0.0,0.555,0.958,0.057,0.519,2,0,0,1,TRAIN,6,0.0,0.0,1.0,0.0,0.0,0.0,1.0,0.0,0.0,0.0,1.0,0.0,0.0,0.0,0.0
1936,0.554,0.469,0.434,0.687,0.396,0.372,0.071,0.317,1,2,3,0,TRAIN,3,0.0,1.0,0.0,0.0,0.0,0.0,0.0,0.0,1.0,0.0,0.0,0.0,0.0,1.0,0.0
1937,0.582,0.6,0.565,0.591,0.48,0.44,0.04,0.535,3,2,0,1,TRAIN,3,0.0,0.0,0.0,1.0,0.0,0.0,0.0,0.0,1.0,0.0,1.0,0.0,0.0,0.0,0.0
1938,0.862,0.512,0.219,1.0,0.26,0.441,0.004,0.002,2,0,1,0,TRAIN,8,0.0,0.0,1.0,0.0,0.0,0.0,1.0,0.0,0.0,0.0,0.0,1.0,0.0,0.0,0.0
1939,0.31,0.65,0.405,0.842,0.165,0.639,0.002,0.192,2,2,3,0,TRAIN,3,0.0,0.0,1.0,0.0,0.0,0.0,0.0,0.0,1.0,0.0,0.0,0.0,0.0,1.0,0.0
1940,0.455,0.522,0.412,0.48,0.485,0.666,0.046,0.293,0,1,0,1,TEST,3,1.0,0.0,0.0,0.0,0.0,0.0,0.0,1.0,0.0,0.0,1.0,0.0,0.0,0.0,0.0
1941,0.649,0.379,0.519,0.466,0.594,0.321,0.245,0.563,0,0,0,0,TEST,7,1.0,0.0,0.0,0.0,0.0,0.0,1.0,0.0,0.0,0.0,1.0,0.0,0.0,0.0,0.0
1942,0.54,0.698,0.642,0.459,0.46,0.566,0.027,0.544,1,2,0,0,TRAIN,3,0.0,1.0,0.0,0.0,0.0,0.0,0.0,0.0,1.0,0.0,1.0,0.0,0.0,0.0,0.0
1943,0.474,0.56,0.481,0.421,0.422,0.57,0.065,0.414,3,2,2,1,VAL,3,0.0,0.0,0.0,1.0,0.0,0.0,0.0,0.0,1.0,0.0,0.0,0.0,1.0,0.0,0.0
1944,0.344,0.565,0.446,0.641,0.42,0.723,0.042,0.285,2,2,0,0,TEST,3,0.0,0.0,1.0,0.0,0.0,0.0,0.0,0.0,1.0,0.0,1.0,0.0,0.0,0.0,0.0
1945,0.487,0.542,0.471,0.506,0.338,0.476,0.032,0.348,3,2,3,0,TRAIN,3,0.0,0.0,0.0,1.0,0.0,0.0,0.0,0.0,1.0,0.0,0.0,0.0,0.0,1.0,0.0
1946,0.263,0.43,0.34,0.826,0.469,0.433,0.057,0.231,3,2,0,0,TEST,3,0.0,0.0,0.0,1.0,0.0,0.0,0.0,0.0,1.0,0.0,1.0,0.0,0.0,0.0,0.0
1947,0.52,0.639,0.506,0.0,0.516,0.757,0.063,0.47,0,0,1,0,TRAIN,1,1.0,0.0,0.0,0.0,0.0,0.0,1.0,0.0,0.0,0.0,0.0,1.0,0.0,0.0,0.0
1948,0.388,0.763,0.532,0.0,0.554,0.678,0.128,0.471,4,1,4,0,TRAIN,2,0.0,0.0,0.0,0.0,1.0,0.0,0.0,1.0,0.0,0.0,0.0,0.0,0.0,0.0,1.0
1949,0.448,0.543,0.414,1.0,0.134,0.517,0.002,0.069,0,1,0,1,TEST,5,1.0,0.0,0.0,0.0,0.0,0.0,0.0,1.0,0.0,0.0,1.0,0.0,0.0,0.0,0.0
1950,0.529,0.811,0.638,0.0,0.51,0.839,0.12,0.599,0,2,2,1,TRAIN,6,1.0,0.0,0.0,0.0,0.0,0.0,0.0,0.0,1.0,0.0,0.0,0.0,1.0,0.0,0.0
1951,0.661,0.818,0.599,0.0,0.53,0.99,0.168,0.629,0,0,0,1,TRAIN,6,1.0,0.0,0.0,0.0,0.0,0.0,1.0,0.0,0.0,0.0,1.0,0.0,0.0,0.0,0.0
1952,0.193,0.453,0.232,0.88,0.285,0.431,0.034,0.099,3,2,0,0,TRAIN,3,0.0,0.0,0.0,1.0,0.0,0.0,0.0,0.0,1.0,0.0,1.0,0.0,0.0,0.0,0.0
1953,0.459,0.499,0.422,0.7,0.389,0.481,0.035,0.278,2,3,3,0,TEST,3,0.0,0.0,1.0,0.0,0.0,0.0,0.0,0.0,0.0,1.0,0.0,0.0,0.0,1.0,0.0
1954,0.56,0.788,0.572,0.0,0.552,0.897,0.216,0.624,3,1,2,0,VAL,6,0.0,0.0,0.0,1.0,0.0,0.0,0.0,1.0,0.0,0.0,0.0,0.0,1.0,0.0,0.0
1955,0.074,0.481,0.199,0.478,0.27,0.525,0.029,0.123,0,1,3,1,TRAIN,5,1.0,0.0,0.0,0.0,0.0,0.0,0.0,1.0,0.0,0.0,0.0,0.0,0.0,1.0,0.0
1956,0.692,0.781,0.638,0.0,0.642,0.991,0.085,0.662,0,3,1,0,VAL,6,1.0,0.0,0.0,0.0,0.0,0.0,0.0,0.0,0.0,1.0,0.0,1.0,0.0,0.0,0.0
1957,0.815,0.161,0.592,1.0,0.505,0.0,0.103,0.56,0,0,0,0,TRAIN,7,1.0,0.0,0.0,0.0,0.0,0.0,1.0,0.0,0.0,0.0,1.0,0.0,0.0,0.0,0.0
1958,0.373,0.528,0.387,0.909,0.33,0.488,0.01,0.193,1,2,3,0,TEST,3,0.0,1.0,0.0,0.0,0.0,0.0,0.0,0.0,1.0,0.0,0.0,0.0,0.0,1.0,0.0
1959,0.694,0.275,0.545,0.775,0.531,0.08,0.243,0.504,2,0,0,0,TRAIN,7,0.0,0.0,1.0,0.0,0.0,0.0,1.0,0.0,0.0,0.0,1.0,0.0,0.0,0.0,0.0
1960,0.512,0.526,0.394,0.547,0.315,0.492,0.017,0.283,3,2,0,0,VAL,3,0.0,0.0,0.0,1.0,0.0,0.0,0.0,0.0,1.0,0.0,1.0,0.0,0.0,0.0,0.0
1961,0.733,0.417,0.602,0.571,0.548,0.152,0.463,0.595,4,0,0,1,TRAIN,7,0.0,0.0,0.0,0.0,1.0,0.0,1.0,0.0,0.0,0.0,1.0,0.0,0.0,0.0,0.0
1962,0.231,0.602,0.302,0.614,0.275,0.578,0.015,0.143,1,1,2,1,TEST,5,0.0,1.0,0.0,0.0,0.0,0.0,0.0,1.0,0.0,0.0,0.0,0.0,1.0,0.0,0.0
1963,0.742,0.145,0.528,1.0,0.589,0.0,0.216,0.496,0,0,0,1,TRAIN,7,1.0,0.0,0.0,0.0,0.0,0.0,1.0,0.0,0.0,0.0,1.0,0.0,0.0,0.0,0.0
1964,0.081,0.426,0.716,1.0,0.519,0.352,0.034,0.608,4,0,2,1,TRAIN,4,0.0,0.0,0.0,0.0,1.0,0.0,1.0,0.0,0.0,0.0,0.0,0.0,1.0,0.0,0.0
1965,0.496,0.478,0.377,0.37,0.477,0.531,0.061,0.398,3,2,0,1,TRAIN,3,0.0,0.0,0.0,1.0,0.0,0.0,0.0,0.0,1.0,0.0,1.0,0.0,0.0,0.0,0.0
1966,0.682,0.406,0.504,1.0,0.375,0.329,0.023,0.413,4,0,1,1,TRAIN,4,0.0,0.0,0.0,0.0,1.0,0.0,1.0,0.0,0.0,0.0,0.0,1.0,0.0,0.0,0.0
1967,0.399,0.534,0.43,0.894,0.36,0.306,0.06,0.276,3,2,0,1,TEST,3,0.0,0.0,0.0,1.0,0.0,0.0,0.0,0.0,1.0,0.0,1.0,0.0,0.0,0.0,0.0
1968,0.919,0.251,0.659,1.0,0.748,0.197,0.182,0.682,0,0,1,1,VAL,7,1.0,0.0,0.0,0.0,0.0,0.0,1.0,0.0,0.0,0.0,0.0,1.0,0.0,0.0,0.0
1969,0.153,0.501,0.264,0.652,0.345,0.486,0.042,0.134,2,1,0,0,TRAIN,8,0.0,0.0,1.0,0.0,0.0,0.0,0.0,1.0,0.0,0.0,1.0,0.0,0.0,0.0,0.0
1970,0.454,0.828,0.601,0.0,0.584,0.838,0.241,0.587,3,2,0,1,TRAIN,6,0.0,0.0,0.0,1.0,0.0,0.0,0.0,0.0,1.0,0.0,1.0,0.0,0.0,0.0,0.0
1971,0.546,0.51,0.475,0.577,0.597,0.402,0.081,0.41,2,2,3,0,TRAIN,3,0.0,0.0,1.0,0.0,0.0,0.0,0.0,0.0,1.0,0.0,0.0,0.0,0.0,1.0,0.0
1972,0.4,0.603,0.441,0.521,0.451,0.459,0.022,0.317,3,2,1,0,TRAIN,3,0.0,0.0,0.0,1.0,0.0,0.0,0.0,0.0,1.0,0.0,0.0,1.0,0.0,0.0,0.0
1973,0.098,0.264,0.725,1.0,0.611,0.0,0.165,0.604,0,3,0,1,TRAIN,7,1.0,0.0,0.0,0.0,0.0,0.0,0.0,0.0,0.0,1.0,1.0,0.0,0.0,0.0,0.0
1974,0.379,0.59,0.443,0.619,0.373,0.423,0.059,0.333,2,2,3,1,TRAIN,3,0.0,0.0,1.0,0.0,0.0,0.0,0.0,0.0,1.0,0.0,0.0,0.0,0.0,1.0,0.0
1975,0.404,1.0,0.543,0.0,0.292,1.0,0.009,0.458,2,2,2,1,TEST,6,0.0,0.0,1.0,0.0,0.0,0.0,0.0,0.0,1.0,0.0,0.0,0.0,1.0,0.0,0.0
1976,0.165,0.405,0.312,0.834,0.355,0.148,0.039,0.191,3,2,3,0,TEST,3,0.0,0.0,0.0,1.0,0.0,0.0,0.0,0.0,1.0,0.0,0.0,0.0,0.0,1.0,0.0
1977,0.486,0.5,0.424,0.771,0.295,0.221,0.048,0.34,2,3,3,0,TRAIN,3,0.0,0.0,1.0,0.0,0.0,0.0,0.0,0.0,0.0,1.0,0.0,0.0,0.0,1.0,0.0
1978,0.374,0.212,0.383,1.0,0.494,0.041,0.238,0.318,0,3,0,0,TRAIN,7,1.0,0.0,0.0,0.0,0.0,0.0,0.0,0.0,0.0,1.0,1.0,0.0,0.0,0.0,0.0
1979,0.585,0.636,0.618,0.467,0.374,0.83,0.014,0.504,2,1,0,1,TEST,3,0.0,0.0,1.0,0.0,0.0,0.0,0.0,1.0,0.0,0.0,1.0,0.0,0.0,0.0,0.0
1980,0.141,0.512,0.179,1.0,0.254,0.459,0.005,0.095,3,2,3,0,TRAIN,3,0.0,0.0,0.0,1.0,0.0,0.0,0.0,0.0,1.0,0.0,0.0,0.0,0.0,1.0,0.0
1981,0.482,0.667,0.494,0.624,0.479,0.649,0.033,0.515,1,2,3,1,TRAIN,3,0.0,1.0,0.0,0.0,0.0,0.0,0.0,0.0,1.0,0.0,0.0,0.0,0.0,1.0,0.0
1982,0.125,0.459,0.279,0.7,0.346,0.382,0.087,0.181,2,2,3,0,VAL,3,0.0,0.0,1.0,0.0,0.0,0.0,0.0,0.0,1.0,0.0,0.0,0.0,0.0,1.0,0.0
1983,0.708,0.24,0.473,1.0,0.558,0.0,0.248,0.491,4,0,0,1,VAL,7,0.0,0.0,0.0,0.0,1.0,0.0,1.0,0.0,0.0,0.0,1.0,0.0,0.0,0.0,0.0
1984,0.226,0.518,0.371,0.851,0.311,0.447,0.006,0.202,2,1,1,1,TRAIN,8,0.0,0.0,1.0,0.0,0.0,0.0,0.0,1.0,0.0,0.0,0.0,1.0,0.0,0.0,0.0
1985,0.533,0.555,0.488,0.0,0.763,0.413,0.344,0.524,2,1,1,0,TRAIN,2,0.0,0.0,1.0,0.0,0.0,0.0,0.0,1.0,0.0,0.0,0.0,1.0,0.0,0.0,0.0
1986,0.87,0.164,0.576,1.0,0.582,0.0,0.176,0.624,0,0,1,0,TEST,7,1.0,0.0,0.0,0.0,0.0,0.0,1.0,0.0,0.0,0.0,0.0,1.0,0.0,0.0,0.0
1987,0.488,0.559,0.4,0.723,0.442,0.458,0.018,0.312,3,0,3,0,TRAIN,3,0.0,0.0,0.0,1.0,0.0,0.0,1.0,0.0,0.0,0.0,0.0,0.0,0.0,1.0,0.0
1988,0.937,0.573,0.151,0.408,0.251,0.633,0.007,0.009,0,1,4,0,TRAIN,5,1.0,0.0,0.0,0.0,0.0,0.0,0.0,1.0,0.0,0.0,0.0,0.0,0.0,0.0,1.0
1989,0.201,0.461,0.301,0.775,0.25,0.503,0.026,0.152,2,2,0,0,TRAIN,3,0.0,0.0,1.0,0.0,0.0,0.0,0.0,0.0,1.0,0.0,1.0,0.0,0.0,0.0,0.0
1990,0.398,0.446,0.331,0.861,0.39,0.246,0.034,0.266,0,2,0,1,TRAIN,3,1.0,0.0,0.0,0.0,0.0,0.0,0.0,0.0,1.0,0.0,1.0,0.0,0.0,0.0,0.0
1991,0.407,0.438,0.31,1.0,0.291,0.51,0.008,0.089,5,2,3,1,TEST,3,0.0,0.0,0.0,0.0,0.0,1.0,0.0,0.0,1.0,0.0,0.0,0.0,0.0,1.0,0.0
1992,0.461,0.848,0.609,0.0,0.579,1.0,0.09,0.513,4,2,3,1,TRAIN,6,0.0,0.0,0.0,0.0,1.0,0.0,0.0,0.0,1.0,0.0,0.0,0.0,0.0,1.0,0.0
1993,0.209,0.513,0.4,0.731,0.302,0.629,0.028,0.292,3,2,3,0,TEST,3,0.0,0.0,0.0,1.0,0.0,0.0,0.0,0.0,1.0,0.0,0.0,0.0,0.0,1.0,0.0
1994,0.566,0.397,0.506,0.0,0.748,0.226,0.359,0.433,0,0,0,1,TEST,7,1.0,0.0,0.0,0.0,0.0,0.0,1.0,0.0,0.0,0.0,1.0,0.0,0.0,0.0,0.0
1995,0.511,0.872,0.564,0.0,0.418,1.0,0.015,0.363,4,2,0,1,TRAIN,6,0.0,0.0,0.0,0.0,1.0,0.0,0.0,0.0,1.0,0.0,1.0,0.0,0.0,0.0,0.0
1996,0.374,0.519,0.343,0.877,0.269,0.455,0.022,0.283,3,2,0,0,TEST,3,0.0,0.0,0.0,1.0,0.0,0.0,0.0,0.0,1.0,0.0,1.0,0.0,0.0,0.0,0.0
1997,0.126,0.829,0.389,0.0,0.395,1.0,0.022,0.18,3,1,4,0,TEST,1,0.0,0.0,0.0,1.0,0.0,0.0,0.0,1.0,0.0,0.0,0.0,0.0,0.0,0.0,1.0
1998,0.297,0.5,0.335,0.979,0.285,0.331,0.027,0.187,2,2,2,0,TRAIN,3,0.0,0.0,1.0,0.0,0.0,0.0,0.0,0.0,1.0,0.0,0.0,0.0,1.0,0.0,0.0
1999,0.509,0.497,0.45,0.606,0.316,0.316,0.029,0.26,3,2,0,1,TEST,3,0.0,0.0,0.0,1.0,0.0,0.0,0.0,0.0,1.0,0.0,1.0,0.0,0.0,0.0,0.0
2000,0.203,0.499,0.425,0.787,0.342,0.455,0.029,0.159,3,3,0,1,TRAIN,3,0.0,0.0,0.0,1.0,0.0,0.0,0.0,0.0,0.0,1.0,1.0,0.0,0.0,0.0,0.0
2001,0.42,0.812,0.482,0.0,0.655,0.911,0.164,0.49,2,2,0,1,TEST,6,0.0,0.0,1.0,0.0,0.0,0.0,0.0,0.0,1.0,0.0,1.0,0.0,0.0,0.0,0.0
2002,0.629,0.256,0.485,0.0,0.669,0.042,0.642,0.576,2,1,4,0,TRAIN,2,0.0,0.0,1.0,0.0,0.0,0.0,0.0,1.0,0.0,0.0,0.0,0.0,0.0,0.0,1.0
2003,0.461,0.591,0.547,0.589,0.371,0.647,0.036,0.314,4,3,0,0,TEST,3,0.0,0.0,0.0,0.0,1.0,0.0,0.0,0.0,0.0,1.0,1.0,0.0,0.0,0.0,0.0
2004,0.419,0.674,0.493,0.664,0.262,0.77,0.008,0.293,5,2,0,0,TRAIN,3,0.0,0.0,0.0,0.0,0.0,1.0,0.0,0.0,1.0,0.0,1.0,0.0,0.0,0.0,0.0
2005,0.714,0.747,0.68,0.0,0.706,0.831,0.306,0.763,0,2,0,0,TEST,6,1.0,0.0,0.0,0.0,0.0,0.0,0.0,0.0,1.0,0.0,1.0,0.0,0.0,0.0,0.0
2006,0.232,0.217,0.275,0.756,0.556,0.027,0.297,0.241,5,0,0,0,TEST,7,0.0,0.0,0.0,0.0,0.0,1.0,1.0,0.0,0.0,0.0,1.0,0.0,0.0,0.0,0.0
2007,0.314,0.506,0.352,0.919,0.369,0.49,0.014,0.197,3,2,0,0,TRAIN,3,0.0,0.0,0.0,1.0,0.0,0.0,0.0,0.0,1.0,0.0,1.0,0.0,0.0,0.0,0.0
2008,0.451,0.595,0.479,0.808,0.351,0.498,0.05,0.381,3,2,0,0,TRAIN,3,0.0,0.0,0.0,1.0,0.0,0.0,0.0,0.0,1.0,0.0,1.0,0.0,0.0,0.0,0.0
2009,0.592,0.514,0.494,0.727,0.252,0.492,0.014,0.417,4,2,0,0,TRAIN,3,0.0,0.0,0.0,0.0,1.0,0.0,0.0,0.0,1.0,0.0,1.0,0.0,0.0,0.0,0.0
2010,0.377,0.549,0.445,0.911,0.374,0.495,0.027,0.281,5,1,2,0,TRAIN,3,0.0,0.0,0.0,0.0,0.0,1.0,0.0,1.0,0.0,0.0,0.0,0.0,1.0,0.0,0.0
2011,0.347,0.57,0.453,0.69,0.46,0.587,0.031,0.369,3,2,1,1,TEST,3,0.0,0.0,0.0,1.0,0.0,0.0,0.0,0.0,1.0,0.0,0.0,1.0,0.0,0.0,0.0
2012,0.63,0.824,0.681,0.0,0.628,0.79,0.142,0.675,3,0,0,1,TEST,6,0.0,0.0,0.0,1.0,0.0,0.0,1.0,0.0,0.0,0.0,1.0,0.0,0.0,0.0,0.0
2013,0.587,0.458,0.512,0.0,0.605,0.372,0.335,0.474,1,1,4,0,TRAIN,2,0.0,1.0,0.0,0.0,0.0,0.0,0.0,1.0,0.0,0.0,0.0,0.0,0.0,0.0,1.0
2014,0.293,0.173,0.302,1.0,0.355,0.0,0.13,0.26,0,0,0,1,TRAIN,7,1.0,0.0,0.0,0.0,0.0,0.0,1.0,0.0,0.0,0.0,1.0,0.0,0.0,0.0,0.0
2015,0.579,0.775,0.563,0.0,0.573,0.967,0.119,0.576,3,1,0,1,TEST,6,0.0,0.0,0.0,1.0,0.0,0.0,0.0,1.0,0.0,0.0,1.0,0.0,0.0,0.0,0.0
2016,0.371,0.612,0.413,0.689,0.412,0.54,0.034,0.27,5,3,0,0,TRAIN,3,0.0,0.0,0.0,0.0,0.0,1.0,0.0,0.0,0.0,1.0,1.0,0.0,0.0,0.0,0.0
2017,0.413,0.745,0.453,0.127,0.309,0.765,0.019,0.27,3,2,3,0,TRAIN,1,0.0,0.0,0.0,1.0,0.0,0.0,0.0,0.0,1.0,0.0,0.0,0.0,0.0,1.0,0.0
2018,0.506,0.761,0.526,0.0,0.638,0.845,0.157,0.533,3,2,4,1,TRAIN,6,0.0,0.0,0.0,1.0,0.0,0.0,0.0,0.0,1.0,0.0,0.0,0.0,0.0,0.0,1.0
2019,0.472,0.558,0.417,0.791,0.341,0.487,0.029,0.303,3,2,1,1,TRAIN,3,0.0,0.0,0.0,1.0,0.0,0.0,0.0,0.0,1.0,0.0,0.0,1.0,0.0,0.0,0.0
2020,0.427,0.605,0.509,0.597,0.343,0.577,0.023,0.339,2,0,3,0,TEST,3,0.0,0.0,1.0,0.0,0.0,0.0,1.0,0.0,0.0,0.0,0.0,0.0,0.0,1.0,0.0
2021,0.314,0.565,0.264,0.696,0.388,0.635,0.006,0.167,3,2,0,0,TRAIN,3,0.0,0.0,0.0,1.0,0.0,0.0,0.0,0.0,1.0,0.0,1.0,0.0,0.0,0.0,0.0
2022,0.331,0.553,0.283,0.648,0.387,0.622,0.016,0.193,3,2,2,1,TEST,3,0.0,0.0,0.0,1.0,0.0,0.0,0.0,0.0,1.0,0.0,0.0,0.0,1.0,0.0,0.0
2023,0.558,0.273,0.394,0.958,0.557,0.277,0.119,0.365,4,0,1,0,TRAIN,7,0.0,0.0,0.0,0.0,1.0,0.0,1.0,0.0,0.0,0.0,0.0,1.0,0.0,0.0,0.0
2024,0.468,0.504,0.414,0.816,0.417,0.424,0.025,0.364,2,2,3,1,TRAIN,3,0.0,0.0,1.0,0.0,0.0,0.0,0.0,0.0,1.0,0.0,0.0,0.0,0.0,1.0,0.0
2025,0.485,0.886,0.598,0.0,0.473,1.0,0.033,0.5,3,2,1,1,VAL,6,0.0,0.0,0.0,1.0,0.0,0.0,0.0,0.0,1.0,0.0,0.0,1.0,0.0,0.0,0.0
2026,0.338,0.482,0.335,0.837,0.443,0.476,0.026,0.221,2,0,0,0,TRAIN,3,0.0,0.0,1.0,0.0,0.0,0.0,1.0,0.0,0.0,0.0,1.0,0.0,0.0,0.0,0.0
2027,0.312,0.472,0.303,0.637,0.335,0.285,0.043,0.209,3,2,0,0,TEST,3,0.0,0.0,0.0,1.0,0.0,0.0,0.0,0.0,1.0,0.0,1.0,0.0,0.0,0.0,0.0
2028,0.471,0.803,0.534,0.0,0.545,0.904,0.138,0.553,2,2,1,1,TRAIN,6,0.0,0.0,1.0,0.0,0.0,0.0,0.0,0.0,1.0,0.0,0.0,1.0,0.0,0.0,0.0
2029,0.397,0.888,0.605,0.0,0.523,0.954,0.037,0.588,0,3,1,1,TEST,6,1.0,0.0,0.0,0.0,0.0,0.0,0.0,0.0,0.0,1.0,0.0,1.0,0.0,0.0,0.0
2030,0.224,0.53,0.409,0.788,0.265,0.507,0.008,0.174,0,2,0,0,TRAIN,3,1.0,0.0,0.0,0.0,0.0,0.0,0.0,0.0,1.0,0.0,1.0,0.0,0.0,0.0,0.0
2031,0.375,0.512,0.417,0.658,0.344,0.329,0.031,0.286,2,3,0,1,TEST,3,0.0,0.0,1.0,0.0,0.0,0.0,0.0,0.0,0.0,1.0,1.0,0.0,0.0,0.0,0.0
2032,0.653,0.727,0.639,0.0,0.691,0.852,0.253,0.71,5,2,3,0,TRAIN,6,0.0,0.0,0.0,0.0,0.0,1.0,0.0,0.0,1.0,0.0,0.0,0.0,0.0,1.0,0.0
2033,0.533,0.835,0.6,0.0,0.59,0.871,0.109,0.519,3,2,0,1,VAL,6,0.0,0.0,0.0,1.0,0.0,0.0,0.0,0.0,1.0,0.0,1.0,0.0,0.0,0.0,0.0
2034,0.542,0.544,0.588,0.41,0.467,0.387,0.083,0.501,3,2,0,0,TEST,3,0.0,0.0,0.0,1.0,0.0,0.0,0.0,0.0,1.0,0.0,1.0,0.0,0.0,0.0,0.0
2035,0.167,0.516,0.337,0.0,0.571,0.362,0.236,0.251,0,1,0,1,VAL,7,1.0,0.0,0.0,0.0,0.0,0.0,0.0,1.0,0.0,0.0,1.0,0.0,0.0,0.0,0.0
2036,0.464,0.256,0.524,0.874,0.491,0.25,0.18,0.451,0,0,0,1,VAL,7,1.0,0.0,0.0,0.0,0.0,0.0,1.0,0.0,0.0,0.0,1.0,0.0,0.0,0.0,0.0
2037,0.687,0.766,0.615,0.0,0.649,0.861,0.152,0.617,5,0,1,1,TRAIN,6,0.0,0.0,0.0,0.0,0.0,1.0,1.0,0.0,0.0,0.0,0.0,1.0,0.0,0.0,0.0
2038,0.436,0.58,0.386,0.87,0.298,0.519,0.011,0.218,2,2,2,1,VAL,3,0.0,0.0,1.0,0.0,0.0,0.0,0.0,0.0,1.0,0.0,0.0,0.0,1.0,0.0,0.0
2039,0.649,0.324,0.466,0.672,0.603,0.204,0.196,0.497,0,1,0,1,TRAIN,7,1.0,0.0,0.0,0.0,0.0,0.0,0.0,1.0,0.0,0.0,1.0,0.0,0.0,0.0,0.0
2040,0.779,0.778,0.642,0.0,0.784,0.86,0.254,0.646,0,3,0,1,TRAIN,6,1.0,0.0,0.0,0.0,0.0,0.0,0.0,0.0,0.0,1.0,1.0,0.0,0.0,0.0,0.0
2041,0.581,0.424,0.501,0.081,0.649,0.301,0.407,0.506,2,0,1,1,TEST,2,0.0,0.0,1.0,0.0,0.0,0.0,1.0,0.0,0.0,0.0,0.0,1.0,0.0,0.0,0.0
2042,0.506,0.338,0.525,0.292,0.558,0.225,0.362,0.463,0,3,0,0,TRAIN,7,1.0,0.0,0.0,0.0,0.0,0.0,0.0,0.0,0.0,1.0,1.0,0.0,0.0,0.0,0.0
2043,0.263,0.66,0.268,0.61,0.205,0.625,0.003,0.116,5,2,0,0,VAL,3,0.0,0.0,0.0,0.0,0.0,1.0,0.0,0.0,1.0,0.0,1.0,0.0,0.0,0.0,0.0
2044,0.218,0.803,0.479,0.0,0.461,0.797,0.013,0.297,3,0,0,0,TRAIN,1,0.0,0.0,0.0,1.0,0.0,0.0,1.0,0.0,0.0,0.0,1.0,0.0,0.0,0.0,0.0
2045,0.372,0.562,0.418,0.641,0.343,0.762,0.017,0.282,1,0,0,0,TRAIN,3,0.0,1.0,0.0,0.0,0.0,0.0,1.0,0.0,0.0,0.0,1.0,0.0,0.0,0.0,0.0
2046,0.296,0.617,0.38,0.719,0.28,0.467,0.009,0.307,3,2,0,0,TRAIN,3,0.0,0.0,0.0,1.0,0.0,0.0,0.0,0.0,1.0,0.0,1.0,0.0,0.0,0.0,0.0
2047,0.529,0.492,0.366,1.0,0.338,0.357,0.014,0.242,0,1,1,0,TRAIN,5,1.0,0.0,0.0,0.0,0.0,0.0,0.0,1.0,0.0,0.0,0.0,1.0,0.0,0.0,0.0
2048,0.525,0.616,0.481,0.578,0.351,0.627,0.021,0.345,3,2,0,1,TRAIN,3,0.0,0.0,0.0,1.0,0.0,0.0,0.0,0.0,1.0,0.0,1.0,0.0,0.0,0.0,0.0
2049,0.401,0.545,0.361,0.669,0.387,0.546,0.032,0.249,1,0,3,1,TRAIN,3,0.0,1.0,0.0,0.0,0.0,0.0,1.0,0.0,0.0,0.0,0.0,0.0,0.0,1.0,0.0
2050,0.194,0.555,0.333,1.0,0.243,0.562,0.011,0.096,3,0,0,0,TEST,3,0.0,0.0,0.0,1.0,0.0,0.0,1.0,0.0,0.0,0.0,1.0,0.0,0.0,0.0,0.0
2051,0.319,0.481,0.373,0.876,0.264,0.598,0.008,0.168,2,3,3,0,VAL,3,0.0,0.0,1.0,0.0,0.0,0.0,0.0,0.0,0.0,1.0,0.0,0.0,0.0,1.0,0.0
2052,0.218,0.417,0.273,0.657,0.4,0.353,0.093,0.225,3,2,0,0,TRAIN,3,0.0,0.0,0.0,1.0,0.0,0.0,0.0,0.0,1.0,0.0,1.0,0.0,0.0,0.0,0.0
2053,0.33,0.45,0.355,0.955,0.411,0.289,0.03,0.156,3,1,3,1,TRAIN,3,0.0,0.0,0.0,1.0,0.0,0.0,0.0,1.0,0.0,0.0,0.0,0.0,0.0,1.0,0.0
2054,0.755,0.297,0.526,1.0,0.59,0.024,0.182,0.547,0,3,0,0,TEST,7,1.0,0.0,0.0,0.0,0.0,0.0,0.0,0.0,0.0,1.0,1.0,0.0,0.0,0.0,0.0
2055,0.493,0.884,0.58,0.0,0.617,0.97,0.092,0.582,0,0,0,0,VAL,6,1.0,0.0,0.0,0.0,0.0,0.0,1.0,0.0,0.0,0.0,1.0,0.0,0.0,0.0,0.0
2056,0.317,0.576,0.406,0.573,0.252,0.557,0.029,0.268,3,1,0,1,TRAIN,3,0.0,0.0,0.0,1.0,0.0,0.0,0.0,1.0,0.0,0.0,1.0,0.0,0.0,0.0,0.0
2057,0.363,0.19,0.41,1.0,0.505,0.136,0.119,0.297,0,3,1,0,TEST,7,1.0,0.0,0.0,0.0,0.0,0.0,0.0,0.0,0.0,1.0,0.0,1.0,0.0,0.0,0.0
2058,0.411,0.541,0.328,0.698,0.347,0.542,0.034,0.311,1,1,0,1,TRAIN,3,0.0,1.0,0.0,0.0,0.0,0.0,0.0,1.0,0.0,0.0,1.0,0.0,0.0,0.0,0.0
2059,0.392,0.563,0.382,0.822,0.373,0.354,0.017,0.262,2,2,0,0,TEST,3,0.0,0.0,1.0,0.0,0.0,0.0,0.0,0.0,1.0,0.0,1.0,0.0,0.0,0.0,0.0
2060,0.219,0.645,0.36,0.718,0.297,0.76,0.005,0.167,0,1,4,0,TRAIN,5,1.0,0.0,0.0,0.0,0.0,0.0,0.0,1.0,0.0,0.0,0.0,0.0,0.0,0.0,1.0
2061,0.652,0.225,0.448,1.0,0.365,0.084,0.01,0.237,4,3,1,0,VAL,4,0.0,0.0,0.0,0.0,1.0,0.0,0.0,0.0,0.0,1.0,0.0,1.0,0.0,0.0,0.0
2062,0.462,0.503,0.466,0.98,0.291,0.415,0.029,0.26,1,3,0,0,TRAIN,3,0.0,1.0,0.0,0.0,0.0,0.0,0.0,0.0,0.0,1.0,1.0,0.0,0.0,0.0,0.0
2063,0.379,0.205,0.332,0.671,0.603,0.182,0.411,0.385,0,0,0,0,VAL,7,1.0,0.0,0.0,0.0,0.0,0.0,1.0,0.0,0.0,0.0,1.0,0.0,0.0,0.0,0.0
2064,0.318,0.478,0.4,0.689,0.387,0.449,0.05,0.332,2,1,3,0,TRAIN,3,0.0,0.0,1.0,0.0,0.0,0.0,0.0,1.0,0.0,0.0,0.0,0.0,0.0,1.0,0.0
2065,1.0,0.45,0.744,1.0,0.545,0.279,0.068,0.751,2,3,1,1,TRAIN,4,0.0,0.0,1.0,0.0,0.0,0.0,0.0,0.0,0.0,1.0,0.0,1.0,0.0,0.0,0.0
2066,0.583,0.597,0.612,0.613,0.422,0.717,0.029,0.419,2,2,0,0,VAL,3,0.0,0.0,1.0,0.0,0.0,0.0,0.0,0.0,1.0,0.0,1.0,0.0,0.0,0.0,0.0
2067,0.514,0.923,0.632,0.0,0.393,1.0,0.031,0.527,0,1,1,1,TRAIN,6,1.0,0.0,0.0,0.0,0.0,0.0,0.0,1.0,0.0,0.0,0.0,1.0,0.0,0.0,0.0
2068,0.308,0.454,0.368,0.685,0.349,0.393,0.021,0.303,0,3,0,0,TRAIN,5,1.0,0.0,0.0,0.0,0.0,0.0,0.0,0.0,0.0,1.0,1.0,0.0,0.0,0.0,0.0
2069,0.267,0.554,0.388,0.66,0.347,0.332,0.033,0.294,3,2,0,0,TEST,3,0.0,0.0,0.0,1.0,0.0,0.0,0.0,0.0,1.0,0.0,1.0,0.0,0.0,0.0,0.0
2070,0.211,0.791,0.269,0.161,0.386,0.965,0.008,0.123,0,0,4,0,VAL,1,1.0,0.0,0.0,0.0,0.0,0.0,1.0,0.0,0.0,0.0,0.0,0.0,0.0,0.0,1.0
2071,0.459,0.48,0.422,0.655,0.472,0.486,0.088,0.358,3,1,2,0,TRAIN,3,0.0,0.0,0.0,1.0,0.0,0.0,0.0,1.0,0.0,0.0,0.0,0.0,1.0,0.0,0.0
2072,0.486,0.541,0.453,0.637,0.479,0.472,0.034,0.323,2,2,0,1,VAL,3,0.0,0.0,1.0,0.0,0.0,0.0,0.0,0.0,1.0,0.0,1.0,0.0,0.0,0.0,0.0
2073,0.797,0.391,0.548,1.0,0.51,0.024,0.036,0.426,0,0,1,1,TRAIN,4,1.0,0.0,0.0,0.0,0.0,0.0,1.0,0.0,0.0,0.0,0.0,1.0,0.0,0.0,0.0
2074,0.364,0.488,0.354,0.692,0.449,0.529,0.043,0.29,2,2,3,0,VAL,3,0.0,0.0,1.0,0.0,0.0,0.0,0.0,0.0,1.0,0.0,0.0,0.0,0.0,1.0,0.0
2075,0.342,0.5,0.374,0.684,0.497,0.371,0.097,0.342,3,3,0,0,TRAIN,3,0.0,0.0,0.0,1.0,0.0,0.0,0.0,0.0,0.0,1.0,1.0,0.0,0.0,0.0,0.0
2076,0.135,0.487,0.245,1.0,0.244,0.525,0.003,0.055,3,3,0,0,TRAIN,3,0.0,0.0,0.0,1.0,0.0,0.0,0.0,0.0,0.0,1.0,1.0,0.0,0.0,0.0,0.0
2077,0.328,0.58,0.361,0.664,0.301,0.639,0.015,0.212,1,2,0,1,TRAIN,3,0.0,1.0,0.0,0.0,0.0,0.0,0.0,0.0,1.0,0.0,1.0,0.0,0.0,0.0,0.0
2078,0.463,0.384,0.504,0.554,0.695,0.287,0.249,0.501,0,2,4,0,TEST,2,1.0,0.0,0.0,0.0,0.0,0.0,0.0,0.0,1.0,0.0,0.0,0.0,0.0,0.0,1.0
2079,0.055,0.214,0.227,1.0,0.434,0.0,0.111,0.087,2,1,0,1,TRAIN,7,0.0,0.0,1.0,0.0,0.0,0.0,0.0,1.0,0.0,0.0,1.0,0.0,0.0,0.0,0.0
2080,0.266,0.524,0.309,0.897,0.216,0.453,0.017,0.136,3,0,0,0,VAL,3,0.0,0.0,0.0,1.0,0.0,0.0,1.0,0.0,0.0,0.0,1.0,0.0,0.0,0.0,0.0
2081,0.664,0.568,0.483,0.525,0.336,0.642,0.022,0.422,5,2,0,1,TRAIN,3,0.0,0.0,0.0,0.0,0.0,1.0,0.0,0.0,1.0,0.0,1.0,0.0,0.0,0.0,0.0
2082,0.39,0.531,0.452,0.908,0.359,0.468,0.032,0.309,3,2,0,1,TEST,3,0.0,0.0,0.0,1.0,0.0,0.0,0.0,0.0,1.0,0.0,1.0,0.0,0.0,0.0,0.0
2083,0.68,0.183,0.62,1.0,0.705,0.0,0.221,0.591,0,0,0,0,TRAIN,7,1.0,0.0,0.0,0.0,0.0,0.0,1.0,0.0,0.0,0.0,1.0,0.0,0.0,0.0,0.0
2084,0.613,0.532,0.507,0.482,0.572,0.521,0.142,0.488,4,3,3,0,TRAIN,7,0.0,0.0,0.0,0.0,1.0,0.0,0.0,0.0,0.0,1.0,0.0,0.0,0.0,1.0,0.0
2085,0.372,0.583,0.346,0.603,0.293,0.358,0.018,0.241,3,2,0,1,TRAIN,3,0.0,0.0,0.0,1.0,0.0,0.0,0.0,0.0,1.0,0.0,1.0,0.0,0.0,0.0,0.0
2086,0.377,0.424,0.419,0.82,0.518,0.307,0.145,0.348,2,0,3,1,TRAIN,7,0.0,0.0,1.0,0.0,0.0,0.0,1.0,0.0,0.0,0.0,0.0,0.0,0.0,1.0,0.0
2087,0.863,0.52,0.629,1.0,0.414,0.59,0.077,0.512,0,0,1,1,TRAIN,4,1.0,0.0,0.0,0.0,0.0,0.0,1.0,0.0,0.0,0.0,0.0,1.0,0.0,0.0,0.0
2088,0.546,0.543,0.557,0.279,0.609,0.447,0.145,0.444,3,2,3,1,TRAIN,3,0.0,0.0,0.0,1.0,0.0,0.0,0.0,0.0,1.0,0.0,0.0,0.0,0.0,1.0,0.0
2089,0.735,0.189,0.551,1.0,0.522,0.087,0.286,0.563,0,0,0,1,TRAIN,7,1.0,0.0,0.0,0.0,0.0,0.0,1.0,0.0,0.0,0.0,1.0,0.0,0.0,0.0,0.0
2090,0.561,0.766,0.669,0.0,0.638,0.93,0.131,0.54,0,0,0,1,TRAIN,6,1.0,0.0,0.0,0.0,0.0,0.0,1.0,0.0,0.0,0.0,1.0,0.0,0.0,0.0,0.0
2091,0.513,0.568,0.398,0.776,0.339,0.603,0.018,0.258,5,2,1,0,TRAIN,3,0.0,0.0,0.0,0.0,0.0,1.0,0.0,0.0,1.0,0.0,0.0,1.0,0.0,0.0,0.0
2092,0.312,0.638,0.343,1.0,0.156,0.626,0.001,0.216,2,1,1,0,TRAIN,8,0.0,0.0,1.0,0.0,0.0,0.0,0.0,1.0,0.0,0.0,0.0,1.0,0.0,0.0,0.0
2093,0.185,0.421,0.225,0.249,0.415,0.269,0.259,0.23,2,2,3,0,TRAIN,5,0.0,0.0,1.0,0.0,0.0,0.0,0.0,0.0,1.0,0.0,0.0,0.0,0.0,1.0,0.0
2094,0.116,0.47,0.244,0.457,0.388,0.373,0.028,0.148,0,1,0,1,TEST,5,1.0,0.0,0.0,0.0,0.0,0.0,0.0,1.0,0.0,0.0,1.0,0.0,0.0,0.0,0.0
2095,0.501,0.566,0.376,0.41,0.489,0.605,0.05,0.423,3,2,3,0,VAL,3,0.0,0.0,0.0,1.0,0.0,0.0,0.0,0.0,1.0,0.0,0.0,0.0,0.0,1.0,0.0
2096,0.356,0.618,0.393,0.719,0.276,0.618,0.012,0.192,3,3,0,0,TEST,3,0.0,0.0,0.0,1.0,0.0,0.0,0.0,0.0,0.0,1.0,1.0,0.0,0.0,0.0,0.0
2097,0.731,0.454,0.623,0.695,0.602,0.406,0.193,0.647,0,0,1,0,TRAIN,1,1.0,0.0,0.0,0.0,0.0,0.0,1.0,0.0,0.0,0.0,0.0,1.0,0.0,0.0,0.0
2098,0.501,0.797,0.596,0.0,0.5,0.966,0.115,0.586,2,3,1,1,TRAIN,6,0.0,0.0,1.0,0.0,0.0,0.0,0.0,0.0,0.0,1.0,0.0,1.0,0.0,0.0,0.0
2099,0.889,0.335,0.637,1.0,0.406,0.192,0.039,0.434,0,3,2,1,TRAIN,4,1.0,0.0,0.0,0.0,0.0,0.0,0.0,0.0,0.0,1.0,0.0,0.0,1.0,0.0,0.0
2100,0.413,0.813,0.533,0.0,0.43,1.0,0.056,0.501,2,3,0,1,TRAIN,6,0.0,0.0,1.0,0.0,0.0,0.0,0.0,0.0,0.0,1.0,1.0,0.0,0.0,0.0,0.0
2101,0.204,0.526,0.282,1.0,0.318,0.465,0.003,0.13,2,0,3,0,TRAIN,3,0.0,0.0,1.0,0.0,0.0,0.0,1.0,0.0,0.0,0.0,0.0,0.0,0.0,1.0,0.0
2102,0.76,0.744,0.579,0.0,0.711,0.796,0.18,0.635,5,2,2,1,TRAIN,6,0.0,0.0,0.0,0.0,0.0,1.0,0.0,0.0,1.0,0.0,0.0,0.0,1.0,0.0,0.0
2103,0.517,0.443,0.398,0.802,0.412,0.344,0.082,0.402,2,1,3,0,TRAIN,3,0.0,0.0,1.0,0.0,0.0,0.0,0.0,1.0,0.0,0.0,0.0,0.0,0.0,1.0,0.0
2104,0.142,0.487,0.218,0.396,0.506,0.269,0.041,0.119,2,0,0,1,TRAIN,8,0.0,0.0,1.0,0.0,0.0,0.0,1.0,0.0,0.0,0.0,1.0,0.0,0.0,0.0,0.0
2105,0.548,0.828,0.616,0.0,0.592,1.0,0.086,0.564,3,3,1,1,TEST,6,0.0,0.0,0.0,1.0,0.0,0.0,0.0,0.0,0.0,1.0,0.0,1.0,0.0,0.0,0.0
2106,0.234,0.539,0.358,0.696,0.385,0.414,0.006,0.158,3,2,0,0,TRAIN,3,0.0,0.0,0.0,1.0,0.0,0.0,0.0,0.0,1.0,0.0,1.0,0.0,0.0,0.0,0.0
2107,0.363,0.413,0.316,0.424,0.476,0.396,0.107,0.21,2,1,1,0,TRAIN,5,0.0,0.0,1.0,0.0,0.0,0.0,0.0,1.0,0.0,0.0,0.0,1.0,0.0,0.0,0.0
2108,0.517,0.464,0.375,0.898,0.313,0.467,0.051,0.298,3,1,0,0,TEST,3,0.0,0.0,0.0,1.0,0.0,0.0,0.0,1.0,0.0,0.0,1.0,0.0,0.0,0.0,0.0
2109,0.179,0.551,0.787,1.0,0.549,0.458,0.046,0.822,0,3,0,1,TRAIN,4,1.0,0.0,0.0,0.0,0.0,0.0,0.0,0.0,0.0,1.0,1.0,0.0,0.0,0.0,0.0
2110,0.934,0.406,0.619,1.0,0.495,0.256,0.091,0.506,0,0,0,1,TRAIN,7,1.0,0.0,0.0,0.0,0.0,0.0,1.0,0.0,0.0,0.0,1.0,0.0,0.0,0.0,0.0
2111,0.631,0.9,0.659,0.0,0.415,0.952,0.036,0.556,3,0,1,1,VAL,6,0.0,0.0,0.0,1.0,0.0,0.0,1.0,0.0,0.0,0.0,0.0,1.0,0.0,0.0,0.0
2112,0.451,0.817,0.489,0.0,0.654,0.905,0.085,0.468,5,2,1,1,TRAIN,6,0.0,0.0,0.0,0.0,0.0,1.0,0.0,0.0,1.0,0.0,0.0,1.0,0.0,0.0,0.0
2113,0.392,0.945,0.5,0.0,0.455,1.0,0.01,0.401,0,2,1,0,TRAIN,6,1.0,0.0,0.0,0.0,0.0,0.0,0.0,0.0,1.0,0.0,0.0,1.0,0.0,0.0,0.0
2114,0.302,0.48,0.26,0.816,0.309,0.378,0.02,0.228,3,2,3,1,VAL,3,0.0,0.0,0.0,1.0,0.0,0.0,0.0,0.0,1.0,0.0,0.0,0.0,0.0,1.0,0.0
2115,0.648,0.509,0.459,0.602,0.503,0.623,0.078,0.405,3,3,0,0,TEST,3,0.0,0.0,0.0,1.0,0.0,0.0,0.0,0.0,0.0,1.0,1.0,0.0,0.0,0.0,0.0
2116,0.507,0.892,0.567,0.0,0.505,1.0,0.042,0.494,5,2,1,1,TRAIN,6,0.0,0.0,0.0,0.0,0.0,1.0,0.0,0.0,1.0,0.0,0.0,1.0,0.0,0.0,0.0
2117,0.324,0.565,0.378,0.693,0.399,0.648,0.009,0.242,1,3,3,1,TRAIN,3,0.0,1.0,0.0,0.0,0.0,0.0,0.0,0.0,0.0,1.0,0.0,0.0,0.0,1.0,0.0
2118,0.25,0.427,0.292,0.889,0.259,0.073,0.041,0.204,2,3,0,0,TEST,3,0.0,0.0,1.0,0.0,0.0,0.0,0.0,0.0,0.0,1.0,1.0,0.0,0.0,0.0,0.0
2119,0.489,0.551,0.523,0.0,0.525,0.583,0.186,0.459,3,1,1,1,VAL,2,0.0,0.0,0.0,1.0,0.0,0.0,0.0,1.0,0.0,0.0,0.0,1.0,0.0,0.0,0.0
2120,0.403,0.467,0.425,0.896,0.319,0.373,0.015,0.215,2,2,3,0,TEST,3,0.0,0.0,1.0,0.0,0.0,0.0,0.0,0.0,1.0,0.0,0.0,0.0,0.0,1.0,0.0
2121,0.167,0.739,0.391,0.734,0.222,0.876,0.001,0.126,2,1,2,0,TRAIN,5,0.0,0.0,1.0,0.0,0.0,0.0,0.0,1.0,0.0,0.0,0.0,0.0,1.0,0.0,0.0
2122,0.834,0.236,0.612,1.0,0.479,0.117,0.148,0.557,0,1,0,1,TRAIN,7,1.0,0.0,0.0,0.0,0.0,0.0,0.0,1.0,0.0,0.0,1.0,0.0,0.0,0.0,0.0
2123,0.876,0.464,0.177,0.583,0.273,0.551,0.03,0.026,0,1,1,0,TRAIN,8,1.0,0.0,0.0,0.0,0.0,0.0,0.0,1.0,0.0,0.0,0.0,1.0,0.0,0.0,0.0
2124,0.742,0.303,0.583,0.413,0.73,0.196,0.362,0.615,0,0,0,1,TRAIN,7,1.0,0.0,0.0,0.0,0.0,0.0,1.0,0.0,0.0,0.0,1.0,0.0,0.0,0.0,0.0
2125,0.69,0.856,0.705,0.0,0.526,0.921,0.069,0.682,2,1,0,1,TRAIN,6,0.0,0.0,1.0,0.0,0.0,0.0,0.0,1.0,0.0,0.0,1.0,0.0,0.0,0.0,0.0
2126,0.48,0.457,0.454,0.0,0.607,0.21,0.375,0.446,5,0,0,0,TRAIN,7,0.0,0.0,0.0,0.0,0.0,1.0,1.0,0.0,0.0,0.0,1.0,0.0,0.0,0.0,0.0
2127,0.874,0.472,0.603,0.587,0.562,0.343,0.135,0.701,0,0,0,1,TRAIN,7,1.0,0.0,0.0,0.0,0.0,0.0,1.0,0.0,0.0,0.0,1.0,0.0,0.0,0.0,0.0
2128,0.453,0.453,0.377,0.889,0.331,0.432,0.04,0.28,2,2,0,1,VAL,5,0.0,0.0,1.0,0.0,0.0,0.0,0.0,0.0,1.0,0.0,1.0,0.0,0.0,0.0,0.0
2129,0.188,0.493,0.288,0.786,0.316,0.354,0.036,0.189,3,1,3,1,TRAIN,3,0.0,0.0,0.0,1.0,0.0,0.0,0.0,1.0,0.0,0.0,0.0,0.0,0.0,1.0,0.0
2130,0.621,0.8,0.626,0.0,0.589,0.923,0.15,0.666,5,2,0,1,VAL,6,0.0,0.0,0.0,0.0,0.0,1.0,0.0,0.0,1.0,0.0,1.0,0.0,0.0,0.0,0.0
2131,0.559,0.806,0.577,0.0,0.591,0.951,0.146,0.595,2,3,3,1,TRAIN,6,0.0,0.0,1.0,0.0,0.0,0.0,0.0,0.0,0.0,1.0,0.0,0.0,0.0,1.0,0.0
2132,0.565,0.32,0.427,0.0,0.737,0.043,0.607,0.544,3,1,4,0,TEST,2,0.0,0.0,0.0,1.0,0.0,0.0,0.0,1.0,0.0,0.0,0.0,0.0,0.0,0.0,1.0
2133,0.525,0.311,0.429,0.29,0.738,0.158,0.26,0.449,0,1,0,0,VAL,7,1.0,0.0,0.0,0.0,0.0,0.0,0.0,1.0,0.0,0.0,1.0,0.0,0.0,0.0,0.0
2134,0.283,0.453,0.281,0.907,0.253,0.452,0.013,0.199,3,2,4,1,TEST,3,0.0,0.0,0.0,1.0,0.0,0.0,0.0,0.0,1.0,0.0,0.0,0.0,0.0,0.0,1.0
2135,0.437,0.456,0.447,0.624,0.463,0.414,0.104,0.322,2,0,0,0,TRAIN,3,0.0,0.0,1.0,0.0,0.0,0.0,1.0,0.0,0.0,0.0,1.0,0.0,0.0,0.0,0.0
2136,0.354,0.509,0.415,0.931,0.23,0.334,0.014,0.238,1,2,0,1,TRAIN,3,0.0,1.0,0.0,0.0,0.0,0.0,0.0,0.0,1.0,0.0,1.0,0.0,0.0,0.0,0.0
2137,0.217,0.519,0.358,0.819,0.425,0.652,0.02,0.197,2,3,3,1,TRAIN,3,0.0,0.0,1.0,0.0,0.0,0.0,0.0,0.0,0.0,1.0,0.0,0.0,0.0,1.0,0.0
2138,0.651,0.207,0.514,0.924,0.628,0.0,0.282,0.451,5,1,1,0,VAL,7,0.0,0.0,0.0,0.0,0.0,1.0,0.0,1.0,0.0,0.0,0.0,1.0,0.0,0.0,0.0
2139,0.065,0.4,0.117,0.573,0.359,0.53,0.064,0.069,0,1,4,1,TEST,5,1.0,0.0,0.0,0.0,0.0,0.0,0.0,1.0,0.0,0.0,0.0,0.0,0.0,0.0,1.0
2140,0.257,0.556,0.385,0.79,0.24,0.495,0.01,0.19,1,2,3,0,TRAIN,3,0.0,1.0,0.0,0.0,0.0,0.0,0.0,0.0,1.0,0.0,0.0,0.0,0.0,1.0,0.0
2141,0.414,0.523,0.446,0.643,0.566,0.406,0.086,0.492,1,2,0,1,TRAIN,3,0.0,1.0,0.0,0.0,0.0,0.0,0.0,0.0,1.0,0.0,1.0,0.0,0.0,0.0,0.0
2142,0.316,0.534,0.295,1.0,0.271,0.477,0.008,0.18,3,2,0,0,TEST,3,0.0,0.0,0.0,1.0,0.0,0.0,0.0,0.0,1.0,0.0,1.0,0.0,0.0,0.0,0.0
2143,0.504,0.544,0.35,0.843,0.162,0.581,0.018,0.222,3,2,3,0,VAL,3,0.0,0.0,0.0,1.0,0.0,0.0,0.0,0.0,1.0,0.0,0.0,0.0,0.0,1.0,0.0
2144,0.892,0.465,0.654,1.0,0.354,0.388,0.016,0.629,2,0,1,1,TEST,4,0.0,0.0,1.0,0.0,0.0,0.0,1.0,0.0,0.0,0.0,0.0,1.0,0.0,0.0,0.0
2145,0.223,0.434,0.327,0.739,0.264,0.363,0.024,0.136,2,2,3,0,TRAIN,3,0.0,0.0,1.0,0.0,0.0,0.0,0.0,0.0,1.0,0.0,0.0,0.0,0.0,1.0,0.0
2146,0.471,0.752,0.535,0.0,0.727,0.753,0.278,0.624,5,2,0,0,TEST,6,0.0,0.0,0.0,0.0,0.0,1.0,0.0,0.0,1.0,0.0,1.0,0.0,0.0,0.0,0.0
2147,0.612,0.781,0.649,0.0,0.525,1.0,0.137,0.57,2,2,1,1,TRAIN,6,0.0,0.0,1.0,0.0,0.0,0.0,0.0,0.0,1.0,0.0,0.0,1.0,0.0,0.0,0.0
2148,0.63,0.847,0.579,0.0,0.567,0.948,0.142,0.687,0,2,3,1,TEST,6,1.0,0.0,0.0,0.0,0.0,0.0,0.0,0.0,1.0,0.0,0.0,0.0,0.0,1.0,0.0
2149,0.399,0.518,0.442,0.828,0.428,0.608,0.022,0.289,3,2,3,0,TEST,3,0.0,0.0,0.0,1.0,0.0,0.0,0.0,0.0,1.0,0.0,0.0,0.0,0.0,1.0,0.0
2150,0.193,0.518,0.413,0.633,0.397,0.664,0.014,0.189,3,3,0,0,TRAIN,3,0.0,0.0,0.0,1.0,0.0,0.0,0.0,0.0,0.0,1.0,1.0,0.0,0.0,0.0,0.0
2151,0.478,0.452,0.453,0.401,0.484,0.262,0.116,0.365,0,2,3,0,VAL,3,1.0,0.0,0.0,0.0,0.0,0.0,0.0,0.0,1.0,0.0,0.0,0.0,0.0,1.0,0.0
2152,0.6,0.535,0.545,0.722,0.409,0.507,0.067,0.404,3,3,1,1,TEST,3,0.0,0.0,0.0,1.0,0.0,0.0,0.0,0.0,0.0,1.0,0.0,1.0,0.0,0.0,0.0
2153,0.418,0.62,0.539,0.716,0.363,0.786,0.019,0.363,3,0,3,1,TEST,3,0.0,0.0,0.0,1.0,0.0,0.0,1.0,0.0,0.0,0.0,0.0,0.0,0.0,1.0,0.0
2154,0.697,0.3,0.511,0.625,0.494,0.194,0.231,0.439,1,0,0,0,VAL,7,0.0,1.0,0.0,0.0,0.0,0.0,1.0,0.0,0.0,0.0,1.0,0.0,0.0,0.0,0.0
2155,0.325,0.605,0.313,0.912,0.243,0.618,0.003,0.203,3,2,3,0,TEST,3,0.0,0.0,0.0,1.0,0.0,0.0,0.0,0.0,1.0,0.0,0.0,0.0,0.0,1.0,0.0
2156,0.482,0.563,0.48,0.864,0.339,0.55,0.022,0.336,2,0,3,0,TRAIN,3,0.0,0.0,1.0,0.0,0.0,0.0,1.0,0.0,0.0,0.0,0.0,0.0,0.0,1.0,0.0
2157,0.301,0.523,0.412,1.0,0.339,0.558,0.01,0.188,2,3,0,0,TRAIN,3,0.0,0.0,1.0,0.0,0.0,0.0,0.0,0.0,0.0,1.0,1.0,0.0,0.0,0.0,0.0
2158,0.522,0.304,0.441,0.94,0.396,0.082,0.135,0.317,5,0,0,0,VAL,7,0.0,0.0,0.0,0.0,0.0,1.0,1.0,0.0,0.0,0.0,1.0,0.0,0.0,0.0,0.0
2159,0.263,0.387,0.287,0.699,0.435,0.188,0.054,0.214,2,1,2,1,TEST,5,0.0,0.0,1.0,0.0,0.0,0.0,0.0,1.0,0.0,0.0,0.0,0.0,1.0,0.0,0.0
2160,0.5,0.878,0.54,0.0,0.431,0.999,0.034,0.541,3,0,0,1,VAL,6,0.0,0.0,0.0,1.0,0.0,0.0,1.0,0.0,0.0,0.0,1.0,0.0,0.0,0.0,0.0
2161,0.417,0.574,0.415,0.562,0.415,0.52,0.025,0.283,2,1,0,1,VAL,3,0.0,0.0,1.0,0.0,0.0,0.0,0.0,1.0,0.0,0.0,1.0,0.0,0.0,0.0,0.0
2162,0.203,0.559,0.333,1.0,0.228,0.573,0.002,0.107,2,2,0,1,TEST,3,0.0,0.0,1.0,0.0,0.0,0.0,0.0,0.0,1.0,0.0,1.0,0.0,0.0,0.0,0.0
2163,0.395,0.49,0.379,0.699,0.539,0.501,0.046,0.336,3,2,3,0,VAL,3,0.0,0.0,0.0,1.0,0.0,0.0,0.0,0.0,1.0,0.0,0.0,0.0,0.0,1.0,0.0
2164,0.152,0.62,0.298,1.0,0.175,0.662,0.002,0.102,2,0,1,1,TRAIN,8,0.0,0.0,1.0,0.0,0.0,0.0,1.0,0.0,0.0,0.0,0.0,1.0,0.0,0.0,0.0
2165,0.395,0.43,0.36,1.0,0.259,0.502,0.01,0.316,1,3,0,1,TRAIN,5,0.0,1.0,0.0,0.0,0.0,0.0,0.0,0.0,0.0,1.0,1.0,0.0,0.0,0.0,0.0
2166,0.484,0.457,0.408,0.657,0.491,0.339,0.076,0.454,2,2,1,1,TEST,3,0.0,0.0,1.0,0.0,0.0,0.0,0.0,0.0,1.0,0.0,0.0,1.0,0.0,0.0,0.0
2167,0.38,0.529,0.357,0.648,0.363,0.546,0.039,0.264,3,2,0,0,TRAIN,3,0.0,0.0,0.0,1.0,0.0,0.0,0.0,0.0,1.0,0.0,1.0,0.0,0.0,0.0,0.0
2168,0.343,0.422,0.366,1.0,0.31,0.351,0.021,0.261,4,1,1,0,TRAIN,5,0.0,0.0,0.0,0.0,1.0,0.0,0.0,1.0,0.0,0.0,0.0,1.0,0.0,0.0,0.0
2169,0.633,0.874,0.571,0.0,0.493,0.945,0.037,0.535,0,2,1,1,VAL,6,1.0,0.0,0.0,0.0,0.0,0.0,0.0,0.0,1.0,0.0,0.0,1.0,0.0,0.0,0.0
2170,0.072,0.482,0.253,0.955,0.22,0.455,0.006,0.084,2,1,2,1,TRAIN,5,0.0,0.0,1.0,0.0,0.0,0.0,0.0,1.0,0.0,0.0,0.0,0.0,1.0,0.0,0.0
2171,0.505,0.848,0.618,0.0,0.571,0.827,0.081,0.605,0,3,1,1,VAL,6,1.0,0.0,0.0,0.0,0.0,0.0,0.0,0.0,0.0,1.0,0.0,1.0,0.0,0.0,0.0
2172,0.542,0.48,0.436,0.0,0.761,0.47,0.61,0.543,2,1,4,0,TRAIN,2,0.0,0.0,1.0,0.0,0.0,0.0,0.0,1.0,0.0,0.0,0.0,0.0,0.0,0.0,1.0
2173,0.367,0.625,0.383,0.717,0.331,0.635,0.003,0.132,1,1,0,1,TEST,3,0.0,1.0,0.0,0.0,0.0,0.0,0.0,1.0,0.0,0.0,1.0,0.0,0.0,0.0,0.0
2174,0.052,0.459,0.884,0.541,0.798,0.224,0.426,0.915,5,3,0,0,TEST,7,0.0,0.0,0.0,0.0,0.0,1.0,0.0,0.0,0.0,1.0,1.0,0.0,0.0,0.0,0.0
2175,0.562,0.324,0.459,0.982,0.444,0.149,0.189,0.5,0,0,1,1,TEST,7,1.0,0.0,0.0,0.0,0.0,0.0,1.0,0.0,0.0,0.0,0.0,1.0,0.0,0.0,0.0
2176,0.254,0.457,0.366,0.86,0.367,0.387,0.026,0.177,2,2,0,1,TRAIN,3,0.0,0.0,1.0,0.0,0.0,0.0,0.0,0.0,1.0,0.0,1.0,0.0,0.0,0.0,0.0
2177,0.349,0.55,0.346,0.844,0.339,0.56,0.016,0.27,5,3,1,0,TRAIN,3,0.0,0.0,0.0,0.0,0.0,1.0,0.0,0.0,0.0,1.0,0.0,1.0,0.0,0.0,0.0
2178,0.411,0.573,0.436,0.664,0.329,0.653,0.02,0.278,5,3,0,1,TRAIN,3,0.0,0.0,0.0,0.0,0.0,1.0,0.0,0.0,0.0,1.0,1.0,0.0,0.0,0.0,0.0
2179,0.415,0.515,0.418,0.765,0.528,0.38,0.047,0.252,3,2,0,1,TRAIN,3,0.0,0.0,0.0,1.0,0.0,0.0,0.0,0.0,1.0,0.0,1.0,0.0,0.0,0.0,0.0
2180,0.24,0.581,0.373,0.781,0.315,0.672,0.007,0.177,3,2,0,1,TRAIN,3,0.0,0.0,0.0,1.0,0.0,0.0,0.0,0.0,1.0,0.0,1.0,0.0,0.0,0.0,0.0
2181,0.423,0.488,0.409,0.795,0.4,0.342,0.046,0.242,3,2,0,0,TEST,3,0.0,0.0,0.0,1.0,0.0,0.0,0.0,0.0,1.0,0.0,1.0,0.0,0.0,0.0,0.0
2182,0.601,0.733,0.615,0.0,0.689,0.771,0.243,0.705,2,2,3,1,TRAIN,6,0.0,0.0,1.0,0.0,0.0,0.0,0.0,0.0,1.0,0.0,0.0,0.0,0.0,1.0,0.0
2183,0.53,0.485,0.482,0.663,0.443,0.556,0.05,0.366,0,0,1,1,TRAIN,4,1.0,0.0,0.0,0.0,0.0,0.0,1.0,0.0,0.0,0.0,0.0,1.0,0.0,0.0,0.0
2184,0.203,0.56,0.283,0.837,0.152,0.555,0.01,0.159,1,2,0,0,TRAIN,3,0.0,1.0,0.0,0.0,0.0,0.0,0.0,0.0,1.0,0.0,1.0,0.0,0.0,0.0,0.0
2185,0.851,0.218,0.723,0.845,0.631,0.0,0.454,0.703,0,3,0,1,VAL,7,1.0,0.0,0.0,0.0,0.0,0.0,0.0,0.0,0.0,1.0,1.0,0.0,0.0,0.0,0.0
2186,0.247,0.551,0.278,0.756,0.188,0.543,0.006,0.135,1,2,3,0,TRAIN,3,0.0,1.0,0.0,0.0,0.0,0.0,0.0,0.0,1.0,0.0,0.0,0.0,0.0,1.0,0.0
2187,0.381,0.586,0.468,0.811,0.374,0.577,0.014,0.319,3,2,3,0,TRAIN,3,0.0,0.0,0.0,1.0,0.0,0.0,0.0,0.0,1.0,0.0,0.0,0.0,0.0,1.0,0.0
2188,0.237,0.557,0.289,0.718,0.351,0.846,0.016,0.245,3,2,0,0,VAL,3,0.0,0.0,0.0,1.0,0.0,0.0,0.0,0.0,1.0,0.0,1.0,0.0,0.0,0.0,0.0
2189,0.486,0.2,0.47,0.919,0.635,0.0,0.365,0.502,0,3,0,0,VAL,7,1.0,0.0,0.0,0.0,0.0,0.0,0.0,0.0,0.0,1.0,1.0,0.0,0.0,0.0,0.0
2190,0.503,0.545,0.498,0.678,0.409,0.369,0.037,0.437,3,2,0,1,TRAIN,3,0.0,0.0,0.0,1.0,0.0,0.0,0.0,0.0,1.0,0.0,1.0,0.0,0.0,0.0,0.0
2191,0.463,0.504,0.457,0.0,0.735,0.446,0.568,0.491,3,2,0,1,VAL,2,0.0,0.0,0.0,1.0,0.0,0.0,0.0,0.0,1.0,0.0,1.0,0.0,0.0,0.0,0.0
2192,0.442,0.406,0.388,0.528,0.394,0.108,0.126,0.329,0,3,3,0,VAL,5,1.0,0.0,0.0,0.0,0.0,0.0,0.0,0.0,0.0,1.0,0.0,0.0,0.0,1.0,0.0
2193,0.446,0.488,0.419,0.864,0.358,0.366,0.025,0.206,2,1,2,1,VAL,5,0.0,0.0,1.0,0.0,0.0,0.0,0.0,1.0,0.0,0.0,0.0,0.0,1.0,0.0,0.0
2194,0.235,0.504,0.245,1.0,0.184,0.423,0.008,0.086,2,2,0,0,TRAIN,3,0.0,0.0,1.0,0.0,0.0,0.0,0.0,0.0,1.0,0.0,1.0,0.0,0.0,0.0,0.0
2195,0.139,0.487,0.252,1.0,0.272,0.423,0.034,0.105,0,3,3,0,TEST,3,1.0,0.0,0.0,0.0,0.0,0.0,0.0,0.0,0.0,1.0,0.0,0.0,0.0,1.0,0.0
2196,0.35,0.558,0.371,0.772,0.435,0.639,0.013,0.264,1,2,3,0,VAL,3,0.0,1.0,0.0,0.0,0.0,0.0,0.0,0.0,1.0,0.0,0.0,0.0,0.0,1.0,0.0
2197,0.581,0.832,0.647,0.0,0.526,1.0,0.099,0.562,3,2,0,1,TRAIN,6,0.0,0.0,0.0,1.0,0.0,0.0,0.0,0.0,1.0,0.0,1.0,0.0,0.0,0.0,0.0
2198,0.356,0.391,0.323,0.573,0.35,0.218,0.16,0.281,2,1,4,0,TRAIN,5,0.0,0.0,1.0,0.0,0.0,0.0,0.0,1.0,0.0,0.0,0.0,0.0,0.0,0.0,1.0
2199,0.083,0.316,0.239,0.271,0.617,0.173,0.273,0.223,0,0,0,0,TEST,7,1.0,0.0,0.0,0.0,0.0,0.0,1.0,0.0,0.0,0.0,1.0,0.0,0.0,0.0,0.0
2200,0.965,0.48,0.255,0.5,0.188,0.405,0.017,0.121,2,1,0,0,TEST,8,0.0,0.0,1.0,0.0,0.0,0.0,0.0,1.0,0.0,0.0,1.0,0.0,0.0,0.0,0.0
2201,0.26,0.478,0.278,0.703,0.388,0.343,0.039,0.147,3,1,1,1,VAL,3,0.0,0.0,0.0,1.0,0.0,0.0,0.0,1.0,0.0,0.0,0.0,1.0,0.0,0.0,0.0
2202,0.402,0.481,0.352,0.87,0.418,0.399,0.042,0.277,2,2,3,0,TEST,3,0.0,0.0,1.0,0.0,0.0,0.0,0.0,0.0,1.0,0.0,0.0,0.0,0.0,1.0,0.0
2203,0.653,0.176,0.516,1.0,0.406,0.137,0.031,0.393,4,0,2,1,TRAIN,4,0.0,0.0,0.0,0.0,1.0,0.0,1.0,0.0,0.0,0.0,0.0,0.0,1.0,0.0,0.0
2204,0.655,0.511,0.638,0.0,0.715,0.577,0.324,0.62,5,1,1,0,TEST,7,0.0,0.0,0.0,0.0,0.0,1.0,0.0,1.0,0.0,0.0,0.0,1.0,0.0,0.0,0.0
2205,0.536,0.53,0.525,0.726,0.445,0.447,0.051,0.283,2,3,3,0,TEST,3,0.0,0.0,1.0,0.0,0.0,0.0,0.0,0.0,0.0,1.0,0.0,0.0,0.0,1.0,0.0
2206,0.308,0.589,0.311,0.817,0.339,0.631,0.018,0.13,5,2,3,0,TRAIN,3,0.0,0.0,0.0,0.0,0.0,1.0,0.0,0.0,1.0,0.0,0.0,0.0,0.0,1.0,0.0
2207,0.486,0.625,0.507,0.194,0.394,0.8,0.063,0.421,3,0,1,1,TRAIN,1,0.0,0.0,0.0,1.0,0.0,0.0,1.0,0.0,0.0,0.0,0.0,1.0,0.0,0.0,0.0
2208,0.419,0.903,0.499,0.0,0.494,0.95,0.014,0.415,2,0,1,1,TEST,6,0.0,0.0,1.0,0.0,0.0,0.0,1.0,0.0,0.0,0.0,0.0,1.0,0.0,0.0,0.0
2209,0.546,0.849,0.605,0.0,0.638,1.0,0.075,0.596,3,2,2,1,TEST,6,0.0,0.0,0.0,1.0,0.0,0.0,0.0,0.0,1.0,0.0,0.0,0.0,1.0,0.0,0.0
2210,0.449,0.652,0.403,0.0,0.403,0.548,0.081,0.315,0,0,0,0,TEST,1,1.0,0.0,0.0,0.0,0.0,0.0,1.0,0.0,0.0,0.0,1.0,0.0,0.0,0.0,0.0
2211,0.54,0.675,0.569,0.123,0.605,0.788,0.065,0.494,0,0,1,0,VAL,1,1.0,0.0,0.0,0.0,0.0,0.0,1.0,0.0,0.0,0.0,0.0,1.0,0.0,0.0,0.0
2212,0.477,0.807,0.511,0.0,0.478,0.863,0.082,0.529,0,1,1,1,TRAIN,6,1.0,0.0,0.0,0.0,0.0,0.0,0.0,1.0,0.0,0.0,0.0,1.0,0.0,0.0,0.0
2213,0.576,0.523,0.485,0.658,0.439,0.541,0.092,0.343,2,3,0,1,TRAIN,3,0.0,0.0,1.0,0.0,0.0,0.0,0.0,0.0,0.0,1.0,1.0,0.0,0.0,0.0,0.0
2214,0.597,0.557,0.495,0.708,0.529,0.461,0.061,0.42,2,0,3,1,TRAIN,3,0.0,0.0,1.0,0.0,0.0,0.0,1.0,0.0,0.0,0.0,0.0,0.0,0.0,1.0,0.0
2215,0.509,0.504,0.445,0.591,0.478,0.391,0.059,0.384,1,1,0,0,TRAIN,3,0.0,1.0,0.0,0.0,0.0,0.0,0.0,1.0,0.0,0.0,1.0,0.0,0.0,0.0,0.0
2216,0.34,0.407,0.283,0.931,0.387,0.321,0.053,0.221,3,3,0,0,TEST,3,0.0,0.0,0.0,1.0,0.0,0.0,0.0,0.0,0.0,1.0,1.0,0.0,0.0,0.0,0.0
2217,0.56,0.738,0.527,0.0,0.626,0.856,0.102,0.545,4,0,1,1,TEST,6,0.0,0.0,0.0,0.0,1.0,0.0,1.0,0.0,0.0,0.0,0.0,1.0,0.0,0.0,0.0
2218,0.575,0.273,0.525,0.56,0.616,0.2,0.392,0.651,0,3,0,1,TEST,7,1.0,0.0,0.0,0.0,0.0,0.0,0.0,0.0,0.0,1.0,1.0,0.0,0.0,0.0,0.0
2219,0.514,0.637,0.53,0.149,0.459,0.551,0.107,0.441,4,1,0,1,TEST,1,0.0,0.0,0.0,0.0,1.0,0.0,0.0,1.0,0.0,0.0,1.0,0.0,0.0,0.0,0.0
2220,0.551,0.877,0.565,0.0,0.645,0.984,0.078,0.681,0,2,0,1,VAL,6,1.0,0.0,0.0,0.0,0.0,0.0,0.0,0.0,1.0,0.0,1.0,0.0,0.0,0.0,0.0
2221,0.46,0.923,0.62,0.0,0.408,1.0,0.049,0.423,0,2,0,0,TEST,6,1.0,0.0,0.0,0.0,0.0,0.0,0.0,0.0,1.0,0.0,1.0,0.0,0.0,0.0,0.0
2222,0.414,0.497,0.445,0.697,0.336,0.473,0.027,0.183,2,3,0,0,TRAIN,3,0.0,0.0,1.0,0.0,0.0,0.0,0.0,0.0,0.0,1.0,1.0,0.0,0.0,0.0,0.0
2223,0.634,0.859,0.654,0.0,0.563,0.958,0.075,0.576,2,3,2,0,TRAIN,6,0.0,0.0,1.0,0.0,0.0,0.0,0.0,0.0,0.0,1.0,0.0,0.0,1.0,0.0,0.0
2224,0.313,0.644,0.456,0.669,0.252,0.539,0.029,0.277,3,2,0,1,VAL,3,0.0,0.0,0.0,1.0,0.0,0.0,0.0,0.0,1.0,0.0,1.0,0.0,0.0,0.0,0.0
2225,0.321,0.59,0.464,0.622,0.431,0.517,0.025,0.288,2,2,0,0,VAL,3,0.0,0.0,1.0,0.0,0.0,0.0,0.0,0.0,1.0,0.0,1.0,0.0,0.0,0.0,0.0
2226,0.295,0.504,0.448,1.0,0.22,0.554,0.006,0.176,2,2,0,0,VAL,3,0.0,0.0,1.0,0.0,0.0,0.0,0.0,0.0,1.0,0.0,1.0,0.0,0.0,0.0,0.0
2227,0.572,0.761,0.504,0.0,0.519,0.66,0.166,0.536,2,2,1,1,TRAIN,6,0.0,0.0,1.0,0.0,0.0,0.0,0.0,0.0,1.0,0.0,0.0,1.0,0.0,0.0,0.0
2228,0.728,0.234,0.473,0.902,0.605,0.0,0.232,0.512,0,3,3,1,TRAIN,7,1.0,0.0,0.0,0.0,0.0,0.0,0.0,0.0,0.0,1.0,0.0,0.0,0.0,1.0,0.0
2229,0.256,0.241,0.746,1.0,0.703,0.0,0.262,0.85,0,0,0,1,TRAIN,7,1.0,0.0,0.0,0.0,0.0,0.0,1.0,0.0,0.0,0.0,1.0,0.0,0.0,0.0,0.0
2230,0.123,0.517,0.185,1.0,0.143,0.403,0.004,0.056,5,1,3,1,VAL,3,0.0,0.0,0.0,0.0,0.0,1.0,0.0,1.0,0.0,0.0,0.0,0.0,0.0,1.0,0.0
2231,0.64,0.818,0.631,0.0,0.571,1.0,0.123,0.605,3,2,1,1,TRAIN,6,0.0,0.0,0.0,1.0,0.0,0.0,0.0,0.0,1.0,0.0,0.0,1.0,0.0,0.0,0.0
2232,0.441,0.596,0.456,0.674,0.403,0.62,0.035,0.307,3,2,0,1,TRAIN,3,0.0,0.0,0.0,1.0,0.0,0.0,0.0,0.0,1.0,0.0,1.0,0.0,0.0,0.0,0.0
2233,0.45,0.899,0.604,0.0,0.399,0.915,0.033,0.496,0,2,2,1,TRAIN,6,1.0,0.0,0.0,0.0,0.0,0.0,0.0,0.0,1.0,0.0,0.0,0.0,1.0,0.0,0.0
2234,0.684,0.254,0.607,1.0,0.671,0.098,0.144,0.503,0,1,0,0,TRAIN,7,1.0,0.0,0.0,0.0,0.0,0.0,0.0,1.0,0.0,0.0,1.0,0.0,0.0,0.0,0.0
2235,0.67,0.43,0.525,0.613,0.318,0.502,0.132,0.347,2,2,0,0,TRAIN,3,0.0,0.0,1.0,0.0,0.0,0.0,0.0,0.0,1.0,0.0,1.0,0.0,0.0,0.0,0.0
2236,0.628,0.798,0.568,0.0,0.625,0.861,0.107,0.625,1,2,0,1,TRAIN,6,0.0,1.0,0.0,0.0,0.0,0.0,0.0,0.0,1.0,0.0,1.0,0.0,0.0,0.0,0.0
2237,0.407,0.546,0.444,0.667,0.415,0.598,0.038,0.289,3,0,3,1,TRAIN,3,0.0,0.0,0.0,1.0,0.0,0.0,1.0,0.0,0.0,0.0,0.0,0.0,0.0,1.0,0.0
2238,0.442,0.54,0.358,0.875,0.308,0.4,0.05,0.33,2,2,3,1,TRAIN,3,0.0,0.0,1.0,0.0,0.0,0.0,0.0,0.0,1.0,0.0,0.0,0.0,0.0,1.0,0.0
2239,0.432,0.607,0.552,0.0,0.556,0.608,0.284,0.478,1,1,4,0,TRAIN,2,0.0,1.0,0.0,0.0,0.0,0.0,0.0,1.0,0.0,0.0,0.0,0.0,0.0,0.0,1.0
2240,0.638,0.242,0.511,1.0,0.588,0.025,0.152,0.441,0,0,1,0,TRAIN,7,1.0,0.0,0.0,0.0,0.0,0.0,1.0,0.0,0.0,0.0,0.0,1.0,0.0,0.0,0.0
2241,0.83,0.33,0.692,1.0,0.506,0.218,0.069,0.601,0,3,1,1,TRAIN,4,1.0,0.0,0.0,0.0,0.0,0.0,0.0,0.0,0.0,1.0,0.0,1.0,0.0,0.0,0.0
2242,0.388,0.519,0.374,0.902,0.292,0.423,0.01,0.191,1,0,4,0,VAL,5,0.0,1.0,0.0,0.0,0.0,0.0,1.0,0.0,0.0,0.0,0.0,0.0,0.0,0.0,1.0
2243,0.137,0.584,0.287,0.813,0.097,0.606,0.003,0.13,3,3,3,0,TRAIN,3,0.0,0.0,0.0,1.0,0.0,0.0,0.0,0.0,0.0,1.0,0.0,0.0,0.0,1.0,0.0
2244,0.16,0.513,0.334,0.539,0.311,0.571,0.014,0.198,5,2,0,0,VAL,3,0.0,0.0,0.0,0.0,0.0,1.0,0.0,0.0,1.0,0.0,1.0,0.0,0.0,0.0,0.0
2245,0.519,0.55,0.456,0.643,0.468,0.257,0.086,0.453,2,2,1,0,VAL,3,0.0,0.0,1.0,0.0,0.0,0.0,0.0,0.0,1.0,0.0,0.0,1.0,0.0,0.0,0.0
2246,0.373,0.489,0.296,0.904,0.237,0.477,0.027,0.237,3,3,3,0,TRAIN,3,0.0,0.0,0.0,1.0,0.0,0.0,0.0,0.0,0.0,1.0,0.0,0.0,0.0,1.0,0.0
2247,0.423,0.489,0.414,0.794,0.469,0.423,0.018,0.243,3,3,3,0,TRAIN,3,0.0,0.0,0.0,1.0,0.0,0.0,0.0,0.0,0.0,1.0,0.0,0.0,0.0,1.0,0.0
2248,0.259,0.294,0.765,1.0,0.477,0.0,0.139,0.763,0,1,0,1,TRAIN,7,1.0,0.0,0.0,0.0,0.0,0.0,0.0,1.0,0.0,0.0,1.0,0.0,0.0,0.0,0.0
2249,0.64,0.399,0.46,0.744,0.468,0.389,0.127,0.52,5,3,3,0,TEST,3,0.0,0.0,0.0,0.0,0.0,1.0,0.0,0.0,0.0,1.0,0.0,0.0,0.0,1.0,0.0
2250,0.271,0.267,0.386,0.973,0.512,0.065,0.133,0.268,0,1,0,1,TRAIN,7,1.0,0.0,0.0,0.0,0.0,0.0,0.0,1.0,0.0,0.0,1.0,0.0,0.0,0.0,0.0
2251,0.414,0.531,0.519,0.0,0.704,0.376,0.282,0.515,1,1,4,1,TEST,2,0.0,1.0,0.0,0.0,0.0,0.0,0.0,1.0,0.0,0.0,0.0,0.0,0.0,0.0,1.0
2252,0.183,0.571,0.304,0.859,0.298,0.692,0.007,0.095,2,0,1,1,TEST,8,0.0,0.0,1.0,0.0,0.0,0.0,1.0,0.0,0.0,0.0,0.0,1.0,0.0,0.0,0.0
2253,0.555,0.802,0.616,0.0,0.502,0.988,0.114,0.512,2,2,1,1,TEST,6,0.0,0.0,1.0,0.0,0.0,0.0,0.0,0.0,1.0,0.0,0.0,1.0,0.0,0.0,0.0
2254,0.429,0.816,0.56,0.0,0.653,0.886,0.156,0.634,0,3,0,0,TRAIN,6,1.0,0.0,0.0,0.0,0.0,0.0,0.0,0.0,0.0,1.0,1.0,0.0,0.0,0.0,0.0
2255,0.437,0.848,0.535,0.0,0.453,0.87,0.082,0.506,0,2,1,1,TRAIN,6,1.0,0.0,0.0,0.0,0.0,0.0,0.0,0.0,1.0,0.0,0.0,1.0,0.0,0.0,0.0
2256,0.704,0.785,0.662,0.0,0.637,0.888,0.232,0.676,3,2,2,1,TEST,6,0.0,0.0,0.0,1.0,0.0,0.0,0.0,0.0,1.0,0.0,0.0,0.0,1.0,0.0,0.0
2257,0.442,0.215,0.325,0.422,0.667,0.0,0.475,0.475,0,0,0,1,VAL,7,1.0,0.0,0.0,0.0,0.0,0.0,1.0,0.0,0.0,0.0,1.0,0.0,0.0,0.0,0.0
2258,0.394,0.577,0.378,0.752,0.395,0.635,0.014,0.239,3,3,0,0,TRAIN,3,0.0,0.0,0.0,1.0,0.0,0.0,0.0,0.0,0.0,1.0,1.0,0.0,0.0,0.0,0.0
2259,0.555,0.791,0.531,0.0,0.634,0.89,0.299,0.584,3,0,2,0,VAL,6,0.0,0.0,0.0,1.0,0.0,0.0,1.0,0.0,0.0,0.0,0.0,0.0,1.0,0.0,0.0
2260,0.401,0.513,0.594,0.0,0.859,0.471,0.493,0.563,2,1,1,1,TRAIN,2,0.0,0.0,1.0,0.0,0.0,0.0,0.0,1.0,0.0,0.0,0.0,1.0,0.0,0.0,0.0
2261,0.448,0.491,0.421,0.55,0.365,0.366,0.09,0.333,3,2,0,0,TRAIN,3,0.0,0.0,0.0,1.0,0.0,0.0,0.0,0.0,1.0,0.0,1.0,0.0,0.0,0.0,0.0
2262,0.427,0.883,0.53,0.0,0.53,1.0,0.086,0.421,2,2,1,1,VAL,6,0.0,0.0,1.0,0.0,0.0,0.0,0.0,0.0,1.0,0.0,0.0,1.0,0.0,0.0,0.0
2263,0.309,0.475,0.361,0.706,0.503,0.364,0.058,0.27,5,2,0,1,VAL,3,0.0,0.0,0.0,0.0,0.0,1.0,0.0,0.0,1.0,0.0,1.0,0.0,0.0,0.0,0.0
2264,0.389,0.536,0.253,0.805,0.33,0.394,0.025,0.21,5,0,0,0,TRAIN,3,0.0,0.0,0.0,0.0,0.0,1.0,1.0,0.0,0.0,0.0,1.0,0.0,0.0,0.0,0.0
2265,0.533,0.425,0.497,0.065,0.672,0.207,0.336,0.501,3,1,1,0,TRAIN,2,0.0,0.0,0.0,1.0,0.0,0.0,0.0,1.0,0.0,0.0,0.0,1.0,0.0,0.0,0.0
2266,0.591,0.773,0.569,0.0,0.527,0.7,0.243,0.539,3,2,0,1,TEST,6,0.0,0.0,0.0,1.0,0.0,0.0,0.0,0.0,1.0,0.0,1.0,0.0,0.0,0.0,0.0
2267,0.211,0.514,0.21,1.0,0.238,0.431,0.009,0.115,3,0,0,0,TRAIN,3,0.0,0.0,0.0,1.0,0.0,0.0,1.0,0.0,0.0,0.0,1.0,0.0,0.0,0.0,0.0
2268,0.333,0.618,0.429,0.816,0.394,0.644,0.008,0.274,3,1,3,1,VAL,3,0.0,0.0,0.0,1.0,0.0,0.0,0.0,1.0,0.0,0.0,0.0,0.0,0.0,1.0,0.0
2269,0.646,0.152,0.451,0.791,0.579,0.0,0.381,0.482,0,1,0,0,TRAIN,7,1.0,0.0,0.0,0.0,0.0,0.0,0.0,1.0,0.0,0.0,1.0,0.0,0.0,0.0,0.0
2270,0.413,0.56,0.444,0.642,0.458,0.539,0.069,0.271,2,2,0,0,TRAIN,3,0.0,0.0,1.0,0.0,0.0,0.0,0.0,0.0,1.0,0.0,1.0,0.0,0.0,0.0,0.0
2271,0.256,0.357,0.285,1.0,0.427,0.233,0.06,0.174,4,1,2,0,TEST,5,0.0,0.0,0.0,0.0,1.0,0.0,0.0,1.0,0.0,0.0,0.0,0.0,1.0,0.0,0.0
2272,0.475,0.463,0.398,0.838,0.457,0.502,0.025,0.322,3,2,0,1,TRAIN,3,0.0,0.0,0.0,1.0,0.0,0.0,0.0,0.0,1.0,0.0,1.0,0.0,0.0,0.0,0.0
2273,0.402,0.548,0.368,1.0,0.275,0.477,0.006,0.245,2,2,2,0,TEST,5,0.0,0.0,1.0,0.0,0.0,0.0,0.0,0.0,1.0,0.0,0.0,0.0,1.0,0.0,0.0
2274,0.254,0.436,0.301,0.883,0.462,0.3,0.073,0.317,3,2,1,0,TRAIN,3,0.0,0.0,0.0,1.0,0.0,0.0,0.0,0.0,1.0,0.0,0.0,1.0,0.0,0.0,0.0
2275,0.254,0.492,0.246,0.843,0.245,0.298,0.014,0.12,2,3,2,0,VAL,3,0.0,0.0,1.0,0.0,0.0,0.0,0.0,0.0,0.0,1.0,0.0,0.0,1.0,0.0,0.0
2276,0.293,0.58,0.38,0.734,0.343,0.568,0.02,0.243,3,2,3,0,TEST,3,0.0,0.0,0.0,1.0,0.0,0.0,0.0,0.0,1.0,0.0,0.0,0.0,0.0,1.0,0.0
2277,0.659,0.731,0.649,0.0,0.738,0.667,0.173,0.674,0,2,1,1,TRAIN,6,1.0,0.0,0.0,0.0,0.0,0.0,0.0,0.0,1.0,0.0,0.0,1.0,0.0,0.0,0.0
2278,0.431,0.44,0.319,0.992,0.307,0.385,0.029,0.216,1,0,0,0,VAL,3,0.0,1.0,0.0,0.0,0.0,0.0,1.0,0.0,0.0,0.0,1.0,0.0,0.0,0.0,0.0
2279,0.484,0.55,0.446,0.669,0.409,0.538,0.033,0.387,3,2,3,0,TEST,3,0.0,0.0,0.0,1.0,0.0,0.0,0.0,0.0,1.0,0.0,0.0,0.0,0.0,1.0,0.0
2280,0.314,0.425,0.339,1.0,0.281,0.309,0.028,0.215,0,3,0,0,TRAIN,5,1.0,0.0,0.0,0.0,0.0,0.0,0.0,0.0,0.0,1.0,1.0,0.0,0.0,0.0,0.0
2281,0.251,0.492,0.28,0.852,0.367,0.435,0.017,0.162,2,2,3,0,TRAIN,3,0.0,0.0,1.0,0.0,0.0,0.0,0.0,0.0,1.0,0.0,0.0,0.0,0.0,1.0,0.0
2282,0.836,0.441,0.604,1.0,0.548,0.364,0.089,0.548,4,3,1,1,TEST,4,0.0,0.0,0.0,0.0,1.0,0.0,0.0,0.0,0.0,1.0,0.0,1.0,0.0,0.0,0.0
2283,0.288,0.462,0.257,0.867,0.377,0.416,0.019,0.139,2,2,3,1,TEST,3,0.0,0.0,1.0,0.0,0.0,0.0,0.0,0.0,1.0,0.0,0.0,0.0,0.0,1.0,0.0
2284,0.4,0.565,0.378,0.649,0.343,0.462,0.034,0.283,0,2,0,1,TEST,3,1.0,0.0,0.0,0.0,0.0,0.0,0.0,0.0,1.0,0.0,1.0,0.0,0.0,0.0,0.0
2285,0.273,0.486,0.364,0.806,0.28,0.552,0.016,0.217,5,3,0,1,TRAIN,3,0.0,0.0,0.0,0.0,0.0,1.0,0.0,0.0,0.0,1.0,1.0,0.0,0.0,0.0,0.0
2286,0.209,0.575,0.309,0.713,0.288,0.47,0.006,0.241,5,2,3,0,TEST,3,0.0,0.0,0.0,0.0,0.0,1.0,0.0,0.0,1.0,0.0,0.0,0.0,0.0,1.0,0.0
2287,0.482,0.505,0.44,0.681,0.259,0.387,0.018,0.4,1,2,0,1,TRAIN,3,0.0,1.0,0.0,0.0,0.0,0.0,0.0,0.0,1.0,0.0,1.0,0.0,0.0,0.0,0.0
2288,0.459,0.539,0.428,0.0,0.668,0.389,0.389,0.529,1,2,1,0,VAL,2,0.0,1.0,0.0,0.0,0.0,0.0,0.0,0.0,1.0,0.0,0.0,1.0,0.0,0.0,0.0
2289,0.066,0.322,0.694,1.0,0.63,0.0,0.221,0.652,0,3,0,0,VAL,7,1.0,0.0,0.0,0.0,0.0,0.0,0.0,0.0,0.0,1.0,1.0,0.0,0.0,0.0,0.0
2290,0.468,0.542,0.392,0.588,0.382,0.445,0.019,0.339,1,3,0,1,TEST,3,0.0,1.0,0.0,0.0,0.0,0.0,0.0,0.0,0.0,1.0,1.0,0.0,0.0,0.0,0.0
2291,0.229,0.498,0.234,0.494,0.513,0.397,0.073,0.154,0,1,3,1,TRAIN,5,1.0,0.0,0.0,0.0,0.0,0.0,0.0,1.0,0.0,0.0,0.0,0.0,0.0,1.0,0.0
2292,0.547,0.249,0.393,0.97,0.598,0.124,0.133,0.369,0,0,0,0,TEST,7,1.0,0.0,0.0,0.0,0.0,0.0,1.0,0.0,0.0,0.0,1.0,0.0,0.0,0.0,0.0
2293,0.9,0.278,0.589,1.0,0.545,0.154,0.232,0.606,0,0,1,1,VAL,7,1.0,0.0,0.0,0.0,0.0,0.0,1.0,0.0,0.0,0.0,0.0,1.0,0.0,0.0,0.0
2294,0.095,0.422,0.097,0.798,0.158,0.389,0.006,0.022,0,1,3,0,TRAIN,5,1.0,0.0,0.0,0.0,0.0,0.0,0.0,1.0,0.0,0.0,0.0,0.0,0.0,1.0,0.0
2295,0.944,0.384,0.159,0.464,0.292,0.528,0.043,0.011,2,1,2,1,TRAIN,8,0.0,0.0,1.0,0.0,0.0,0.0,0.0,1.0,0.0,0.0,0.0,0.0,1.0,0.0,0.0
2296,0.264,0.575,0.31,0.741,0.321,0.549,0.013,0.198,3,3,0,1,TRAIN,3,0.0,0.0,0.0,1.0,0.0,0.0,0.0,0.0,0.0,1.0,1.0,0.0,0.0,0.0,0.0
2297,0.52,0.675,0.573,0.221,0.549,0.84,0.091,0.541,1,1,3,0,TRAIN,3,0.0,1.0,0.0,0.0,0.0,0.0,0.0,1.0,0.0,0.0,0.0,0.0,0.0,1.0,0.0
2298,0.36,0.571,0.394,0.783,0.247,0.509,0.014,0.289,3,3,3,0,TEST,3,0.0,0.0,0.0,1.0,0.0,0.0,0.0,0.0,0.0,1.0,0.0,0.0,0.0,1.0,0.0
2299,0.53,0.57,0.467,0.59,0.389,0.581,0.023,0.377,5,2,0,0,TEST,3,0.0,0.0,0.0,0.0,0.0,1.0,0.0,0.0,1.0,0.0,1.0,0.0,0.0,0.0,0.0
2300,0.71,0.313,0.49,1.0,0.409,0.237,0.071,0.368,0,3,1,1,TEST,4,1.0,0.0,0.0,0.0,0.0,0.0,0.0,0.0,0.0,1.0,0.0,1.0,0.0,0.0,0.0
2301,0.213,0.613,0.372,0.741,0.241,0.717,0.005,0.12,2,3,0,0,VAL,3,0.0,0.0,1.0,0.0,0.0,0.0,0.0,0.0,0.0,1.0,1.0,0.0,0.0,0.0,0.0
2302,0.667,0.433,0.538,0.902,0.525,0.415,0.091,0.446,0,3,0,0,TRAIN,7,1.0,0.0,0.0,0.0,0.0,0.0,0.0,0.0,0.0,1.0,1.0,0.0,0.0,0.0,0.0
2303,0.417,0.52,0.463,0.683,0.327,0.695,0.035,0.295,1,2,0,0,TRAIN,3,0.0,1.0,0.0,0.0,0.0,0.0,0.0,0.0,1.0,0.0,1.0,0.0,0.0,0.0,0.0
2304,0.472,0.237,0.417,1.0,0.362,0.262,0.149,0.267,0,0,0,0,TRAIN,7,1.0,0.0,0.0,0.0,0.0,0.0,1.0,0.0,0.0,0.0,1.0,0.0,0.0,0.0,0.0
2305,0.3,0.568,0.277,0.832,0.286,0.711,0.008,0.185,5,2,3,0,VAL,3,0.0,0.0,0.0,0.0,0.0,1.0,0.0,0.0,1.0,0.0,0.0,0.0,0.0,1.0,0.0
2306,0.125,0.544,0.345,0.951,0.295,0.556,0.008,0.077,2,2,3,1,VAL,3,0.0,0.0,1.0,0.0,0.0,0.0,0.0,0.0,1.0,0.0,0.0,0.0,0.0,1.0,0.0
2307,0.157,0.452,0.282,0.682,0.32,0.234,0.044,0.118,0,2,3,0,TRAIN,3,1.0,0.0,0.0,0.0,0.0,0.0,0.0,0.0,1.0,0.0,0.0,0.0,0.0,1.0,0.0
2308,0.439,0.553,0.53,0.683,0.277,0.456,0.052,0.33,2,2,0,0,TRAIN,3,0.0,0.0,1.0,0.0,0.0,0.0,0.0,0.0,1.0,0.0,1.0,0.0,0.0,0.0,0.0
2309,0.391,0.496,0.345,0.663,0.426,0.479,0.036,0.257,2,2,0,1,TRAIN,3,0.0,0.0,1.0,0.0,0.0,0.0,0.0,0.0,1.0,0.0,1.0,0.0,0.0,0.0,0.0
2310,0.535,0.387,0.446,0.0,0.641,0.194,0.523,0.565,2,1,1,0,TRAIN,2,0.0,0.0,1.0,0.0,0.0,0.0,0.0,1.0,0.0,0.0,0.0,1.0,0.0,0.0,0.0
2311,0.265,0.576,0.272,0.742,0.429,0.532,0.015,0.156,3,2,3,1,VAL,3,0.0,0.0,0.0,1.0,0.0,0.0,0.0,0.0,1.0,0.0,0.0,0.0,0.0,1.0,0.0
2312,0.709,0.331,0.573,0.952,0.627,0.281,0.151,0.58,0,0,1,0,VAL,7,1.0,0.0,0.0,0.0,0.0,0.0,1.0,0.0,0.0,0.0,0.0,1.0,0.0,0.0,0.0
2313,0.451,0.551,0.393,0.576,0.354,0.484,0.052,0.335,3,2,0,0,TRAIN,3,0.0,0.0,0.0,1.0,0.0,0.0,0.0,0.0,1.0,0.0,1.0,0.0,0.0,0.0,0.0
2314,0.392,0.696,0.507,0.0,0.66,0.596,0.215,0.509,1,1,1,0,TRAIN,2,0.0,1.0,0.0,0.0,0.0,0.0,0.0,1.0,0.0,0.0,0.0,1.0,0.0,0.0,0.0
2315,0.474,0.59,0.501,0.624,0.471,0.464,0.015,0.292,5,0,3,0,TRAIN,3,0.0,0.0,0.0,0.0,0.0,1.0,1.0,0.0,0.0,0.0,0.0,0.0,0.0,1.0,0.0
2316,0.417,0.63,0.405,0.625,0.288,0.504,0.006,0.243,3,2,1,0,VAL,3,0.0,0.0,0.0,1.0,0.0,0.0,0.0,0.0,1.0,0.0,0.0,1.0,0.0,0.0,0.0
2317,0.332,0.568,0.337,0.821,0.259,0.575,0.015,0.241,3,2,0,0,TRAIN,3,0.0,0.0,0.0,1.0,0.0,0.0,0.0,0.0,1.0,0.0,1.0,0.0,0.0,0.0,0.0
2318,0.45,0.511,0.474,0.0,0.66,0.549,0.37,0.53,1,1,1,0,TEST,2,0.0,1.0,0.0,0.0,0.0,0.0,0.0,1.0,0.0,0.0,0.0,1.0,0.0,0.0,0.0
2319,0.365,0.636,0.479,0.756,0.436,0.605,0.007,0.238,3,2,3,0,TEST,3,0.0,0.0,0.0,1.0,0.0,0.0,0.0,0.0,1.0,0.0,0.0,0.0,0.0,1.0,0.0
2320,0.459,0.599,0.481,0.4,0.412,0.64,0.044,0.411,1,2,0,1,TRAIN,3,0.0,1.0,0.0,0.0,0.0,0.0,0.0,0.0,1.0,0.0,1.0,0.0,0.0,0.0,0.0
2321,0.862,0.439,0.075,0.624,0.281,0.421,0.006,0.011,2,1,1,0,TEST,8,0.0,0.0,1.0,0.0,0.0,0.0,0.0,1.0,0.0,0.0,0.0,1.0,0.0,0.0,0.0
2322,0.643,0.28,0.565,0.74,0.503,0.034,0.375,0.535,0,1,0,1,TRAIN,7,1.0,0.0,0.0,0.0,0.0,0.0,0.0,1.0,0.0,0.0,1.0,0.0,0.0,0.0,0.0
2323,0.503,0.575,0.45,0.51,0.434,0.527,0.05,0.359,3,3,3,1,TRAIN,3,0.0,0.0,0.0,1.0,0.0,0.0,0.0,0.0,0.0,1.0,0.0,0.0,0.0,1.0,0.0
2324,0.804,0.2,0.617,1.0,0.576,0.0,0.254,0.594,5,0,0,1,VAL,7,0.0,0.0,0.0,0.0,0.0,1.0,1.0,0.0,0.0,0.0,1.0,0.0,0.0,0.0,0.0
2325,0.285,0.519,0.341,1.0,0.243,0.315,0.019,0.18,3,2,3,0,TRAIN,3,0.0,0.0,0.0,1.0,0.0,0.0,0.0,0.0,1.0,0.0,0.0,0.0,0.0,1.0,0.0
2326,0.309,0.581,0.424,0.987,0.182,0.703,0.011,0.223,3,2,3,0,TRAIN,3,0.0,0.0,0.0,1.0,0.0,0.0,0.0,0.0,1.0,0.0,0.0,0.0,0.0,1.0,0.0
2327,0.706,0.228,0.464,1.0,0.568,0.0,0.156,0.551,0,0,0,1,TRAIN,7,1.0,0.0,0.0,0.0,0.0,0.0,1.0,0.0,0.0,0.0,1.0,0.0,0.0,0.0,0.0
2328,0.515,0.518,0.468,0.514,0.45,0.59,0.069,0.401,5,2,0,0,VAL,3,0.0,0.0,0.0,0.0,0.0,1.0,0.0,0.0,1.0,0.0,1.0,0.0,0.0,0.0,0.0
2329,0.264,0.524,0.281,0.92,0.161,0.46,0.022,0.139,1,2,1,0,VAL,3,0.0,1.0,0.0,0.0,0.0,0.0,0.0,0.0,1.0,0.0,0.0,1.0,0.0,0.0,0.0
2330,0.729,0.8,0.691,0.0,0.658,1.0,0.214,0.747,0,2,0,1,VAL,6,1.0,0.0,0.0,0.0,0.0,0.0,0.0,0.0,1.0,0.0,1.0,0.0,0.0,0.0,0.0
2331,0.51,0.424,0.493,0.466,0.514,0.336,0.166,0.405,3,3,0,0,TRAIN,3,0.0,0.0,0.0,1.0,0.0,0.0,0.0,0.0,0.0,1.0,1.0,0.0,0.0,0.0,0.0
2332,0.348,0.532,0.405,0.857,0.23,0.458,0.021,0.314,3,3,0,0,TRAIN,3,0.0,0.0,0.0,1.0,0.0,0.0,0.0,0.0,0.0,1.0,1.0,0.0,0.0,0.0,0.0
2333,0.276,0.605,0.328,0.59,0.324,0.552,0.015,0.137,2,3,3,1,TEST,3,0.0,0.0,1.0,0.0,0.0,0.0,0.0,0.0,0.0,1.0,0.0,0.0,0.0,1.0,0.0
2334,0.367,0.516,0.358,0.784,0.501,0.486,0.032,0.22,5,2,0,1,TEST,3,0.0,0.0,0.0,0.0,0.0,1.0,0.0,0.0,1.0,0.0,1.0,0.0,0.0,0.0,0.0
2335,0.298,0.504,0.359,0.844,0.227,0.45,0.026,0.174,3,2,1,0,TRAIN,3,0.0,0.0,0.0,1.0,0.0,0.0,0.0,0.0,1.0,0.0,0.0,1.0,0.0,0.0,0.0
2336,0.823,0.089,0.585,1.0,0.566,0.0,0.219,0.565,0,1,0,1,VAL,7,1.0,0.0,0.0,0.0,0.0,0.0,0.0,1.0,0.0,0.0,1.0,0.0,0.0,0.0,0.0
2337,0.185,0.57,0.263,0.538,0.353,0.53,0.015,0.153,1,2,0,0,TRAIN,5,0.0,1.0,0.0,0.0,0.0,0.0,0.0,0.0,1.0,0.0,1.0,0.0,0.0,0.0,0.0
2338,0.405,0.492,0.389,0.72,0.417,0.311,0.07,0.339,2,2,3,0,TRAIN,3,0.0,0.0,1.0,0.0,0.0,0.0,0.0,0.0,1.0,0.0,0.0,0.0,0.0,1.0,0.0
2339,0.207,0.535,0.238,0.902,0.32,0.507,0.006,0.055,3,2,0,0,TEST,3,0.0,0.0,0.0,1.0,0.0,0.0,0.0,0.0,1.0,0.0,1.0,0.0,0.0,0.0,0.0
2340,0.325,0.48,0.376,0.896,0.407,0.319,0.033,0.274,2,2,3,0,TRAIN,3,0.0,0.0,1.0,0.0,0.0,0.0,0.0,0.0,1.0,0.0,0.0,0.0,0.0,1.0,0.0
2341,0.48,0.579,0.483,0.666,0.542,0.491,0.028,0.326,2,2,2,0,TRAIN,3,0.0,0.0,1.0,0.0,0.0,0.0,0.0,0.0,1.0,0.0,0.0,0.0,1.0,0.0,0.0
2342,0.93,0.162,0.559,1.0,0.497,0.0,0.173,0.491,0,0,0,1,TEST,7,1.0,0.0,0.0,0.0,0.0,0.0,1.0,0.0,0.0,0.0,1.0,0.0,0.0,0.0,0.0
2343,0.187,0.618,0.324,0.785,0.155,0.729,0.007,0.133,2,2,0,0,TEST,3,0.0,0.0,1.0,0.0,0.0,0.0,0.0,0.0,1.0,0.0,1.0,0.0,0.0,0.0,0.0
2344,0.407,0.477,0.327,1.0,0.237,0.411,0.014,0.184,2,2,1,1,TRAIN,3,0.0,0.0,1.0,0.0,0.0,0.0,0.0,0.0,1.0,0.0,0.0,1.0,0.0,0.0,0.0
2345,0.31,0.56,0.427,0.584,0.317,0.649,0.019,0.164,3,2,0,0,TEST,3,0.0,0.0,0.0,1.0,0.0,0.0,0.0,0.0,1.0,0.0,1.0,0.0,0.0,0.0,0.0
2346,0.863,0.235,0.599,1.0,0.627,0.0,0.231,0.643,0,3,1,0,TEST,7,1.0,0.0,0.0,0.0,0.0,0.0,0.0,0.0,0.0,1.0,0.0,1.0,0.0,0.0,0.0
2347,0.323,0.469,0.245,0.82,0.384,0.432,0.049,0.112,3,2,0,0,TRAIN,3,0.0,0.0,0.0,1.0,0.0,0.0,0.0,0.0,1.0,0.0,1.0,0.0,0.0,0.0,0.0
2348,0.088,0.378,0.19,0.84,0.346,0.121,0.047,0.066,2,0,1,1,TRAIN,8,0.0,0.0,1.0,0.0,0.0,0.0,1.0,0.0,0.0,0.0,0.0,1.0,0.0,0.0,0.0
2349,0.607,0.541,0.56,0.399,0.543,0.532,0.096,0.581,3,2,0,1,VAL,3,0.0,0.0,0.0,1.0,0.0,0.0,0.0,0.0,1.0,0.0,1.0,0.0,0.0,0.0,0.0
2350,0.434,0.452,0.383,0.906,0.252,0.424,0.028,0.301,2,2,0,0,TEST,3,0.0,0.0,1.0,0.0,0.0,0.0,0.0,0.0,1.0,0.0,1.0,0.0,0.0,0.0,0.0
2351,0.711,0.327,0.554,1.0,0.355,0.0,0.039,0.472,0,3,1,1,TRAIN,4,1.0,0.0,0.0,0.0,0.0,0.0,0.0,0.0,0.0,1.0,0.0,1.0,0.0,0.0,0.0
2352,0.43,0.496,0.378,0.83,0.358,0.448,0.03,0.327,2,2,3,0,TEST,3,0.0,0.0,1.0,0.0,0.0,0.0,0.0,0.0,1.0,0.0,0.0,0.0,0.0,1.0,0.0
2353,0.441,0.901,0.632,0.0,0.664,1.0,0.042,0.578,3,2,1,1,TRAIN,6,0.0,0.0,0.0,1.0,0.0,0.0,0.0,0.0,1.0,0.0,0.0,1.0,0.0,0.0,0.0
2354,0.386,0.348,0.424,1.0,0.335,0.086,0.043,0.341,0,0,0,1,TRAIN,4,1.0,0.0,0.0,0.0,0.0,0.0,1.0,0.0,0.0,0.0,1.0,0.0,0.0,0.0,0.0
2355,0.679,0.112,0.402,0.952,0.738,0.0,0.373,0.422,4,3,3,0,TEST,7,0.0,0.0,0.0,0.0,1.0,0.0,0.0,0.0,0.0,1.0,0.0,0.0,0.0,1.0,0.0
2356,0.592,0.747,0.537,0.0,0.575,0.914,0.117,0.607,3,2,0,1,TRAIN,6,0.0,0.0,0.0,1.0,0.0,0.0,0.0,0.0,1.0,0.0,1.0,0.0,0.0,0.0,0.0
2357,0.462,0.519,0.485,0.0,0.7,0.314,0.398,0.45,1,2,1,0,TRAIN,2,0.0,1.0,0.0,0.0,0.0,0.0,0.0,0.0,1.0,0.0,0.0,1.0,0.0,0.0,0.0
2358,0.582,0.267,0.483,1.0,0.465,0.097,0.144,0.4,4,0,1,1,TEST,7,0.0,0.0,0.0,0.0,1.0,0.0,1.0,0.0,0.0,0.0,0.0,1.0,0.0,0.0,0.0
2359,0.101,0.51,0.31,1.0,0.247,0.475,0.003,0.093,1,2,0,1,TRAIN,3,0.0,1.0,0.0,0.0,0.0,0.0,0.0,0.0,1.0,0.0,1.0,0.0,0.0,0.0,0.0
2360,0.333,0.509,0.277,0.79,0.265,0.621,0.014,0.181,1,0,1,0,TEST,3,0.0,1.0,0.0,0.0,0.0,0.0,1.0,0.0,0.0,0.0,0.0,1.0,0.0,0.0,0.0
2361,0.314,0.662,0.426,0.731,0.375,0.675,0.004,0.195,2,1,0,1,TRAIN,3,0.0,0.0,1.0,0.0,0.0,0.0,0.0,1.0,0.0,0.0,1.0,0.0,0.0,0.0,0.0
2362,0.359,0.245,0.398,1.0,0.4,0.0,0.11,0.311,0,1,0,1,TEST,7,1.0,0.0,0.0,0.0,0.0,0.0,0.0,1.0,0.0,0.0,1.0,0.0,0.0,0.0,0.0
2363,0.44,0.483,0.409,0.695,0.332,0.36,0.034,0.308,3,2,3,0,TRAIN,3,0.0,0.0,0.0,1.0,0.0,0.0,0.0,0.0,1.0,0.0,0.0,0.0,0.0,1.0,0.0
2364,0.505,0.478,0.435,0.0,0.705,0.359,0.481,0.512,2,1,4,1,TEST,2,0.0,0.0,1.0,0.0,0.0,0.0,0.0,1.0,0.0,0.0,0.0,0.0,0.0,0.0,1.0
2365,0.671,0.546,0.611,0.555,0.549,0.585,0.028,0.469,3,2,0,0,VAL,3,0.0,0.0,0.0,1.0,0.0,0.0,0.0,0.0,1.0,0.0,1.0,0.0,0.0,0.0,0.0
2366,0.436,0.864,0.545,0.0,0.372,1.0,0.056,0.473,5,2,0,1,TRAIN,6,0.0,0.0,0.0,0.0,0.0,1.0,0.0,0.0,1.0,0.0,1.0,0.0,0.0,0.0,0.0
2367,0.379,0.555,0.398,0.756,0.423,0.534,0.009,0.159,3,2,3,0,TEST,3,0.0,0.0,0.0,1.0,0.0,0.0,0.0,0.0,1.0,0.0,0.0,0.0,0.0,1.0,0.0
2368,0.467,0.479,0.418,0.865,0.373,0.424,0.013,0.237,2,3,3,1,TEST,5,0.0,0.0,1.0,0.0,0.0,0.0,0.0,0.0,0.0,1.0,0.0,0.0,0.0,1.0,0.0
2369,0.057,0.624,0.173,0.753,0.174,0.75,0.001,0.039,0,3,4,0,VAL,5,1.0,0.0,0.0,0.0,0.0,0.0,0.0,0.0,0.0,1.0,0.0,0.0,0.0,0.0,1.0
2370,0.62,0.342,0.524,0.214,0.7,0.288,0.416,0.585,4,1,0,0,VAL,7,0.0,0.0,0.0,0.0,1.0,0.0,0.0,1.0,0.0,0.0,1.0,0.0,0.0,0.0,0.0
2371,0.993,0.35,0.284,0.571,0.217,0.255,0.052,0.118,2,1,0,0,TEST,8,0.0,0.0,1.0,0.0,0.0,0.0,0.0,1.0,0.0,0.0,1.0,0.0,0.0,0.0,0.0
2372,0.351,0.492,0.311,0.753,0.478,0.515,0.049,0.27,3,2,3,0,TRAIN,3,0.0,0.0,0.0,1.0,0.0,0.0,0.0,0.0,1.0,0.0,0.0,0.0,0.0,1.0,0.0
2373,0.694,0.322,0.601,0.99,0.511,0.139,0.205,0.576,0,0,0,1,TEST,7,1.0,0.0,0.0,0.0,0.0,0.0,1.0,0.0,0.0,0.0,1.0,0.0,0.0,0.0,0.0
2374,0.083,0.525,0.162,0.817,0.228,0.532,0.008,0.106,1,2,3,0,VAL,3,0.0,1.0,0.0,0.0,0.0,0.0,0.0,0.0,1.0,0.0,0.0,0.0,0.0,1.0,0.0
2375,0.256,0.48,0.301,1.0,0.204,0.401,0.004,0.125,2,2,0,0,TRAIN,3,0.0,0.0,1.0,0.0,0.0,0.0,0.0,0.0,1.0,0.0,1.0,0.0,0.0,0.0,0.0
2376,0.403,0.508,0.363,0.765,0.351,0.355,0.015,0.275,1,3,3,1,TRAIN,3,0.0,1.0,0.0,0.0,0.0,0.0,0.0,0.0,0.0,1.0,0.0,0.0,0.0,1.0,0.0
2377,0.379,0.435,0.402,0.792,0.491,0.18,0.116,0.322,2,2,0,0,VAL,3,0.0,0.0,1.0,0.0,0.0,0.0,0.0,0.0,1.0,0.0,1.0,0.0,0.0,0.0,0.0
2378,0.456,0.482,0.417,1.0,0.223,0.431,0.007,0.196,2,1,1,1,TEST,8,0.0,0.0,1.0,0.0,0.0,0.0,0.0,1.0,0.0,0.0,0.0,1.0,0.0,0.0,0.0
2379,0.552,0.633,0.517,0.229,0.625,0.538,0.058,0.477,0,0,1,0,TEST,1,1.0,0.0,0.0,0.0,0.0,0.0,1.0,0.0,0.0,0.0,0.0,1.0,0.0,0.0,0.0
2380,0.956,0.347,0.695,0.772,0.603,0.181,0.188,0.654,2,0,0,1,TEST,7,0.0,0.0,1.0,0.0,0.0,0.0,1.0,0.0,0.0,0.0,1.0,0.0,0.0,0.0,0.0
2381,0.695,0.803,0.72,0.0,0.635,1.0,0.19,0.677,3,2,0,0,TRAIN,6,0.0,0.0,0.0,1.0,0.0,0.0,0.0,0.0,1.0,0.0,1.0,0.0,0.0,0.0,0.0
2382,0.495,0.522,0.386,0.856,0.393,0.451,0.034,0.221,5,0,0,0,TEST,3,0.0,0.0,0.0,0.0,0.0,1.0,1.0,0.0,0.0,0.0,1.0,0.0,0.0,0.0,0.0
2383,0.438,0.562,0.397,0.766,0.27,0.559,0.005,0.216,4,2,0,1,TRAIN,3,0.0,0.0,0.0,0.0,1.0,0.0,0.0,0.0,1.0,0.0,1.0,0.0,0.0,0.0,0.0
2384,0.372,0.541,0.379,0.704,0.336,0.611,0.014,0.255,3,2,3,0,VAL,3,0.0,0.0,0.0,1.0,0.0,0.0,0.0,0.0,1.0,0.0,0.0,0.0,0.0,1.0,0.0
2385,0.579,0.131,0.458,1.0,0.561,0.0,0.297,0.451,0,0,3,0,TRAIN,7,1.0,0.0,0.0,0.0,0.0,0.0,1.0,0.0,0.0,0.0,0.0,0.0,0.0,1.0,0.0
2386,0.648,0.845,0.704,0.0,0.544,0.854,0.082,0.605,0,2,2,0,TRAIN,6,1.0,0.0,0.0,0.0,0.0,0.0,0.0,0.0,1.0,0.0,0.0,0.0,1.0,0.0,0.0
2387,0.164,0.434,0.235,0.926,0.41,0.388,0.042,0.071,3,2,3,0,TEST,3,0.0,0.0,0.0,1.0,0.0,0.0,0.0,0.0,1.0,0.0,0.0,0.0,0.0,1.0,0.0
2388,0.371,0.541,0.463,0.884,0.344,0.593,0.035,0.275,3,2,3,0,TEST,3,0.0,0.0,0.0,1.0,0.0,0.0,0.0,0.0,1.0,0.0,0.0,0.0,0.0,1.0,0.0
2389,0.459,0.183,0.37,1.0,0.458,0.0,0.127,0.266,5,0,0,0,TRAIN,7,0.0,0.0,0.0,0.0,0.0,1.0,1.0,0.0,0.0,0.0,1.0,0.0,0.0,0.0,0.0
2390,0.429,0.593,0.449,0.0,0.632,0.463,0.387,0.595,3,0,4,0,TRAIN,2,0.0,0.0,0.0,1.0,0.0,0.0,1.0,0.0,0.0,0.0,0.0,0.0,0.0,0.0,1.0
2391,0.394,0.68,0.418,0.711,0.317,0.708,0.008,0.297,1,2,3,0,TRAIN,3,0.0,1.0,0.0,0.0,0.0,0.0,0.0,0.0,1.0,0.0,0.0,0.0,0.0,1.0,0.0
2392,0.482,0.843,0.553,0.0,0.442,0.831,0.074,0.544,2,3,0,1,TRAIN,6,0.0,0.0,1.0,0.0,0.0,0.0,0.0,0.0,0.0,1.0,1.0,0.0,0.0,0.0,0.0
2393,0.526,0.548,0.503,0.372,0.446,0.421,0.131,0.445,2,3,3,0,VAL,3,0.0,0.0,1.0,0.0,0.0,0.0,0.0,0.0,0.0,1.0,0.0,0.0,0.0,1.0,0.0
2394,0.189,0.476,0.201,0.595,0.298,0.394,0.023,0.137,1,3,0,0,TEST,3,0.0,1.0,0.0,0.0,0.0,0.0,0.0,0.0,0.0,1.0,1.0,0.0,0.0,0.0,0.0
2395,0.753,0.125,0.541,1.0,0.48,0.0,0.186,0.463,0,0,0,1,VAL,7,1.0,0.0,0.0,0.0,0.0,0.0,1.0,0.0,0.0,0.0,1.0,0.0,0.0,0.0,0.0
2396,0.931,0.333,0.758,1.0,0.369,0.142,0.013,0.538,4,3,1,1,TRAIN,4,0.0,0.0,0.0,0.0,1.0,0.0,0.0,0.0,0.0,1.0,0.0,1.0,0.0,0.0,0.0
2397,0.475,0.145,0.471,1.0,0.46,0.0,0.184,0.397,2,1,0,1,TEST,7,0.0,0.0,1.0,0.0,0.0,0.0,0.0,1.0,0.0,0.0,1.0,0.0,0.0,0.0,0.0
2398,0.537,0.888,0.59,0.0,0.509,0.96,0.074,0.526,2,2,1,1,VAL,6,0.0,0.0,1.0,0.0,0.0,0.0,0.0,0.0,1.0,0.0,0.0,1.0,0.0,0.0,0.0
2399,0.517,0.414,0.43,0.654,0.431,0.341,0.059,0.323,2,2,3,1,VAL,3,0.0,0.0,1.0,0.0,0.0,0.0,0.0,0.0,1.0,0.0,0.0,0.0,0.0,1.0,0.0
2400,0.273,0.469,0.255,0.833,0.423,0.499,0.044,0.203,3,3,0,0,TEST,3,0.0,0.0,0.0,1.0,0.0,0.0,0.0,0.0,0.0,1.0,1.0,0.0,0.0,0.0,0.0
2401,0.722,0.477,0.565,0.884,0.408,0.384,0.053,0.507,4,0,1,1,TRAIN,4,0.0,0.0,0.0,0.0,1.0,0.0,1.0,0.0,0.0,0.0,0.0,1.0,0.0,0.0,0.0
2402,0.292,0.503,0.393,0.898,0.345,0.433,0.034,0.209,3,3,0,1,TRAIN,3,0.0,0.0,0.0,1.0,0.0,0.0,0.0,0.0,0.0,1.0,1.0,0.0,0.0,0.0,0.0
2403,0.513,0.525,0.49,0.0,0.674,0.51,0.274,0.549,2,3,4,0,VAL,2,0.0,0.0,1.0,0.0,0.0,0.0,0.0,0.0,0.0,1.0,0.0,0.0,0.0,0.0,1.0
2404,0.598,0.499,0.488,0.0,0.648,0.422,0.316,0.49,1,1,4,0,TRAIN,2,0.0,1.0,0.0,0.0,0.0,0.0,0.0,1.0,0.0,0.0,0.0,0.0,0.0,0.0,1.0
2405,0.549,0.85,0.606,0.0,0.565,1.0,0.113,0.626,3,2,2,1,TEST,6,0.0,0.0,0.0,1.0,0.0,0.0,0.0,0.0,1.0,0.0,0.0,0.0,1.0,0.0,0.0
2406,0.667,0.86,0.61,0.0,0.485,0.95,0.093,0.637,0,2,0,0,TRAIN,6,1.0,0.0,0.0,0.0,0.0,0.0,0.0,0.0,1.0,0.0,1.0,0.0,0.0,0.0,0.0
2407,0.712,0.419,0.651,0.461,0.671,0.29,0.211,0.62,0,0,0,0,TRAIN,7,1.0,0.0,0.0,0.0,0.0,0.0,1.0,0.0,0.0,0.0,1.0,0.0,0.0,0.0,0.0
2408,0.255,0.785,0.321,0.027,0.418,0.78,0.039,0.26,0,0,4,1,TRAIN,1,1.0,0.0,0.0,0.0,0.0,0.0,1.0,0.0,0.0,0.0,0.0,0.0,0.0,0.0,1.0
2409,0.603,0.388,0.541,1.0,0.392,0.304,0.037,0.462,0,3,0,1,TRAIN,4,1.0,0.0,0.0,0.0,0.0,0.0,0.0,0.0,0.0,1.0,1.0,0.0,0.0,0.0,0.0
2410,0.481,0.575,0.44,0.739,0.406,0.628,0.034,0.348,2,2,0,0,TRAIN,3,0.0,0.0,1.0,0.0,0.0,0.0,0.0,0.0,1.0,0.0,1.0,0.0,0.0,0.0,0.0
2411,0.315,0.154,0.379,0.777,0.569,0.0,0.341,0.316,5,1,1,1,TRAIN,7,0.0,0.0,0.0,0.0,0.0,1.0,0.0,1.0,0.0,0.0,0.0,1.0,0.0,0.0,0.0
2412,0.804,0.338,0.627,1.0,0.424,0.208,0.087,0.495,0,0,2,1,VAL,4,1.0,0.0,0.0,0.0,0.0,0.0,1.0,0.0,0.0,0.0,0.0,0.0,1.0,0.0,0.0
2413,0.473,0.624,0.473,0.0,0.508,0.712,0.229,0.513,3,1,1,0,VAL,2,0.0,0.0,0.0,1.0,0.0,0.0,0.0,1.0,0.0,0.0,0.0,1.0,0.0,0.0,0.0
2414,0.43,0.206,0.418,1.0,0.464,0.229,0.223,0.306,0,3,0,0,TEST,7,1.0,0.0,0.0,0.0,0.0,0.0,0.0,0.0,0.0,1.0,1.0,0.0,0.0,0.0,0.0
2415,0.431,0.623,0.467,0.699,0.275,0.748,0.011,0.264,3,3,1,1,TRAIN,3,0.0,0.0,0.0,1.0,0.0,0.0,0.0,0.0,0.0,1.0,0.0,1.0,0.0,0.0,0.0
2416,0.85,0.332,0.681,0.833,0.744,0.138,0.327,0.597,3,0,0,0,VAL,7,0.0,0.0,0.0,1.0,0.0,0.0,1.0,0.0,0.0,0.0,1.0,0.0,0.0,0.0,0.0
2417,0.345,0.366,0.433,0.869,0.463,0.214,0.181,0.341,1,2,2,1,TRAIN,3,0.0,1.0,0.0,0.0,0.0,0.0,0.0,0.0,1.0,0.0,0.0,0.0,1.0,0.0,0.0
2418,0.467,0.811,0.588,0.0,0.624,0.852,0.198,0.587,3,1,3,1,TEST,6,0.0,0.0,0.0,1.0,0.0,0.0,0.0,1.0,0.0,0.0,0.0,0.0,0.0,1.0,0.0
2419,0.419,0.529,0.402,0.738,0.36,0.563,0.029,0.23,2,0,0,1,TRAIN,3,0.0,0.0,1.0,0.0,0.0,0.0,1.0,0.0,0.0,0.0,1.0,0.0,0.0,0.0,0.0
2420,0.574,0.484,0.411,0.887,0.41,0.374,0.018,0.266,3,0,3,0,TRAIN,3,0.0,0.0,0.0,1.0,0.0,0.0,1.0,0.0,0.0,0.0,0.0,0.0,0.0,1.0,0.0
2421,0.151,0.585,0.218,0.747,0.35,0.458,0.006,0.067,3,2,0,0,TRAIN,3,0.0,0.0,0.0,1.0,0.0,0.0,0.0,0.0,1.0,0.0,1.0,0.0,0.0,0.0,0.0
2422,0.193,0.506,0.288,0.989,0.302,0.421,0.009,0.086,4,0,1,1,TEST,8,0.0,0.0,0.0,0.0,1.0,0.0,1.0,0.0,0.0,0.0,0.0,1.0,0.0,0.0,0.0
2423,0.632,0.303,0.477,0.816,0.563,0.102,0.236,0.451,2,3,0,0,VAL,7,0.0,0.0,1.0,0.0,0.0,0.0,0.0,0.0,0.0,1.0,1.0,0.0,0.0,0.0,0.0
2424,0.423,0.478,0.301,0.939,0.329,0.466,0.017,0.127,1,1,0,1,VAL,8,0.0,1.0,0.0,0.0,0.0,0.0,0.0,1.0,0.0,0.0,1.0,0.0,0.0,0.0,0.0
2425,0.379,0.56,0.386,0.671,0.39,0.576,0.04,0.302,3,1,0,0,TEST,3,0.0,0.0,0.0,1.0,0.0,0.0,0.0,1.0,0.0,0.0,1.0,0.0,0.0,0.0,0.0
2426,0.602,0.417,0.499,1.0,0.485,0.306,0.031,0.441,4,0,0,1,TEST,4,0.0,0.0,0.0,0.0,1.0,0.0,1.0,0.0,0.0,0.0,1.0,0.0,0.0,0.0,0.0
2427,0.291,0.46,0.326,0.955,0.332,0.35,0.023,0.164,5,2,3,1,TEST,3,0.0,0.0,0.0,0.0,0.0,1.0,0.0,0.0,1.0,0.0,0.0,0.0,0.0,1.0,0.0
2428,0.512,0.584,0.388,0.474,0.471,0.651,0.02,0.349,4,3,0,0,VAL,3,0.0,0.0,0.0,0.0,1.0,0.0,0.0,0.0,0.0,1.0,1.0,0.0,0.0,0.0,0.0
2429,0.671,0.337,0.52,1.0,0.486,0.502,0.068,0.426,5,3,3,1,TRAIN,4,0.0,0.0,0.0,0.0,0.0,1.0,0.0,0.0,0.0,1.0,0.0,0.0,0.0,1.0,0.0
2430,0.499,0.189,0.342,1.0,0.374,0.0,0.107,0.272,0,3,1,1,TEST,7,1.0,0.0,0.0,0.0,0.0,0.0,0.0,0.0,0.0,1.0,0.0,1.0,0.0,0.0,0.0
2431,0.487,0.85,0.542,0.0,0.465,0.925,0.029,0.476,2,2,2,1,VAL,6,0.0,0.0,1.0,0.0,0.0,0.0,0.0,0.0,1.0,0.0,0.0,0.0,1.0,0.0,0.0
2432,0.345,0.494,0.299,0.903,0.209,0.545,0.011,0.139,4,2,3,1,TRAIN,5,0.0,0.0,0.0,0.0,1.0,0.0,0.0,0.0,1.0,0.0,0.0,0.0,0.0,1.0,0.0
2433,0.604,0.515,0.558,0.32,0.545,0.492,0.197,0.508,3,2,3,0,TRAIN,3,0.0,0.0,0.0,1.0,0.0,0.0,0.0,0.0,1.0,0.0,0.0,0.0,0.0,1.0,0.0
2434,0.622,0.496,0.469,0.729,0.487,0.44,0.052,0.405,2,2,0,0,VAL,3,0.0,0.0,1.0,0.0,0.0,0.0,0.0,0.0,1.0,0.0,1.0,0.0,0.0,0.0,0.0
2435,0.608,0.614,0.587,0.305,0.545,0.594,0.125,0.545,3,0,1,0,TRAIN,1,0.0,0.0,0.0,1.0,0.0,0.0,1.0,0.0,0.0,0.0,0.0,1.0,0.0,0.0,0.0
2436,0.256,0.462,0.33,0.706,0.488,0.176,0.026,0.161,3,2,0,0,TRAIN,3,0.0,0.0,0.0,1.0,0.0,0.0,0.0,0.0,1.0,0.0,1.0,0.0,0.0,0.0,0.0
2437,0.123,0.493,0.265,0.532,0.478,0.57,0.035,0.216,1,2,2,1,TRAIN,5,0.0,1.0,0.0,0.0,0.0,0.0,0.0,0.0,1.0,0.0,0.0,0.0,1.0,0.0,0.0
2438,0.242,0.557,0.349,0.774,0.285,0.686,0.017,0.105,1,1,2,1,TRAIN,5,0.0,1.0,0.0,0.0,0.0,0.0,0.0,1.0,0.0,0.0,0.0,0.0,1.0,0.0,0.0
2439,0.458,0.485,0.406,0.586,0.39,0.332,0.037,0.344,3,0,0,0,TEST,3,0.0,0.0,0.0,1.0,0.0,0.0,1.0,0.0,0.0,0.0,1.0,0.0,0.0,0.0,0.0
2440,0.457,0.591,0.389,0.579,0.428,0.532,0.021,0.258,2,2,0,0,TRAIN,3,0.0,0.0,1.0,0.0,0.0,0.0,0.0,0.0,1.0,0.0,1.0,0.0,0.0,0.0,0.0
2441,0.895,0.346,0.631,0.919,0.68,0.237,0.242,0.634,0,0,0,1,TRAIN,7,1.0,0.0,0.0,0.0,0.0,0.0,1.0,0.0,0.0,0.0,1.0,0.0,0.0,0.0,0.0
2442,0.586,0.682,0.51,0.325,0.377,0.675,0.027,0.479,2,0,0,0,TRAIN,3,0.0,0.0,1.0,0.0,0.0,0.0,1.0,0.0,0.0,0.0,1.0,0.0,0.0,0.0,0.0
2443,0.462,0.449,0.503,0.834,0.423,0.314,0.046,0.263,2,2,0,0,TEST,3,0.0,0.0,1.0,0.0,0.0,0.0,0.0,0.0,1.0,0.0,1.0,0.0,0.0,0.0,0.0
2444,0.315,0.581,0.411,0.872,0.335,0.672,0.009,0.186,3,2,0,1,TRAIN,3,0.0,0.0,0.0,1.0,0.0,0.0,0.0,0.0,1.0,0.0,1.0,0.0,0.0,0.0,0.0
2445,0.337,0.589,0.39,0.581,0.431,0.605,0.017,0.19,4,2,0,1,TRAIN,3,0.0,0.0,0.0,0.0,1.0,0.0,0.0,0.0,1.0,0.0,1.0,0.0,0.0,0.0,0.0
2446,0.556,0.442,0.507,0.636,0.461,0.46,0.171,0.44,3,2,3,1,TRAIN,3,0.0,0.0,0.0,1.0,0.0,0.0,0.0,0.0,1.0,0.0,0.0,0.0,0.0,1.0,0.0
2447,0.506,0.493,0.438,0.18,0.574,0.394,0.173,0.483,2,3,1,0,VAL,2,0.0,0.0,1.0,0.0,0.0,0.0,0.0,0.0,0.0,1.0,0.0,1.0,0.0,0.0,0.0
2448,0.414,0.478,0.384,1.0,0.383,0.412,0.014,0.282,1,1,0,0,TEST,5,0.0,1.0,0.0,0.0,0.0,0.0,0.0,1.0,0.0,0.0,1.0,0.0,0.0,0.0,0.0
2449,0.505,0.431,0.384,0.63,0.256,0.408,0.023,0.227,3,2,0,0,VAL,3,0.0,0.0,0.0,1.0,0.0,0.0,0.0,0.0,1.0,0.0,1.0,0.0,0.0,0.0,0.0
2450,0.193,0.534,0.352,0.691,0.442,0.344,0.048,0.198,2,2,0,0,TEST,3,0.0,0.0,1.0,0.0,0.0,0.0,0.0,0.0,1.0,0.0,1.0,0.0,0.0,0.0,0.0
2451,0.084,0.505,0.248,0.921,0.211,0.558,0.005,0.107,2,2,0,0,TRAIN,3,0.0,0.0,1.0,0.0,0.0,0.0,0.0,0.0,1.0,0.0,1.0,0.0,0.0,0.0,0.0
2452,0.771,0.397,0.535,1.0,0.438,0.331,0.026,0.465,4,0,1,1,TRAIN,4,0.0,0.0,0.0,0.0,1.0,0.0,1.0,0.0,0.0,0.0,0.0,1.0,0.0,0.0,0.0
2453,0.492,0.534,0.342,0.817,0.484,0.538,0.022,0.237,2,2,3,1,TEST,3,0.0,0.0,1.0,0.0,0.0,0.0,0.0,0.0,1.0,0.0,0.0,0.0,0.0,1.0,0.0
2454,0.409,0.548,0.249,0.92,0.355,0.473,0.019,0.207,3,3,3,1,VAL,3,0.0,0.0,0.0,1.0,0.0,0.0,0.0,0.0,0.0,1.0,0.0,0.0,0.0,1.0,0.0
2455,0.657,0.279,0.493,1.0,0.518,0.109,0.119,0.502,0,0,0,0,TRAIN,7,1.0,0.0,0.0,0.0,0.0,0.0,1.0,0.0,0.0,0.0,1.0,0.0,0.0,0.0,0.0
2456,0.122,0.469,0.278,0.481,0.334,0.36,0.093,0.174,1,1,0,1,VAL,5,0.0,1.0,0.0,0.0,0.0,0.0,0.0,1.0,0.0,0.0,1.0,0.0,0.0,0.0,0.0
2457,0.137,0.519,0.305,1.0,0.295,0.525,0.014,0.185,3,2,0,0,TEST,3,0.0,0.0,0.0,1.0,0.0,0.0,0.0,0.0,1.0,0.0,1.0,0.0,0.0,0.0,0.0
2458,0.567,0.878,0.664,0.0,0.54,1.0,0.029,0.511,5,3,0,1,TRAIN,6,0.0,0.0,0.0,0.0,0.0,1.0,0.0,0.0,0.0,1.0,1.0,0.0,0.0,0.0,0.0
2459,0.38,0.513,0.49,0.903,0.336,0.438,0.016,0.316,1,0,3,0,TRAIN,3,0.0,1.0,0.0,0.0,0.0,0.0,1.0,0.0,0.0,0.0,0.0,0.0,0.0,1.0,0.0
2460,0.446,0.56,0.427,0.808,0.354,0.496,0.019,0.349,3,3,0,0,VAL,3,0.0,0.0,0.0,1.0,0.0,0.0,0.0,0.0,0.0,1.0,1.0,0.0,0.0,0.0,0.0
2461,0.458,0.506,0.415,0.77,0.41,0.436,0.058,0.286,3,2,0,1,TRAIN,3,0.0,0.0,0.0,1.0,0.0,0.0,0.0,0.0,1.0,0.0,1.0,0.0,0.0,0.0,0.0
2462,0.286,0.408,0.313,0.892,0.473,0.173,0.069,0.186,1,3,0,0,TRAIN,3,0.0,1.0,0.0,0.0,0.0,0.0,0.0,0.0,0.0,1.0,1.0,0.0,0.0,0.0,0.0
2463,0.315,0.48,0.258,0.971,0.221,0.329,0.016,0.137,2,2,0,0,TRAIN,3,0.0,0.0,1.0,0.0,0.0,0.0,0.0,0.0,1.0,0.0,1.0,0.0,0.0,0.0,0.0
2464,0.626,0.778,0.604,0.0,0.69,0.764,0.158,0.637,3,2,0,1,VAL,6,0.0,0.0,0.0,1.0,0.0,0.0,0.0,0.0,1.0,0.0,1.0,0.0,0.0,0.0,0.0
2465,0.517,0.496,0.414,0.71,0.388,0.36,0.033,0.267,2,0,3,0,TEST,3,0.0,0.0,1.0,0.0,0.0,0.0,1.0,0.0,0.0,0.0,0.0,0.0,0.0,1.0,0.0
2466,0.247,0.506,0.325,0.866,0.269,0.471,0.037,0.186,2,2,0,0,TRAIN,3,0.0,0.0,1.0,0.0,0.0,0.0,0.0,0.0,1.0,0.0,1.0,0.0,0.0,0.0,0.0
2467,0.443,0.607,0.37,0.689,0.44,0.637,0.018,0.248,3,3,3,0,TEST,3,0.0,0.0,0.0,1.0,0.0,0.0,0.0,0.0,0.0,1.0,0.0,0.0,0.0,1.0,0.0
2468,0.526,0.743,0.604,0.0,0.424,0.789,0.183,0.573,0,2,1,0,TEST,6,1.0,0.0,0.0,0.0,0.0,0.0,0.0,0.0,1.0,0.0,0.0,1.0,0.0,0.0,0.0
2469,0.262,0.597,0.282,0.675,0.294,0.664,0.019,0.091,3,2,3,0,TRAIN,3,0.0,0.0,0.0,1.0,0.0,0.0,0.0,0.0,1.0,0.0,0.0,0.0,0.0,1.0,0.0
2470,0.399,0.56,0.425,0.852,0.346,0.505,0.033,0.307,2,0,0,0,TRAIN,3,0.0,0.0,1.0,0.0,0.0,0.0,1.0,0.0,0.0,0.0,1.0,0.0,0.0,0.0,0.0
2471,0.1,0.5,0.279,0.913,0.306,0.464,0.014,0.065,2,2,2,1,VAL,3,0.0,0.0,1.0,0.0,0.0,0.0,0.0,0.0,1.0,0.0,0.0,0.0,1.0,0.0,0.0
2472,0.508,0.883,0.656,0.0,0.556,0.95,0.08,0.583,3,1,2,1,TRAIN,6,0.0,0.0,0.0,1.0,0.0,0.0,0.0,1.0,0.0,0.0,0.0,0.0,1.0,0.0,0.0
2473,0.973,0.534,0.771,0.787,0.562,0.411,0.114,0.711,2,3,0,0,TRAIN,7,0.0,0.0,1.0,0.0,0.0,0.0,0.0,0.0,0.0,1.0,1.0,0.0,0.0,0.0,0.0
2474,0.464,0.43,0.39,1.0,0.299,0.361,0.014,0.182,1,1,1,1,TEST,8,0.0,1.0,0.0,0.0,0.0,0.0,0.0,1.0,0.0,0.0,0.0,1.0,0.0,0.0,0.0
2475,0.411,0.8,0.543,0.0,0.457,0.933,0.088,0.507,0,2,0,1,TRAIN,6,1.0,0.0,0.0,0.0,0.0,0.0,0.0,0.0,1.0,0.0,1.0,0.0,0.0,0.0,0.0
2476,0.108,0.828,0.348,0.0,0.324,0.923,0.014,0.192,0,2,0,1,VAL,1,1.0,0.0,0.0,0.0,0.0,0.0,0.0,0.0,1.0,0.0,1.0,0.0,0.0,0.0,0.0
2477,0.614,0.875,0.598,0.0,0.584,0.957,0.075,0.614,2,0,2,0,VAL,6,0.0,0.0,1.0,0.0,0.0,0.0,1.0,0.0,0.0,0.0,0.0,0.0,1.0,0.0,0.0
2478,0.667,0.777,0.569,0.0,0.765,0.877,0.246,0.663,0,0,0,0,VAL,6,1.0,0.0,0.0,0.0,0.0,0.0,1.0,0.0,0.0,0.0,1.0,0.0,0.0,0.0,0.0
2479,0.532,0.874,0.527,0.0,0.445,1.0,0.029,0.507,3,2,1,0,VAL,6,0.0,0.0,0.0,1.0,0.0,0.0,0.0,0.0,1.0,0.0,0.0,1.0,0.0,0.0,0.0
2480,0.641,0.77,0.597,0.0,0.576,0.888,0.168,0.62,5,2,0,1,TEST,6,0.0,0.0,0.0,0.0,0.0,1.0,0.0,0.0,1.0,0.0,1.0,0.0,0.0,0.0,0.0
2481,0.383,0.568,0.442,0.51,0.386,0.515,0.032,0.288,1,2,0,0,VAL,3,0.0,1.0,0.0,0.0,0.0,0.0,0.0,0.0,1.0,0.0,1.0,0.0,0.0,0.0,0.0
2482,0.396,0.301,0.293,0.732,0.602,0.236,0.224,0.308,2,1,0,0,TRAIN,7,0.0,0.0,1.0,0.0,0.0,0.0,0.0,1.0,0.0,0.0,1.0,0.0,0.0,0.0,0.0
2483,0.517,0.493,0.464,0.723,0.459,0.38,0.027,0.37,3,2,0,0,TEST,3,0.0,0.0,0.0,1.0,0.0,0.0,0.0,0.0,1.0,0.0,1.0,0.0,0.0,0.0,0.0
2484,0.519,0.783,0.616,0.0,0.697,0.927,0.214,0.739,0,2,0,1,VAL,6,1.0,0.0,0.0,0.0,0.0,0.0,0.0,0.0,1.0,0.0,1.0,0.0,0.0,0.0,0.0
2485,0.331,0.448,0.302,1.0,0.276,0.161,0.029,0.185,2,0,0,0,VAL,3,0.0,0.0,1.0,0.0,0.0,0.0,1.0,0.0,0.0,0.0,1.0,0.0,0.0,0.0,0.0
2486,0.601,0.498,0.538,0.0,0.622,0.489,0.414,0.556,2,1,1,1,TRAIN,2,0.0,0.0,1.0,0.0,0.0,0.0,0.0,1.0,0.0,0.0,0.0,1.0,0.0,0.0,0.0
2487,0.813,0.538,0.641,0.544,0.583,0.755,0.102,0.556,3,3,0,1,TEST,3,0.0,0.0,0.0,1.0,0.0,0.0,0.0,0.0,0.0,1.0,1.0,0.0,0.0,0.0,0.0
2488,0.365,0.553,0.324,0.746,0.383,0.425,0.015,0.177,2,3,0,1,TRAIN,3,0.0,0.0,1.0,0.0,0.0,0.0,0.0,0.0,0.0,1.0,1.0,0.0,0.0,0.0,0.0
2489,0.451,0.529,0.455,0.73,0.432,0.426,0.058,0.335,1,2,3,1,TRAIN,3,0.0,1.0,0.0,0.0,0.0,0.0,0.0,0.0,1.0,0.0,0.0,0.0,0.0,1.0,0.0
2490,0.558,0.552,0.514,0.379,0.402,0.436,0.042,0.376,3,3,0,0,TRAIN,3,0.0,0.0,0.0,1.0,0.0,0.0,0.0,0.0,0.0,1.0,1.0,0.0,0.0,0.0,0.0
2491,0.598,0.28,0.469,0.419,0.735,0.15,0.336,0.537,0,3,0,0,TRAIN,7,1.0,0.0,0.0,0.0,0.0,0.0,0.0,0.0,0.0,1.0,1.0,0.0,0.0,0.0,0.0
2492,0.591,0.834,0.601,0.0,0.569,0.87,0.097,0.651,4,2,2,1,TRAIN,6,0.0,0.0,0.0,0.0,1.0,0.0,0.0,0.0,1.0,0.0,0.0,0.0,1.0,0.0,0.0
2493,0.834,0.283,0.628,0.769,0.608,0.097,0.331,0.651,5,0,0,1,TRAIN,7,0.0,0.0,0.0,0.0,0.0,1.0,1.0,0.0,0.0,0.0,1.0,0.0,0.0,0.0,0.0
2494,0.252,0.641,0.46,1.0,0.108,0.691,0.005,0.171,2,3,0,1,TRAIN,3,0.0,0.0,1.0,0.0,0.0,0.0,0.0,0.0,0.0,1.0,1.0,0.0,0.0,0.0,0.0
2495,0.136,0.486,0.266,1.0,0.246,0.521,0.009,0.018,3,2,0,1,TEST,3,0.0,0.0,0.0,1.0,0.0,0.0,0.0,0.0,1.0,0.0,1.0,0.0,0.0,0.0,0.0
2496,0.538,0.573,0.496,0.0,0.62,0.57,0.203,0.547,3,1,1,1,TRAIN,2,0.0,0.0,0.0,1.0,0.0,0.0,0.0,1.0,0.0,0.0,0.0,1.0,0.0,0.0,0.0
2497,0.343,0.436,0.335,0.906,0.44,0.243,0.027,0.195,3,3,0,1,VAL,3,0.0,0.0,0.0,1.0,0.0,0.0,0.0,0.0,0.0,1.0,1.0,0.0,0.0,0.0,0.0
2498,0.369,0.595,0.555,0.622,0.45,0.526,0.037,0.32,1,2,0,0,TEST,3,0.0,1.0,0.0,0.0,0.0,0.0,0.0,0.0,1.0,0.0,1.0,0.0,0.0,0.0,0.0
2499,0.19,0.572,0.234,1.0,0.156,0.528,0.006,0.052,2,3,0,0,TRAIN,3,0.0,0.0,1.0,0.0,0.0,0.0,0.0,0.0,0.0,1.0,1.0,0.0,0.0,0.0,0.0
2500,0.473,0.632,0.53,0.569,0.333,0.7,0.014,0.368,3,2,3,1,TRAIN,3,0.0,0.0,0.0,1.0,0.0,0.0,0.0,0.0,1.0,0.0,0.0,0.0,0.0,1.0,0.0
2501,0.585,0.051,0.405,1.0,0.546,0.0,0.298,0.418,0,3,0,1,TRAIN,7,1.0,0.0,0.0,0.0,0.0,0.0,0.0,0.0,0.0,1.0,1.0,0.0,0.0,0.0,0.0
2502,0.568,0.772,0.601,0.0,0.586,0.741,0.135,0.612,4,2,1,1,TRAIN,6,0.0,0.0,0.0,0.0,1.0,0.0,0.0,0.0,1.0,0.0,0.0,1.0,0.0,0.0,0.0
2503,0.495,0.582,0.513,0.756,0.326,0.538,0.043,0.32,3,3,0,1,TRAIN,3,0.0,0.0,0.0,1.0,0.0,0.0,0.0,0.0,0.0,1.0,1.0,0.0,0.0,0.0,0.0
2504,0.555,0.598,0.448,0.509,0.483,0.638,0.032,0.428,3,0,0,0,TEST,3,0.0,0.0,0.0,1.0,0.0,0.0,1.0,0.0,0.0,0.0,1.0,0.0,0.0,0.0,0.0
2505,0.408,0.572,0.414,0.785,0.201,0.585,0.02,0.322,3,3,3,1,VAL,3,0.0,0.0,0.0,1.0,0.0,0.0,0.0,0.0,0.0,1.0,0.0,0.0,0.0,1.0,0.0
2506,0.967,0.468,0.684,1.0,0.504,0.396,0.025,0.621,0,0,1,1,TRAIN,4,1.0,0.0,0.0,0.0,0.0,0.0,1.0,0.0,0.0,0.0,0.0,1.0,0.0,0.0,0.0
2507,0.302,0.644,0.393,0.46,0.294,0.592,0.016,0.27,3,2,0,1,VAL,3,0.0,0.0,0.0,1.0,0.0,0.0,0.0,0.0,1.0,0.0,1.0,0.0,0.0,0.0,0.0
2508,0.533,0.781,0.537,0.0,0.71,0.679,0.206,0.563,0,3,1,0,TRAIN,6,1.0,0.0,0.0,0.0,0.0,0.0,0.0,0.0,0.0,1.0,0.0,1.0,0.0,0.0,0.0
2509,0.31,0.297,0.284,0.384,0.583,0.0,0.305,0.301,1,3,1,0,TEST,7,0.0,1.0,0.0,0.0,0.0,0.0,0.0,0.0,0.0,1.0,0.0,1.0,0.0,0.0,0.0
2510,0.367,0.412,0.306,0.969,0.41,0.325,0.018,0.186,5,2,0,1,TRAIN,3,0.0,0.0,0.0,0.0,0.0,1.0,0.0,0.0,1.0,0.0,1.0,0.0,0.0,0.0,0.0
2511,0.429,0.663,0.445,0.0,0.756,0.663,0.515,0.488,1,1,4,0,TRAIN,2,0.0,1.0,0.0,0.0,0.0,0.0,0.0,1.0,0.0,0.0,0.0,0.0,0.0,0.0,1.0
2512,0.699,0.762,0.78,0.0,0.745,0.789,0.339,0.787,0,2,1,1,TRAIN,6,1.0,0.0,0.0,0.0,0.0,0.0,0.0,0.0,1.0,0.0,0.0,1.0,0.0,0.0,0.0
2513,0.503,0.613,0.358,0.403,0.453,0.614,0.02,0.359,3,2,3,0,TRAIN,3,0.0,0.0,0.0,1.0,0.0,0.0,0.0,0.0,1.0,0.0,0.0,0.0,0.0,1.0,0.0
2514,0.715,0.293,0.557,0.962,0.529,0.245,0.225,0.622,0,0,1,0,TRAIN,7,1.0,0.0,0.0,0.0,0.0,0.0,1.0,0.0,0.0,0.0,0.0,1.0,0.0,0.0,0.0
2515,0.383,0.486,0.456,0.0,0.66,0.39,0.368,0.575,2,1,4,1,VAL,2,0.0,0.0,1.0,0.0,0.0,0.0,0.0,1.0,0.0,0.0,0.0,0.0,0.0,0.0,1.0
2516,0.48,0.88,0.544,0.0,0.542,0.915,0.134,0.515,3,2,0,1,TRAIN,6,0.0,0.0,0.0,1.0,0.0,0.0,0.0,0.0,1.0,0.0,1.0,0.0,0.0,0.0,0.0
2517,0.292,0.837,0.483,0.0,0.521,1.0,0.142,0.465,2,2,1,1,TRAIN,6,0.0,0.0,1.0,0.0,0.0,0.0,0.0,0.0,1.0,0.0,0.0,1.0,0.0,0.0,0.0
2518,0.507,0.432,0.466,0.0,0.775,0.138,0.446,0.539,5,3,4,0,TRAIN,2,0.0,0.0,0.0,0.0,0.0,1.0,0.0,0.0,0.0,1.0,0.0,0.0,0.0,0.0,1.0
2519,0.203,0.277,0.288,0.461,0.578,0.0,0.34,0.223,0,0,0,0,TRAIN,7,1.0,0.0,0.0,0.0,0.0,0.0,1.0,0.0,0.0,0.0,1.0,0.0,0.0,0.0,0.0
2520,0.263,0.541,0.232,0.992,0.223,0.676,0.005,0.075,1,2,0,0,TEST,3,0.0,1.0,0.0,0.0,0.0,0.0,0.0,0.0,1.0,0.0,1.0,0.0,0.0,0.0,0.0
2521,0.46,0.744,0.553,0.0,0.692,0.69,0.316,0.617,4,2,0,1,TRAIN,6,0.0,0.0,0.0,0.0,1.0,0.0,0.0,0.0,1.0,0.0,1.0,0.0,0.0,0.0,0.0
2522,0.536,0.362,0.403,0.335,0.573,0.367,0.263,0.507,4,1,3,1,TRAIN,7,0.0,0.0,0.0,0.0,1.0,0.0,0.0,1.0,0.0,0.0,0.0,0.0,0.0,1.0,0.0
2523,0.464,0.596,0.407,0.674,0.329,0.637,0.011,0.3,3,2,0,1,TEST,3,0.0,0.0,0.0,1.0,0.0,0.0,0.0,0.0,1.0,0.0,1.0,0.0,0.0,0.0,0.0
2524,0.872,0.381,0.672,0.987,0.544,0.212,0.133,0.663,0,3,0,1,VAL,4,1.0,0.0,0.0,0.0,0.0,0.0,0.0,0.0,0.0,1.0,1.0,0.0,0.0,0.0,0.0
2525,0.576,0.295,0.513,0.884,0.621,0.0,0.207,0.489,3,0,0,1,TRAIN,7,0.0,0.0,0.0,1.0,0.0,0.0,1.0,0.0,0.0,0.0,1.0,0.0,0.0,0.0,0.0
2526,0.29,0.517,0.427,0.783,0.322,0.526,0.016,0.164,1,2,3,1,TRAIN,3,0.0,1.0,0.0,0.0,0.0,0.0,0.0,0.0,1.0,0.0,0.0,0.0,0.0,1.0,0.0
2527,0.136,0.457,0.253,1.0,0.217,0.377,0.005,0.084,2,1,0,1,VAL,3,0.0,0.0,1.0,0.0,0.0,0.0,0.0,1.0,0.0,0.0,1.0,0.0,0.0,0.0,0.0
2528,0.348,0.546,0.436,0.892,0.302,0.497,0.013,0.191,4,2,1,0,VAL,3,0.0,0.0,0.0,0.0,1.0,0.0,0.0,0.0,1.0,0.0,0.0,1.0,0.0,0.0,0.0
2529,0.486,0.492,0.479,0.0,0.62,0.368,0.355,0.515,2,2,1,1,VAL,2,0.0,0.0,1.0,0.0,0.0,0.0,0.0,0.0,1.0,0.0,0.0,1.0,0.0,0.0,0.0
2530,0.337,0.522,0.428,0.763,0.399,0.351,0.011,0.238,5,2,3,1,TRAIN,3,0.0,0.0,0.0,0.0,0.0,1.0,0.0,0.0,1.0,0.0,0.0,0.0,0.0,1.0,0.0
2531,0.409,0.491,0.374,0.905,0.294,0.564,0.077,0.357,3,2,0,0,TRAIN,3,0.0,0.0,0.0,1.0,0.0,0.0,0.0,0.0,1.0,0.0,1.0,0.0,0.0,0.0,0.0
2532,0.849,0.309,0.649,0.968,0.564,0.012,0.232,0.631,3,0,0,1,TRAIN,7,0.0,0.0,0.0,1.0,0.0,0.0,1.0,0.0,0.0,0.0,1.0,0.0,0.0,0.0,0.0
2533,0.058,0.349,0.743,1.0,0.69,0.173,0.118,0.667,4,1,3,0,TEST,7,0.0,0.0,0.0,0.0,1.0,0.0,0.0,1.0,0.0,0.0,0.0,0.0,0.0,1.0,0.0
2534,0.497,0.618,0.467,0.625,0.319,0.666,0.013,0.336,3,3,0,0,TRAIN,3,0.0,0.0,0.0,1.0,0.0,0.0,0.0,0.0,0.0,1.0,1.0,0.0,0.0,0.0,0.0
2535,0.583,0.845,0.667,0.0,0.6,0.977,0.143,0.652,2,3,1,1,TEST,6,0.0,0.0,1.0,0.0,0.0,0.0,0.0,0.0,0.0,1.0,0.0,1.0,0.0,0.0,0.0
2536,0.735,0.31,0.42,1.0,0.307,0.159,0.03,0.305,3,0,1,1,TRAIN,4,0.0,0.0,0.0,1.0,0.0,0.0,1.0,0.0,0.0,0.0,0.0,1.0,0.0,0.0,0.0
2537,0.3,0.268,0.323,1.0,0.52,0.185,0.129,0.324,0,0,0,1,TRAIN,7,1.0,0.0,0.0,0.0,0.0,0.0,1.0,0.0,0.0,0.0,1.0,0.0,0.0,0.0,0.0
2538,0.707,0.826,0.712,0.0,0.723,0.912,0.257,0.726,3,2,2,1,TEST,6,0.0,0.0,0.0,1.0,0.0,0.0,0.0,0.0,1.0,0.0,0.0,0.0,1.0,0.0,0.0
2539,0.243,0.525,0.374,0.925,0.273,0.48,0.011,0.176,3,3,1,1,TEST,3,0.0,0.0,0.0,1.0,0.0,0.0,0.0,0.0,0.0,1.0,0.0,1.0,0.0,0.0,0.0
2540,0.398,0.342,0.399,0.676,0.466,0.16,0.096,0.313,0,3,0,0,TRAIN,7,1.0,0.0,0.0,0.0,0.0,0.0,0.0,0.0,0.0,1.0,1.0,0.0,0.0,0.0,0.0
2541,0.363,0.397,0.289,1.0,0.443,0.493,0.053,0.174,2,3,2,1,TEST,5,0.0,0.0,1.0,0.0,0.0,0.0,0.0,0.0,0.0,1.0,0.0,0.0,1.0,0.0,0.0
2542,0.196,0.502,0.224,1.0,0.3,0.386,0.004,0.068,2,2,0,0,TEST,3,0.0,0.0,1.0,0.0,0.0,0.0,0.0,0.0,1.0,0.0,1.0,0.0,0.0,0.0,0.0
2543,0.54,0.505,0.477,0.0,0.693,0.414,0.26,0.562,3,1,1,0,TRAIN,2,0.0,0.0,0.0,1.0,0.0,0.0,0.0,1.0,0.0,0.0,0.0,1.0,0.0,0.0,0.0
2544,0.452,0.363,0.506,0.0,0.875,0.006,0.859,0.701,2,1,4,0,TRAIN,2,0.0,0.0,1.0,0.0,0.0,0.0,0.0,1.0,0.0,0.0,0.0,0.0,0.0,0.0,1.0
2545,0.574,0.774,0.424,0.0,0.759,0.805,0.223,0.675,0,3,2,1,TEST,6,1.0,0.0,0.0,0.0,0.0,0.0,0.0,0.0,0.0,1.0,0.0,0.0,1.0,0.0,0.0
2546,0.237,0.619,0.35,0.724,0.215,0.705,0.006,0.115,2,2,0,0,TEST,3,0.0,0.0,1.0,0.0,0.0,0.0,0.0,0.0,1.0,0.0,1.0,0.0,0.0,0.0,0.0
2547,0.398,0.584,0.479,0.932,0.363,0.701,0.006,0.275,2,2,3,0,TRAIN,3,0.0,0.0,1.0,0.0,0.0,0.0,0.0,0.0,1.0,0.0,0.0,0.0,0.0,1.0,0.0
2548,0.35,0.593,0.305,0.752,0.286,0.664,0.01,0.219,0,1,2,0,VAL,5,1.0,0.0,0.0,0.0,0.0,0.0,0.0,1.0,0.0,0.0,0.0,0.0,1.0,0.0,0.0
2549,0.376,0.613,0.433,0.684,0.25,0.629,0.008,0.261,1,2,0,0,TRAIN,5,0.0,1.0,0.0,0.0,0.0,0.0,0.0,0.0,1.0,0.0,1.0,0.0,0.0,0.0,0.0
2550,0.964,0.348,0.615,1.0,0.597,0.183,0.109,0.67,0,0,0,1,TEST,7,1.0,0.0,0.0,0.0,0.0,0.0,1.0,0.0,0.0,0.0,1.0,0.0,0.0,0.0,0.0
2551,0.586,0.304,0.455,1.0,0.356,0.177,0.078,0.389,0,3,4,1,VAL,4,1.0,0.0,0.0,0.0,0.0,0.0,0.0,0.0,0.0,1.0,0.0,0.0,0.0,0.0,1.0
2552,0.218,0.6,0.328,0.989,0.2,0.657,0.004,0.195,2,0,1,1,TEST,8,0.0,0.0,1.0,0.0,0.0,0.0,1.0,0.0,0.0,0.0,0.0,1.0,0.0,0.0,0.0
2553,0.377,0.495,0.317,0.854,0.212,0.385,0.011,0.185,1,3,1,0,VAL,3,0.0,1.0,0.0,0.0,0.0,0.0,0.0,0.0,0.0,1.0,0.0,1.0,0.0,0.0,0.0
2554,0.504,0.542,0.361,0.823,0.246,0.524,0.016,0.363,5,1,0,0,TRAIN,3,0.0,0.0,0.0,0.0,0.0,1.0,0.0,1.0,0.0,0.0,1.0,0.0,0.0,0.0,0.0
2555,0.459,0.884,0.581,0.0,0.536,0.789,0.082,0.377,3,3,2,1,TRAIN,6,0.0,0.0,0.0,1.0,0.0,0.0,0.0,0.0,0.0,1.0,0.0,0.0,1.0,0.0,0.0
2556,0.304,0.527,0.365,0.594,0.287,0.376,0.021,0.174,3,2,0,0,TRAIN,3,0.0,0.0,0.0,1.0,0.0,0.0,0.0,0.0,1.0,0.0,1.0,0.0,0.0,0.0,0.0
2557,0.365,0.515,0.372,0.824,0.455,0.432,0.023,0.344,5,3,0,0,TEST,3,0.0,0.0,0.0,0.0,0.0,1.0,0.0,0.0,0.0,1.0,1.0,0.0,0.0,0.0,0.0
2558,0.365,0.841,0.537,0.0,0.552,0.94,0.058,0.41,5,2,0,1,TRAIN,6,0.0,0.0,0.0,0.0,0.0,1.0,0.0,0.0,1.0,0.0,1.0,0.0,0.0,0.0,0.0
2559,0.585,0.05,0.515,1.0,0.544,0.0,0.202,0.4,5,3,0,0,VAL,7,0.0,0.0,0.0,0.0,0.0,1.0,0.0,0.0,0.0,1.0,1.0,0.0,0.0,0.0,0.0
2560,0.232,0.674,0.296,0.852,0.064,0.769,0.001,0.046,2,1,0,0,TEST,5,0.0,0.0,1.0,0.0,0.0,0.0,0.0,1.0,0.0,0.0,1.0,0.0,0.0,0.0,0.0
2561,0.296,0.515,0.318,0.76,0.359,0.689,0.018,0.199,3,3,0,0,TRAIN,3,0.0,0.0,0.0,1.0,0.0,0.0,0.0,0.0,0.0,1.0,1.0,0.0,0.0,0.0,0.0
2562,0.247,0.498,0.311,0.972,0.122,0.496,0.009,0.135,3,3,3,0,TRAIN,3,0.0,0.0,0.0,1.0,0.0,0.0,0.0,0.0,0.0,1.0,0.0,0.0,0.0,1.0,0.0
2563,0.481,0.507,0.501,0.0,0.586,0.352,0.33,0.512,3,1,4,0,TRAIN,2,0.0,0.0,0.0,1.0,0.0,0.0,0.0,1.0,0.0,0.0,0.0,0.0,0.0,0.0,1.0
2564,0.476,0.311,0.379,0.704,0.612,0.063,0.21,0.375,0,3,0,1,TRAIN,7,1.0,0.0,0.0,0.0,0.0,0.0,0.0,0.0,0.0,1.0,1.0,0.0,0.0,0.0,0.0
2565,0.735,0.17,0.517,1.0,0.652,0.0,0.281,0.538,0,0,3,1,VAL,7,1.0,0.0,0.0,0.0,0.0,0.0,1.0,0.0,0.0,0.0,0.0,0.0,0.0,1.0,0.0
2566,0.652,0.654,0.484,0.178,0.494,0.769,0.062,0.437,3,0,0,1,VAL,1,0.0,0.0,0.0,1.0,0.0,0.0,1.0,0.0,0.0,0.0,1.0,0.0,0.0,0.0,0.0
2567,0.479,0.574,0.453,0.639,0.389,0.443,0.039,0.332,3,2,0,1,TRAIN,3,0.0,0.0,0.0,1.0,0.0,0.0,0.0,0.0,1.0,0.0,1.0,0.0,0.0,0.0,0.0
2568,0.638,0.204,0.516,0.586,0.695,0.07,0.513,0.597,0,0,0,0,TEST,7,1.0,0.0,0.0,0.0,0.0,0.0,1.0,0.0,0.0,0.0,1.0,0.0,0.0,0.0,0.0
2569,0.9,0.427,0.668,0.912,0.593,0.332,0.203,0.685,4,1,0,1,VAL,7,0.0,0.0,0.0,0.0,1.0,0.0,0.0,1.0,0.0,0.0,1.0,0.0,0.0,0.0,0.0
2570,0.52,0.476,0.355,0.749,0.424,0.316,0.093,0.33,2,3,3,0,TEST,3,0.0,0.0,1.0,0.0,0.0,0.0,0.0,0.0,0.0,1.0,0.0,0.0,0.0,1.0,0.0
2571,0.504,0.546,0.504,0.664,0.455,0.6,0.03,0.419,3,2,0,1,TEST,3,0.0,0.0,0.0,1.0,0.0,0.0,0.0,0.0,1.0,0.0,1.0,0.0,0.0,0.0,0.0
2572,0.404,0.576,0.491,0.626,0.334,0.504,0.048,0.349,3,2,0,0,TRAIN,3,0.0,0.0,0.0,1.0,0.0,0.0,0.0,0.0,1.0,0.0,1.0,0.0,0.0,0.0,0.0
2573,0.362,0.589,0.31,0.675,0.309,0.567,0.024,0.218,3,2,0,0,VAL,3,0.0,0.0,0.0,1.0,0.0,0.0,0.0,0.0,1.0,0.0,1.0,0.0,0.0,0.0,0.0
2574,0.883,0.437,0.651,0.586,0.647,0.391,0.236,0.725,3,0,1,0,TRAIN,1,0.0,0.0,0.0,1.0,0.0,0.0,1.0,0.0,0.0,0.0,0.0,1.0,0.0,0.0,0.0
2575,0.707,0.586,0.55,0.383,0.482,0.631,0.051,0.505,3,3,0,0,TRAIN,3,0.0,0.0,0.0,1.0,0.0,0.0,0.0,0.0,0.0,1.0,1.0,0.0,0.0,0.0,0.0
2576,0.444,0.5,0.347,0.849,0.411,0.493,0.02,0.267,2,2,0,0,TEST,3,0.0,0.0,1.0,0.0,0.0,0.0,0.0,0.0,1.0,0.0,1.0,0.0,0.0,0.0,0.0
2577,0.669,0.663,0.523,0.296,0.413,0.688,0.064,0.502,5,3,0,0,TRAIN,3,0.0,0.0,0.0,0.0,0.0,1.0,0.0,0.0,0.0,1.0,1.0,0.0,0.0,0.0,0.0
2578,0.419,0.537,0.414,0.835,0.403,0.31,0.022,0.261,3,2,0,0,TEST,3,0.0,0.0,0.0,1.0,0.0,0.0,0.0,0.0,1.0,0.0,1.0,0.0,0.0,0.0,0.0
2579,0.002,0.379,0.713,1.0,0.644,0.073,0.139,0.715,5,2,1,1,TRAIN,4,0.0,0.0,0.0,0.0,0.0,1.0,0.0,0.0,1.0,0.0,0.0,1.0,0.0,0.0,0.0
2580,0.572,0.488,0.477,0.479,0.481,0.495,0.085,0.397,3,2,0,0,TRAIN,3,0.0,0.0,0.0,1.0,0.0,0.0,0.0,0.0,1.0,0.0,1.0,0.0,0.0,0.0,0.0
2581,0.448,0.529,0.468,1.0,0.201,0.576,0.003,0.254,2,1,1,1,TEST,8,0.0,0.0,1.0,0.0,0.0,0.0,0.0,1.0,0.0,0.0,0.0,1.0,0.0,0.0,0.0
2582,0.368,0.477,0.354,0.631,0.362,0.336,0.035,0.278,1,1,2,0,TRAIN,5,0.0,1.0,0.0,0.0,0.0,0.0,0.0,1.0,0.0,0.0,0.0,0.0,1.0,0.0,0.0
2583,0.558,0.795,0.553,0.0,0.584,0.897,0.184,0.599,5,3,1,1,TRAIN,6,0.0,0.0,0.0,0.0,0.0,1.0,0.0,0.0,0.0,1.0,0.0,1.0,0.0,0.0,0.0
2584,0.6,0.854,0.532,0.0,0.517,1.0,0.086,0.538,0,2,0,1,TRAIN,6,1.0,0.0,0.0,0.0,0.0,0.0,0.0,0.0,1.0,0.0,1.0,0.0,0.0,0.0,0.0
2585,0.464,0.513,0.408,0.594,0.364,0.484,0.055,0.352,3,0,3,1,TRAIN,3,0.0,0.0,0.0,1.0,0.0,0.0,1.0,0.0,0.0,0.0,0.0,0.0,0.0,1.0,0.0
2586,0.502,0.209,0.384,0.782,0.565,0.0,0.292,0.38,0,0,3,0,TRAIN,7,1.0,0.0,0.0,0.0,0.0,0.0,1.0,0.0,0.0,0.0,0.0,0.0,0.0,1.0,0.0
2587,0.561,0.868,0.541,0.0,0.552,1.0,0.037,0.544,0,2,0,1,TEST,6,1.0,0.0,0.0,0.0,0.0,0.0,0.0,0.0,1.0,0.0,1.0,0.0,0.0,0.0,0.0
2588,0.868,0.336,0.691,1.0,0.484,0.287,0.053,0.588,0,0,1,1,TRAIN,4,1.0,0.0,0.0,0.0,0.0,0.0,1.0,0.0,0.0,0.0,0.0,1.0,0.0,0.0,0.0
2589,0.951,0.285,0.147,0.272,0.387,0.226,0.232,0.111,0,3,1,1,TRAIN,7,1.0,0.0,0.0,0.0,0.0,0.0,0.0,0.0,0.0,1.0,0.0,1.0,0.0,0.0,0.0
2590,0.37,0.533,0.38,0.789,0.277,0.485,0.022,0.262,2,3,3,0,TRAIN,3,0.0,0.0,1.0,0.0,0.0,0.0,0.0,0.0,0.0,1.0,0.0,0.0,0.0,1.0,0.0
2591,0.357,0.422,0.356,0.72,0.438,0.439,0.064,0.219,3,1,0,0,TEST,3,0.0,0.0,0.0,1.0,0.0,0.0,0.0,1.0,0.0,0.0,1.0,0.0,0.0,0.0,0.0
2592,0.434,0.581,0.452,0.563,0.37,0.723,0.011,0.295,5,2,0,0,TRAIN,3,0.0,0.0,0.0,0.0,0.0,1.0,0.0,0.0,1.0,0.0,1.0,0.0,0.0,0.0,0.0
2593,0.541,0.815,0.575,0.0,0.618,1.0,0.066,0.625,1,1,1,1,TRAIN,6,0.0,1.0,0.0,0.0,0.0,0.0,0.0,1.0,0.0,0.0,0.0,1.0,0.0,0.0,0.0
2594,0.787,0.159,0.534,1.0,0.443,0.0,0.009,0.36,5,3,0,1,TRAIN,4,0.0,0.0,0.0,0.0,0.0,1.0,0.0,0.0,0.0,1.0,1.0,0.0,0.0,0.0,0.0
2595,0.406,0.61,0.428,0.684,0.383,0.544,0.013,0.225,3,3,3,0,TEST,3,0.0,0.0,0.0,1.0,0.0,0.0,0.0,0.0,0.0,1.0,0.0,0.0,0.0,1.0,0.0
2596,0.701,0.552,0.605,0.113,0.659,0.362,0.141,0.673,0,0,0,1,TRAIN,7,1.0,0.0,0.0,0.0,0.0,0.0,1.0,0.0,0.0,0.0,1.0,0.0,0.0,0.0,0.0
2597,0.413,0.445,0.388,0.839,0.37,0.333,0.023,0.27,1,2,0,0,TRAIN,3,0.0,1.0,0.0,0.0,0.0,0.0,0.0,0.0,1.0,0.0,1.0,0.0,0.0,0.0,0.0
2598,0.51,0.574,0.487,0.0,0.598,0.531,0.26,0.583,0,1,4,0,TEST,2,1.0,0.0,0.0,0.0,0.0,0.0,0.0,1.0,0.0,0.0,0.0,0.0,0.0,0.0,1.0
2599,0.421,0.553,0.378,0.888,0.342,0.468,0.025,0.311,3,2,3,1,VAL,3,0.0,0.0,0.0,1.0,0.0,0.0,0.0,0.0,1.0,0.0,0.0,0.0,0.0,1.0,0.0
2600,0.503,0.774,0.565,0.0,0.69,0.863,0.422,0.683,3,2,1,1,VAL,6,0.0,0.0,0.0,1.0,0.0,0.0,0.0,0.0,1.0,0.0,0.0,1.0,0.0,0.0,0.0
2601,0.925,0.284,0.735,1.0,0.665,0.125,0.167,0.747,0,1,0,1,TEST,7,1.0,0.0,0.0,0.0,0.0,0.0,0.0,1.0,0.0,0.0,1.0,0.0,0.0,0.0,0.0
2602,0.544,0.644,0.516,0.468,0.463,0.74,0.039,0.407,2,2,0,1,TRAIN,3,0.0,0.0,1.0,0.0,0.0,0.0,0.0,0.0,1.0,0.0,1.0,0.0,0.0,0.0,0.0
2603,0.109,0.373,0.248,0.6,0.321,0.339,0.087,0.171,2,1,2,0,TRAIN,5,0.0,0.0,1.0,0.0,0.0,0.0,0.0,1.0,0.0,0.0,0.0,0.0,1.0,0.0,0.0
2604,0.218,0.505,0.32,0.869,0.312,0.369,0.018,0.17,1,1,1,1,VAL,3,0.0,1.0,0.0,0.0,0.0,0.0,0.0,1.0,0.0,0.0,0.0,1.0,0.0,0.0,0.0
2605,0.594,0.501,0.535,0.669,0.539,0.252,0.074,0.513,5,2,0,0,VAL,3,0.0,0.0,0.0,0.0,0.0,1.0,0.0,0.0,1.0,0.0,1.0,0.0,0.0,0.0,0.0
2606,0.858,0.179,0.58,1.0,0.65,0.0,0.202,0.569,4,0,1,1,TRAIN,7,0.0,0.0,0.0,0.0,1.0,0.0,1.0,0.0,0.0,0.0,0.0,1.0,0.0,0.0,0.0
2607,0.957,0.264,0.655,1.0,0.69,0.005,0.175,0.689,0,0,0,1,TRAIN,7,1.0,0.0,0.0,0.0,0.0,0.0,1.0,0.0,0.0,0.0,1.0,0.0,0.0,0.0,0.0
2608,0.463,0.574,0.489,0.533,0.31,0.473,0.049,0.334,3,3,0,1,TRAIN,3,0.0,0.0,0.0,1.0,0.0,0.0,0.0,0.0,0.0,1.0,1.0,0.0,0.0,0.0,0.0
2609,0.695,0.257,0.601,1.0,0.32,0.187,0.052,0.441,4,0,0,1,TEST,4,0.0,0.0,0.0,0.0,1.0,0.0,1.0,0.0,0.0,0.0,1.0,0.0,0.0,0.0,0.0
2610,0.041,0.449,0.291,0.144,0.473,0.518,0.216,0.18,2,3,0,1,TRAIN,5,0.0,0.0,1.0,0.0,0.0,0.0,0.0,0.0,0.0,1.0,1.0,0.0,0.0,0.0,0.0
2611,0.533,0.865,0.539,0.0,0.41,0.96,0.019,0.45,3,2,1,1,TEST,6,0.0,0.0,0.0,1.0,0.0,0.0,0.0,0.0,1.0,0.0,0.0,1.0,0.0,0.0,0.0
2612,0.572,0.49,0.475,0.514,0.562,0.373,0.064,0.416,3,2,0,1,TRAIN,3,0.0,0.0,0.0,1.0,0.0,0.0,0.0,0.0,1.0,0.0,1.0,0.0,0.0,0.0,0.0
2613,0.324,0.484,0.343,0.812,0.432,0.396,0.021,0.176,5,0,3,0,TRAIN,3,0.0,0.0,0.0,0.0,0.0,1.0,1.0,0.0,0.0,0.0,0.0,0.0,0.0,1.0,0.0
2614,0.22,0.595,0.307,0.924,0.291,0.476,0.005,0.111,3,1,3,0,TEST,3,0.0,0.0,0.0,1.0,0.0,0.0,0.0,1.0,0.0,0.0,0.0,0.0,0.0,1.0,0.0
2615,0.335,0.575,0.454,0.582,0.53,0.484,0.033,0.339,3,1,3,1,TRAIN,3,0.0,0.0,0.0,1.0,0.0,0.0,0.0,1.0,0.0,0.0,0.0,0.0,0.0,1.0,0.0
2616,0.302,0.483,0.249,0.87,0.235,0.593,0.018,0.068,1,2,0,0,TRAIN,3,0.0,1.0,0.0,0.0,0.0,0.0,0.0,0.0,1.0,0.0,1.0,0.0,0.0,0.0,0.0
2617,0.32,0.452,0.45,0.761,0.333,0.349,0.083,0.351,3,2,0,1,TEST,3,0.0,0.0,0.0,1.0,0.0,0.0,0.0,0.0,1.0,0.0,1.0,0.0,0.0,0.0,0.0
2618,0.453,0.563,0.528,0.563,0.445,0.44,0.04,0.425,3,3,0,0,TRAIN,3,0.0,0.0,0.0,1.0,0.0,0.0,0.0,0.0,0.0,1.0,1.0,0.0,0.0,0.0,0.0
2619,0.39,0.486,0.372,0.78,0.345,0.416,0.027,0.251,3,2,0,0,TRAIN,3,0.0,0.0,0.0,1.0,0.0,0.0,0.0,0.0,1.0,0.0,1.0,0.0,0.0,0.0,0.0
2620,0.535,0.503,0.479,0.033,0.569,0.518,0.301,0.433,5,0,1,0,TEST,7,0.0,0.0,0.0,0.0,0.0,1.0,1.0,0.0,0.0,0.0,0.0,1.0,0.0,0.0,0.0
2621,0.494,0.433,0.377,0.727,0.55,0.363,0.056,0.294,3,2,0,0,TRAIN,3,0.0,0.0,0.0,1.0,0.0,0.0,0.0,0.0,1.0,0.0,1.0,0.0,0.0,0.0,0.0
2622,0.258,0.531,0.372,0.783,0.27,0.508,0.007,0.225,1,0,0,0,TEST,3,0.0,1.0,0.0,0.0,0.0,0.0,1.0,0.0,0.0,0.0,1.0,0.0,0.0,0.0,0.0
2623,0.587,0.374,0.516,1.0,0.359,0.214,0.03,0.366,0,0,1,1,TEST,4,1.0,0.0,0.0,0.0,0.0,0.0,1.0,0.0,0.0,0.0,0.0,1.0,0.0,0.0,0.0
2624,0.447,0.479,0.543,0.0,0.65,0.309,0.411,0.526,0,1,4,1,TRAIN,2,1.0,0.0,0.0,0.0,0.0,0.0,0.0,1.0,0.0,0.0,0.0,0.0,0.0,0.0,1.0
2625,0.548,0.523,0.418,0.611,0.464,0.461,0.029,0.335,3,3,0,0,TRAIN,3,0.0,0.0,0.0,1.0,0.0,0.0,0.0,0.0,0.0,1.0,1.0,0.0,0.0,0.0,0.0
2626,0.316,0.609,0.464,0.776,0.281,0.452,0.007,0.266,1,0,3,0,VAL,3,0.0,1.0,0.0,0.0,0.0,0.0,1.0,0.0,0.0,0.0,0.0,0.0,0.0,1.0,0.0
2627,0.653,0.426,0.51,1.0,0.517,0.212,0.087,0.419,4,3,0,1,TRAIN,4,0.0,0.0,0.0,0.0,1.0,0.0,0.0,0.0,0.0,1.0,1.0,0.0,0.0,0.0,0.0
2628,0.354,0.474,0.272,0.937,0.307,0.5,0.033,0.184,3,2,0,0,VAL,3,0.0,0.0,0.0,1.0,0.0,0.0,0.0,0.0,1.0,0.0,1.0,0.0,0.0,0.0,0.0
2629,0.583,0.814,0.638,0.0,0.618,1.0,0.14,0.541,0,2,0,1,TEST,6,1.0,0.0,0.0,0.0,0.0,0.0,0.0,0.0,1.0,0.0,1.0,0.0,0.0,0.0,0.0
2630,0.393,0.529,0.412,0.77,0.231,0.403,0.046,0.299,3,2,0,0,TRAIN,3,0.0,0.0,0.0,1.0,0.0,0.0,0.0,0.0,1.0,0.0,1.0,0.0,0.0,0.0,0.0
2631,0.077,0.492,0.231,0.906,0.356,0.325,0.011,0.064,1,1,0,1,TRAIN,8,0.0,1.0,0.0,0.0,0.0,0.0,0.0,1.0,0.0,0.0,1.0,0.0,0.0,0.0,0.0
2632,0.409,0.315,0.479,0.471,0.545,0.0,0.263,0.529,0,0,3,1,TRAIN,7,1.0,0.0,0.0,0.0,0.0,0.0,1.0,0.0,0.0,0.0,0.0,0.0,0.0,1.0,0.0
2633,0.146,0.45,0.281,1.0,0.306,0.275,0.007,0.067,3,2,3,1,TRAIN,3,0.0,0.0,0.0,1.0,0.0,0.0,0.0,0.0,1.0,0.0,0.0,0.0,0.0,1.0,0.0
2634,0.482,0.484,0.503,0.0,0.735,0.381,0.401,0.552,2,1,4,0,TRAIN,2,0.0,0.0,1.0,0.0,0.0,0.0,0.0,1.0,0.0,0.0,0.0,0.0,0.0,0.0,1.0
2635,0.908,0.309,0.678,1.0,0.465,0.154,0.011,0.517,2,3,2,1,TRAIN,4,0.0,0.0,1.0,0.0,0.0,0.0,0.0,0.0,0.0,1.0,0.0,0.0,1.0,0.0,0.0
2636,0.539,0.212,0.345,1.0,0.333,0.0,0.01,0.25,0,3,0,1,VAL,7,1.0,0.0,0.0,0.0,0.0,0.0,0.0,0.0,0.0,1.0,1.0,0.0,0.0,0.0,0.0
2637,0.474,0.547,0.439,0.725,0.407,0.392,0.027,0.327,3,2,0,0,VAL,3,0.0,0.0,0.0,1.0,0.0,0.0,0.0,0.0,1.0,0.0,1.0,0.0,0.0,0.0,0.0
2638,0.516,0.328,0.486,0.207,0.765,0.195,0.436,0.585,2,1,1,1,TEST,7,0.0,0.0,1.0,0.0,0.0,0.0,0.0,1.0,0.0,0.0,0.0,1.0,0.0,0.0,0.0
2639,0.157,0.478,0.275,0.807,0.32,0.516,0.013,0.152,1,2,3,0,TEST,3,0.0,1.0,0.0,0.0,0.0,0.0,0.0,0.0,1.0,0.0,0.0,0.0,0.0,1.0,0.0
2640,0.299,0.592,0.297,0.721,0.346,0.472,0.026,0.237,1,2,3,0,VAL,3,0.0,1.0,0.0,0.0,0.0,0.0,0.0,0.0,1.0,0.0,0.0,0.0,0.0,1.0,0.0
2641,0.134,0.429,0.283,0.979,0.377,0.504,0.015,0.138,2,2,0,0,VAL,3,0.0,0.0,1.0,0.0,0.0,0.0,0.0,0.0,1.0,0.0,1.0,0.0,0.0,0.0,0.0
2642,0.428,0.525,0.501,0.0,0.609,0.502,0.401,0.492,1,2,1,0,TRAIN,2,0.0,1.0,0.0,0.0,0.0,0.0,0.0,0.0,1.0,0.0,0.0,1.0,0.0,0.0,0.0
2643,0.331,0.584,0.352,0.982,0.26,0.339,0.005,0.158,3,3,3,0,TRAIN,3,0.0,0.0,0.0,1.0,0.0,0.0,0.0,0.0,0.0,1.0,0.0,0.0,0.0,1.0,0.0
2644,0.614,0.18,0.473,1.0,0.572,0.229,0.265,0.456,0,0,3,1,TRAIN,7,1.0,0.0,0.0,0.0,0.0,0.0,1.0,0.0,0.0,0.0,0.0,0.0,0.0,1.0,0.0
2645,0.648,0.505,0.478,0.545,0.406,0.453,0.058,0.376,3,2,0,0,TRAIN,3,0.0,0.0,0.0,1.0,0.0,0.0,0.0,0.0,1.0,0.0,1.0,0.0,0.0,0.0,0.0
2646,0.352,0.901,0.548,0.0,0.464,0.966,0.02,0.466,2,3,3,0,TRAIN,6,0.0,0.0,1.0,0.0,0.0,0.0,0.0,0.0,0.0,1.0,0.0,0.0,0.0,1.0,0.0
2647,0.294,0.36,0.259,0.789,0.402,0.237,0.09,0.177,2,1,0,0,TEST,5,0.0,0.0,1.0,0.0,0.0,0.0,0.0,1.0,0.0,0.0,1.0,0.0,0.0,0.0,0.0
2648,0.437,0.55,0.416,0.622,0.309,0.3,0.022,0.318,3,2,3,0,TRAIN,3,0.0,0.0,0.0,1.0,0.0,0.0,0.0,0.0,1.0,0.0,0.0,0.0,0.0,1.0,0.0
2649,0.531,0.536,0.501,0.0,0.67,0.516,0.225,0.509,0,2,1,0,TRAIN,2,1.0,0.0,0.0,0.0,0.0,0.0,0.0,0.0,1.0,0.0,0.0,1.0,0.0,0.0,0.0
2650,0.447,0.593,0.393,0.494,0.432,0.524,0.024,0.326,3,2,0,0,VAL,3,0.0,0.0,0.0,1.0,0.0,0.0,0.0,0.0,1.0,0.0,1.0,0.0,0.0,0.0,0.0
2651,0.509,0.481,0.425,0.205,0.551,0.309,0.188,0.487,1,1,1,0,TEST,2,0.0,1.0,0.0,0.0,0.0,0.0,0.0,1.0,0.0,0.0,0.0,1.0,0.0,0.0,0.0
2652,0.373,0.531,0.468,0.753,0.37,0.393,0.07,0.223,1,2,0,0,TRAIN,3,0.0,1.0,0.0,0.0,0.0,0.0,0.0,0.0,1.0,0.0,1.0,0.0,0.0,0.0,0.0
2653,0.443,0.473,0.408,0.709,0.408,0.305,0.022,0.268,2,2,0,1,TEST,3,0.0,0.0,1.0,0.0,0.0,0.0,0.0,0.0,1.0,0.0,1.0,0.0,0.0,0.0,0.0
2654,0.37,0.678,0.397,0.753,0.282,0.656,0.011,0.303,3,2,0,0,TRAIN,3,0.0,0.0,0.0,1.0,0.0,0.0,0.0,0.0,1.0,0.0,1.0,0.0,0.0,0.0,0.0
2655,0.436,0.533,0.441,0.878,0.37,0.443,0.032,0.327,3,2,0,0,TEST,3,0.0,0.0,0.0,1.0,0.0,0.0,0.0,0.0,1.0,0.0,1.0,0.0,0.0,0.0,0.0
2656,0.491,0.864,0.611,0.0,0.535,1.0,0.094,0.641,0,2,2,0,TRAIN,6,1.0,0.0,0.0,0.0,0.0,0.0,0.0,0.0,1.0,0.0,0.0,0.0,1.0,0.0,0.0
2657,0.148,0.474,0.283,0.944,0.3,0.385,0.011,0.083,3,2,3,0,TRAIN,3,0.0,0.0,0.0,1.0,0.0,0.0,0.0,0.0,1.0,0.0,0.0,0.0,0.0,1.0,0.0
2658,0.533,0.362,0.473,0.384,0.605,0.183,0.292,0.504,0,0,0,1,TRAIN,7,1.0,0.0,0.0,0.0,0.0,0.0,1.0,0.0,0.0,0.0,1.0,0.0,0.0,0.0,0.0
2659,0.985,0.358,0.035,1.0,0.062,0.289,0.006,0.001,3,2,3,0,TEST,3,0.0,0.0,0.0,1.0,0.0,0.0,0.0,0.0,1.0,0.0,0.0,0.0,0.0,1.0,0.0
2660,0.392,0.573,0.445,0.566,0.343,0.577,0.072,0.389,3,3,0,0,VAL,3,0.0,0.0,0.0,1.0,0.0,0.0,0.0,0.0,0.0,1.0,1.0,0.0,0.0,0.0,0.0
2661,0.373,0.586,0.467,0.831,0.408,0.508,0.017,0.335,3,2,3,0,TEST,3,0.0,0.0,0.0,1.0,0.0,0.0,0.0,0.0,1.0,0.0,0.0,0.0,0.0,1.0,0.0
2662,0.335,0.471,0.318,0.771,0.465,0.284,0.035,0.229,2,2,0,1,TEST,3,0.0,0.0,1.0,0.0,0.0,0.0,0.0,0.0,1.0,0.0,1.0,0.0,0.0,0.0,0.0
2663,0.507,0.551,0.429,0.597,0.437,0.593,0.014,0.274,5,2,3,0,TRAIN,3,0.0,0.0,0.0,0.0,0.0,1.0,0.0,0.0,1.0,0.0,0.0,0.0,0.0,1.0,0.0
2664,0.771,0.328,0.692,0.577,0.612,0.305,0.388,0.671,0,0,0,0,TRAIN,7,1.0,0.0,0.0,0.0,0.0,0.0,1.0,0.0,0.0,0.0,1.0,0.0,0.0,0.0,0.0
2665,0.494,0.583,0.496,0.513,0.507,0.519,0.043,0.385,5,3,3,0,TRAIN,3,0.0,0.0,0.0,0.0,0.0,1.0,0.0,0.0,0.0,1.0,0.0,0.0,0.0,1.0,0.0
2666,0.899,0.265,0.647,1.0,0.774,0.116,0.292,0.57,5,0,0,0,TEST,7,0.0,0.0,0.0,0.0,0.0,1.0,1.0,0.0,0.0,0.0,1.0,0.0,0.0,0.0,0.0
2667,0.436,0.438,0.388,0.798,0.379,0.326,0.032,0.318,1,2,3,1,VAL,3,0.0,1.0,0.0,0.0,0.0,0.0,0.0,0.0,1.0,0.0,0.0,0.0,0.0,1.0,0.0
2668,0.473,0.513,0.364,0.521,0.429,0.567,0.093,0.335,2,2,3,0,TRAIN,3,0.0,0.0,1.0,0.0,0.0,0.0,0.0,0.0,1.0,0.0,0.0,0.0,0.0,1.0,0.0
2669,0.474,0.485,0.43,0.441,0.523,0.429,0.065,0.409,1,3,0,1,TEST,3,0.0,1.0,0.0,0.0,0.0,0.0,0.0,0.0,0.0,1.0,1.0,0.0,0.0,0.0,0.0
2670,0.475,0.553,0.488,0.806,0.395,0.463,0.037,0.305,3,3,3,0,TRAIN,3,0.0,0.0,0.0,1.0,0.0,0.0,0.0,0.0,0.0,1.0,0.0,0.0,0.0,1.0,0.0
2671,0.243,0.548,0.352,0.413,0.317,0.54,0.029,0.321,2,1,2,0,TEST,5,0.0,0.0,1.0,0.0,0.0,0.0,0.0,1.0,0.0,0.0,0.0,0.0,1.0,0.0,0.0
2672,0.955,0.3,0.675,1.0,0.603,0.077,0.308,0.725,0,0,0,0,TRAIN,7,1.0,0.0,0.0,0.0,0.0,0.0,1.0,0.0,0.0,0.0,1.0,0.0,0.0,0.0,0.0
2673,0.606,0.467,0.423,0.776,0.397,0.158,0.067,0.324,3,2,3,1,TRAIN,3,0.0,0.0,0.0,1.0,0.0,0.0,0.0,0.0,1.0,0.0,0.0,0.0,0.0,1.0,0.0
2674,0.623,0.218,0.483,1.0,0.48,0.0,0.053,0.346,4,0,1,1,TEST,4,0.0,0.0,0.0,0.0,1.0,0.0,1.0,0.0,0.0,0.0,0.0,1.0,0.0,0.0,0.0
2675,0.602,0.838,0.628,0.0,0.581,0.955,0.084,0.638,0,2,1,0,TRAIN,6,1.0,0.0,0.0,0.0,0.0,0.0,0.0,0.0,1.0,0.0,0.0,1.0,0.0,0.0,0.0
2676,0.255,0.521,0.376,0.806,0.381,0.374,0.021,0.264,3,3,0,0,VAL,3,0.0,0.0,0.0,1.0,0.0,0.0,0.0,0.0,0.0,1.0,1.0,0.0,0.0,0.0,0.0
2677,0.346,0.441,0.375,0.715,0.588,0.414,0.072,0.312,2,2,0,1,VAL,3,0.0,0.0,1.0,0.0,0.0,0.0,0.0,0.0,1.0,0.0,1.0,0.0,0.0,0.0,0.0
2678,0.444,0.91,0.557,0.0,0.437,1.0,0.038,0.482,3,1,0,1,TRAIN,6,0.0,0.0,0.0,1.0,0.0,0.0,0.0,1.0,0.0,0.0,1.0,0.0,0.0,0.0,0.0
2679,0.018,0.55,0.21,0.855,0.284,0.69,0.003,0.07,5,0,0,0,VAL,3,0.0,0.0,0.0,0.0,0.0,1.0,1.0,0.0,0.0,0.0,1.0,0.0,0.0,0.0,0.0
2680,0.32,0.578,0.324,0.674,0.316,0.467,0.008,0.131,3,3,3,1,TEST,3,0.0,0.0,0.0,1.0,0.0,0.0,0.0,0.0,0.0,1.0,0.0,0.0,0.0,1.0,0.0
2681,0.243,0.438,0.381,0.573,0.335,0.427,0.019,0.244,1,1,1,1,TRAIN,5,0.0,1.0,0.0,0.0,0.0,0.0,0.0,1.0,0.0,0.0,0.0,1.0,0.0,0.0,0.0
2682,0.54,0.52,0.433,0.627,0.539,0.471,0.044,0.373,3,3,0,0,TRAIN,3,0.0,0.0,0.0,1.0,0.0,0.0,0.0,0.0,0.0,1.0,1.0,0.0,0.0,0.0,0.0
2683,0.213,0.552,0.298,0.895,0.318,0.278,0.011,0.107,5,2,0,0,TEST,3,0.0,0.0,0.0,0.0,0.0,1.0,0.0,0.0,1.0,0.0,1.0,0.0,0.0,0.0,0.0
2684,0.521,0.614,0.428,0.74,0.291,0.751,0.011,0.332,1,2,3,1,TEST,3,0.0,1.0,0.0,0.0,0.0,0.0,0.0,0.0,1.0,0.0,0.0,0.0,0.0,1.0,0.0
2685,0.396,0.495,0.432,0.864,0.316,0.515,0.03,0.259,2,2,0,0,VAL,3,0.0,0.0,1.0,0.0,0.0,0.0,0.0,0.0,1.0,0.0,1.0,0.0,0.0,0.0,0.0
2686,0.287,0.618,0.261,0.787,0.283,0.726,0.005,0.193,3,0,3,0,TEST,3,0.0,0.0,0.0,1.0,0.0,0.0,1.0,0.0,0.0,0.0,0.0,0.0,0.0,1.0,0.0
2687,0.77,0.344,0.585,1.0,0.49,0.261,0.04,0.498,0,3,2,1,TRAIN,4,1.0,0.0,0.0,0.0,0.0,0.0,0.0,0.0,0.0,1.0,0.0,0.0,1.0,0.0,0.0
2688,0.423,0.525,0.463,0.0,0.674,0.41,0.343,0.509,3,1,4,0,TEST,2,0.0,0.0,0.0,1.0,0.0,0.0,0.0,1.0,0.0,0.0,0.0,0.0,0.0,0.0,1.0
2689,0.52,0.54,0.339,0.591,0.411,0.522,0.049,0.407,5,0,3,1,TRAIN,3,0.0,0.0,0.0,0.0,0.0,1.0,1.0,0.0,0.0,0.0,0.0,0.0,0.0,1.0,0.0
2690,0.613,0.213,0.438,0.771,0.651,0.0,0.345,0.415,5,0,0,0,TEST,7,0.0,0.0,0.0,0.0,0.0,1.0,1.0,0.0,0.0,0.0,1.0,0.0,0.0,0.0,0.0
2691,0.404,0.89,0.538,0.0,0.49,0.922,0.073,0.567,0,0,0,1,TEST,6,1.0,0.0,0.0,0.0,0.0,0.0,1.0,0.0,0.0,0.0,1.0,0.0,0.0,0.0,0.0
2692,0.238,0.495,0.36,0.63,0.292,0.394,0.043,0.238,2,2,3,1,TEST,3,0.0,0.0,1.0,0.0,0.0,0.0,0.0,0.0,1.0,0.0,0.0,0.0,0.0,1.0,0.0
2693,0.412,0.503,0.352,0.738,0.346,0.423,0.04,0.256,3,3,1,1,TRAIN,3,0.0,0.0,0.0,1.0,0.0,0.0,0.0,0.0,0.0,1.0,0.0,1.0,0.0,0.0,0.0
2694,0.403,0.48,0.377,0.738,0.432,0.306,0.04,0.357,3,2,0,0,TRAIN,3,0.0,0.0,0.0,1.0,0.0,0.0,0.0,0.0,1.0,0.0,1.0,0.0,0.0,0.0,0.0
2695,0.617,0.463,0.5,0.702,0.406,0.31,0.142,0.414,2,2,0,0,TRAIN,3,0.0,0.0,1.0,0.0,0.0,0.0,0.0,0.0,1.0,0.0,1.0,0.0,0.0,0.0,0.0
2696,0.503,0.585,0.504,0.832,0.316,0.852,0.023,0.242,5,2,0,0,TRAIN,3,0.0,0.0,0.0,0.0,0.0,1.0,0.0,0.0,1.0,0.0,1.0,0.0,0.0,0.0,0.0
2697,0.476,0.499,0.442,0.634,0.39,0.547,0.034,0.384,4,2,0,0,VAL,3,0.0,0.0,0.0,0.0,1.0,0.0,0.0,0.0,1.0,0.0,1.0,0.0,0.0,0.0,0.0
2698,0.472,0.556,0.431,0.767,0.464,0.459,0.018,0.313,3,3,0,0,TRAIN,3,0.0,0.0,0.0,1.0,0.0,0.0,0.0,0.0,0.0,1.0,1.0,0.0,0.0,0.0,0.0
2699,0.482,0.432,0.368,0.901,0.359,0.221,0.018,0.273,2,2,0,0,VAL,3,0.0,0.0,1.0,0.0,0.0,0.0,0.0,0.0,1.0,0.0,1.0,0.0,0.0,0.0,0.0
2700,0.272,0.573,0.332,0.778,0.298,0.727,0.009,0.216,1,2,0,0,TRAIN,3,0.0,1.0,0.0,0.0,0.0,0.0,0.0,0.0,1.0,0.0,1.0,0.0,0.0,0.0,0.0
2701,0.474,0.468,0.45,0.858,0.369,0.366,0.024,0.37,5,3,0,0,TRAIN,3,0.0,0.0,0.0,0.0,0.0,1.0,0.0,0.0,0.0,1.0,1.0,0.0,0.0,0.0,0.0
2702,0.419,0.66,0.47,0.665,0.211,0.608,0.007,0.284,3,0,0,0,VAL,3,0.0,0.0,0.0,1.0,0.0,0.0,1.0,0.0,0.0,0.0,1.0,0.0,0.0,0.0,0.0
2703,0.563,0.667,0.513,0.085,0.415,0.689,0.091,0.404,2,0,0,0,TEST,2,0.0,0.0,1.0,0.0,0.0,0.0,1.0,0.0,0.0,0.0,1.0,0.0,0.0,0.0,0.0
2704,0.539,0.727,0.596,0.0,0.753,0.905,0.208,0.629,2,1,1,0,VAL,6,0.0,0.0,1.0,0.0,0.0,0.0,0.0,1.0,0.0,0.0,0.0,1.0,0.0,0.0,0.0
2705,0.474,0.586,0.41,0.656,0.359,0.782,0.026,0.366,3,0,3,0,TRAIN,3,0.0,0.0,0.0,1.0,0.0,0.0,1.0,0.0,0.0,0.0,0.0,0.0,0.0,1.0,0.0
2706,0.38,0.492,0.402,0.687,0.422,0.359,0.055,0.373,2,0,0,0,TRAIN,3,0.0,0.0,1.0,0.0,0.0,0.0,1.0,0.0,0.0,0.0,1.0,0.0,0.0,0.0,0.0
2707,0.466,0.499,0.443,0.471,0.534,0.438,0.106,0.404,1,3,0,1,TRAIN,3,0.0,1.0,0.0,0.0,0.0,0.0,0.0,0.0,0.0,1.0,1.0,0.0,0.0,0.0,0.0
2708,0.464,0.463,0.4,0.612,0.298,0.43,0.042,0.332,1,2,3,0,VAL,3,0.0,1.0,0.0,0.0,0.0,0.0,0.0,0.0,1.0,0.0,0.0,0.0,0.0,1.0,0.0
2709,0.525,0.249,0.426,1.0,0.583,0.082,0.171,0.437,4,0,0,1,TEST,7,0.0,0.0,0.0,0.0,1.0,0.0,1.0,0.0,0.0,0.0,1.0,0.0,0.0,0.0,0.0
2710,0.336,0.587,0.344,0.701,0.372,0.513,0.013,0.231,3,3,0,1,TRAIN,3,0.0,0.0,0.0,1.0,0.0,0.0,0.0,0.0,0.0,1.0,1.0,0.0,0.0,0.0,0.0
2711,0.352,0.497,0.344,1.0,0.305,0.305,0.007,0.213,1,1,1,1,VAL,8,0.0,1.0,0.0,0.0,0.0,0.0,0.0,1.0,0.0,0.0,0.0,1.0,0.0,0.0,0.0
2712,0.42,0.562,0.381,0.708,0.394,0.614,0.014,0.316,3,3,2,0,VAL,3,0.0,0.0,0.0,1.0,0.0,0.0,0.0,0.0,0.0,1.0,0.0,0.0,1.0,0.0,0.0
2713,0.645,0.487,0.559,0.526,0.513,0.316,0.129,0.459,5,2,0,0,TRAIN,3,0.0,0.0,0.0,0.0,0.0,1.0,0.0,0.0,1.0,0.0,1.0,0.0,0.0,0.0,0.0
2714,0.353,0.134,0.233,1.0,0.493,0.0,0.273,0.255,0,1,3,1,TRAIN,7,1.0,0.0,0.0,0.0,0.0,0.0,0.0,1.0,0.0,0.0,0.0,0.0,0.0,1.0,0.0
2715,0.372,0.656,0.53,0.0,0.485,0.64,0.106,0.442,2,1,4,0,TRAIN,2,0.0,0.0,1.0,0.0,0.0,0.0,0.0,1.0,0.0,0.0,0.0,0.0,0.0,0.0,1.0
2716,0.346,0.605,0.493,0.0,0.726,0.577,0.433,0.541,1,1,4,0,TRAIN,2,0.0,1.0,0.0,0.0,0.0,0.0,0.0,1.0,0.0,0.0,0.0,0.0,0.0,0.0,1.0
2717,0.313,0.586,0.305,0.75,0.329,0.392,0.006,0.212,5,1,3,1,TRAIN,3,0.0,0.0,0.0,0.0,0.0,1.0,0.0,1.0,0.0,0.0,0.0,0.0,0.0,1.0,0.0
2718,0.573,0.349,0.49,1.0,0.606,0.152,0.121,0.516,0,0,0,0,VAL,7,1.0,0.0,0.0,0.0,0.0,0.0,1.0,0.0,0.0,0.0,1.0,0.0,0.0,0.0,0.0
2719,0.457,0.484,0.43,0.0,0.733,0.304,0.443,0.52,2,2,4,1,TEST,2,0.0,0.0,1.0,0.0,0.0,0.0,0.0,0.0,1.0,0.0,0.0,0.0,0.0,0.0,1.0
2720,0.393,0.534,0.376,0.908,0.328,0.539,0.01,0.189,2,2,3,1,TRAIN,3,0.0,0.0,1.0,0.0,0.0,0.0,0.0,0.0,1.0,0.0,0.0,0.0,0.0,1.0,0.0
2721,0.46,0.527,0.477,0.491,0.454,0.563,0.051,0.399,5,2,0,1,TRAIN,3,0.0,0.0,0.0,0.0,0.0,1.0,0.0,0.0,1.0,0.0,1.0,0.0,0.0,0.0,0.0
2722,0.632,0.283,0.554,0.504,0.581,0.177,0.41,0.574,2,3,1,1,TRAIN,7,0.0,0.0,1.0,0.0,0.0,0.0,0.0,0.0,0.0,1.0,0.0,1.0,0.0,0.0,0.0
2723,0.251,0.18,0.284,0.894,0.443,0.0,0.164,0.182,5,1,0,0,TEST,7,0.0,0.0,0.0,0.0,0.0,1.0,0.0,1.0,0.0,0.0,1.0,0.0,0.0,0.0,0.0
2724,0.569,0.835,0.485,0.0,0.523,0.916,0.088,0.575,3,0,2,1,TRAIN,6,0.0,0.0,0.0,1.0,0.0,0.0,1.0,0.0,0.0,0.0,0.0,0.0,1.0,0.0,0.0
2725,0.337,0.488,0.381,0.858,0.397,0.497,0.028,0.236,2,2,3,0,TRAIN,3,0.0,0.0,1.0,0.0,0.0,0.0,0.0,0.0,1.0,0.0,0.0,0.0,0.0,1.0,0.0
2726,0.664,0.858,0.712,0.0,0.605,0.955,0.174,0.685,2,2,1,1,TRAIN,6,0.0,0.0,1.0,0.0,0.0,0.0,0.0,0.0,1.0,0.0,0.0,1.0,0.0,0.0,0.0
2727,0.399,0.27,0.444,0.824,0.489,0.0,0.109,0.302,0,3,3,0,TRAIN,7,1.0,0.0,0.0,0.0,0.0,0.0,0.0,0.0,0.0,1.0,0.0,0.0,0.0,1.0,0.0
2728,0.428,0.445,0.41,0.969,0.392,0.354,0.032,0.33,0,2,2,0,TRAIN,5,1.0,0.0,0.0,0.0,0.0,0.0,0.0,0.0,1.0,0.0,0.0,0.0,1.0,0.0,0.0
2729,0.522,0.816,0.493,0.0,0.546,0.919,0.092,0.521,2,3,2,1,TRAIN,6,0.0,0.0,1.0,0.0,0.0,0.0,0.0,0.0,0.0,1.0,0.0,0.0,1.0,0.0,0.0
2730,0.248,0.459,0.345,1.0,0.333,0.409,0.017,0.213,3,2,3,1,VAL,3,0.0,0.0,0.0,1.0,0.0,0.0,0.0,0.0,1.0,0.0,0.0,0.0,0.0,1.0,0.0
2731,0.386,0.688,0.447,0.0,0.404,0.688,0.11,0.389,2,1,0,0,TRAIN,2,0.0,0.0,1.0,0.0,0.0,0.0,0.0,1.0,0.0,0.0,1.0,0.0,0.0,0.0,0.0
2732,0.338,0.499,0.341,1.0,0.33,0.376,0.009,0.15,2,2,1,0,TRAIN,3,0.0,0.0,1.0,0.0,0.0,0.0,0.0,0.0,1.0,0.0,0.0,1.0,0.0,0.0,0.0
2733,0.995,0.264,0.744,1.0,0.662,0.0,0.267,0.74,0,0,0,0,TEST,7,1.0,0.0,0.0,0.0,0.0,0.0,1.0,0.0,0.0,0.0,1.0,0.0,0.0,0.0,0.0
2734,0.43,0.481,0.441,0.58,0.519,0.272,0.065,0.341,5,2,3,0,TRAIN,3,0.0,0.0,0.0,0.0,0.0,1.0,0.0,0.0,1.0,0.0,0.0,0.0,0.0,1.0,0.0
2735,0.245,0.536,0.258,0.716,0.375,0.506,0.005,0.087,3,2,0,1,TRAIN,3,0.0,0.0,0.0,1.0,0.0,0.0,0.0,0.0,1.0,0.0,1.0,0.0,0.0,0.0,0.0
2736,0.411,0.611,0.4,0.627,0.385,0.62,0.02,0.26,3,2,3,1,TEST,3,0.0,0.0,0.0,1.0,0.0,0.0,0.0,0.0,1.0,0.0,0.0,0.0,0.0,1.0,0.0
2737,0.584,0.435,0.509,0.901,0.438,0.443,0.047,0.331,3,0,0,0,TRAIN,3,0.0,0.0,0.0,1.0,0.0,0.0,1.0,0.0,0.0,0.0,1.0,0.0,0.0,0.0,0.0
2738,0.153,0.799,0.382,0.0,0.403,0.871,0.028,0.339,3,0,1,0,TEST,1,0.0,0.0,0.0,1.0,0.0,0.0,1.0,0.0,0.0,0.0,0.0,1.0,0.0,0.0,0.0
2739,0.666,0.802,0.671,0.0,0.596,0.934,0.13,0.741,0,3,0,1,TEST,6,1.0,0.0,0.0,0.0,0.0,0.0,0.0,0.0,0.0,1.0,1.0,0.0,0.0,0.0,0.0
2740,0.725,0.793,0.656,0.0,0.622,0.987,0.231,0.645,2,3,0,1,TEST,6,0.0,0.0,1.0,0.0,0.0,0.0,0.0,0.0,0.0,1.0,1.0,0.0,0.0,0.0,0.0
2741,0.801,0.303,0.637,0.895,0.709,0.174,0.316,0.64,4,0,0,1,TEST,7,0.0,0.0,0.0,0.0,1.0,0.0,1.0,0.0,0.0,0.0,1.0,0.0,0.0,0.0,0.0
2742,0.515,0.516,0.459,0.0,0.61,0.307,0.349,0.538,3,2,1,1,VAL,2,0.0,0.0,0.0,1.0,0.0,0.0,0.0,0.0,1.0,0.0,0.0,1.0,0.0,0.0,0.0
2743,0.2,0.41,0.277,0.797,0.385,0.409,0.021,0.089,2,2,3,0,TRAIN,3,0.0,0.0,1.0,0.0,0.0,0.0,0.0,0.0,1.0,0.0,0.0,0.0,0.0,1.0,0.0
2744,0.322,0.577,0.39,0.788,0.304,0.498,0.03,0.166,1,2,1,0,VAL,3,0.0,1.0,0.0,0.0,0.0,0.0,0.0,0.0,1.0,0.0,0.0,1.0,0.0,0.0,0.0
2745,0.531,0.818,0.624,0.0,0.619,0.81,0.187,0.627,3,3,1,1,TRAIN,6,0.0,0.0,0.0,1.0,0.0,0.0,0.0,0.0,0.0,1.0,0.0,1.0,0.0,0.0,0.0
2746,0.348,0.504,0.382,0.828,0.416,0.431,0.018,0.311,1,1,0,1,TRAIN,3,0.0,1.0,0.0,0.0,0.0,0.0,0.0,1.0,0.0,0.0,1.0,0.0,0.0,0.0,0.0
2747,0.45,0.612,0.397,0.868,0.274,0.678,0.008,0.191,2,2,3,0,TRAIN,3,0.0,0.0,1.0,0.0,0.0,0.0,0.0,0.0,1.0,0.0,0.0,0.0,0.0,1.0,0.0
2748,0.41,0.51,0.448,0.612,0.235,0.488,0.052,0.392,3,0,3,0,TRAIN,3,0.0,0.0,0.0,1.0,0.0,0.0,1.0,0.0,0.0,0.0,0.0,0.0,0.0,1.0,0.0
2749,0.38,0.452,0.398,0.772,0.278,0.439,0.034,0.216,3,2,3,1,VAL,3,0.0,0.0,0.0,1.0,0.0,0.0,0.0,0.0,1.0,0.0,0.0,0.0,0.0,1.0,0.0
2750,0.466,0.536,0.457,0.764,0.432,0.333,0.032,0.278,2,3,0,0,TRAIN,3,0.0,0.0,1.0,0.0,0.0,0.0,0.0,0.0,0.0,1.0,1.0,0.0,0.0,0.0,0.0
2751,0.304,0.355,0.375,0.28,0.635,0.111,0.281,0.369,0,3,0,1,TEST,7,1.0,0.0,0.0,0.0,0.0,0.0,0.0,0.0,0.0,1.0,1.0,0.0,0.0,0.0,0.0
2752,0.212,0.552,0.28,0.912,0.189,0.546,0.005,0.082,2,2,0,0,VAL,3,0.0,0.0,1.0,0.0,0.0,0.0,0.0,0.0,1.0,0.0,1.0,0.0,0.0,0.0,0.0
2753,0.36,0.516,0.444,0.644,0.283,0.452,0.033,0.339,5,2,0,0,TRAIN,3,0.0,0.0,0.0,0.0,0.0,1.0,0.0,0.0,1.0,0.0,1.0,0.0,0.0,0.0,0.0
2754,0.73,0.215,0.522,1.0,0.571,0.085,0.212,0.595,4,2,0,1,TRAIN,7,0.0,0.0,0.0,0.0,1.0,0.0,0.0,0.0,1.0,0.0,1.0,0.0,0.0,0.0,0.0
2755,0.34,0.447,0.357,0.749,0.349,0.322,0.015,0.266,3,0,3,0,TRAIN,3,0.0,0.0,0.0,1.0,0.0,0.0,1.0,0.0,0.0,0.0,0.0,0.0,0.0,1.0,0.0
2756,0.568,0.504,0.407,0.0,0.666,0.291,0.248,0.507,2,2,1,0,VAL,2,0.0,0.0,1.0,0.0,0.0,0.0,0.0,0.0,1.0,0.0,0.0,1.0,0.0,0.0,0.0
2757,0.44,0.611,0.495,0.0,0.616,0.47,0.249,0.519,4,1,4,1,TEST,2,0.0,0.0,0.0,0.0,1.0,0.0,0.0,1.0,0.0,0.0,0.0,0.0,0.0,0.0,1.0
2758,0.297,0.502,0.426,0.824,0.409,0.401,0.06,0.262,3,3,0,0,TEST,3,0.0,0.0,0.0,1.0,0.0,0.0,0.0,0.0,0.0,1.0,1.0,0.0,0.0,0.0,0.0
2759,0.284,0.496,0.282,0.804,0.283,0.533,0.009,0.216,2,2,0,1,TRAIN,3,0.0,0.0,1.0,0.0,0.0,0.0,0.0,0.0,1.0,0.0,1.0,0.0,0.0,0.0,0.0
2760,0.319,0.574,0.251,1.0,0.178,0.369,0.01,0.115,2,1,2,1,VAL,5,0.0,0.0,1.0,0.0,0.0,0.0,0.0,1.0,0.0,0.0,0.0,0.0,1.0,0.0,0.0
2761,0.515,0.543,0.477,0.868,0.452,0.661,0.027,0.373,3,0,3,0,TRAIN,3,0.0,0.0,0.0,1.0,0.0,0.0,1.0,0.0,0.0,0.0,0.0,0.0,0.0,1.0,0.0
2762,0.427,0.674,0.473,0.421,0.322,0.724,0.016,0.3,4,2,0,1,TEST,3,0.0,0.0,0.0,0.0,1.0,0.0,0.0,0.0,1.0,0.0,1.0,0.0,0.0,0.0,0.0
2763,0.523,0.415,0.522,0.104,0.608,0.285,0.405,0.535,1,1,4,0,TRAIN,2,0.0,1.0,0.0,0.0,0.0,0.0,0.0,1.0,0.0,0.0,0.0,0.0,0.0,0.0,1.0
2764,0.219,0.482,0.369,0.844,0.231,0.431,0.034,0.15,2,3,0,1,TEST,3,0.0,0.0,1.0,0.0,0.0,0.0,0.0,0.0,0.0,1.0,1.0,0.0,0.0,0.0,0.0
2765,0.474,0.823,0.505,0.0,0.44,0.92,0.147,0.417,1,2,0,1,TRAIN,6,0.0,1.0,0.0,0.0,0.0,0.0,0.0,0.0,1.0,0.0,1.0,0.0,0.0,0.0,0.0
2766,0.334,0.553,0.356,0.669,0.409,0.508,0.029,0.362,1,2,0,1,VAL,3,0.0,1.0,0.0,0.0,0.0,0.0,0.0,0.0,1.0,0.0,1.0,0.0,0.0,0.0,0.0
2767,0.482,0.568,0.463,0.87,0.412,0.529,0.026,0.378,3,2,0,1,TRAIN,3,0.0,0.0,0.0,1.0,0.0,0.0,0.0,0.0,1.0,0.0,1.0,0.0,0.0,0.0,0.0
2768,0.451,0.64,0.43,0.0,0.609,0.657,0.196,0.467,2,1,1,0,TRAIN,2,0.0,0.0,1.0,0.0,0.0,0.0,0.0,1.0,0.0,0.0,0.0,1.0,0.0,0.0,0.0
2769,0.307,0.612,0.318,1.0,0.242,0.656,0.002,0.137,0,1,2,0,TEST,5,1.0,0.0,0.0,0.0,0.0,0.0,0.0,1.0,0.0,0.0,0.0,0.0,1.0,0.0,0.0
2770,0.006,0.393,0.295,0.778,0.376,0.414,0.015,0.039,4,0,1,0,TRAIN,8,0.0,0.0,0.0,0.0,1.0,0.0,1.0,0.0,0.0,0.0,0.0,1.0,0.0,0.0,0.0
2771,0.76,0.243,0.567,0.741,0.678,0.165,0.347,0.59,3,3,0,0,TEST,7,0.0,0.0,0.0,1.0,0.0,0.0,0.0,0.0,0.0,1.0,1.0,0.0,0.0,0.0,0.0
2772,0.574,0.78,0.569,0.0,0.631,0.994,0.248,0.621,2,3,1,1,TEST,6,0.0,0.0,1.0,0.0,0.0,0.0,0.0,0.0,0.0,1.0,0.0,1.0,0.0,0.0,0.0
2773,0.38,0.692,0.445,0.0,0.692,0.691,0.295,0.552,2,1,4,0,TEST,2,0.0,0.0,1.0,0.0,0.0,0.0,0.0,1.0,0.0,0.0,0.0,0.0,0.0,0.0,1.0
2774,0.383,0.81,0.511,0.0,0.411,0.913,0.064,0.459,0,2,2,1,TRAIN,6,1.0,0.0,0.0,0.0,0.0,0.0,0.0,0.0,1.0,0.0,0.0,0.0,1.0,0.0,0.0
2775,0.544,0.406,0.366,0.667,0.384,0.332,0.068,0.341,1,2,0,1,TRAIN,3,0.0,1.0,0.0,0.0,0.0,0.0,0.0,0.0,1.0,0.0,1.0,0.0,0.0,0.0,0.0
2776,0.131,0.074,0.18,1.0,0.41,0.0,0.293,0.119,5,0,0,0,TRAIN,7,0.0,0.0,0.0,0.0,0.0,1.0,1.0,0.0,0.0,0.0,1.0,0.0,0.0,0.0,0.0
2777,0.442,0.484,0.352,0.648,0.426,0.453,0.051,0.378,2,2,2,0,TEST,3,0.0,0.0,1.0,0.0,0.0,0.0,0.0,0.0,1.0,0.0,0.0,0.0,1.0,0.0,0.0
2778,0.498,0.486,0.387,0.631,0.452,0.282,0.042,0.291,3,2,0,0,TRAIN,3,0.0,0.0,0.0,1.0,0.0,0.0,0.0,0.0,1.0,0.0,1.0,0.0,0.0,0.0,0.0
2779,0.571,0.801,0.617,0.0,0.691,0.937,0.163,0.654,1,0,2,0,TRAIN,6,0.0,1.0,0.0,0.0,0.0,0.0,1.0,0.0,0.0,0.0,0.0,0.0,1.0,0.0,0.0
2780,0.436,0.641,0.456,0.0,0.586,0.749,0.137,0.458,4,0,1,0,TEST,2,0.0,0.0,0.0,0.0,1.0,0.0,1.0,0.0,0.0,0.0,0.0,1.0,0.0,0.0,0.0
2781,0.598,0.47,0.537,0.658,0.536,0.488,0.053,0.501,2,2,0,1,TRAIN,3,0.0,0.0,1.0,0.0,0.0,0.0,0.0,0.0,1.0,0.0,1.0,0.0,0.0,0.0,0.0
2782,0.631,0.673,0.504,0.446,0.377,0.695,0.012,0.389,3,1,0,0,TEST,3,0.0,0.0,0.0,1.0,0.0,0.0,0.0,1.0,0.0,0.0,1.0,0.0,0.0,0.0,0.0
2783,0.346,0.529,0.402,0.898,0.418,0.452,0.031,0.29,1,1,4,0,TRAIN,5,0.0,1.0,0.0,0.0,0.0,0.0,0.0,1.0,0.0,0.0,0.0,0.0,0.0,0.0,1.0
2784,0.389,0.476,0.395,0.607,0.419,0.335,0.036,0.258,3,0,0,1,TRAIN,3,0.0,0.0,0.0,1.0,0.0,0.0,1.0,0.0,0.0,0.0,1.0,0.0,0.0,0.0,0.0
2785,0.294,0.496,0.347,0.76,0.3,0.434,0.018,0.254,3,2,0,0,TEST,3,0.0,0.0,0.0,1.0,0.0,0.0,0.0,0.0,1.0,0.0,1.0,0.0,0.0,0.0,0.0
2786,0.51,0.327,0.322,1.0,0.38,0.039,0.043,0.264,0,0,0,1,TRAIN,7,1.0,0.0,0.0,0.0,0.0,0.0,1.0,0.0,0.0,0.0,1.0,0.0,0.0,0.0,0.0
2787,0.444,0.617,0.439,0.727,0.321,0.695,0.022,0.252,3,2,0,1,TRAIN,3,0.0,0.0,0.0,1.0,0.0,0.0,0.0,0.0,1.0,0.0,1.0,0.0,0.0,0.0,0.0
2788,0.633,0.823,0.62,0.0,0.666,0.882,0.205,0.776,0,2,0,1,VAL,6,1.0,0.0,0.0,0.0,0.0,0.0,0.0,0.0,1.0,0.0,1.0,0.0,0.0,0.0,0.0
2789,0.511,0.896,0.56,0.0,0.424,1.0,0.041,0.452,5,2,0,1,TRAIN,6,0.0,0.0,0.0,0.0,0.0,1.0,0.0,0.0,1.0,0.0,1.0,0.0,0.0,0.0,0.0
2790,0.464,0.62,0.49,0.869,0.419,0.581,0.009,0.236,2,1,0,1,TRAIN,3,0.0,0.0,1.0,0.0,0.0,0.0,0.0,1.0,0.0,0.0,1.0,0.0,0.0,0.0,0.0
2791,0.583,0.738,0.57,0.0,0.763,0.756,0.343,0.617,2,2,1,1,TRAIN,6,0.0,0.0,1.0,0.0,0.0,0.0,0.0,0.0,1.0,0.0,0.0,1.0,0.0,0.0,0.0
2792,0.495,0.285,0.442,0.856,0.448,0.165,0.187,0.394,0,0,0,0,TEST,7,1.0,0.0,0.0,0.0,0.0,0.0,1.0,0.0,0.0,0.0,1.0,0.0,0.0,0.0,0.0
2793,0.602,0.883,0.634,0.0,0.577,0.878,0.101,0.641,2,2,0,1,TRAIN,6,0.0,0.0,1.0,0.0,0.0,0.0,0.0,0.0,1.0,0.0,1.0,0.0,0.0,0.0,0.0
2794,0.465,0.861,0.605,0.0,0.503,0.832,0.08,0.581,3,2,3,1,VAL,6,0.0,0.0,0.0,1.0,0.0,0.0,0.0,0.0,1.0,0.0,0.0,0.0,0.0,1.0,0.0
2795,0.393,0.664,0.337,0.968,0.256,0.688,0.003,0.221,5,2,0,1,TEST,3,0.0,0.0,0.0,0.0,0.0,1.0,0.0,0.0,1.0,0.0,1.0,0.0,0.0,0.0,0.0
2796,0.594,0.62,0.52,0.569,0.296,0.687,0.028,0.445,3,2,0,0,TRAIN,3,0.0,0.0,0.0,1.0,0.0,0.0,0.0,0.0,1.0,0.0,1.0,0.0,0.0,0.0,0.0
2797,0.555,0.651,0.473,0.038,0.567,0.695,0.126,0.419,4,1,1,0,TRAIN,2,0.0,0.0,0.0,0.0,1.0,0.0,0.0,1.0,0.0,0.0,0.0,1.0,0.0,0.0,0.0
2798,0.255,0.575,0.339,0.919,0.298,0.361,0.02,0.218,5,3,0,1,TRAIN,3,0.0,0.0,0.0,0.0,0.0,1.0,0.0,0.0,0.0,1.0,1.0,0.0,0.0,0.0,0.0
2799,0.517,0.609,0.509,0.597,0.411,0.482,0.033,0.283,3,1,3,0,TRAIN,3,0.0,0.0,0.0,1.0,0.0,0.0,0.0,1.0,0.0,0.0,0.0,0.0,0.0,1.0,0.0
2800,0.435,0.293,0.438,0.849,0.508,0.223,0.176,0.42,4,0,0,0,VAL,7,0.0,0.0,0.0,0.0,1.0,0.0,1.0,0.0,0.0,0.0,1.0,0.0,0.0,0.0,0.0
2801,0.378,0.553,0.386,0.901,0.323,0.303,0.009,0.186,5,0,3,0,TEST,3,0.0,0.0,0.0,0.0,0.0,1.0,1.0,0.0,0.0,0.0,0.0,0.0,0.0,1.0,0.0
2802,0.368,0.547,0.405,0.64,0.235,0.504,0.021,0.243,3,2,3,0,TEST,3,0.0,0.0,0.0,1.0,0.0,0.0,0.0,0.0,1.0,0.0,0.0,0.0,0.0,1.0,0.0
2803,0.54,0.887,0.697,0.0,0.57,0.926,0.029,0.551,2,3,1,1,TEST,6,0.0,0.0,1.0,0.0,0.0,0.0,0.0,0.0,0.0,1.0,0.0,1.0,0.0,0.0,0.0
2804,0.468,0.531,0.516,0.851,0.381,0.453,0.045,0.324,1,0,3,0,TRAIN,3,0.0,1.0,0.0,0.0,0.0,0.0,1.0,0.0,0.0,0.0,0.0,0.0,0.0,1.0,0.0
2805,0.273,0.433,0.224,0.82,0.401,0.392,0.051,0.187,3,2,0,0,TEST,3,0.0,0.0,0.0,1.0,0.0,0.0,0.0,0.0,1.0,0.0,1.0,0.0,0.0,0.0,0.0
2806,0.196,0.541,0.31,0.703,0.381,0.459,0.026,0.186,0,1,4,1,TRAIN,5,1.0,0.0,0.0,0.0,0.0,0.0,0.0,1.0,0.0,0.0,0.0,0.0,0.0,0.0,1.0
2807,0.442,0.532,0.459,0.568,0.397,0.583,0.043,0.326,3,2,3,0,TEST,3,0.0,0.0,0.0,1.0,0.0,0.0,0.0,0.0,1.0,0.0,0.0,0.0,0.0,1.0,0.0
2808,0.257,0.498,0.317,0.868,0.36,0.301,0.026,0.168,3,2,0,0,VAL,3,0.0,0.0,0.0,1.0,0.0,0.0,0.0,0.0,1.0,0.0,1.0,0.0,0.0,0.0,0.0
2809,0.552,0.794,0.617,0.0,0.638,0.737,0.284,0.675,0,0,0,1,TRAIN,6,1.0,0.0,0.0,0.0,0.0,0.0,1.0,0.0,0.0,0.0,1.0,0.0,0.0,0.0,0.0
2810,0.436,0.483,0.406,1.0,0.301,0.421,0.006,0.231,1,3,0,0,VAL,5,0.0,1.0,0.0,0.0,0.0,0.0,0.0,0.0,0.0,1.0,1.0,0.0,0.0,0.0,0.0
2811,0.247,0.466,0.269,0.945,0.347,0.25,0.024,0.076,1,2,0,1,TEST,3,0.0,1.0,0.0,0.0,0.0,0.0,0.0,0.0,1.0,0.0,1.0,0.0,0.0,0.0,0.0
2812,0.972,0.472,0.129,0.704,0.261,0.547,0.007,0.017,2,2,0,1,TRAIN,8,0.0,0.0,1.0,0.0,0.0,0.0,0.0,0.0,1.0,0.0,1.0,0.0,0.0,0.0,0.0
2813,0.036,0.472,0.695,1.0,0.459,0.34,0.023,0.664,0,0,1,0,TEST,4,1.0,0.0,0.0,0.0,0.0,0.0,1.0,0.0,0.0,0.0,0.0,1.0,0.0,0.0,0.0
2814,0.599,0.278,0.513,1.0,0.396,0.0,0.059,0.375,0,0,1,0,VAL,4,1.0,0.0,0.0,0.0,0.0,0.0,1.0,0.0,0.0,0.0,0.0,1.0,0.0,0.0,0.0
2815,0.264,0.614,0.312,0.74,0.318,0.465,0.015,0.144,2,1,0,1,TRAIN,3,0.0,0.0,1.0,0.0,0.0,0.0,0.0,1.0,0.0,0.0,1.0,0.0,0.0,0.0,0.0
2816,0.449,0.58,0.413,0.713,0.314,0.622,0.03,0.247,3,2,0,0,TEST,3,0.0,0.0,0.0,1.0,0.0,0.0,0.0,0.0,1.0,0.0,1.0,0.0,0.0,0.0,0.0
2817,0.425,0.506,0.452,0.723,0.304,0.392,0.034,0.256,2,2,0,0,TEST,3,0.0,0.0,1.0,0.0,0.0,0.0,0.0,0.0,1.0,0.0,1.0,0.0,0.0,0.0,0.0
2818,0.411,0.499,0.393,0.775,0.389,0.441,0.022,0.228,3,2,0,0,TEST,3,0.0,0.0,0.0,1.0,0.0,0.0,0.0,0.0,1.0,0.0,1.0,0.0,0.0,0.0,0.0
2819,0.736,0.073,0.486,1.0,0.468,0.0,0.275,0.529,0,0,0,1,TRAIN,7,1.0,0.0,0.0,0.0,0.0,0.0,1.0,0.0,0.0,0.0,1.0,0.0,0.0,0.0,0.0
2820,0.388,0.465,0.386,0.843,0.443,0.289,0.071,0.295,2,2,0,0,TEST,3,0.0,0.0,1.0,0.0,0.0,0.0,0.0,0.0,1.0,0.0,1.0,0.0,0.0,0.0,0.0
2821,0.611,0.182,0.528,0.958,0.581,0.0,0.311,0.457,4,0,1,0,VAL,7,0.0,0.0,0.0,0.0,1.0,0.0,1.0,0.0,0.0,0.0,0.0,1.0,0.0,0.0,0.0
2822,0.503,0.912,0.576,0.0,0.444,1.0,0.011,0.477,3,2,2,1,TRAIN,6,0.0,0.0,0.0,1.0,0.0,0.0,0.0,0.0,1.0,0.0,0.0,0.0,1.0,0.0,0.0
2823,0.272,0.579,0.288,0.847,0.185,0.388,0.011,0.128,3,0,1,0,TRAIN,3,0.0,0.0,0.0,1.0,0.0,0.0,1.0,0.0,0.0,0.0,0.0,1.0,0.0,0.0,0.0
2824,0.607,0.566,0.474,0.353,0.482,0.667,0.028,0.354,3,1,1,1,TEST,3,0.0,0.0,0.0,1.0,0.0,0.0,0.0,1.0,0.0,0.0,0.0,1.0,0.0,0.0,0.0
2825,0.298,0.486,0.372,0.865,0.335,0.393,0.015,0.188,2,2,0,0,VAL,3,0.0,0.0,1.0,0.0,0.0,0.0,0.0,0.0,1.0,0.0,1.0,0.0,0.0,0.0,0.0
2826,0.313,0.494,0.356,0.833,0.34,0.486,0.03,0.273,1,2,3,1,VAL,3,0.0,1.0,0.0,0.0,0.0,0.0,0.0,0.0,1.0,0.0,0.0,0.0,0.0,1.0,0.0
2827,0.65,0.107,0.525,1.0,0.596,0.0,0.257,0.5,4,0,0,1,TEST,7,0.0,0.0,0.0,0.0,1.0,0.0,1.0,0.0,0.0,0.0,1.0,0.0,0.0,0.0,0.0
2828,0.455,0.618,0.443,0.85,0.365,0.497,0.027,0.326,3,2,0,1,TEST,3,0.0,0.0,0.0,1.0,0.0,0.0,0.0,0.0,1.0,0.0,1.0,0.0,0.0,0.0,0.0
2829,0.418,0.497,0.468,0.797,0.423,0.315,0.05,0.357,2,2,3,0,VAL,3,0.0,0.0,1.0,0.0,0.0,0.0,0.0,0.0,1.0,0.0,0.0,0.0,0.0,1.0,0.0
2830,0.465,0.191,0.397,0.867,0.517,0.0,0.344,0.387,0,1,0,1,TRAIN,7,1.0,0.0,0.0,0.0,0.0,0.0,0.0,1.0,0.0,0.0,1.0,0.0,0.0,0.0,0.0
2831,0.187,0.447,0.204,0.439,0.456,0.314,0.102,0.177,2,1,4,0,TEST,5,0.0,0.0,1.0,0.0,0.0,0.0,0.0,1.0,0.0,0.0,0.0,0.0,0.0,0.0,1.0
2832,0.602,0.822,0.546,0.0,0.526,0.813,0.151,0.587,0,3,1,1,VAL,6,1.0,0.0,0.0,0.0,0.0,0.0,0.0,0.0,0.0,1.0,0.0,1.0,0.0,0.0,0.0
2833,0.426,0.486,0.382,0.566,0.443,0.375,0.085,0.439,2,0,0,0,TEST,3,0.0,0.0,1.0,0.0,0.0,0.0,1.0,0.0,0.0,0.0,1.0,0.0,0.0,0.0,0.0
2834,0.362,0.624,0.429,0.575,0.31,0.647,0.012,0.317,5,3,0,0,TRAIN,3,0.0,0.0,0.0,0.0,0.0,1.0,0.0,0.0,0.0,1.0,1.0,0.0,0.0,0.0,0.0
2835,0.276,0.602,0.273,0.787,0.174,0.361,0.004,0.098,2,2,0,1,VAL,3,0.0,0.0,1.0,0.0,0.0,0.0,0.0,0.0,1.0,0.0,1.0,0.0,0.0,0.0,0.0
2836,0.462,0.384,0.388,0.7,0.384,0.229,0.079,0.257,3,2,0,0,TRAIN,3,0.0,0.0,0.0,1.0,0.0,0.0,0.0,0.0,1.0,0.0,1.0,0.0,0.0,0.0,0.0
2837,0.412,0.503,0.361,0.468,0.387,0.259,0.043,0.176,1,1,2,0,TEST,5,0.0,1.0,0.0,0.0,0.0,0.0,0.0,1.0,0.0,0.0,0.0,0.0,1.0,0.0,0.0
2838,0.406,0.481,0.434,0.831,0.332,0.417,0.02,0.302,2,2,0,1,TRAIN,3,0.0,0.0,1.0,0.0,0.0,0.0,0.0,0.0,1.0,0.0,1.0,0.0,0.0,0.0,0.0
2839,0.681,0.561,0.594,0.504,0.389,0.568,0.073,0.459,2,1,0,0,VAL,3,0.0,0.0,1.0,0.0,0.0,0.0,0.0,1.0,0.0,0.0,1.0,0.0,0.0,0.0,0.0
2840,0.401,0.441,0.321,0.915,0.43,0.27,0.081,0.247,3,1,3,0,TRAIN,3,0.0,0.0,0.0,1.0,0.0,0.0,0.0,1.0,0.0,0.0,0.0,0.0,0.0,1.0,0.0
2841,0.443,0.506,0.495,0.701,0.491,0.469,0.02,0.334,3,2,3,1,TRAIN,3,0.0,0.0,0.0,1.0,0.0,0.0,0.0,0.0,1.0,0.0,0.0,0.0,0.0,1.0,0.0
2842,0.467,0.607,0.516,0.505,0.424,0.598,0.043,0.457,5,0,1,0,TRAIN,1,0.0,0.0,0.0,0.0,0.0,1.0,1.0,0.0,0.0,0.0,0.0,1.0,0.0,0.0,0.0
2843,0.537,0.388,0.533,0.554,0.442,0.302,0.094,0.435,5,3,3,0,TRAIN,3,0.0,0.0,0.0,0.0,0.0,1.0,0.0,0.0,0.0,1.0,0.0,0.0,0.0,1.0,0.0
2844,0.33,0.487,0.384,0.596,0.332,0.331,0.039,0.248,5,2,0,0,TEST,3,0.0,0.0,0.0,0.0,0.0,1.0,0.0,0.0,1.0,0.0,1.0,0.0,0.0,0.0,0.0
2845,0.459,0.573,0.49,0.701,0.446,0.517,0.094,0.314,3,3,0,0,TRAIN,3,0.0,0.0,0.0,1.0,0.0,0.0,0.0,0.0,0.0,1.0,1.0,0.0,0.0,0.0,0.0
2846,0.672,0.253,0.521,1.0,0.397,0.062,0.051,0.371,2,3,1,1,TRAIN,4,0.0,0.0,1.0,0.0,0.0,0.0,0.0,0.0,0.0,1.0,0.0,1.0,0.0,0.0,0.0
2847,0.348,0.461,0.348,0.876,0.322,0.457,0.011,0.212,1,1,0,1,TRAIN,8,0.0,1.0,0.0,0.0,0.0,0.0,0.0,1.0,0.0,0.0,1.0,0.0,0.0,0.0,0.0
2848,0.658,0.0,0.365,1.0,0.494,0.0,0.158,0.29,0,0,0,0,TRAIN,7,1.0,0.0,0.0,0.0,0.0,0.0,1.0,0.0,0.0,0.0,1.0,0.0,0.0,0.0,0.0
2849,0.397,0.61,0.437,0.695,0.386,0.622,0.014,0.276,3,2,0,0,TEST,3,0.0,0.0,0.0,1.0,0.0,0.0,0.0,0.0,1.0,0.0,1.0,0.0,0.0,0.0,0.0
2850,0.606,0.847,0.562,0.0,0.516,0.948,0.17,0.667,4,2,3,1,TEST,6,0.0,0.0,0.0,0.0,1.0,0.0,0.0,0.0,1.0,0.0,0.0,0.0,0.0,1.0,0.0
2851,0.37,0.504,0.364,0.9,0.298,0.374,0.024,0.191,2,3,3,1,TRAIN,3,0.0,0.0,1.0,0.0,0.0,0.0,0.0,0.0,0.0,1.0,0.0,0.0,0.0,1.0,0.0
2852,0.818,0.399,0.639,0.379,0.638,0.44,0.341,0.706,5,0,0,1,VAL,7,0.0,0.0,0.0,0.0,0.0,1.0,1.0,0.0,0.0,0.0,1.0,0.0,0.0,0.0,0.0
2853,0.323,0.56,0.288,0.913,0.305,0.456,0.005,0.13,2,2,3,0,TRAIN,3,0.0,0.0,1.0,0.0,0.0,0.0,0.0,0.0,1.0,0.0,0.0,0.0,0.0,1.0,0.0
2854,0.273,0.553,0.301,0.842,0.305,0.485,0.019,0.141,2,1,0,0,TEST,3,0.0,0.0,1.0,0.0,0.0,0.0,0.0,1.0,0.0,0.0,1.0,0.0,0.0,0.0,0.0
2855,0.534,0.862,0.517,0.0,0.423,0.838,0.072,0.539,0,2,1,1,TEST,6,1.0,0.0,0.0,0.0,0.0,0.0,0.0,0.0,1.0,0.0,0.0,1.0,0.0,0.0,0.0
2856,0.689,0.313,0.558,0.377,0.842,0.061,0.572,0.617,4,3,3,0,TRAIN,7,0.0,0.0,0.0,0.0,1.0,0.0,0.0,0.0,0.0,1.0,0.0,0.0,0.0,1.0,0.0
2857,0.63,0.593,0.572,0.17,0.597,0.639,0.131,0.535,0,0,4,1,TRAIN,1,1.0,0.0,0.0,0.0,0.0,0.0,1.0,0.0,0.0,0.0,0.0,0.0,0.0,0.0,1.0
2858,0.685,0.461,0.549,0.436,0.707,0.297,0.324,0.617,0,0,3,0,TRAIN,7,1.0,0.0,0.0,0.0,0.0,0.0,1.0,0.0,0.0,0.0,0.0,0.0,0.0,1.0,0.0
2859,0.493,0.512,0.43,0.162,0.577,0.46,0.147,0.455,2,1,4,1,TEST,2,0.0,0.0,1.0,0.0,0.0,0.0,0.0,1.0,0.0,0.0,0.0,0.0,0.0,0.0,1.0
2860,0.495,0.807,0.613,0.0,0.546,0.847,0.065,0.483,1,2,1,1,VAL,6,0.0,1.0,0.0,0.0,0.0,0.0,0.0,0.0,1.0,0.0,0.0,1.0,0.0,0.0,0.0
2861,0.279,0.582,0.355,0.877,0.324,0.602,0.013,0.192,2,2,3,0,TRAIN,3,0.0,0.0,1.0,0.0,0.0,0.0,0.0,0.0,1.0,0.0,0.0,0.0,0.0,1.0,0.0
2862,0.348,0.537,0.407,0.662,0.336,0.63,0.013,0.243,3,2,0,1,TEST,3,0.0,0.0,0.0,1.0,0.0,0.0,0.0,0.0,1.0,0.0,1.0,0.0,0.0,0.0,0.0
2863,0.461,0.556,0.535,0.763,0.344,0.653,0.009,0.359,3,3,0,0,TRAIN,3,0.0,0.0,0.0,1.0,0.0,0.0,0.0,0.0,0.0,1.0,1.0,0.0,0.0,0.0,0.0
2864,0.563,0.853,0.527,0.0,0.512,0.772,0.051,0.415,0,2,1,1,TEST,6,1.0,0.0,0.0,0.0,0.0,0.0,0.0,0.0,1.0,0.0,0.0,1.0,0.0,0.0,0.0
2865,0.471,0.606,0.586,0.41,0.48,0.68,0.064,0.432,3,3,3,0,TEST,3,0.0,0.0,0.0,1.0,0.0,0.0,0.0,0.0,0.0,1.0,0.0,0.0,0.0,1.0,0.0
2866,0.404,0.597,0.457,0.551,0.439,0.508,0.05,0.338,3,2,0,1,TRAIN,3,0.0,0.0,0.0,1.0,0.0,0.0,0.0,0.0,1.0,0.0,1.0,0.0,0.0,0.0,0.0
2867,0.288,0.526,0.298,0.701,0.412,0.447,0.028,0.248,2,2,1,0,TEST,3,0.0,0.0,1.0,0.0,0.0,0.0,0.0,0.0,1.0,0.0,0.0,1.0,0.0,0.0,0.0
2868,0.4,0.851,0.495,0.0,0.563,0.959,0.044,0.416,0,2,2,1,TRAIN,6,1.0,0.0,0.0,0.0,0.0,0.0,0.0,0.0,1.0,0.0,0.0,0.0,1.0,0.0,0.0
2869,0.638,0.792,0.6,0.0,0.601,0.923,0.187,0.714,0,2,1,1,TEST,6,1.0,0.0,0.0,0.0,0.0,0.0,0.0,0.0,1.0,0.0,0.0,1.0,0.0,0.0,0.0
2870,0.089,0.492,0.227,0.734,0.31,0.382,0.019,0.107,3,3,3,1,TEST,3,0.0,0.0,0.0,1.0,0.0,0.0,0.0,0.0,0.0,1.0,0.0,0.0,0.0,1.0,0.0
2871,0.363,0.635,0.356,0.494,0.397,0.635,0.014,0.316,2,2,2,1,TEST,3,0.0,0.0,1.0,0.0,0.0,0.0,0.0,0.0,1.0,0.0,0.0,0.0,1.0,0.0,0.0
2872,0.728,0.287,0.501,1.0,0.383,0.271,0.089,0.448,0,0,1,0,TRAIN,4,1.0,0.0,0.0,0.0,0.0,0.0,1.0,0.0,0.0,0.0,0.0,1.0,0.0,0.0,0.0
2873,0.496,0.437,0.43,0.0,0.734,0.216,0.393,0.546,0,3,4,1,VAL,2,1.0,0.0,0.0,0.0,0.0,0.0,0.0,0.0,0.0,1.0,0.0,0.0,0.0,0.0,1.0
2874,0.295,0.492,0.287,0.868,0.227,0.48,0.021,0.151,5,2,2,0,VAL,3,0.0,0.0,0.0,0.0,0.0,1.0,0.0,0.0,1.0,0.0,0.0,0.0,1.0,0.0,0.0
2875,0.545,0.269,0.464,1.0,0.45,0.0,0.05,0.372,0,0,1,1,TRAIN,4,1.0,0.0,0.0,0.0,0.0,0.0,1.0,0.0,0.0,0.0,0.0,1.0,0.0,0.0,0.0
2876,0.449,0.624,0.389,0.797,0.357,0.578,0.019,0.267,3,2,0,1,VAL,3,0.0,0.0,0.0,1.0,0.0,0.0,0.0,0.0,1.0,0.0,1.0,0.0,0.0,0.0,0.0
2877,0.154,0.482,0.26,0.869,0.246,0.347,0.018,0.09,3,3,0,1,TEST,3,0.0,0.0,0.0,1.0,0.0,0.0,0.0,0.0,0.0,1.0,1.0,0.0,0.0,0.0,0.0
2878,0.469,0.769,0.531,0.0,0.507,0.873,0.082,0.45,3,1,4,0,TRAIN,1,0.0,0.0,0.0,1.0,0.0,0.0,0.0,1.0,0.0,0.0,0.0,0.0,0.0,0.0,1.0
2879,0.387,0.581,0.421,0.788,0.41,0.524,0.021,0.287,3,2,0,0,TRAIN,3,0.0,0.0,0.0,1.0,0.0,0.0,0.0,0.0,1.0,0.0,1.0,0.0,0.0,0.0,0.0
2880,0.24,0.492,0.324,0.964,0.311,0.351,0.021,0.206,1,2,0,1,TRAIN,3,0.0,1.0,0.0,0.0,0.0,0.0,0.0,0.0,1.0,0.0,1.0,0.0,0.0,0.0,0.0
2881,0.257,0.496,0.3,0.782,0.467,0.391,0.034,0.137,3,2,4,1,VAL,3,0.0,0.0,0.0,1.0,0.0,0.0,0.0,0.0,1.0,0.0,0.0,0.0,0.0,0.0,1.0
2882,0.561,0.411,0.583,0.0,0.816,0.138,0.531,0.608,5,2,1,0,TRAIN,2,0.0,0.0,0.0,0.0,0.0,1.0,0.0,0.0,1.0,0.0,0.0,1.0,0.0,0.0,0.0
2883,0.683,0.811,0.514,0.0,0.5,1.0,0.051,0.508,3,2,0,1,TEST,6,0.0,0.0,0.0,1.0,0.0,0.0,0.0,0.0,1.0,0.0,1.0,0.0,0.0,0.0,0.0
2884,0.434,0.942,0.494,0.0,0.396,1.0,0.018,0.436,5,2,1,1,VAL,6,0.0,0.0,0.0,0.0,0.0,1.0,0.0,0.0,1.0,0.0,0.0,1.0,0.0,0.0,0.0
2885,0.557,0.477,0.521,0.0,0.718,0.25,0.381,0.619,5,1,1,0,TRAIN,2,0.0,0.0,0.0,0.0,0.0,1.0,0.0,1.0,0.0,0.0,0.0,1.0,0.0,0.0,0.0
2886,0.439,0.503,0.479,0.697,0.386,0.423,0.032,0.336,1,3,3,0,TRAIN,3,0.0,1.0,0.0,0.0,0.0,0.0,0.0,0.0,0.0,1.0,0.0,0.0,0.0,1.0,0.0
2887,0.5,0.523,0.424,0.742,0.347,0.528,0.019,0.354,1,3,0,0,TEST,3,0.0,1.0,0.0,0.0,0.0,0.0,0.0,0.0,0.0,1.0,1.0,0.0,0.0,0.0,0.0
2888,0.2,0.587,0.314,0.542,0.25,0.827,0.008,0.136,3,3,0,0,TRAIN,3,0.0,0.0,0.0,1.0,0.0,0.0,0.0,0.0,0.0,1.0,1.0,0.0,0.0,0.0,0.0
2889,0.94,0.39,0.645,1.0,0.548,0.286,0.087,0.67,5,3,1,1,TRAIN,4,0.0,0.0,0.0,0.0,0.0,1.0,0.0,0.0,0.0,1.0,0.0,1.0,0.0,0.0,0.0
2890,0.292,0.455,0.252,0.729,0.355,0.403,0.054,0.198,0,1,4,1,TRAIN,5,1.0,0.0,0.0,0.0,0.0,0.0,0.0,1.0,0.0,0.0,0.0,0.0,0.0,0.0,1.0
2891,0.658,0.788,0.602,0.0,0.56,0.945,0.143,0.637,3,2,1,1,TEST,6,0.0,0.0,0.0,1.0,0.0,0.0,0.0,0.0,1.0,0.0,0.0,1.0,0.0,0.0,0.0
2892,0.389,0.554,0.454,0.648,0.495,0.505,0.049,0.339,3,0,0,0,TRAIN,3,0.0,0.0,0.0,1.0,0.0,0.0,1.0,0.0,0.0,0.0,1.0,0.0,0.0,0.0,0.0
2893,0.251,0.426,0.287,0.846,0.35,0.293,0.024,0.204,0,1,2,1,TRAIN,5,1.0,0.0,0.0,0.0,0.0,0.0,0.0,1.0,0.0,0.0,0.0,0.0,1.0,0.0,0.0
2894,0.414,0.501,0.51,0.713,0.432,0.52,0.044,0.413,3,2,3,1,TRAIN,3,0.0,0.0,0.0,1.0,0.0,0.0,0.0,0.0,1.0,0.0,0.0,0.0,0.0,1.0,0.0
2895,0.773,0.775,0.681,0.0,0.654,0.777,0.317,0.751,1,3,1,1,TRAIN,6,0.0,1.0,0.0,0.0,0.0,0.0,0.0,0.0,0.0,1.0,0.0,1.0,0.0,0.0,0.0
2896,0.385,0.425,0.248,0.87,0.262,0.475,0.018,0.11,2,2,3,1,VAL,3,0.0,0.0,1.0,0.0,0.0,0.0,0.0,0.0,1.0,0.0,0.0,0.0,0.0,1.0,0.0
2897,0.001,0.446,0.68,1.0,0.599,0.115,0.126,0.691,4,3,1,0,TEST,4,0.0,0.0,0.0,0.0,1.0,0.0,0.0,0.0,0.0,1.0,0.0,1.0,0.0,0.0,0.0
2898,0.697,0.579,0.576,0.472,0.455,0.537,0.049,0.442,1,2,0,1,TRAIN,3,0.0,1.0,0.0,0.0,0.0,0.0,0.0,0.0,1.0,0.0,1.0,0.0,0.0,0.0,0.0
2899,0.992,0.198,0.669,1.0,0.55,0.0,0.174,0.641,0,0,0,1,VAL,7,1.0,0.0,0.0,0.0,0.0,0.0,1.0,0.0,0.0,0.0,1.0,0.0,0.0,0.0,0.0
2900,0.651,0.224,0.459,1.0,0.481,0.008,0.06,0.358,2,0,0,1,TRAIN,7,0.0,0.0,1.0,0.0,0.0,0.0,1.0,0.0,0.0,0.0,1.0,0.0,0.0,0.0,0.0
2901,0.252,0.532,0.272,0.939,0.243,0.578,0.017,0.115,2,1,2,0,TRAIN,5,0.0,0.0,1.0,0.0,0.0,0.0,0.0,1.0,0.0,0.0,0.0,0.0,1.0,0.0,0.0
2902,0.392,0.618,0.391,1.0,0.169,0.64,0.001,0.164,0,1,3,0,TRAIN,5,1.0,0.0,0.0,0.0,0.0,0.0,0.0,1.0,0.0,0.0,0.0,0.0,0.0,1.0,0.0
2903,0.262,0.491,0.352,0.764,0.356,0.477,0.029,0.164,3,2,0,0,TEST,3,0.0,0.0,0.0,1.0,0.0,0.0,0.0,0.0,1.0,0.0,1.0,0.0,0.0,0.0,0.0
2904,0.536,0.594,0.411,0.731,0.319,0.587,0.008,0.322,3,2,0,1,TRAIN,3,0.0,0.0,0.0,1.0,0.0,0.0,0.0,0.0,1.0,0.0,1.0,0.0,0.0,0.0,0.0
2905,0.284,0.581,0.3,0.69,0.284,0.417,0.024,0.212,3,2,3,0,TRAIN,3,0.0,0.0,0.0,1.0,0.0,0.0,0.0,0.0,1.0,0.0,0.0,0.0,0.0,1.0,0.0
2906,0.701,0.536,0.523,0.481,0.586,0.399,0.118,0.496,3,3,0,0,TEST,3,0.0,0.0,0.0,1.0,0.0,0.0,0.0,0.0,0.0,1.0,1.0,0.0,0.0,0.0,0.0
2907,0.789,0.463,0.588,0.074,0.625,0.41,0.321,0.628,0,0,2,0,TRAIN,7,1.0,0.0,0.0,0.0,0.0,0.0,1.0,0.0,0.0,0.0,0.0,0.0,1.0,0.0,0.0
2908,0.379,0.532,0.398,0.96,0.351,0.657,0.019,0.257,3,0,0,0,TEST,3,0.0,0.0,0.0,1.0,0.0,0.0,1.0,0.0,0.0,0.0,1.0,0.0,0.0,0.0,0.0
2909,0.531,0.476,0.483,0.768,0.365,0.379,0.024,0.321,1,3,3,1,TEST,3,0.0,1.0,0.0,0.0,0.0,0.0,0.0,0.0,0.0,1.0,0.0,0.0,0.0,1.0,0.0
2910,0.023,0.377,0.782,0.887,0.672,0.175,0.214,0.696,4,0,1,1,TRAIN,7,0.0,0.0,0.0,0.0,1.0,0.0,1.0,0.0,0.0,0.0,0.0,1.0,0.0,0.0,0.0
2911,0.342,0.655,0.363,0.955,0.233,0.527,0.003,0.264,3,3,3,0,TRAIN,3,0.0,0.0,0.0,1.0,0.0,0.0,0.0,0.0,0.0,1.0,0.0,0.0,0.0,1.0,0.0
2912,0.65,0.846,0.709,0.0,0.598,1.0,0.073,0.655,3,3,0,1,TEST,6,0.0,0.0,0.0,1.0,0.0,0.0,0.0,0.0,0.0,1.0,1.0,0.0,0.0,0.0,0.0
2913,0.646,0.867,0.564,0.0,0.497,0.925,0.06,0.563,3,0,0,1,VAL,6,0.0,0.0,0.0,1.0,0.0,0.0,1.0,0.0,0.0,0.0,1.0,0.0,0.0,0.0,0.0
2914,0.364,0.574,0.299,0.825,0.235,0.6,0.012,0.133,3,0,0,0,TRAIN,3,0.0,0.0,0.0,1.0,0.0,0.0,1.0,0.0,0.0,0.0,1.0,0.0,0.0,0.0,0.0
2915,0.29,0.529,0.248,0.879,0.194,0.621,0.01,0.117,1,1,3,0,TRAIN,3,0.0,1.0,0.0,0.0,0.0,0.0,0.0,1.0,0.0,0.0,0.0,0.0,0.0,1.0,0.0
2916,0.453,0.47,0.486,0.0,0.689,0.302,0.452,0.573,1,1,1,0,TRAIN,2,0.0,1.0,0.0,0.0,0.0,0.0,0.0,1.0,0.0,0.0,0.0,1.0,0.0,0.0,0.0
2917,0.612,0.864,0.638,0.0,0.514,1.0,0.076,0.575,0,3,1,1,VAL,6,1.0,0.0,0.0,0.0,0.0,0.0,0.0,0.0,0.0,1.0,0.0,1.0,0.0,0.0,0.0
2918,0.716,0.222,0.525,1.0,0.609,0.04,0.237,0.487,4,0,0,0,VAL,7,0.0,0.0,0.0,0.0,1.0,0.0,1.0,0.0,0.0,0.0,1.0,0.0,0.0,0.0,0.0
2919,0.296,0.541,0.26,0.684,0.431,0.511,0.016,0.235,2,3,0,1,TEST,3,0.0,0.0,1.0,0.0,0.0,0.0,0.0,0.0,0.0,1.0,1.0,0.0,0.0,0.0,0.0
2920,0.605,0.668,0.542,0.0,0.572,0.747,0.272,0.606,1,0,0,1,TRAIN,6,0.0,1.0,0.0,0.0,0.0,0.0,1.0,0.0,0.0,0.0,1.0,0.0,0.0,0.0,0.0
2921,0.505,0.477,0.409,0.844,0.449,0.475,0.018,0.359,3,2,3,0,VAL,3,0.0,0.0,0.0,1.0,0.0,0.0,0.0,0.0,1.0,0.0,0.0,0.0,0.0,1.0,0.0
2922,0.238,0.335,0.296,0.555,0.502,0.115,0.271,0.323,0,1,4,0,TEST,5,1.0,0.0,0.0,0.0,0.0,0.0,0.0,1.0,0.0,0.0,0.0,0.0,0.0,0.0,1.0
2923,0.432,0.532,0.396,0.584,0.264,0.613,0.022,0.236,3,2,0,1,TRAIN,3,0.0,0.0,0.0,1.0,0.0,0.0,0.0,0.0,1.0,0.0,1.0,0.0,0.0,0.0,0.0
2924,0.472,0.772,0.555,0.0,0.637,1.0,0.091,0.543,4,2,1,1,VAL,6,0.0,0.0,0.0,0.0,1.0,0.0,0.0,0.0,1.0,0.0,0.0,1.0,0.0,0.0,0.0
2925,0.536,0.493,0.423,1.0,0.303,0.468,0.006,0.185,2,1,1,1,TEST,8,0.0,0.0,1.0,0.0,0.0,0.0,0.0,1.0,0.0,0.0,0.0,1.0,0.0,0.0,0.0
2926,0.352,0.48,0.384,0.671,0.396,0.56,0.074,0.259,2,2,0,0,TRAIN,3,0.0,0.0,1.0,0.0,0.0,0.0,0.0,0.0,1.0,0.0,1.0,0.0,0.0,0.0,0.0
2927,0.587,0.842,0.559,0.0,0.649,0.896,0.047,0.583,3,3,3,1,TRAIN,6,0.0,0.0,0.0,1.0,0.0,0.0,0.0,0.0,0.0,1.0,0.0,0.0,0.0,1.0,0.0
2928,0.359,0.573,0.477,0.606,0.379,0.618,0.031,0.381,3,2,0,1,TRAIN,3,0.0,0.0,0.0,1.0,0.0,0.0,0.0,0.0,1.0,0.0,1.0,0.0,0.0,0.0,0.0
2929,0.365,0.592,0.401,0.814,0.246,0.614,0.006,0.196,3,3,0,0,TRAIN,3,0.0,0.0,0.0,1.0,0.0,0.0,0.0,0.0,0.0,1.0,1.0,0.0,0.0,0.0,0.0
2930,0.699,0.416,0.727,0.539,0.676,0.424,0.291,0.685,0,0,3,1,VAL,7,1.0,0.0,0.0,0.0,0.0,0.0,1.0,0.0,0.0,0.0,0.0,0.0,0.0,1.0,0.0
2931,0.411,0.58,0.436,0.765,0.309,0.539,0.007,0.198,5,2,0,1,TEST,3,0.0,0.0,0.0,0.0,0.0,1.0,0.0,0.0,1.0,0.0,1.0,0.0,0.0,0.0,0.0
2932,0.267,0.563,0.383,0.715,0.342,0.577,0.034,0.246,3,2,3,0,TEST,3,0.0,0.0,0.0,1.0,0.0,0.0,0.0,0.0,1.0,0.0,0.0,0.0,0.0,1.0,0.0
2933,0.415,0.658,0.459,0.803,0.342,0.678,0.019,0.205,0,0,0,1,TRAIN,3,1.0,0.0,0.0,0.0,0.0,0.0,1.0,0.0,0.0,0.0,1.0,0.0,0.0,0.0,0.0
2934,0.426,0.567,0.372,0.841,0.325,0.399,0.021,0.213,2,0,3,0,TEST,3,0.0,0.0,1.0,0.0,0.0,0.0,1.0,0.0,0.0,0.0,0.0,0.0,0.0,1.0,0.0
2935,0.572,0.797,0.536,0.0,0.759,0.883,0.253,0.581,2,2,0,1,TEST,6,0.0,0.0,1.0,0.0,0.0,0.0,0.0,0.0,1.0,0.0,1.0,0.0,0.0,0.0,0.0
2936,0.519,0.513,0.39,0.911,0.199,0.388,0.029,0.295,1,2,0,1,TRAIN,3,0.0,1.0,0.0,0.0,0.0,0.0,0.0,0.0,1.0,0.0,1.0,0.0,0.0,0.0,0.0
2937,0.159,0.47,0.256,0.935,0.26,0.433,0.016,0.058,3,3,0,1,TRAIN,3,0.0,0.0,0.0,1.0,0.0,0.0,0.0,0.0,0.0,1.0,1.0,0.0,0.0,0.0,0.0
2938,0.632,0.862,0.692,0.0,0.638,0.997,0.16,0.658,5,2,3,1,TEST,6,0.0,0.0,0.0,0.0,0.0,1.0,0.0,0.0,1.0,0.0,0.0,0.0,0.0,1.0,0.0
2939,0.36,0.491,0.344,0.755,0.43,0.362,0.048,0.2,2,2,0,1,TRAIN,3,0.0,0.0,1.0,0.0,0.0,0.0,0.0,0.0,1.0,0.0,1.0,0.0,0.0,0.0,0.0
2940,0.152,0.53,0.186,0.673,0.332,0.473,0.007,0.096,2,1,1,1,VAL,8,0.0,0.0,1.0,0.0,0.0,0.0,0.0,1.0,0.0,0.0,0.0,1.0,0.0,0.0,0.0
2941,0.556,0.588,0.55,0.0,0.573,0.593,0.191,0.563,4,1,4,1,VAL,2,0.0,0.0,0.0,0.0,1.0,0.0,0.0,1.0,0.0,0.0,0.0,0.0,0.0,0.0,1.0
2942,0.311,0.569,0.351,0.964,0.117,0.601,0.003,0.143,3,2,2,0,TRAIN,3,0.0,0.0,0.0,1.0,0.0,0.0,0.0,0.0,1.0,0.0,0.0,0.0,1.0,0.0,0.0
2943,0.392,0.527,0.399,0.914,0.24,0.437,0.027,0.278,2,2,3,0,TRAIN,3,0.0,0.0,1.0,0.0,0.0,0.0,0.0,0.0,1.0,0.0,0.0,0.0,0.0,1.0,0.0
2944,0.668,0.776,0.566,0.0,0.528,0.943,0.137,0.575,0,2,0,1,TRAIN,6,1.0,0.0,0.0,0.0,0.0,0.0,0.0,0.0,1.0,0.0,1.0,0.0,0.0,0.0,0.0
2945,0.266,0.566,0.3,0.824,0.359,0.558,0.011,0.194,3,2,0,0,TRAIN,3,0.0,0.0,0.0,1.0,0.0,0.0,0.0,0.0,1.0,0.0,1.0,0.0,0.0,0.0,0.0
2946,0.84,0.461,0.702,0.878,0.663,0.222,0.218,0.654,0,3,0,0,TRAIN,7,1.0,0.0,0.0,0.0,0.0,0.0,0.0,0.0,0.0,1.0,1.0,0.0,0.0,0.0,0.0
2947,0.48,0.532,0.539,0.506,0.489,0.543,0.064,0.434,4,2,3,0,TRAIN,3,0.0,0.0,0.0,0.0,1.0,0.0,0.0,0.0,1.0,0.0,0.0,0.0,0.0,1.0,0.0
2948,0.663,0.196,0.51,1.0,0.472,0.0,0.174,0.445,5,3,3,0,TRAIN,7,0.0,0.0,0.0,0.0,0.0,1.0,0.0,0.0,0.0,1.0,0.0,0.0,0.0,1.0,0.0
2949,0.568,0.547,0.455,0.0,0.526,0.623,0.291,0.466,2,1,4,1,TRAIN,2,0.0,0.0,1.0,0.0,0.0,0.0,0.0,1.0,0.0,0.0,0.0,0.0,0.0,0.0,1.0
2950,0.492,0.559,0.421,0.817,0.301,0.486,0.011,0.216,1,3,0,1,TRAIN,3,0.0,1.0,0.0,0.0,0.0,0.0,0.0,0.0,0.0,1.0,1.0,0.0,0.0,0.0,0.0
2951,0.746,0.211,0.523,1.0,0.53,0.05,0.148,0.546,0,3,1,1,TRAIN,7,1.0,0.0,0.0,0.0,0.0,0.0,0.0,0.0,0.0,1.0,0.0,1.0,0.0,0.0,0.0
2952,0.474,0.451,0.348,0.902,0.417,0.363,0.07,0.305,2,2,0,1,VAL,3,0.0,0.0,1.0,0.0,0.0,0.0,0.0,0.0,1.0,0.0,1.0,0.0,0.0,0.0,0.0
2953,0.355,0.523,0.474,0.676,0.246,0.499,0.051,0.314,3,2,3,0,TEST,3,0.0,0.0,0.0,1.0,0.0,0.0,0.0,0.0,1.0,0.0,0.0,0.0,0.0,1.0,0.0
2954,0.1,0.479,0.198,1.0,0.301,0.601,0.006,0.065,3,3,3,1,TEST,3,0.0,0.0,0.0,1.0,0.0,0.0,0.0,0.0,0.0,1.0,0.0,0.0,0.0,1.0,0.0
2955,0.771,0.208,0.54,1.0,0.537,0.0,0.248,0.574,4,0,0,0,TRAIN,7,0.0,0.0,0.0,0.0,1.0,0.0,1.0,0.0,0.0,0.0,1.0,0.0,0.0,0.0,0.0
2956,0.619,0.281,0.523,0.838,0.547,0.095,0.189,0.516,0,0,0,0,TRAIN,7,1.0,0.0,0.0,0.0,0.0,0.0,1.0,0.0,0.0,0.0,1.0,0.0,0.0,0.0,0.0
2957,0.292,0.439,0.35,0.743,0.369,0.365,0.043,0.179,0,2,2,0,TRAIN,5,1.0,0.0,0.0,0.0,0.0,0.0,0.0,0.0,1.0,0.0,0.0,0.0,1.0,0.0,0.0
2958,0.847,0.302,0.67,1.0,0.661,0.174,0.289,0.68,4,2,0,1,TRAIN,7,0.0,0.0,0.0,0.0,1.0,0.0,0.0,0.0,1.0,0.0,1.0,0.0,0.0,0.0,0.0
2959,0.381,0.61,0.476,0.625,0.306,0.617,0.046,0.4,3,2,0,1,TEST,3,0.0,0.0,0.0,1.0,0.0,0.0,0.0,0.0,1.0,0.0,1.0,0.0,0.0,0.0,0.0
2960,0.578,0.883,0.618,0.0,0.508,0.958,0.043,0.526,2,2,0,0,TRAIN,6,0.0,0.0,1.0,0.0,0.0,0.0,0.0,0.0,1.0,0.0,1.0,0.0,0.0,0.0,0.0
2961,0.567,0.517,0.593,0.584,0.452,0.313,0.037,0.49,5,2,0,0,TRAIN,3,0.0,0.0,0.0,0.0,0.0,1.0,0.0,0.0,1.0,0.0,1.0,0.0,0.0,0.0,0.0
2962,0.468,0.546,0.433,0.452,0.418,0.475,0.058,0.423,3,2,0,0,VAL,3,0.0,0.0,0.0,1.0,0.0,0.0,0.0,0.0,1.0,0.0,1.0,0.0,0.0,0.0,0.0
2963,0.213,0.469,0.249,0.937,0.291,0.262,0.024,0.149,2,0,3,1,VAL,3,0.0,0.0,1.0,0.0,0.0,0.0,1.0,0.0,0.0,0.0,0.0,0.0,0.0,1.0,0.0
2964,0.264,0.64,0.233,0.99,0.105,0.693,0.002,0.069,0,3,2,1,TEST,5,1.0,0.0,0.0,0.0,0.0,0.0,0.0,0.0,0.0,1.0,0.0,0.0,1.0,0.0,0.0
2965,0.41,0.492,0.48,0.821,0.481,0.509,0.057,0.359,2,2,1,1,TEST,3,0.0,0.0,1.0,0.0,0.0,0.0,0.0,0.0,1.0,0.0,0.0,1.0,0.0,0.0,0.0
2966,0.529,0.491,0.455,0.645,0.312,0.509,0.043,0.317,3,0,1,0,TRAIN,3,0.0,0.0,0.0,1.0,0.0,0.0,1.0,0.0,0.0,0.0,0.0,1.0,0.0,0.0,0.0
2967,0.117,0.538,0.271,1.0,0.16,0.478,0.003,0.039,2,2,0,0,VAL,3,0.0,0.0,1.0,0.0,0.0,0.0,0.0,0.0,1.0,0.0,1.0,0.0,0.0,0.0,0.0
2968,0.296,0.48,0.327,0.736,0.472,0.412,0.041,0.221,3,3,3,0,TEST,3,0.0,0.0,0.0,1.0,0.0,0.0,0.0,0.0,0.0,1.0,0.0,0.0,0.0,1.0,0.0
2969,0.89,0.232,0.657,1.0,0.628,0.0,0.232,0.659,0,0,0,1,VAL,7,1.0,0.0,0.0,0.0,0.0,0.0,1.0,0.0,0.0,0.0,1.0,0.0,0.0,0.0,0.0
2970,0.589,0.459,0.645,0.868,0.39,0.334,0.054,0.525,1,2,0,1,TEST,4,0.0,1.0,0.0,0.0,0.0,0.0,0.0,0.0,1.0,0.0,1.0,0.0,0.0,0.0,0.0
2971,0.468,0.584,0.502,0.752,0.311,0.513,0.015,0.351,3,2,3,1,TEST,3,0.0,0.0,0.0,1.0,0.0,0.0,0.0,0.0,1.0,0.0,0.0,0.0,0.0,1.0,0.0
2972,0.366,0.695,0.407,0.719,0.256,0.524,0.005,0.256,2,2,0,1,TRAIN,3,0.0,0.0,1.0,0.0,0.0,0.0,0.0,0.0,1.0,0.0,1.0,0.0,0.0,0.0,0.0
2973,0.324,0.548,0.407,0.885,0.342,0.658,0.018,0.148,2,2,3,0,TEST,3,0.0,0.0,1.0,0.0,0.0,0.0,0.0,0.0,1.0,0.0,0.0,0.0,0.0,1.0,0.0
2974,0.39,0.395,0.398,0.74,0.36,0.286,0.03,0.195,3,2,0,1,TEST,3,0.0,0.0,0.0,1.0,0.0,0.0,0.0,0.0,1.0,0.0,1.0,0.0,0.0,0.0,0.0
2975,0.568,0.787,0.588,0.0,0.675,0.943,0.192,0.613,3,2,1,1,TEST,6,0.0,0.0,0.0,1.0,0.0,0.0,0.0,0.0,1.0,0.0,0.0,1.0,0.0,0.0,0.0
2976,0.591,0.28,0.497,0.358,0.646,0.128,0.309,0.515,4,1,0,1,TRAIN,7,0.0,0.0,0.0,0.0,1.0,0.0,0.0,1.0,0.0,0.0,1.0,0.0,0.0,0.0,0.0
2977,0.113,0.61,0.274,0.675,0.246,0.57,0.008,0.108,2,2,3,1,TEST,3,0.0,0.0,1.0,0.0,0.0,0.0,0.0,0.0,1.0,0.0,0.0,0.0,0.0,1.0,0.0
2978,0.168,0.566,0.223,0.811,0.242,0.561,0.007,0.084,3,2,3,0,TEST,3,0.0,0.0,0.0,1.0,0.0,0.0,0.0,0.0,1.0,0.0,0.0,0.0,0.0,1.0,0.0
2979,0.479,0.86,0.54,0.0,0.519,0.984,0.073,0.545,3,2,0,0,TRAIN,6,0.0,0.0,0.0,1.0,0.0,0.0,0.0,0.0,1.0,0.0,1.0,0.0,0.0,0.0,0.0
2980,0.484,0.462,0.408,0.042,0.691,0.394,0.292,0.443,2,1,1,0,TEST,2,0.0,0.0,1.0,0.0,0.0,0.0,0.0,1.0,0.0,0.0,0.0,1.0,0.0,0.0,0.0
2981,0.045,0.643,0.32,0.677,0.188,0.627,0.003,0.157,2,2,2,0,TEST,5,0.0,0.0,1.0,0.0,0.0,0.0,0.0,0.0,1.0,0.0,0.0,0.0,1.0,0.0,0.0
2982,0.506,0.605,0.524,0.44,0.444,0.483,0.039,0.382,3,2,0,1,TRAIN,3,0.0,0.0,0.0,1.0,0.0,0.0,0.0,0.0,1.0,0.0,1.0,0.0,0.0,0.0,0.0
2983,0.212,0.585,0.243,0.748,0.193,0.537,0.014,0.11,4,2,0,1,VAL,3,0.0,0.0,0.0,0.0,1.0,0.0,0.0,0.0,1.0,0.0,1.0,0.0,0.0,0.0,0.0
2984,0.521,0.544,0.495,0.116,0.489,0.404,0.2,0.483,4,1,1,0,TEST,2,0.0,0.0,0.0,0.0,1.0,0.0,0.0,1.0,0.0,0.0,0.0,1.0,0.0,0.0,0.0
2985,0.433,0.599,0.477,0.649,0.384,0.465,0.01,0.327,2,2,0,1,TRAIN,3,0.0,0.0,1.0,0.0,0.0,0.0,0.0,0.0,1.0,0.0,1.0,0.0,0.0,0.0,0.0
2986,0.48,0.45,0.404,0.0,0.713,0.175,0.445,0.557,3,0,4,0,VAL,2,0.0,0.0,0.0,1.0,0.0,0.0,1.0,0.0,0.0,0.0,0.0,0.0,0.0,0.0,1.0
2987,0.525,0.877,0.477,0.0,0.587,1.0,0.149,0.554,0,2,1,0,TRAIN,6,1.0,0.0,0.0,0.0,0.0,0.0,0.0,0.0,1.0,0.0,0.0,1.0,0.0,0.0,0.0
2988,0.673,0.575,0.578,0.258,0.557,0.579,0.075,0.537,2,3,2,0,TRAIN,3,0.0,0.0,1.0,0.0,0.0,0.0,0.0,0.0,0.0,1.0,0.0,0.0,1.0,0.0,0.0
2989,0.742,0.249,0.539,1.0,0.613,0.051,0.225,0.518,2,3,0,0,TRAIN,7,0.0,0.0,1.0,0.0,0.0,0.0,0.0,0.0,0.0,1.0,1.0,0.0,0.0,0.0,0.0
2990,0.626,0.772,0.625,0.0,0.72,0.845,0.244,0.584,2,2,2,1,TEST,6,0.0,0.0,1.0,0.0,0.0,0.0,0.0,0.0,1.0,0.0,0.0,0.0,1.0,0.0,0.0
2991,0.512,0.822,0.52,0.0,0.563,1.0,0.16,0.56,2,2,0,1,TRAIN,6,0.0,0.0,1.0,0.0,0.0,0.0,0.0,0.0,1.0,0.0,1.0,0.0,0.0,0.0,0.0
2992,0.327,0.468,0.312,0.512,0.337,0.48,0.06,0.227,2,1,1,1,TRAIN,8,0.0,0.0,1.0,0.0,0.0,0.0,0.0,1.0,0.0,0.0,0.0,1.0,0.0,0.0,0.0
2993,0.06,0.487,0.133,0.849,0.145,0.585,0.01,0.011,2,0,0,1,TRAIN,8,0.0,0.0,1.0,0.0,0.0,0.0,1.0,0.0,0.0,0.0,1.0,0.0,0.0,0.0,0.0
2994,0.5,0.592,0.486,1.0,0.167,0.713,0.001,0.156,0,1,2,1,TRAIN,5,1.0,0.0,0.0,0.0,0.0,0.0,0.0,1.0,0.0,0.0,0.0,0.0,1.0,0.0,0.0
2995,0.383,0.516,0.43,0.821,0.496,0.579,0.04,0.335,2,2,3,0,TRAIN,3,0.0,0.0,1.0,0.0,0.0,0.0,0.0,0.0,1.0,0.0,0.0,0.0,0.0,1.0,0.0
2996,0.392,0.603,0.415,0.749,0.279,0.607,0.003,0.251,1,1,0,1,TEST,3,0.0,1.0,0.0,0.0,0.0,0.0,0.0,1.0,0.0,0.0,1.0,0.0,0.0,0.0,0.0
2997,0.812,0.413,0.557,1.0,0.394,0.478,0.073,0.541,4,2,1,1,VAL,4,0.0,0.0,0.0,0.0,1.0,0.0,0.0,0.0,1.0,0.0,0.0,1.0,0.0,0.0,0.0
2998,0.461,0.396,0.387,0.58,0.444,0.339,0.06,0.412,3,1,0,1,TRAIN,3,0.0,0.0,0.0,1.0,0.0,0.0,0.0,1.0,0.0,0.0,1.0,0.0,0.0,0.0,0.0
2999,0.398,0.564,0.37,0.578,0.387,0.412,0.028,0.297,2,2,0,1,TRAIN,3,0.0,0.0,1.0,0.0,0.0,0.0,0.0,0.0,1.0,0.0,1.0,0.0,0.0,0.0,0.0
3000,0.448,0.573,0.355,0.578,0.296,0.553,0.015,0.302,2,2,0,0,TEST,3,0.0,0.0,1.0,0.0,0.0,0.0,0.0,0.0,1.0,0.0,1.0,0.0,0.0,0.0,0.0
3001,0.417,0.262,0.335,0.602,0.644,0.096,0.301,0.297,5,0,1,1,TRAIN,7,0.0,0.0,0.0,0.0,0.0,1.0,1.0,0.0,0.0,0.0,0.0,1.0,0.0,0.0,0.0
3002,0.533,0.552,0.407,0.532,0.373,0.464,0.036,0.308,2,3,2,0,VAL,3,0.0,0.0,1.0,0.0,0.0,0.0,0.0,0.0,0.0,1.0,0.0,0.0,1.0,0.0,0.0
3003,0.351,0.75,0.496,0.0,0.56,0.755,0.257,0.558,2,2,1,1,TRAIN,2,0.0,0.0,1.0,0.0,0.0,0.0,0.0,0.0,1.0,0.0,0.0,1.0,0.0,0.0,0.0
3004,0.232,0.473,0.339,0.976,0.229,0.554,0.016,0.082,1,0,0,1,VAL,8,0.0,1.0,0.0,0.0,0.0,0.0,1.0,0.0,0.0,0.0,1.0,0.0,0.0,0.0,0.0
3005,0.684,0.853,0.658,0.0,0.574,0.856,0.055,0.601,4,2,0,1,VAL,6,0.0,0.0,0.0,0.0,1.0,0.0,0.0,0.0,1.0,0.0,1.0,0.0,0.0,0.0,0.0
3006,0.952,0.383,0.677,1.0,0.587,0.318,0.078,0.615,2,3,0,1,VAL,4,0.0,0.0,1.0,0.0,0.0,0.0,0.0,0.0,0.0,1.0,1.0,0.0,0.0,0.0,0.0
3007,0.404,0.58,0.371,0.709,0.279,0.488,0.018,0.287,3,0,3,0,TRAIN,3,0.0,0.0,0.0,1.0,0.0,0.0,1.0,0.0,0.0,0.0,0.0,0.0,0.0,1.0,0.0
3008,0.587,0.55,0.51,0.534,0.526,0.556,0.06,0.389,3,2,0,0,TRAIN,3,0.0,0.0,0.0,1.0,0.0,0.0,0.0,0.0,1.0,0.0,1.0,0.0,0.0,0.0,0.0
3009,0.116,0.502,0.213,0.841,0.252,0.31,0.009,0.086,3,2,0,1,TRAIN,3,0.0,0.0,0.0,1.0,0.0,0.0,0.0,0.0,1.0,0.0,1.0,0.0,0.0,0.0,0.0
3010,0.313,0.712,0.438,0.037,0.398,0.813,0.053,0.322,0,0,1,0,TRAIN,1,1.0,0.0,0.0,0.0,0.0,0.0,1.0,0.0,0.0,0.0,0.0,1.0,0.0,0.0,0.0
3011,0.411,0.512,0.331,0.853,0.414,0.217,0.029,0.213,2,1,1,0,TRAIN,5,0.0,0.0,1.0,0.0,0.0,0.0,0.0,1.0,0.0,0.0,0.0,1.0,0.0,0.0,0.0
3012,0.539,0.382,0.49,0.561,0.48,0.316,0.156,0.406,5,2,0,0,VAL,3,0.0,0.0,0.0,0.0,0.0,1.0,0.0,0.0,1.0,0.0,1.0,0.0,0.0,0.0,0.0
3013,0.723,0.309,0.53,0.907,0.563,0.011,0.172,0.543,2,1,0,1,TRAIN,7,0.0,0.0,1.0,0.0,0.0,0.0,0.0,1.0,0.0,0.0,1.0,0.0,0.0,0.0,0.0
3014,0.518,0.411,0.586,0.358,0.572,0.227,0.231,0.56,0,0,0,0,TRAIN,7,1.0,0.0,0.0,0.0,0.0,0.0,1.0,0.0,0.0,0.0,1.0,0.0,0.0,0.0,0.0
3015,0.32,0.505,0.404,0.784,0.408,0.482,0.075,0.33,5,3,3,0,VAL,3,0.0,0.0,0.0,0.0,0.0,1.0,0.0,0.0,0.0,1.0,0.0,0.0,0.0,1.0,0.0
3016,0.345,0.55,0.259,0.735,0.299,0.529,0.019,0.165,3,2,2,1,VAL,3,0.0,0.0,0.0,1.0,0.0,0.0,0.0,0.0,1.0,0.0,0.0,0.0,1.0,0.0,0.0
3017,0.403,0.9,0.516,0.0,0.26,1.0,0.013,0.408,2,2,3,1,TEST,6,0.0,0.0,1.0,0.0,0.0,0.0,0.0,0.0,1.0,0.0,0.0,0.0,0.0,1.0,0.0
3018,0.408,0.621,0.362,0.589,0.365,0.512,0.022,0.331,2,2,3,0,TRAIN,3,0.0,0.0,1.0,0.0,0.0,0.0,0.0,0.0,1.0,0.0,0.0,0.0,0.0,1.0,0.0
3019,0.561,0.801,0.524,0.0,0.649,0.78,0.178,0.569,5,2,2,1,TRAIN,6,0.0,0.0,0.0,0.0,0.0,1.0,0.0,0.0,1.0,0.0,0.0,0.0,1.0,0.0,0.0
3020,0.505,0.84,0.621,0.0,0.586,0.98,0.091,0.634,0,2,1,0,TRAIN,6,1.0,0.0,0.0,0.0,0.0,0.0,0.0,0.0,1.0,0.0,0.0,1.0,0.0,0.0,0.0
3021,0.504,0.098,0.434,1.0,0.516,0.0,0.12,0.401,0,1,0,0,TRAIN,7,1.0,0.0,0.0,0.0,0.0,0.0,0.0,1.0,0.0,0.0,1.0,0.0,0.0,0.0,0.0
3022,0.435,0.71,0.445,0.0,0.531,0.643,0.225,0.503,1,0,4,0,VAL,2,0.0,1.0,0.0,0.0,0.0,0.0,1.0,0.0,0.0,0.0,0.0,0.0,0.0,0.0,1.0
3023,0.534,0.493,0.401,0.76,0.458,0.467,0.034,0.363,3,2,3,1,VAL,3,0.0,0.0,0.0,1.0,0.0,0.0,0.0,0.0,1.0,0.0,0.0,0.0,0.0,1.0,0.0
3024,0.635,0.33,0.525,1.0,0.542,0.203,0.07,0.468,0,1,0,0,TRAIN,7,1.0,0.0,0.0,0.0,0.0,0.0,0.0,1.0,0.0,0.0,1.0,0.0,0.0,0.0,0.0
3025,0.615,0.629,0.579,0.539,0.395,0.763,0.031,0.403,5,2,3,1,TRAIN,3,0.0,0.0,0.0,0.0,0.0,1.0,0.0,0.0,1.0,0.0,0.0,0.0,0.0,1.0,0.0
3026,0.27,0.529,0.295,0.995,0.144,0.618,0.004,0.17,0,3,0,1,TRAIN,3,1.0,0.0,0.0,0.0,0.0,0.0,0.0,0.0,0.0,1.0,1.0,0.0,0.0,0.0,0.0
3027,0.277,0.497,0.285,0.822,0.231,0.469,0.029,0.167,3,2,0,1,TRAIN,3,0.0,0.0,0.0,1.0,0.0,0.0,0.0,0.0,1.0,0.0,1.0,0.0,0.0,0.0,0.0
3028,0.831,0.129,0.479,1.0,0.549,0.0,0.11,0.531,0,0,1,0,TRAIN,7,1.0,0.0,0.0,0.0,0.0,0.0,1.0,0.0,0.0,0.0,0.0,1.0,0.0,0.0,0.0
3029,0.427,0.867,0.608,0.0,0.43,1.0,0.03,0.438,3,2,1,1,TEST,6,0.0,0.0,0.0,1.0,0.0,0.0,0.0,0.0,1.0,0.0,0.0,1.0,0.0,0.0,0.0
3030,0.417,0.594,0.375,0.728,0.363,0.556,0.025,0.27,3,2,0,1,TRAIN,3,0.0,0.0,0.0,1.0,0.0,0.0,0.0,0.0,1.0,0.0,1.0,0.0,0.0,0.0,0.0
3031,0.195,0.602,0.287,0.663,0.151,0.562,0.012,0.113,3,2,0,1,TRAIN,3,0.0,0.0,0.0,1.0,0.0,0.0,0.0,0.0,1.0,0.0,1.0,0.0,0.0,0.0,0.0
3032,0.664,0.34,0.595,1.0,0.353,0.147,0.024,0.451,0,0,0,0,TEST,4,1.0,0.0,0.0,0.0,0.0,0.0,1.0,0.0,0.0,0.0,1.0,0.0,0.0,0.0,0.0
3033,0.345,0.538,0.469,0.781,0.374,0.453,0.016,0.251,3,3,0,1,TRAIN,3,0.0,0.0,0.0,1.0,0.0,0.0,0.0,0.0,0.0,1.0,1.0,0.0,0.0,0.0,0.0
3034,0.481,0.576,0.509,0.684,0.444,0.709,0.02,0.378,1,2,1,0,TRAIN,3,0.0,1.0,0.0,0.0,0.0,0.0,0.0,0.0,1.0,0.0,0.0,1.0,0.0,0.0,0.0
3035,0.23,0.455,0.367,0.945,0.252,0.405,0.025,0.215,2,3,0,0,VAL,3,0.0,0.0,1.0,0.0,0.0,0.0,0.0,0.0,0.0,1.0,1.0,0.0,0.0,0.0,0.0
3036,0.671,0.419,0.688,0.106,0.787,0.49,0.416,0.656,0,0,0,0,TEST,7,1.0,0.0,0.0,0.0,0.0,0.0,1.0,0.0,0.0,0.0,1.0,0.0,0.0,0.0,0.0
3037,0.476,0.487,0.451,0.563,0.435,0.333,0.045,0.336,3,0,3,0,TRAIN,3,0.0,0.0,0.0,1.0,0.0,0.0,1.0,0.0,0.0,0.0,0.0,0.0,0.0,1.0,0.0
3038,0.534,0.563,0.452,0.742,0.312,0.475,0.02,0.324,3,2,3,0,TRAIN,3,0.0,0.0,0.0,1.0,0.0,0.0,0.0,0.0,1.0,0.0,0.0,0.0,0.0,1.0,0.0
3039,0.702,0.301,0.59,0.766,0.644,0.0,0.373,0.538,4,3,0,0,TRAIN,7,0.0,0.0,0.0,0.0,1.0,0.0,0.0,0.0,0.0,1.0,1.0,0.0,0.0,0.0,0.0
3040,0.619,0.278,0.564,0.835,0.623,0.051,0.217,0.499,5,1,3,1,TRAIN,7,0.0,0.0,0.0,0.0,0.0,1.0,0.0,1.0,0.0,0.0,0.0,0.0,0.0,1.0,0.0
3041,0.492,0.876,0.63,0.0,0.508,0.993,0.039,0.566,0,1,1,1,TRAIN,6,1.0,0.0,0.0,0.0,0.0,0.0,0.0,1.0,0.0,0.0,0.0,1.0,0.0,0.0,0.0
3042,0.439,0.461,0.461,0.0,0.597,0.345,0.328,0.442,1,1,4,0,TEST,2,0.0,1.0,0.0,0.0,0.0,0.0,0.0,1.0,0.0,0.0,0.0,0.0,0.0,0.0,1.0
3043,0.491,0.782,0.463,0.0,0.633,0.748,0.103,0.517,0,2,0,1,TEST,6,1.0,0.0,0.0,0.0,0.0,0.0,0.0,0.0,1.0,0.0,1.0,0.0,0.0,0.0,0.0
3044,0.966,0.349,0.0,0.282,0.3,0.255,0.059,0.004,2,1,3,0,TRAIN,8,0.0,0.0,1.0,0.0,0.0,0.0,0.0,1.0,0.0,0.0,0.0,0.0,0.0,1.0,0.0
3045,0.321,0.522,0.362,0.684,0.361,0.501,0.025,0.24,3,2,3,0,TEST,3,0.0,0.0,0.0,1.0,0.0,0.0,0.0,0.0,1.0,0.0,0.0,0.0,0.0,1.0,0.0
3046,0.374,0.517,0.423,0.584,0.418,0.316,0.032,0.315,1,0,0,1,TRAIN,3,0.0,1.0,0.0,0.0,0.0,0.0,1.0,0.0,0.0,0.0,1.0,0.0,0.0,0.0,0.0
3047,0.264,0.327,0.868,1.0,0.678,0.0,0.428,0.905,0,3,3,1,TRAIN,7,1.0,0.0,0.0,0.0,0.0,0.0,0.0,0.0,0.0,1.0,0.0,0.0,0.0,1.0,0.0
3048,0.304,0.567,0.312,0.679,0.296,0.482,0.007,0.162,3,2,0,0,VAL,3,0.0,0.0,0.0,1.0,0.0,0.0,0.0,0.0,1.0,0.0,1.0,0.0,0.0,0.0,0.0
3049,0.434,0.533,0.461,0.727,0.339,0.391,0.027,0.34,0,2,0,0,TRAIN,3,1.0,0.0,0.0,0.0,0.0,0.0,0.0,0.0,1.0,0.0,1.0,0.0,0.0,0.0,0.0
3050,0.155,0.473,0.253,0.929,0.239,0.449,0.026,0.124,1,2,3,1,TRAIN,3,0.0,1.0,0.0,0.0,0.0,0.0,0.0,0.0,1.0,0.0,0.0,0.0,0.0,1.0,0.0
3051,0.642,0.836,0.637,0.0,0.669,0.895,0.199,0.665,3,1,0,1,TRAIN,6,0.0,0.0,0.0,1.0,0.0,0.0,0.0,1.0,0.0,0.0,1.0,0.0,0.0,0.0,0.0
3052,0.435,0.573,0.51,0.903,0.327,0.515,0.014,0.236,3,2,0,1,TRAIN,3,0.0,0.0,0.0,1.0,0.0,0.0,0.0,0.0,1.0,0.0,1.0,0.0,0.0,0.0,0.0
3053,0.534,0.516,0.414,0.643,0.447,0.475,0.06,0.387,3,2,2,1,TRAIN,3,0.0,0.0,0.0,1.0,0.0,0.0,0.0,0.0,1.0,0.0,0.0,0.0,1.0,0.0,0.0
3054,0.526,0.406,0.329,0.862,0.391,0.314,0.028,0.313,3,0,3,1,VAL,3,0.0,0.0,0.0,1.0,0.0,0.0,1.0,0.0,0.0,0.0,0.0,0.0,0.0,1.0,0.0
3055,0.735,0.282,0.621,1.0,0.441,0.189,0.158,0.487,0,1,3,0,TEST,7,1.0,0.0,0.0,0.0,0.0,0.0,0.0,1.0,0.0,0.0,0.0,0.0,0.0,1.0,0.0
3056,0.463,0.822,0.574,0.0,0.53,0.874,0.095,0.471,2,2,1,1,TRAIN,6,0.0,0.0,1.0,0.0,0.0,0.0,0.0,0.0,1.0,0.0,0.0,1.0,0.0,0.0,0.0
3057,0.275,0.534,0.3,0.889,0.323,0.396,0.017,0.107,3,3,0,0,VAL,3,0.0,0.0,0.0,1.0,0.0,0.0,0.0,0.0,0.0,1.0,1.0,0.0,0.0,0.0,0.0
3058,0.544,0.49,0.478,0.513,0.426,0.471,0.081,0.382,3,2,3,0,TRAIN,3,0.0,0.0,0.0,1.0,0.0,0.0,0.0,0.0,1.0,0.0,0.0,0.0,0.0,1.0,0.0
3059,0.576,0.785,0.564,0.0,0.493,0.965,0.118,0.568,3,2,1,1,VAL,6,0.0,0.0,0.0,1.0,0.0,0.0,0.0,0.0,1.0,0.0,0.0,1.0,0.0,0.0,0.0
3060,0.582,0.236,0.423,1.0,0.508,0.019,0.123,0.457,0,0,0,1,VAL,7,1.0,0.0,0.0,0.0,0.0,0.0,1.0,0.0,0.0,0.0,1.0,0.0,0.0,0.0,0.0
3061,0.371,0.505,0.356,0.457,0.613,0.357,0.089,0.308,3,0,0,0,TRAIN,3,0.0,0.0,0.0,1.0,0.0,0.0,1.0,0.0,0.0,0.0,1.0,0.0,0.0,0.0,0.0
3062,0.135,0.815,0.349,0.0,0.384,0.807,0.029,0.282,3,0,4,1,TEST,1,0.0,0.0,0.0,1.0,0.0,0.0,1.0,0.0,0.0,0.0,0.0,0.0,0.0,0.0,1.0
3063,0.426,0.564,0.417,0.768,0.314,0.437,0.009,0.174,3,3,0,0,TEST,3,0.0,0.0,0.0,1.0,0.0,0.0,0.0,0.0,0.0,1.0,1.0,0.0,0.0,0.0,0.0
3064,0.835,0.274,0.671,1.0,0.712,0.132,0.184,0.752,4,0,0,1,TEST,7,0.0,0.0,0.0,0.0,1.0,0.0,1.0,0.0,0.0,0.0,1.0,0.0,0.0,0.0,0.0
3065,0.412,0.54,0.251,0.806,0.39,0.602,0.013,0.222,2,0,1,0,TEST,8,0.0,0.0,1.0,0.0,0.0,0.0,1.0,0.0,0.0,0.0,0.0,1.0,0.0,0.0,0.0
3066,0.428,0.504,0.347,1.0,0.347,0.598,0.007,0.211,3,0,3,0,TEST,3,0.0,0.0,0.0,1.0,0.0,0.0,1.0,0.0,0.0,0.0,0.0,0.0,0.0,1.0,0.0
3067,0.259,0.532,0.391,0.557,0.426,0.517,0.031,0.314,3,2,0,1,VAL,3,0.0,0.0,0.0,1.0,0.0,0.0,0.0,0.0,1.0,0.0,1.0,0.0,0.0,0.0,0.0
3068,0.249,0.532,0.417,0.733,0.299,0.593,0.042,0.307,1,0,3,0,TRAIN,3,0.0,1.0,0.0,0.0,0.0,0.0,1.0,0.0,0.0,0.0,0.0,0.0,0.0,1.0,0.0
3069,0.489,0.186,0.436,0.41,0.713,0.0,0.499,0.451,4,3,1,0,VAL,7,0.0,0.0,0.0,0.0,1.0,0.0,0.0,0.0,0.0,1.0,0.0,1.0,0.0,0.0,0.0
3070,0.229,0.532,0.286,0.936,0.226,0.603,0.007,0.148,3,2,0,0,TRAIN,3,0.0,0.0,0.0,1.0,0.0,0.0,0.0,0.0,1.0,0.0,1.0,0.0,0.0,0.0,0.0
3071,0.353,0.459,0.339,0.74,0.412,0.49,0.036,0.269,1,2,3,0,TRAIN,3,0.0,1.0,0.0,0.0,0.0,0.0,0.0,0.0,1.0,0.0,0.0,0.0,0.0,1.0,0.0
3072,0.26,0.453,0.25,0.758,0.3,0.423,0.016,0.188,3,2,2,0,TEST,3,0.0,0.0,0.0,1.0,0.0,0.0,0.0,0.0,1.0,0.0,0.0,0.0,1.0,0.0,0.0
3073,0.448,0.568,0.366,0.671,0.342,0.593,0.023,0.259,3,3,0,1,TEST,3,0.0,0.0,0.0,1.0,0.0,0.0,0.0,0.0,0.0,1.0,1.0,0.0,0.0,0.0,0.0
3074,0.514,0.255,0.434,1.0,0.365,0.075,0.066,0.375,2,3,1,1,TRAIN,4,0.0,0.0,1.0,0.0,0.0,0.0,0.0,0.0,0.0,1.0,0.0,1.0,0.0,0.0,0.0
3075,0.436,0.834,0.532,0.0,0.439,0.994,0.025,0.506,0,2,2,1,TRAIN,6,1.0,0.0,0.0,0.0,0.0,0.0,0.0,0.0,1.0,0.0,0.0,0.0,1.0,0.0,0.0
3076,0.602,0.82,0.566,0.0,0.57,0.818,0.082,0.528,2,2,0,1,VAL,6,0.0,0.0,1.0,0.0,0.0,0.0,0.0,0.0,1.0,0.0,1.0,0.0,0.0,0.0,0.0
3077,0.288,0.538,0.384,0.823,0.362,0.579,0.014,0.204,3,2,0,1,VAL,3,0.0,0.0,0.0,1.0,0.0,0.0,0.0,0.0,1.0,0.0,1.0,0.0,0.0,0.0,0.0
3078,0.371,0.439,0.414,0.709,0.321,0.241,0.056,0.291,3,2,0,0,TRAIN,3,0.0,0.0,0.0,1.0,0.0,0.0,0.0,0.0,1.0,0.0,1.0,0.0,0.0,0.0,0.0
3079,0.436,0.256,0.377,0.311,0.59,0.0,0.367,0.428,0,0,0,1,TRAIN,7,1.0,0.0,0.0,0.0,0.0,0.0,1.0,0.0,0.0,0.0,1.0,0.0,0.0,0.0,0.0
3080,0.243,0.546,0.352,0.803,0.352,0.426,0.009,0.183,2,2,0,0,TRAIN,3,0.0,0.0,1.0,0.0,0.0,0.0,0.0,0.0,1.0,0.0,1.0,0.0,0.0,0.0,0.0
3081,0.448,0.527,0.396,0.91,0.36,0.635,0.021,0.272,1,2,0,0,VAL,3,0.0,1.0,0.0,0.0,0.0,0.0,0.0,0.0,1.0,0.0,1.0,0.0,0.0,0.0,0.0
3082,0.397,0.928,0.606,0.0,0.405,0.977,0.014,0.459,3,3,1,1,VAL,6,0.0,0.0,0.0,1.0,0.0,0.0,0.0,0.0,0.0,1.0,0.0,1.0,0.0,0.0,0.0
3083,0.5,0.421,0.361,0.0,0.866,0.432,0.722,0.604,3,2,1,0,TRAIN,2,0.0,0.0,0.0,1.0,0.0,0.0,0.0,0.0,1.0,0.0,0.0,1.0,0.0,0.0,0.0
3084,0.478,0.449,0.456,0.997,0.491,0.382,0.04,0.307,3,2,0,0,TEST,3,0.0,0.0,0.0,1.0,0.0,0.0,0.0,0.0,1.0,0.0,1.0,0.0,0.0,0.0,0.0
3085,0.994,0.435,0.26,1.0,0.24,0.253,0.011,0.096,2,0,1,0,TEST,3,0.0,0.0,1.0,0.0,0.0,0.0,1.0,0.0,0.0,0.0,0.0,1.0,0.0,0.0,0.0
3086,0.086,0.317,0.778,1.0,0.626,0.053,0.344,0.748,3,0,0,1,TRAIN,7,0.0,0.0,0.0,1.0,0.0,0.0,1.0,0.0,0.0,0.0,1.0,0.0,0.0,0.0,0.0
3087,0.304,0.622,0.389,0.65,0.353,0.442,0.02,0.239,3,2,4,0,TRAIN,3,0.0,0.0,0.0,1.0,0.0,0.0,0.0,0.0,1.0,0.0,0.0,0.0,0.0,0.0,1.0
3088,0.412,0.51,0.372,0.738,0.445,0.497,0.025,0.188,2,0,3,1,TRAIN,3,0.0,0.0,1.0,0.0,0.0,0.0,1.0,0.0,0.0,0.0,0.0,0.0,0.0,1.0,0.0
3089,0.436,0.232,0.255,1.0,0.344,0.082,0.121,0.195,3,3,1,1,TRAIN,7,0.0,0.0,0.0,1.0,0.0,0.0,0.0,0.0,0.0,1.0,0.0,1.0,0.0,0.0,0.0
3090,0.234,0.54,0.29,0.851,0.318,0.572,0.015,0.166,5,2,3,0,TEST,3,0.0,0.0,0.0,0.0,0.0,1.0,0.0,0.0,1.0,0.0,0.0,0.0,0.0,1.0,0.0
3091,0.64,0.838,0.522,0.0,0.655,1.0,0.084,0.64,2,1,0,1,TRAIN,6,0.0,0.0,1.0,0.0,0.0,0.0,0.0,1.0,0.0,0.0,1.0,0.0,0.0,0.0,0.0
3092,0.872,0.463,0.088,0.893,0.146,0.499,0.008,0.002,2,1,0,0,TEST,8,0.0,0.0,1.0,0.0,0.0,0.0,0.0,1.0,0.0,0.0,1.0,0.0,0.0,0.0,0.0
3093,0.425,0.826,0.491,0.0,0.532,0.92,0.056,0.452,3,0,0,1,TRAIN,6,0.0,0.0,0.0,1.0,0.0,0.0,1.0,0.0,0.0,0.0,1.0,0.0,0.0,0.0,0.0
3094,0.363,0.505,0.366,0.889,0.35,0.398,0.024,0.322,3,2,0,0,TRAIN,3,0.0,0.0,0.0,1.0,0.0,0.0,0.0,0.0,1.0,0.0,1.0,0.0,0.0,0.0,0.0
3095,0.485,0.424,0.406,0.642,0.386,0.369,0.103,0.436,2,1,0,0,TRAIN,3,0.0,0.0,1.0,0.0,0.0,0.0,0.0,1.0,0.0,0.0,1.0,0.0,0.0,0.0,0.0
3096,0.576,0.54,0.489,0.495,0.525,0.786,0.027,0.383,2,2,3,0,VAL,3,0.0,0.0,1.0,0.0,0.0,0.0,0.0,0.0,1.0,0.0,0.0,0.0,0.0,1.0,0.0
3097,0.248,0.759,0.458,0.113,0.481,0.803,0.028,0.314,0,0,0,0,TRAIN,1,1.0,0.0,0.0,0.0,0.0,0.0,1.0,0.0,0.0,0.0,1.0,0.0,0.0,0.0,0.0
3098,0.755,0.148,0.557,1.0,0.627,0.0,0.276,0.511,0,0,0,0,TRAIN,7,1.0,0.0,0.0,0.0,0.0,0.0,1.0,0.0,0.0,0.0,1.0,0.0,0.0,0.0,0.0
3099,0.396,0.439,0.357,0.865,0.308,0.384,0.059,0.211,2,2,0,1,TEST,3,0.0,0.0,1.0,0.0,0.0,0.0,0.0,0.0,1.0,0.0,1.0,0.0,0.0,0.0,0.0
3100,0.834,0.152,0.549,1.0,0.615,0.0,0.298,0.652,4,3,1,1,TRAIN,7,0.0,0.0,0.0,0.0,1.0,0.0,0.0,0.0,0.0,1.0,0.0,1.0,0.0,0.0,0.0
3101,0.359,0.584,0.407,0.707,0.236,0.542,0.016,0.229,5,2,3,0,VAL,3,0.0,0.0,0.0,0.0,0.0,1.0,0.0,0.0,1.0,0.0,0.0,0.0,0.0,1.0,0.0
3102,0.528,0.881,0.529,0.0,0.516,1.0,0.036,0.431,0,2,1,1,TEST,6,1.0,0.0,0.0,0.0,0.0,0.0,0.0,0.0,1.0,0.0,0.0,1.0,0.0,0.0,0.0
3103,0.276,0.482,0.223,0.974,0.202,0.472,0.009,0.101,2,3,3,1,TEST,3,0.0,0.0,1.0,0.0,0.0,0.0,0.0,0.0,0.0,1.0,0.0,0.0,0.0,1.0,0.0
3104,0.347,0.578,0.363,0.613,0.321,0.657,0.023,0.198,3,1,0,0,TRAIN,3,0.0,0.0,0.0,1.0,0.0,0.0,0.0,1.0,0.0,0.0,1.0,0.0,0.0,0.0,0.0
3105,0.531,0.807,0.567,0.0,0.529,0.862,0.114,0.446,0,1,1,1,TRAIN,6,1.0,0.0,0.0,0.0,0.0,0.0,0.0,1.0,0.0,0.0,0.0,1.0,0.0,0.0,0.0
3106,0.563,0.591,0.417,0.496,0.354,0.641,0.035,0.402,1,2,0,0,TRAIN,3,0.0,1.0,0.0,0.0,0.0,0.0,0.0,0.0,1.0,0.0,1.0,0.0,0.0,0.0,0.0
3107,0.353,0.507,0.297,0.68,0.269,0.577,0.025,0.205,2,1,0,0,TRAIN,5,0.0,0.0,1.0,0.0,0.0,0.0,0.0,1.0,0.0,0.0,1.0,0.0,0.0,0.0,0.0
3108,0.521,0.562,0.515,0.564,0.421,0.46,0.018,0.318,1,3,0,1,TRAIN,3,0.0,1.0,0.0,0.0,0.0,0.0,0.0,0.0,0.0,1.0,1.0,0.0,0.0,0.0,0.0
3109,0.563,0.569,0.579,0.409,0.435,0.561,0.057,0.521,5,2,3,0,TEST,3,0.0,0.0,0.0,0.0,0.0,1.0,0.0,0.0,1.0,0.0,0.0,0.0,0.0,1.0,0.0
3110,0.67,0.865,0.633,0.0,0.584,1.0,0.117,0.63,0,2,2,0,TRAIN,6,1.0,0.0,0.0,0.0,0.0,0.0,0.0,0.0,1.0,0.0,0.0,0.0,1.0,0.0,0.0
3111,0.522,0.615,0.532,0.771,0.498,0.521,0.031,0.385,3,3,0,1,TRAIN,3,0.0,0.0,0.0,1.0,0.0,0.0,0.0,0.0,0.0,1.0,1.0,0.0,0.0,0.0,0.0
3112,0.187,0.496,0.325,0.791,0.333,0.539,0.014,0.117,2,3,3,1,VAL,3,0.0,0.0,1.0,0.0,0.0,0.0,0.0,0.0,0.0,1.0,0.0,0.0,0.0,1.0,0.0
3113,0.284,0.417,0.388,0.798,0.359,0.272,0.032,0.238,1,1,3,1,TEST,5,0.0,1.0,0.0,0.0,0.0,0.0,0.0,1.0,0.0,0.0,0.0,0.0,0.0,1.0,0.0
3114,0.344,0.656,0.303,0.897,0.194,0.807,0.003,0.13,2,1,0,0,TRAIN,5,0.0,0.0,1.0,0.0,0.0,0.0,0.0,1.0,0.0,0.0,1.0,0.0,0.0,0.0,0.0
3115,0.158,0.516,0.252,1.0,0.193,0.568,0.002,0.014,2,0,0,1,TRAIN,3,0.0,0.0,1.0,0.0,0.0,0.0,1.0,0.0,0.0,0.0,1.0,0.0,0.0,0.0,0.0
3116,0.455,0.543,0.463,0.766,0.352,0.381,0.053,0.397,3,2,0,0,TRAIN,3,0.0,0.0,0.0,1.0,0.0,0.0,0.0,0.0,1.0,0.0,1.0,0.0,0.0,0.0,0.0
3117,0.323,0.666,0.482,0.392,0.39,0.85,0.019,0.334,0,0,1,0,TEST,1,1.0,0.0,0.0,0.0,0.0,0.0,1.0,0.0,0.0,0.0,0.0,1.0,0.0,0.0,0.0
3118,0.891,0.36,0.71,1.0,0.664,0.142,0.134,0.572,2,3,0,0,TEST,7,0.0,0.0,1.0,0.0,0.0,0.0,0.0,0.0,0.0,1.0,1.0,0.0,0.0,0.0,0.0
3119,0.691,0.792,0.685,0.0,0.653,0.823,0.289,0.724,5,3,0,1,VAL,6,0.0,0.0,0.0,0.0,0.0,1.0,0.0,0.0,0.0,1.0,1.0,0.0,0.0,0.0,0.0
3120,0.795,0.397,0.637,1.0,0.485,0.344,0.028,0.555,0,3,1,1,TEST,4,1.0,0.0,0.0,0.0,0.0,0.0,0.0,0.0,0.0,1.0,0.0,1.0,0.0,0.0,0.0
3121,0.292,0.449,0.462,0.408,0.627,0.263,0.317,0.381,0,0,0,0,TRAIN,7,1.0,0.0,0.0,0.0,0.0,0.0,1.0,0.0,0.0,0.0,1.0,0.0,0.0,0.0,0.0
3122,0.706,0.514,0.655,0.362,0.622,0.384,0.17,0.62,2,2,3,0,TRAIN,3,0.0,0.0,1.0,0.0,0.0,0.0,0.0,0.0,1.0,0.0,0.0,0.0,0.0,1.0,0.0
3123,0.588,0.811,0.609,0.0,0.542,0.951,0.101,0.675,0,2,2,1,TEST,6,1.0,0.0,0.0,0.0,0.0,0.0,0.0,0.0,1.0,0.0,0.0,0.0,1.0,0.0,0.0
3124,0.559,0.572,0.606,0.693,0.392,0.609,0.055,0.478,3,2,0,0,TRAIN,3,0.0,0.0,0.0,1.0,0.0,0.0,0.0,0.0,1.0,0.0,1.0,0.0,0.0,0.0,0.0
3125,0.6,0.544,0.515,0.524,0.453,0.52,0.057,0.461,3,2,3,0,TRAIN,3,0.0,0.0,0.0,1.0,0.0,0.0,0.0,0.0,1.0,0.0,0.0,0.0,0.0,1.0,0.0
3126,0.64,0.432,0.556,0.037,0.709,0.349,0.29,0.544,2,3,1,1,TRAIN,7,0.0,0.0,1.0,0.0,0.0,0.0,0.0,0.0,0.0,1.0,0.0,1.0,0.0,0.0,0.0
3127,0.394,0.56,0.424,0.442,0.273,0.335,0.041,0.233,2,2,3,0,TRAIN,3,0.0,0.0,1.0,0.0,0.0,0.0,0.0,0.0,1.0,0.0,0.0,0.0,0.0,1.0,0.0
3128,0.51,0.545,0.457,0.587,0.4,0.554,0.045,0.364,2,2,0,0,TRAIN,3,0.0,0.0,1.0,0.0,0.0,0.0,0.0,0.0,1.0,0.0,1.0,0.0,0.0,0.0,0.0
3129,0.285,0.684,0.527,0.71,0.236,0.57,0.006,0.181,3,3,2,1,TEST,3,0.0,0.0,0.0,1.0,0.0,0.0,0.0,0.0,0.0,1.0,0.0,0.0,1.0,0.0,0.0
3130,0.373,0.365,0.354,1.0,0.335,0.15,0.05,0.242,2,1,2,0,TRAIN,5,0.0,0.0,1.0,0.0,0.0,0.0,0.0,1.0,0.0,0.0,0.0,0.0,1.0,0.0,0.0
3131,0.465,0.552,0.49,0.573,0.396,0.414,0.028,0.38,3,3,0,0,TRAIN,3,0.0,0.0,0.0,1.0,0.0,0.0,0.0,0.0,0.0,1.0,1.0,0.0,0.0,0.0,0.0
3132,0.206,0.467,0.279,0.764,0.243,0.401,0.021,0.067,3,1,2,1,TEST,5,0.0,0.0,0.0,1.0,0.0,0.0,0.0,1.0,0.0,0.0,0.0,0.0,1.0,0.0,0.0
3133,0.348,0.525,0.396,0.967,0.379,0.454,0.012,0.206,2,0,0,0,VAL,3,0.0,0.0,1.0,0.0,0.0,0.0,1.0,0.0,0.0,0.0,1.0,0.0,0.0,0.0,0.0
3134,0.188,0.517,0.277,0.946,0.28,0.544,0.009,0.141,5,1,0,1,TRAIN,8,0.0,0.0,0.0,0.0,0.0,1.0,0.0,1.0,0.0,0.0,1.0,0.0,0.0,0.0,0.0
3135,0.523,0.542,0.446,0.881,0.259,0.4,0.038,0.359,1,3,0,0,TRAIN,3,0.0,1.0,0.0,0.0,0.0,0.0,0.0,0.0,0.0,1.0,1.0,0.0,0.0,0.0,0.0
3136,0.32,0.594,0.471,0.696,0.317,0.462,0.01,0.27,2,2,0,1,TRAIN,3,0.0,0.0,1.0,0.0,0.0,0.0,0.0,0.0,1.0,0.0,1.0,0.0,0.0,0.0,0.0
3137,0.465,0.552,0.53,0.0,0.653,0.514,0.486,0.589,2,1,1,0,TRAIN,2,0.0,0.0,1.0,0.0,0.0,0.0,0.0,1.0,0.0,0.0,0.0,1.0,0.0,0.0,0.0
3138,0.282,0.462,0.319,0.978,0.321,0.386,0.044,0.223,3,2,3,1,TRAIN,3,0.0,0.0,0.0,1.0,0.0,0.0,0.0,0.0,1.0,0.0,0.0,0.0,0.0,1.0,0.0
3139,0.559,0.365,0.519,1.0,0.361,0.234,0.043,0.376,0,2,1,1,VAL,4,1.0,0.0,0.0,0.0,0.0,0.0,0.0,0.0,1.0,0.0,0.0,1.0,0.0,0.0,0.0
3140,0.305,0.551,0.372,0.574,0.334,0.637,0.033,0.27,3,2,0,0,TRAIN,3,0.0,0.0,0.0,1.0,0.0,0.0,0.0,0.0,1.0,0.0,1.0,0.0,0.0,0.0,0.0
3141,0.426,0.604,0.375,0.935,0.295,0.51,0.017,0.26,3,2,3,1,TRAIN,3,0.0,0.0,0.0,1.0,0.0,0.0,0.0,0.0,1.0,0.0,0.0,0.0,0.0,1.0,0.0
3142,0.578,0.458,0.579,0.0,0.658,0.283,0.476,0.641,0,1,1,1,VAL,2,1.0,0.0,0.0,0.0,0.0,0.0,0.0,1.0,0.0,0.0,0.0,1.0,0.0,0.0,0.0
3143,0.352,0.842,0.434,0.0,0.476,1.0,0.046,0.428,4,2,1,1,TEST,6,0.0,0.0,0.0,0.0,1.0,0.0,0.0,0.0,1.0,0.0,0.0,1.0,0.0,0.0,0.0
3144,0.645,0.188,0.443,1.0,0.395,0.0,0.018,0.315,4,0,1,1,TEST,4,0.0,0.0,0.0,0.0,1.0,0.0,1.0,0.0,0.0,0.0,0.0,1.0,0.0,0.0,0.0
3145,0.248,0.566,0.352,0.874,0.33,0.384,0.01,0.185,1,3,0,0,VAL,3,0.0,1.0,0.0,0.0,0.0,0.0,0.0,0.0,0.0,1.0,1.0,0.0,0.0,0.0,0.0
3146,0.519,0.288,0.527,0.0,0.845,0.034,0.619,0.615,3,1,1,1,TRAIN,2,0.0,0.0,0.0,1.0,0.0,0.0,0.0,1.0,0.0,0.0,0.0,1.0,0.0,0.0,0.0
3147,0.523,0.306,0.453,0.895,0.374,0.309,0.133,0.368,0,0,0,0,TRAIN,7,1.0,0.0,0.0,0.0,0.0,0.0,1.0,0.0,0.0,0.0,1.0,0.0,0.0,0.0,0.0
3148,0.147,0.514,0.389,0.743,0.328,0.594,0.014,0.211,2,2,0,0,TEST,3,0.0,0.0,1.0,0.0,0.0,0.0,0.0,0.0,1.0,0.0,1.0,0.0,0.0,0.0,0.0
3149,0.443,0.167,0.292,1.0,0.471,0.0,0.228,0.298,0,0,1,0,TRAIN,7,1.0,0.0,0.0,0.0,0.0,0.0,1.0,0.0,0.0,0.0,0.0,1.0,0.0,0.0,0.0
3150,0.426,0.89,0.571,0.0,0.549,0.889,0.057,0.528,5,2,0,1,TRAIN,6,0.0,0.0,0.0,0.0,0.0,1.0,0.0,0.0,1.0,0.0,1.0,0.0,0.0,0.0,0.0
3151,0.769,0.766,0.678,0.0,0.683,0.933,0.41,0.77,0,2,0,1,TEST,6,1.0,0.0,0.0,0.0,0.0,0.0,0.0,0.0,1.0,0.0,1.0,0.0,0.0,0.0,0.0
3152,0.364,0.577,0.374,0.959,0.314,0.624,0.009,0.193,3,2,3,0,TRAIN,3,0.0,0.0,0.0,1.0,0.0,0.0,0.0,0.0,1.0,0.0,0.0,0.0,0.0,1.0,0.0
3153,0.367,0.776,0.48,0.0,0.527,0.901,0.057,0.444,2,2,0,1,VAL,6,0.0,0.0,1.0,0.0,0.0,0.0,0.0,0.0,1.0,0.0,1.0,0.0,0.0,0.0,0.0
3154,0.587,0.877,0.665,0.0,0.49,1.0,0.06,0.686,0,2,1,1,TRAIN,6,1.0,0.0,0.0,0.0,0.0,0.0,0.0,0.0,1.0,0.0,0.0,1.0,0.0,0.0,0.0
3155,0.18,0.528,0.229,0.872,0.287,0.416,0.012,0.171,3,3,0,0,TRAIN,3,0.0,0.0,0.0,1.0,0.0,0.0,0.0,0.0,0.0,1.0,1.0,0.0,0.0,0.0,0.0
3156,0.541,0.342,0.459,1.0,0.297,0.063,0.04,0.286,0,3,0,1,TRAIN,4,1.0,0.0,0.0,0.0,0.0,0.0,0.0,0.0,0.0,1.0,1.0,0.0,0.0,0.0,0.0
3157,0.278,0.461,0.389,0.695,0.343,0.488,0.012,0.224,2,1,1,0,TRAIN,3,0.0,0.0,1.0,0.0,0.0,0.0,0.0,1.0,0.0,0.0,0.0,1.0,0.0,0.0,0.0
3158,0.675,0.6,0.537,0.639,0.468,0.513,0.021,0.449,2,1,3,0,TRAIN,3,0.0,0.0,1.0,0.0,0.0,0.0,0.0,1.0,0.0,0.0,0.0,0.0,0.0,1.0,0.0
3159,0.615,0.812,0.584,0.0,0.653,0.832,0.241,0.629,2,2,2,1,TRAIN,6,0.0,0.0,1.0,0.0,0.0,0.0,0.0,0.0,1.0,0.0,0.0,0.0,1.0,0.0,0.0
3160,0.456,0.569,0.508,0.0,0.778,0.691,0.477,0.61,1,3,4,1,TRAIN,2,0.0,1.0,0.0,0.0,0.0,0.0,0.0,0.0,0.0,1.0,0.0,0.0,0.0,0.0,1.0
3161,0.352,0.462,0.346,0.875,0.362,0.472,0.023,0.199,1,1,0,0,TRAIN,5,0.0,1.0,0.0,0.0,0.0,0.0,0.0,1.0,0.0,0.0,1.0,0.0,0.0,0.0,0.0
3162,0.432,0.551,0.477,0.552,0.446,0.672,0.045,0.328,2,1,0,0,TRAIN,3,0.0,0.0,1.0,0.0,0.0,0.0,0.0,1.0,0.0,0.0,1.0,0.0,0.0,0.0,0.0
3163,0.137,0.568,0.266,0.795,0.231,0.699,0.002,0.095,3,2,0,0,TRAIN,3,0.0,0.0,0.0,1.0,0.0,0.0,0.0,0.0,1.0,0.0,1.0,0.0,0.0,0.0,0.0
3164,0.332,0.443,0.326,0.706,0.334,0.412,0.058,0.244,3,2,3,1,TRAIN,3,0.0,0.0,0.0,1.0,0.0,0.0,0.0,0.0,1.0,0.0,0.0,0.0,0.0,1.0,0.0
3165,0.435,0.515,0.365,0.598,0.366,0.415,0.031,0.302,3,2,3,0,VAL,3,0.0,0.0,0.0,1.0,0.0,0.0,0.0,0.0,1.0,0.0,0.0,0.0,0.0,1.0,0.0
3166,0.387,0.59,0.511,0.0,0.671,0.481,0.38,0.469,3,1,4,1,TRAIN,2,0.0,0.0,0.0,1.0,0.0,0.0,0.0,1.0,0.0,0.0,0.0,0.0,0.0,0.0,1.0
3167,0.37,0.687,0.421,0.552,0.349,0.701,0.004,0.209,3,2,0,1,VAL,3,0.0,0.0,0.0,1.0,0.0,0.0,0.0,0.0,1.0,0.0,1.0,0.0,0.0,0.0,0.0
3168,0.333,0.622,0.373,0.636,0.306,0.637,0.032,0.208,2,3,3,0,TRAIN,3,0.0,0.0,1.0,0.0,0.0,0.0,0.0,0.0,0.0,1.0,0.0,0.0,0.0,1.0,0.0
3169,0.703,0.414,0.596,1.0,0.594,0.273,0.037,0.517,0,0,0,0,VAL,4,1.0,0.0,0.0,0.0,0.0,0.0,1.0,0.0,0.0,0.0,1.0,0.0,0.0,0.0,0.0
3170,0.971,0.305,0.662,1.0,0.509,0.253,0.09,0.636,0,0,0,1,TEST,7,1.0,0.0,0.0,0.0,0.0,0.0,1.0,0.0,0.0,0.0,1.0,0.0,0.0,0.0,0.0
3171,0.613,0.45,0.546,0.0,0.737,0.276,0.475,0.662,2,0,1,0,TEST,2,0.0,0.0,1.0,0.0,0.0,0.0,1.0,0.0,0.0,0.0,0.0,1.0,0.0,0.0,0.0
3172,0.445,0.597,0.451,0.703,0.257,0.702,0.005,0.267,5,2,0,0,TRAIN,3,0.0,0.0,0.0,0.0,0.0,1.0,0.0,0.0,1.0,0.0,1.0,0.0,0.0,0.0,0.0
3173,0.241,0.539,0.392,0.719,0.243,0.51,0.01,0.256,2,3,0,0,TRAIN,3,0.0,0.0,1.0,0.0,0.0,0.0,0.0,0.0,0.0,1.0,1.0,0.0,0.0,0.0,0.0
3174,0.557,0.301,0.427,0.192,0.597,0.035,0.342,0.441,0,0,0,0,TRAIN,7,1.0,0.0,0.0,0.0,0.0,0.0,1.0,0.0,0.0,0.0,1.0,0.0,0.0,0.0,0.0
3175,0.309,0.566,0.368,0.93,0.207,0.505,0.008,0.201,2,2,3,1,VAL,3,0.0,0.0,1.0,0.0,0.0,0.0,0.0,0.0,1.0,0.0,0.0,0.0,0.0,1.0,0.0
3176,0.494,0.607,0.517,0.622,0.373,0.736,0.042,0.415,3,2,0,1,VAL,3,0.0,0.0,0.0,1.0,0.0,0.0,0.0,0.0,1.0,0.0,1.0,0.0,0.0,0.0,0.0
3177,0.301,0.584,0.238,0.875,0.298,0.453,0.011,0.09,3,2,0,0,TEST,3,0.0,0.0,0.0,1.0,0.0,0.0,0.0,0.0,1.0,0.0,1.0,0.0,0.0,0.0,0.0
3178,0.351,0.512,0.389,0.72,0.373,0.447,0.032,0.276,5,2,0,0,TRAIN,3,0.0,0.0,0.0,0.0,0.0,1.0,0.0,0.0,1.0,0.0,1.0,0.0,0.0,0.0,0.0
3179,0.447,0.564,0.46,0.701,0.299,0.677,0.015,0.308,5,0,3,0,TEST,3,0.0,0.0,0.0,0.0,0.0,1.0,1.0,0.0,0.0,0.0,0.0,0.0,0.0,1.0,0.0
3180,0.624,0.368,0.6,0.334,0.719,0.236,0.35,0.601,4,1,0,0,TRAIN,7,0.0,0.0,0.0,0.0,1.0,0.0,0.0,1.0,0.0,0.0,1.0,0.0,0.0,0.0,0.0
3181,0.508,0.582,0.468,0.42,0.343,0.57,0.055,0.402,3,0,0,0,VAL,3,0.0,0.0,0.0,1.0,0.0,0.0,1.0,0.0,0.0,0.0,1.0,0.0,0.0,0.0,0.0
3182,0.278,0.55,0.439,0.83,0.353,0.452,0.019,0.259,2,2,0,0,VAL,3,0.0,0.0,1.0,0.0,0.0,0.0,0.0,0.0,1.0,0.0,1.0,0.0,0.0,0.0,0.0
3183,0.347,0.805,0.545,0.0,0.613,1.0,0.13,0.463,2,2,1,0,TRAIN,6,0.0,0.0,1.0,0.0,0.0,0.0,0.0,0.0,1.0,0.0,0.0,1.0,0.0,0.0,0.0
3184,0.221,0.451,0.312,0.73,0.311,0.515,0.064,0.114,3,2,0,1,TRAIN,3,0.0,0.0,0.0,1.0,0.0,0.0,0.0,0.0,1.0,0.0,1.0,0.0,0.0,0.0,0.0
3185,0.566,0.515,0.416,0.689,0.451,0.433,0.035,0.227,3,3,3,0,TRAIN,3,0.0,0.0,0.0,1.0,0.0,0.0,0.0,0.0,0.0,1.0,0.0,0.0,0.0,1.0,0.0
3186,0.17,0.475,0.322,0.766,0.299,0.477,0.019,0.147,2,2,2,1,VAL,3,0.0,0.0,1.0,0.0,0.0,0.0,0.0,0.0,1.0,0.0,0.0,0.0,1.0,0.0,0.0
3187,0.293,0.491,0.267,0.641,0.331,0.486,0.062,0.154,3,2,0,0,TRAIN,3,0.0,0.0,0.0,1.0,0.0,0.0,0.0,0.0,1.0,0.0,1.0,0.0,0.0,0.0,0.0
3188,0.784,0.217,0.514,1.0,0.682,0.039,0.254,0.519,0,0,0,1,TEST,7,1.0,0.0,0.0,0.0,0.0,0.0,1.0,0.0,0.0,0.0,1.0,0.0,0.0,0.0,0.0
3189,0.602,0.842,0.618,0.0,0.553,0.693,0.154,0.525,2,2,1,0,TRAIN,6,0.0,0.0,1.0,0.0,0.0,0.0,0.0,0.0,1.0,0.0,0.0,1.0,0.0,0.0,0.0
3190,0.283,0.531,0.341,0.621,0.428,0.463,0.019,0.259,3,2,3,0,VAL,3,0.0,0.0,0.0,1.0,0.0,0.0,0.0,0.0,1.0,0.0,0.0,0.0,0.0,1.0,0.0
3191,0.268,0.527,0.309,0.755,0.233,0.34,0.013,0.161,2,0,3,1,TRAIN,3,0.0,0.0,1.0,0.0,0.0,0.0,1.0,0.0,0.0,0.0,0.0,0.0,0.0,1.0,0.0
3192,0.331,0.186,0.321,0.883,0.498,0.0,0.285,0.219,4,0,0,1,VAL,7,0.0,0.0,0.0,0.0,1.0,0.0,1.0,0.0,0.0,0.0,1.0,0.0,0.0,0.0,0.0
3193,0.302,0.639,0.427,0.691,0.222,0.67,0.012,0.244,1,0,3,1,TEST,3,0.0,1.0,0.0,0.0,0.0,0.0,1.0,0.0,0.0,0.0,0.0,0.0,0.0,1.0,0.0
3194,0.292,0.603,0.318,1.0,0.198,0.613,0.0,0.106,1,1,3,0,TRAIN,5,0.0,1.0,0.0,0.0,0.0,0.0,0.0,1.0,0.0,0.0,0.0,0.0,0.0,1.0,0.0
3195,0.577,0.881,0.564,0.0,0.336,1.0,0.029,0.532,5,2,3,0,TRAIN,6,0.0,0.0,0.0,0.0,0.0,1.0,0.0,0.0,1.0,0.0,0.0,0.0,0.0,1.0,0.0
3196,0.354,0.446,0.311,0.876,0.333,0.382,0.032,0.209,2,2,3,0,TRAIN,3,0.0,0.0,1.0,0.0,0.0,0.0,0.0,0.0,1.0,0.0,0.0,0.0,0.0,1.0,0.0
3197,0.09,0.543,0.865,1.0,0.58,0.516,0.038,0.88,5,0,1,1,TRAIN,4,0.0,0.0,0.0,0.0,0.0,1.0,1.0,0.0,0.0,0.0,0.0,1.0,0.0,0.0,0.0
3198,0.656,0.157,0.474,1.0,0.643,0.0,0.371,0.461,0,1,0,0,TEST,7,1.0,0.0,0.0,0.0,0.0,0.0,0.0,1.0,0.0,0.0,1.0,0.0,0.0,0.0,0.0
3199,0.593,0.854,0.665,0.0,0.529,1.0,0.076,0.645,2,3,0,0,TRAIN,6,0.0,0.0,1.0,0.0,0.0,0.0,0.0,0.0,0.0,1.0,1.0,0.0,0.0,0.0,0.0
3200,0.531,0.506,0.323,0.788,0.334,0.39,0.091,0.32,2,3,2,1,TRAIN,3,0.0,0.0,1.0,0.0,0.0,0.0,0.0,0.0,0.0,1.0,0.0,0.0,1.0,0.0,0.0
3201,0.654,0.125,0.499,1.0,0.638,0.0,0.282,0.441,0,0,0,1,TRAIN,7,1.0,0.0,0.0,0.0,0.0,0.0,1.0,0.0,0.0,0.0,1.0,0.0,0.0,0.0,0.0
3202,0.12,0.389,0.191,1.0,0.181,0.363,0.014,0.059,2,2,0,0,VAL,3,0.0,0.0,1.0,0.0,0.0,0.0,0.0,0.0,1.0,0.0,1.0,0.0,0.0,0.0,0.0
3203,0.49,0.454,0.552,0.0,0.835,0.378,0.49,0.605,3,1,1,1,VAL,2,0.0,0.0,0.0,1.0,0.0,0.0,0.0,1.0,0.0,0.0,0.0,1.0,0.0,0.0,0.0
3204,0.432,0.602,0.475,0.663,0.324,0.738,0.037,0.308,3,2,0,0,TRAIN,3,0.0,0.0,0.0,1.0,0.0,0.0,0.0,0.0,1.0,0.0,1.0,0.0,0.0,0.0,0.0
3205,0.559,0.795,0.61,0.0,0.582,0.969,0.088,0.592,2,2,0,0,TRAIN,6,0.0,0.0,1.0,0.0,0.0,0.0,0.0,0.0,1.0,0.0,1.0,0.0,0.0,0.0,0.0
3206,0.46,0.601,0.515,0.75,0.379,0.605,0.025,0.367,1,2,0,0,TRAIN,3,0.0,1.0,0.0,0.0,0.0,0.0,0.0,0.0,1.0,0.0,1.0,0.0,0.0,0.0,0.0
3207,0.191,0.827,0.343,0.0,0.309,0.916,0.012,0.214,3,0,0,0,TRAIN,1,0.0,0.0,0.0,1.0,0.0,0.0,1.0,0.0,0.0,0.0,1.0,0.0,0.0,0.0,0.0
3208,0.798,0.34,0.545,0.958,0.6,0.142,0.195,0.557,5,0,0,1,VAL,7,0.0,0.0,0.0,0.0,0.0,1.0,1.0,0.0,0.0,0.0,1.0,0.0,0.0,0.0,0.0
3209,0.564,0.878,0.569,0.0,0.561,1.0,0.027,0.527,5,0,0,1,TRAIN,6,0.0,0.0,0.0,0.0,0.0,1.0,1.0,0.0,0.0,0.0,1.0,0.0,0.0,0.0,0.0
3210,0.534,0.833,0.649,0.0,0.535,1.0,0.087,0.526,2,2,1,0,TEST,6,0.0,0.0,1.0,0.0,0.0,0.0,0.0,0.0,1.0,0.0,0.0,1.0,0.0,0.0,0.0
3211,0.55,0.799,0.55,0.0,0.504,0.79,0.063,0.567,0,1,2,1,VAL,6,1.0,0.0,0.0,0.0,0.0,0.0,0.0,1.0,0.0,0.0,0.0,0.0,1.0,0.0,0.0
3212,0.308,0.562,0.437,0.699,0.327,0.608,0.016,0.245,2,3,3,0,TEST,3,0.0,0.0,1.0,0.0,0.0,0.0,0.0,0.0,0.0,1.0,0.0,0.0,0.0,1.0,0.0
3213,0.494,0.8,0.563,0.0,0.857,0.837,0.182,0.714,3,2,1,0,TEST,6,0.0,0.0,0.0,1.0,0.0,0.0,0.0,0.0,1.0,0.0,0.0,1.0,0.0,0.0,0.0
3214,0.238,0.448,0.36,0.942,0.359,0.358,0.017,0.187,2,3,0,1,TRAIN,3,0.0,0.0,1.0,0.0,0.0,0.0,0.0,0.0,0.0,1.0,1.0,0.0,0.0,0.0,0.0
3215,0.349,0.485,0.388,1.0,0.314,0.309,0.01,0.195,3,2,3,0,TRAIN,3,0.0,0.0,0.0,1.0,0.0,0.0,0.0,0.0,1.0,0.0,0.0,0.0,0.0,1.0,0.0
3216,0.187,0.503,0.302,1.0,0.178,0.454,0.018,0.139,3,2,0,0,TRAIN,3,0.0,0.0,0.0,1.0,0.0,0.0,0.0,0.0,1.0,0.0,1.0,0.0,0.0,0.0,0.0
3217,0.519,0.414,0.492,0.515,0.423,0.363,0.139,0.501,2,1,1,1,TRAIN,5,0.0,0.0,1.0,0.0,0.0,0.0,0.0,1.0,0.0,0.0,0.0,1.0,0.0,0.0,0.0
3218,0.259,0.284,0.356,0.852,0.443,0.038,0.216,0.267,3,3,0,1,TRAIN,7,0.0,0.0,0.0,1.0,0.0,0.0,0.0,0.0,0.0,1.0,1.0,0.0,0.0,0.0,0.0
3219,0.494,0.295,0.547,1.0,0.521,0.104,0.109,0.478,0,3,0,0,TEST,7,1.0,0.0,0.0,0.0,0.0,0.0,0.0,0.0,0.0,1.0,1.0,0.0,0.0,0.0,0.0
3220,0.489,0.552,0.415,0.714,0.379,0.479,0.039,0.215,5,0,0,0,TEST,3,0.0,0.0,0.0,0.0,0.0,1.0,1.0,0.0,0.0,0.0,1.0,0.0,0.0,0.0,0.0
3221,0.557,0.439,0.458,0.586,0.489,0.357,0.077,0.34,2,3,0,0,TRAIN,3,0.0,0.0,1.0,0.0,0.0,0.0,0.0,0.0,0.0,1.0,1.0,0.0,0.0,0.0,0.0
3222,0.436,0.629,0.485,0.542,0.331,0.654,0.013,0.387,5,0,2,0,TEST,3,0.0,0.0,0.0,0.0,0.0,1.0,1.0,0.0,0.0,0.0,0.0,0.0,1.0,0.0,0.0
3223,0.605,0.451,0.553,0.596,0.447,0.373,0.127,0.53,1,3,0,1,TRAIN,3,0.0,1.0,0.0,0.0,0.0,0.0,0.0,0.0,0.0,1.0,1.0,0.0,0.0,0.0,0.0
3224,0.38,0.461,0.4,0.912,0.474,0.356,0.029,0.235,3,3,2,1,TRAIN,3,0.0,0.0,0.0,1.0,0.0,0.0,0.0,0.0,0.0,1.0,0.0,0.0,1.0,0.0,0.0
3225,0.864,0.189,0.649,1.0,0.456,0.0,0.206,0.523,0,1,3,0,TEST,7,1.0,0.0,0.0,0.0,0.0,0.0,0.0,1.0,0.0,0.0,0.0,0.0,0.0,1.0,0.0
3226,0.41,0.437,0.453,0.0,0.88,0.235,0.686,0.581,2,1,1,1,TRAIN,2,0.0,0.0,1.0,0.0,0.0,0.0,0.0,1.0,0.0,0.0,0.0,1.0,0.0,0.0,0.0
3227,0.259,0.5,0.348,0.627,0.466,0.344,0.037,0.245,4,0,0,0,VAL,3,0.0,0.0,0.0,0.0,1.0,0.0,1.0,0.0,0.0,0.0,1.0,0.0,0.0,0.0,0.0
3228,0.49,0.599,0.525,0.558,0.452,0.486,0.066,0.442,1,1,3,1,TRAIN,3,0.0,1.0,0.0,0.0,0.0,0.0,0.0,1.0,0.0,0.0,0.0,0.0,0.0,1.0,0.0
3229,0.546,0.57,0.437,0.0,0.568,0.475,0.244,0.5,3,1,1,1,TRAIN,2,0.0,0.0,0.0,1.0,0.0,0.0,0.0,1.0,0.0,0.0,0.0,1.0,0.0,0.0,0.0
3230,0.401,0.463,0.515,0.0,0.692,0.465,0.408,0.505,3,2,1,1,TEST,2,0.0,0.0,0.0,1.0,0.0,0.0,0.0,0.0,1.0,0.0,0.0,1.0,0.0,0.0,0.0
3231,0.897,0.433,0.628,0.679,0.538,0.358,0.215,0.682,0,0,0,1,TRAIN,7,1.0,0.0,0.0,0.0,0.0,0.0,1.0,0.0,0.0,0.0,1.0,0.0,0.0,0.0,0.0
3232,0.126,0.589,0.336,0.956,0.134,0.622,0.003,0.103,2,2,0,0,TEST,3,0.0,0.0,1.0,0.0,0.0,0.0,0.0,0.0,1.0,0.0,1.0,0.0,0.0,0.0,0.0
3233,0.488,0.521,0.441,0.697,0.453,0.426,0.059,0.437,3,2,0,0,TRAIN,3,0.0,0.0,0.0,1.0,0.0,0.0,0.0,0.0,1.0,0.0,1.0,0.0,0.0,0.0,0.0
3234,0.964,0.311,0.728,1.0,0.595,0.05,0.295,0.755,0,2,0,1,TRAIN,7,1.0,0.0,0.0,0.0,0.0,0.0,0.0,0.0,1.0,0.0,1.0,0.0,0.0,0.0,0.0
3235,0.382,0.26,0.297,0.675,0.384,0.22,0.281,0.287,0,0,0,0,TRAIN,7,1.0,0.0,0.0,0.0,0.0,0.0,1.0,0.0,0.0,0.0,1.0,0.0,0.0,0.0,0.0
3236,0.335,0.598,0.48,0.121,0.662,0.574,0.13,0.452,0,2,1,0,VAL,2,1.0,0.0,0.0,0.0,0.0,0.0,0.0,0.0,1.0,0.0,0.0,1.0,0.0,0.0,0.0
3237,0.356,0.552,0.396,0.493,0.426,0.48,0.043,0.28,5,1,0,1,TRAIN,3,0.0,0.0,0.0,0.0,0.0,1.0,0.0,1.0,0.0,0.0,1.0,0.0,0.0,0.0,0.0
3238,0.625,0.833,0.667,0.0,0.698,0.868,0.154,0.619,3,0,3,1,TEST,6,0.0,0.0,0.0,1.0,0.0,0.0,1.0,0.0,0.0,0.0,0.0,0.0,0.0,1.0,0.0
3239,0.479,0.86,0.552,0.0,0.521,1.0,0.108,0.501,3,3,1,1,TRAIN,6,0.0,0.0,0.0,1.0,0.0,0.0,0.0,0.0,0.0,1.0,0.0,1.0,0.0,0.0,0.0
3240,0.892,0.374,0.72,1.0,0.538,0.176,0.144,0.766,0,0,0,0,TRAIN,7,1.0,0.0,0.0,0.0,0.0,0.0,1.0,0.0,0.0,0.0,1.0,0.0,0.0,0.0,0.0
3241,0.52,0.85,0.679,0.0,0.472,0.861,0.12,0.545,3,2,0,0,TEST,6,0.0,0.0,0.0,1.0,0.0,0.0,0.0,0.0,1.0,0.0,1.0,0.0,0.0,0.0,0.0
3242,0.591,0.873,0.551,0.0,0.554,0.866,0.036,0.6,0,2,2,1,VAL,6,1.0,0.0,0.0,0.0,0.0,0.0,0.0,0.0,1.0,0.0,0.0,0.0,1.0,0.0,0.0
3243,0.36,0.597,0.382,0.808,0.319,0.614,0.008,0.29,1,1,3,0,TRAIN,3,0.0,1.0,0.0,0.0,0.0,0.0,0.0,1.0,0.0,0.0,0.0,0.0,0.0,1.0,0.0
3244,0.5,0.506,0.505,0.481,0.55,0.531,0.053,0.409,3,3,0,1,TRAIN,3,0.0,0.0,0.0,1.0,0.0,0.0,0.0,0.0,0.0,1.0,1.0,0.0,0.0,0.0,0.0
3245,0.551,0.606,0.56,0.702,0.451,0.5,0.039,0.385,2,2,0,0,TEST,3,0.0,0.0,1.0,0.0,0.0,0.0,0.0,0.0,1.0,0.0,1.0,0.0,0.0,0.0,0.0
3246,0.553,0.534,0.504,0.0,0.713,0.53,0.313,0.553,1,1,4,1,TRAIN,2,0.0,1.0,0.0,0.0,0.0,0.0,0.0,1.0,0.0,0.0,0.0,0.0,0.0,0.0,1.0
3247,0.299,0.516,0.219,1.0,0.261,0.422,0.004,0.059,5,2,0,0,TEST,3,0.0,0.0,0.0,0.0,0.0,1.0,0.0,0.0,1.0,0.0,1.0,0.0,0.0,0.0,0.0
3248,0.52,0.455,0.453,0.746,0.433,0.505,0.06,0.337,2,1,0,1,VAL,3,0.0,0.0,1.0,0.0,0.0,0.0,0.0,1.0,0.0,0.0,1.0,0.0,0.0,0.0,0.0
3249,0.622,0.411,0.567,0.318,0.553,0.202,0.265,0.567,0,0,0,0,VAL,7,1.0,0.0,0.0,0.0,0.0,0.0,1.0,0.0,0.0,0.0,1.0,0.0,0.0,0.0,0.0
3250,0.562,0.591,0.496,0.571,0.457,0.579,0.012,0.272,3,2,0,1,TRAIN,3,0.0,0.0,0.0,1.0,0.0,0.0,0.0,0.0,1.0,0.0,1.0,0.0,0.0,0.0,0.0
3251,0.631,0.206,0.465,0.828,0.625,0.019,0.413,0.511,2,0,0,1,TRAIN,7,0.0,0.0,1.0,0.0,0.0,0.0,1.0,0.0,0.0,0.0,1.0,0.0,0.0,0.0,0.0
3252,0.497,0.22,0.402,0.467,0.701,0.0,0.496,0.521,0,1,0,0,TRAIN,7,1.0,0.0,0.0,0.0,0.0,0.0,0.0,1.0,0.0,0.0,1.0,0.0,0.0,0.0,0.0
3253,0.518,0.809,0.542,0.0,0.552,0.781,0.18,0.509,3,2,2,1,TRAIN,6,0.0,0.0,0.0,1.0,0.0,0.0,0.0,0.0,1.0,0.0,0.0,0.0,1.0,0.0,0.0
3254,0.488,0.773,0.639,0.0,0.678,0.848,0.259,0.644,0,3,0,1,TRAIN,6,1.0,0.0,0.0,0.0,0.0,0.0,0.0,0.0,0.0,1.0,1.0,0.0,0.0,0.0,0.0
3255,0.268,0.51,0.308,0.707,0.294,0.538,0.012,0.142,2,3,3,1,TRAIN,3,0.0,0.0,1.0,0.0,0.0,0.0,0.0,0.0,0.0,1.0,0.0,0.0,0.0,1.0,0.0
3256,0.696,0.86,0.667,0.0,0.579,0.968,0.049,0.576,3,2,1,1,TRAIN,6,0.0,0.0,0.0,1.0,0.0,0.0,0.0,0.0,1.0,0.0,0.0,1.0,0.0,0.0,0.0
3257,0.186,0.486,0.291,0.978,0.255,0.505,0.012,0.13,3,2,3,0,TEST,3,0.0,0.0,0.0,1.0,0.0,0.0,0.0,0.0,1.0,0.0,0.0,0.0,0.0,1.0,0.0
3258,0.511,0.533,0.487,0.0,0.682,0.386,0.415,0.627,2,1,1,0,TRAIN,2,0.0,0.0,1.0,0.0,0.0,0.0,0.0,1.0,0.0,0.0,0.0,1.0,0.0,0.0,0.0
3259,0.246,0.523,0.282,0.916,0.209,0.353,0.012,0.245,1,2,0,1,VAL,3,0.0,1.0,0.0,0.0,0.0,0.0,0.0,0.0,1.0,0.0,1.0,0.0,0.0,0.0,0.0
3260,0.793,0.31,0.554,0.499,0.665,0.074,0.341,0.625,0,0,0,1,TRAIN,7,1.0,0.0,0.0,0.0,0.0,0.0,1.0,0.0,0.0,0.0,1.0,0.0,0.0,0.0,0.0
3261,0.663,0.613,0.455,0.741,0.407,0.556,0.011,0.41,2,3,3,1,TEST,3,0.0,0.0,1.0,0.0,0.0,0.0,0.0,0.0,0.0,1.0,0.0,0.0,0.0,1.0,0.0
3262,0.42,0.6,0.581,0.785,0.365,0.533,0.012,0.324,5,2,4,0,TRAIN,3,0.0,0.0,0.0,0.0,0.0,1.0,0.0,0.0,1.0,0.0,0.0,0.0,0.0,0.0,1.0
3263,0.178,0.623,0.351,0.854,0.264,0.684,0.003,0.178,0,1,0,0,TRAIN,5,1.0,0.0,0.0,0.0,0.0,0.0,0.0,1.0,0.0,0.0,1.0,0.0,0.0,0.0,0.0
3264,0.535,0.84,0.565,0.0,0.574,1.0,0.049,0.621,5,2,1,1,TRAIN,6,0.0,0.0,0.0,0.0,0.0,1.0,0.0,0.0,1.0,0.0,0.0,1.0,0.0,0.0,0.0
3265,0.144,0.583,0.263,0.906,0.212,0.523,0.004,0.075,2,2,0,0,TRAIN,3,0.0,0.0,1.0,0.0,0.0,0.0,0.0,0.0,1.0,0.0,1.0,0.0,0.0,0.0,0.0
3266,0.464,0.543,0.518,0.609,0.437,0.386,0.086,0.425,5,2,3,0,TRAIN,3,0.0,0.0,0.0,0.0,0.0,1.0,0.0,0.0,1.0,0.0,0.0,0.0,0.0,1.0,0.0
3267,0.2,0.566,0.35,0.959,0.134,0.637,0.006,0.094,3,0,3,1,TEST,3,0.0,0.0,0.0,1.0,0.0,0.0,1.0,0.0,0.0,0.0,0.0,0.0,0.0,1.0,0.0
3268,0.747,0.281,0.594,1.0,0.518,0.194,0.087,0.508,0,0,0,0,TRAIN,7,1.0,0.0,0.0,0.0,0.0,0.0,1.0,0.0,0.0,0.0,1.0,0.0,0.0,0.0,0.0
3269,0.267,0.497,0.291,0.617,0.304,0.736,0.022,0.224,3,3,3,1,TEST,3,0.0,0.0,0.0,1.0,0.0,0.0,0.0,0.0,0.0,1.0,0.0,0.0,0.0,1.0,0.0
3270,0.47,0.549,0.481,0.0,0.573,0.561,0.368,0.502,2,0,4,1,TRAIN,2,0.0,0.0,1.0,0.0,0.0,0.0,1.0,0.0,0.0,0.0,0.0,0.0,0.0,0.0,1.0
3271,0.531,0.848,0.599,0.0,0.483,0.854,0.064,0.549,5,2,1,1,TRAIN,6,0.0,0.0,0.0,0.0,0.0,1.0,0.0,0.0,1.0,0.0,0.0,1.0,0.0,0.0,0.0
3272,0.483,0.592,0.479,0.671,0.415,0.627,0.01,0.267,1,1,3,0,TRAIN,3,0.0,1.0,0.0,0.0,0.0,0.0,0.0,1.0,0.0,0.0,0.0,0.0,0.0,1.0,0.0
3273,0.369,0.514,0.413,0.927,0.409,0.354,0.016,0.318,3,2,0,0,TRAIN,3,0.0,0.0,0.0,1.0,0.0,0.0,0.0,0.0,1.0,0.0,1.0,0.0,0.0,0.0,0.0
3274,0.683,0.364,0.572,0.441,0.703,0.116,0.372,0.581,0,1,1,0,VAL,7,1.0,0.0,0.0,0.0,0.0,0.0,0.0,1.0,0.0,0.0,0.0,1.0,0.0,0.0,0.0
3275,0.264,0.49,0.396,0.744,0.322,0.428,0.026,0.211,1,2,0,0,TRAIN,3,0.0,1.0,0.0,0.0,0.0,0.0,0.0,0.0,1.0,0.0,1.0,0.0,0.0,0.0,0.0
3276,0.986,0.467,0.088,0.791,0.301,0.563,0.007,0.005,2,1,1,0,TRAIN,8,0.0,0.0,1.0,0.0,0.0,0.0,0.0,1.0,0.0,0.0,0.0,1.0,0.0,0.0,0.0
3277,0.259,0.47,0.325,0.538,0.357,0.558,0.058,0.205,1,3,0,0,VAL,5,0.0,1.0,0.0,0.0,0.0,0.0,0.0,0.0,0.0,1.0,1.0,0.0,0.0,0.0,0.0
3278,0.753,0.33,0.55,1.0,0.637,0.255,0.154,0.532,0,0,0,0,TEST,7,1.0,0.0,0.0,0.0,0.0,0.0,1.0,0.0,0.0,0.0,1.0,0.0,0.0,0.0,0.0
3279,0.734,0.811,0.653,0.0,0.619,1.0,0.049,0.6,2,2,2,1,VAL,6,0.0,0.0,1.0,0.0,0.0,0.0,0.0,0.0,1.0,0.0,0.0,0.0,1.0,0.0,0.0
3280,0.52,0.399,0.474,0.0,0.84,0.208,0.676,0.567,0,0,1,0,TRAIN,2,1.0,0.0,0.0,0.0,0.0,0.0,1.0,0.0,0.0,0.0,0.0,1.0,0.0,0.0,0.0
3281,0.769,0.294,0.554,1.0,0.537,0.273,0.109,0.553,2,0,0,1,TRAIN,7,0.0,0.0,1.0,0.0,0.0,0.0,1.0,0.0,0.0,0.0,1.0,0.0,0.0,0.0,0.0
3282,0.485,0.551,0.389,0.635,0.447,0.586,0.027,0.335,1,2,0,1,TEST,3,0.0,1.0,0.0,0.0,0.0,0.0,0.0,0.0,1.0,0.0,1.0,0.0,0.0,0.0,0.0
3283,0.366,0.508,0.388,0.983,0.468,0.51,0.008,0.235,3,3,0,0,TEST,3,0.0,0.0,0.0,1.0,0.0,0.0,0.0,0.0,0.0,1.0,1.0,0.0,0.0,0.0,0.0
3284,0.391,0.602,0.347,0.574,0.274,0.611,0.025,0.263,3,2,3,0,TRAIN,3,0.0,0.0,0.0,1.0,0.0,0.0,0.0,0.0,1.0,0.0,0.0,0.0,0.0,1.0,0.0
3285,0.43,0.577,0.453,0.905,0.239,0.677,0.012,0.16,3,2,0,1,TRAIN,3,0.0,0.0,0.0,1.0,0.0,0.0,0.0,0.0,1.0,0.0,1.0,0.0,0.0,0.0,0.0
3286,0.519,0.649,0.561,0.6,0.41,0.788,0.032,0.409,3,0,0,1,TRAIN,3,0.0,0.0,0.0,1.0,0.0,0.0,1.0,0.0,0.0,0.0,1.0,0.0,0.0,0.0,0.0
3287,0.667,0.806,0.664,0.0,0.753,0.931,0.121,0.633,3,2,1,1,TRAIN,6,0.0,0.0,0.0,1.0,0.0,0.0,0.0,0.0,1.0,0.0,0.0,1.0,0.0,0.0,0.0
3288,0.919,0.301,0.708,1.0,0.674,0.076,0.174,0.638,4,3,0,1,TEST,7,0.0,0.0,0.0,0.0,1.0,0.0,0.0,0.0,0.0,1.0,1.0,0.0,0.0,0.0,0.0
3289,0.542,0.531,0.526,0.69,0.306,0.315,0.044,0.399,5,0,0,1,VAL,3,0.0,0.0,0.0,0.0,0.0,1.0,1.0,0.0,0.0,0.0,1.0,0.0,0.0,0.0,0.0
3290,0.438,0.612,0.414,0.642,0.464,0.608,0.027,0.338,3,2,0,0,TEST,3,0.0,0.0,0.0,1.0,0.0,0.0,0.0,0.0,1.0,0.0,1.0,0.0,0.0,0.0,0.0
3291,0.316,0.568,0.458,0.803,0.39,0.611,0.012,0.233,2,2,0,0,TEST,3,0.0,0.0,1.0,0.0,0.0,0.0,0.0,0.0,1.0,0.0,1.0,0.0,0.0,0.0,0.0
3292,0.478,0.83,0.502,0.0,0.53,0.97,0.037,0.559,5,2,3,0,TRAIN,6,0.0,0.0,0.0,0.0,0.0,1.0,0.0,0.0,1.0,0.0,0.0,0.0,0.0,1.0,0.0
3293,0.399,0.582,0.471,0.947,0.299,0.587,0.005,0.247,1,2,0,0,TRAIN,3,0.0,1.0,0.0,0.0,0.0,0.0,0.0,0.0,1.0,0.0,1.0,0.0,0.0,0.0,0.0
3294,0.628,0.77,0.659,0.0,0.621,0.748,0.211,0.58,2,2,1,1,VAL,6,0.0,0.0,1.0,0.0,0.0,0.0,0.0,0.0,1.0,0.0,0.0,1.0,0.0,0.0,0.0
3295,0.3,0.537,0.272,0.874,0.242,0.468,0.014,0.138,0,1,0,0,TRAIN,5,1.0,0.0,0.0,0.0,0.0,0.0,0.0,1.0,0.0,0.0,1.0,0.0,0.0,0.0,0.0
3296,0.215,0.514,0.304,0.894,0.35,0.426,0.005,0.081,3,2,2,0,TRAIN,3,0.0,0.0,0.0,1.0,0.0,0.0,0.0,0.0,1.0,0.0,0.0,0.0,1.0,0.0,0.0
3297,0.323,0.528,0.473,0.627,0.381,0.433,0.046,0.332,2,2,0,0,VAL,3,0.0,0.0,1.0,0.0,0.0,0.0,0.0,0.0,1.0,0.0,1.0,0.0,0.0,0.0,0.0
3298,0.447,0.597,0.506,0.453,0.435,0.505,0.016,0.318,2,2,3,0,TRAIN,3,0.0,0.0,1.0,0.0,0.0,0.0,0.0,0.0,1.0,0.0,0.0,0.0,0.0,1.0,0.0
3299,0.529,0.443,0.505,0.731,0.457,0.48,0.04,0.371,3,2,0,0,TRAIN,3,0.0,0.0,0.0,1.0,0.0,0.0,0.0,0.0,1.0,0.0,1.0,0.0,0.0,0.0,0.0
3300,0.224,0.483,0.385,0.647,0.416,0.453,0.029,0.25,3,3,3,0,TRAIN,3,0.0,0.0,0.0,1.0,0.0,0.0,0.0,0.0,0.0,1.0,0.0,0.0,0.0,1.0,0.0
3301,0.304,0.59,0.453,0.678,0.372,0.579,0.022,0.192,1,2,3,1,VAL,3,0.0,1.0,0.0,0.0,0.0,0.0,0.0,0.0,1.0,0.0,0.0,0.0,0.0,1.0,0.0
3302,0.355,0.104,0.351,1.0,0.505,0.0,0.204,0.302,4,0,0,0,VAL,7,0.0,0.0,0.0,0.0,1.0,0.0,1.0,0.0,0.0,0.0,1.0,0.0,0.0,0.0,0.0
3303,0.483,0.416,0.426,0.95,0.558,0.271,0.059,0.338,3,2,0,0,TRAIN,3,0.0,0.0,0.0,1.0,0.0,0.0,0.0,0.0,1.0,0.0,1.0,0.0,0.0,0.0,0.0
3304,0.588,0.38,0.506,0.033,0.713,0.128,0.527,0.573,3,1,1,0,TRAIN,2,0.0,0.0,0.0,1.0,0.0,0.0,0.0,1.0,0.0,0.0,0.0,1.0,0.0,0.0,0.0
3305,0.581,0.462,0.521,0.631,0.407,0.246,0.106,0.38,2,0,3,0,VAL,3,0.0,0.0,1.0,0.0,0.0,0.0,1.0,0.0,0.0,0.0,0.0,0.0,0.0,1.0,0.0
3306,0.382,0.555,0.381,0.566,0.381,0.642,0.022,0.308,2,3,1,1,TEST,3,0.0,0.0,1.0,0.0,0.0,0.0,0.0,0.0,0.0,1.0,0.0,1.0,0.0,0.0,0.0
3307,0.748,0.247,0.606,1.0,0.615,0.044,0.256,0.599,0,0,1,1,TRAIN,7,1.0,0.0,0.0,0.0,0.0,0.0,1.0,0.0,0.0,0.0,0.0,1.0,0.0,0.0,0.0
3308,0.325,0.391,0.285,1.0,0.379,0.182,0.035,0.102,0,1,3,0,VAL,5,1.0,0.0,0.0,0.0,0.0,0.0,0.0,1.0,0.0,0.0,0.0,0.0,0.0,1.0,0.0
3309,0.369,0.565,0.407,0.808,0.362,0.512,0.033,0.268,3,2,0,0,TRAIN,3,0.0,0.0,0.0,1.0,0.0,0.0,0.0,0.0,1.0,0.0,1.0,0.0,0.0,0.0,0.0
3310,0.177,0.507,0.258,0.881,0.264,0.575,0.011,0.082,3,2,3,0,TRAIN,3,0.0,0.0,0.0,1.0,0.0,0.0,0.0,0.0,1.0,0.0,0.0,0.0,0.0,1.0,0.0
3311,0.323,0.463,0.393,0.885,0.484,0.528,0.018,0.258,2,2,0,1,TRAIN,3,0.0,0.0,1.0,0.0,0.0,0.0,0.0,0.0,1.0,0.0,1.0,0.0,0.0,0.0,0.0
3312,0.36,0.549,0.337,0.667,0.381,0.61,0.028,0.257,3,3,0,1,TRAIN,3,0.0,0.0,0.0,1.0,0.0,0.0,0.0,0.0,0.0,1.0,1.0,0.0,0.0,0.0,0.0
3313,0.847,0.395,0.603,0.553,0.632,0.177,0.208,0.65,0,3,0,0,TRAIN,7,1.0,0.0,0.0,0.0,0.0,0.0,0.0,0.0,0.0,1.0,1.0,0.0,0.0,0.0,0.0
3314,0.561,0.49,0.5,0.619,0.44,0.401,0.054,0.484,5,0,0,0,TRAIN,3,0.0,0.0,0.0,0.0,0.0,1.0,1.0,0.0,0.0,0.0,1.0,0.0,0.0,0.0,0.0
3315,0.649,0.486,0.567,0.44,0.604,0.437,0.114,0.512,3,2,0,0,TRAIN,3,0.0,0.0,0.0,1.0,0.0,0.0,0.0,0.0,1.0,0.0,1.0,0.0,0.0,0.0,0.0
3316,0.626,0.927,0.625,0.0,0.428,1.0,0.014,0.539,0,2,1,1,TRAIN,6,1.0,0.0,0.0,0.0,0.0,0.0,0.0,0.0,1.0,0.0,0.0,1.0,0.0,0.0,0.0
3317,0.56,0.582,0.459,0.65,0.394,0.744,0.02,0.356,1,2,0,0,TRAIN,3,0.0,1.0,0.0,0.0,0.0,0.0,0.0,0.0,1.0,0.0,1.0,0.0,0.0,0.0,0.0
3318,0.193,0.458,0.295,0.84,0.358,0.33,0.011,0.19,3,0,0,1,VAL,3,0.0,0.0,0.0,1.0,0.0,0.0,1.0,0.0,0.0,0.0,1.0,0.0,0.0,0.0,0.0
3319,0.995,0.441,0.178,0.61,0.385,0.204,0.043,0.092,0,1,1,0,TRAIN,5,1.0,0.0,0.0,0.0,0.0,0.0,0.0,1.0,0.0,0.0,0.0,1.0,0.0,0.0,0.0
3320,0.651,0.526,0.619,0.453,0.622,0.402,0.131,0.607,5,2,0,0,TRAIN,3,0.0,0.0,0.0,0.0,0.0,1.0,0.0,0.0,1.0,0.0,1.0,0.0,0.0,0.0,0.0
3321,0.334,0.868,0.516,0.0,0.463,0.837,0.034,0.434,2,2,2,1,VAL,6,0.0,0.0,1.0,0.0,0.0,0.0,0.0,0.0,1.0,0.0,0.0,0.0,1.0,0.0,0.0
3322,0.308,0.519,0.331,0.664,0.373,0.408,0.058,0.298,3,2,0,1,TRAIN,3,0.0,0.0,0.0,1.0,0.0,0.0,0.0,0.0,1.0,0.0,1.0,0.0,0.0,0.0,0.0
3323,0.94,0.393,0.654,1.0,0.514,0.268,0.159,0.65,0,0,1,1,VAL,4,1.0,0.0,0.0,0.0,0.0,0.0,1.0,0.0,0.0,0.0,0.0,1.0,0.0,0.0,0.0
3324,0.653,0.799,0.632,0.0,0.559,0.751,0.241,0.694,5,2,3,1,TRAIN,6,0.0,0.0,0.0,0.0,0.0,1.0,0.0,0.0,1.0,0.0,0.0,0.0,0.0,1.0,0.0
3325,0.228,0.561,0.322,0.836,0.16,0.435,0.008,0.107,3,0,3,0,TRAIN,3,0.0,0.0,0.0,1.0,0.0,0.0,1.0,0.0,0.0,0.0,0.0,0.0,0.0,1.0,0.0
3326,0.351,0.542,0.405,0.541,0.356,0.334,0.013,0.274,3,3,0,0,TEST,3,0.0,0.0,0.0,1.0,0.0,0.0,0.0,0.0,0.0,1.0,1.0,0.0,0.0,0.0,0.0
3327,0.503,0.32,0.448,1.0,0.482,0.216,0.072,0.295,0,0,0,0,TRAIN,7,1.0,0.0,0.0,0.0,0.0,0.0,1.0,0.0,0.0,0.0,1.0,0.0,0.0,0.0,0.0
3328,0.343,0.47,0.405,0.75,0.442,0.374,0.02,0.21,3,2,0,0,TEST,3,0.0,0.0,0.0,1.0,0.0,0.0,0.0,0.0,1.0,0.0,1.0,0.0,0.0,0.0,0.0
3329,0.193,0.478,0.322,0.871,0.263,0.586,0.017,0.184,2,2,3,1,TRAIN,3,0.0,0.0,1.0,0.0,0.0,0.0,0.0,0.0,1.0,0.0,0.0,0.0,0.0,1.0,0.0
3330,0.605,0.196,0.457,0.824,0.513,0.102,0.297,0.505,5,0,3,0,TRAIN,7,0.0,0.0,0.0,0.0,0.0,1.0,1.0,0.0,0.0,0.0,0.0,0.0,0.0,1.0,0.0
3331,0.323,0.56,0.295,0.868,0.289,0.495,0.015,0.195,3,2,0,0,TRAIN,3,0.0,0.0,0.0,1.0,0.0,0.0,0.0,0.0,1.0,0.0,1.0,0.0,0.0,0.0,0.0
3332,0.453,0.521,0.485,0.713,0.285,0.735,0.017,0.32,3,2,1,0,TRAIN,3,0.0,0.0,0.0,1.0,0.0,0.0,0.0,0.0,1.0,0.0,0.0,1.0,0.0,0.0,0.0
3333,0.486,0.663,0.518,0.641,0.363,0.719,0.021,0.314,3,2,0,0,TRAIN,3,0.0,0.0,0.0,1.0,0.0,0.0,0.0,0.0,1.0,0.0,1.0,0.0,0.0,0.0,0.0
3334,0.149,0.585,0.43,0.863,0.2,0.522,0.014,0.145,1,1,0,0,TRAIN,5,0.0,1.0,0.0,0.0,0.0,0.0,0.0,1.0,0.0,0.0,1.0,0.0,0.0,0.0,0.0
3335,0.539,0.616,0.623,0.305,0.46,0.534,0.087,0.534,1,0,0,1,TRAIN,3,0.0,1.0,0.0,0.0,0.0,0.0,1.0,0.0,0.0,0.0,1.0,0.0,0.0,0.0,0.0
3336,0.372,0.583,0.264,0.516,0.336,0.635,0.011,0.213,3,3,3,0,TRAIN,3,0.0,0.0,0.0,1.0,0.0,0.0,0.0,0.0,0.0,1.0,0.0,0.0,0.0,1.0,0.0
3337,0.473,0.913,0.565,0.0,0.483,1.0,0.051,0.454,0,2,3,1,TRAIN,6,1.0,0.0,0.0,0.0,0.0,0.0,0.0,0.0,1.0,0.0,0.0,0.0,0.0,1.0,0.0
3338,0.436,0.396,0.466,0.618,0.566,0.268,0.163,0.35,2,0,0,0,VAL,7,0.0,0.0,1.0,0.0,0.0,0.0,1.0,0.0,0.0,0.0,1.0,0.0,0.0,0.0,0.0
3339,0.462,0.591,0.473,0.57,0.344,0.685,0.005,0.284,3,2,2,1,VAL,3,0.0,0.0,0.0,1.0,0.0,0.0,0.0,0.0,1.0,0.0,0.0,0.0,1.0,0.0,0.0
3340,0.895,0.393,0.739,1.0,0.526,0.257,0.055,0.651,2,3,1,1,VAL,4,0.0,0.0,1.0,0.0,0.0,0.0,0.0,0.0,0.0,1.0,0.0,1.0,0.0,0.0,0.0
3341,0.307,0.529,0.346,0.955,0.279,0.46,0.02,0.211,2,2,0,1,TRAIN,3,0.0,0.0,1.0,0.0,0.0,0.0,0.0,0.0,1.0,0.0,1.0,0.0,0.0,0.0,0.0
3342,0.478,0.581,0.52,0.508,0.526,0.345,0.094,0.455,2,2,0,1,TRAIN,3,0.0,0.0,1.0,0.0,0.0,0.0,0.0,0.0,1.0,0.0,1.0,0.0,0.0,0.0,0.0
3343,0.315,0.525,0.416,0.707,0.29,0.525,0.014,0.21,1,3,0,0,TRAIN,3,0.0,1.0,0.0,0.0,0.0,0.0,0.0,0.0,0.0,1.0,1.0,0.0,0.0,0.0,0.0
3344,0.387,0.477,0.389,0.59,0.61,0.143,0.139,0.316,3,2,0,1,TEST,3,0.0,0.0,0.0,1.0,0.0,0.0,0.0,0.0,1.0,0.0,1.0,0.0,0.0,0.0,0.0
3345,0.249,0.495,0.297,0.885,0.253,0.508,0.011,0.121,3,2,0,1,TRAIN,3,0.0,0.0,0.0,1.0,0.0,0.0,0.0,0.0,1.0,0.0,1.0,0.0,0.0,0.0,0.0
3346,0.359,0.502,0.397,0.479,0.404,0.422,0.055,0.277,3,2,0,0,TRAIN,3,0.0,0.0,0.0,1.0,0.0,0.0,0.0,0.0,1.0,0.0,1.0,0.0,0.0,0.0,0.0
3347,0.486,0.536,0.51,0.621,0.412,0.424,0.045,0.389,3,2,0,0,TRAIN,3,0.0,0.0,0.0,1.0,0.0,0.0,0.0,0.0,1.0,0.0,1.0,0.0,0.0,0.0,0.0
3348,0.528,0.366,0.462,0.0,0.815,0.228,0.539,0.667,2,1,4,0,TEST,2,0.0,0.0,1.0,0.0,0.0,0.0,0.0,1.0,0.0,0.0,0.0,0.0,0.0,0.0,1.0
3349,0.409,0.511,0.436,0.422,0.484,0.446,0.066,0.356,3,0,0,0,TRAIN,3,0.0,0.0,0.0,1.0,0.0,0.0,1.0,0.0,0.0,0.0,1.0,0.0,0.0,0.0,0.0
3350,0.524,0.45,0.365,0.936,0.442,0.288,0.068,0.301,3,2,0,1,TEST,3,0.0,0.0,0.0,1.0,0.0,0.0,0.0,0.0,1.0,0.0,1.0,0.0,0.0,0.0,0.0
3351,0.437,0.313,0.484,0.839,0.421,0.24,0.107,0.312,3,0,3,1,VAL,3,0.0,0.0,0.0,1.0,0.0,0.0,1.0,0.0,0.0,0.0,0.0,0.0,0.0,1.0,0.0
3352,0.334,0.53,0.369,0.757,0.294,0.377,0.032,0.299,3,3,1,1,TEST,3,0.0,0.0,0.0,1.0,0.0,0.0,0.0,0.0,0.0,1.0,0.0,1.0,0.0,0.0,0.0
3353,0.997,0.461,0.25,0.447,0.416,0.504,0.029,0.071,2,1,3,1,VAL,5,0.0,0.0,1.0,0.0,0.0,0.0,0.0,1.0,0.0,0.0,0.0,0.0,0.0,1.0,0.0
3354,0.47,0.487,0.464,0.479,0.499,0.444,0.062,0.446,1,3,0,0,VAL,3,0.0,1.0,0.0,0.0,0.0,0.0,0.0,0.0,0.0,1.0,1.0,0.0,0.0,0.0,0.0
3355,0.391,0.569,0.458,0.979,0.494,0.575,0.014,0.345,2,0,3,1,TEST,3,0.0,0.0,1.0,0.0,0.0,0.0,1.0,0.0,0.0,0.0,0.0,0.0,0.0,1.0,0.0
3356,0.299,0.691,0.424,0.195,0.33,0.654,0.023,0.272,3,0,0,0,TRAIN,1,0.0,0.0,0.0,1.0,0.0,0.0,1.0,0.0,0.0,0.0,1.0,0.0,0.0,0.0,0.0
3357,0.553,0.816,0.518,0.0,0.547,0.797,0.165,0.581,2,2,4,1,VAL,6,0.0,0.0,1.0,0.0,0.0,0.0,0.0,0.0,1.0,0.0,0.0,0.0,0.0,0.0,1.0
3358,0.377,0.563,0.397,0.696,0.312,0.51,0.015,0.221,3,0,3,0,TEST,3,0.0,0.0,0.0,1.0,0.0,0.0,1.0,0.0,0.0,0.0,0.0,0.0,0.0,1.0,0.0
3359,0.466,0.474,0.468,0.607,0.445,0.524,0.083,0.369,2,1,0,1,TRAIN,3,0.0,0.0,1.0,0.0,0.0,0.0,0.0,1.0,0.0,0.0,1.0,0.0,0.0,0.0,0.0
3360,0.258,0.421,0.288,0.986,0.314,0.498,0.041,0.206,3,2,3,0,VAL,3,0.0,0.0,0.0,1.0,0.0,0.0,0.0,0.0,1.0,0.0,0.0,0.0,0.0,1.0,0.0
3361,0.589,0.375,0.613,0.603,0.637,0.26,0.276,0.55,4,0,0,1,TEST,7,0.0,0.0,0.0,0.0,1.0,0.0,1.0,0.0,0.0,0.0,1.0,0.0,0.0,0.0,0.0
3362,0.544,0.82,0.52,0.0,0.484,1.0,0.051,0.508,5,2,1,1,VAL,6,0.0,0.0,0.0,0.0,0.0,1.0,0.0,0.0,1.0,0.0,0.0,1.0,0.0,0.0,0.0
3363,0.604,0.765,0.62,0.0,0.59,0.799,0.121,0.667,0,2,1,1,TRAIN,6,1.0,0.0,0.0,0.0,0.0,0.0,0.0,0.0,1.0,0.0,0.0,1.0,0.0,0.0,0.0
3364,0.462,0.686,0.489,0.515,0.356,0.663,0.032,0.342,2,3,3,0,TRAIN,3,0.0,0.0,1.0,0.0,0.0,0.0,0.0,0.0,0.0,1.0,0.0,0.0,0.0,1.0,0.0
3365,0.467,0.571,0.437,0.458,0.498,0.466,0.067,0.375,3,2,2,0,TRAIN,3,0.0,0.0,0.0,1.0,0.0,0.0,0.0,0.0,1.0,0.0,0.0,0.0,1.0,0.0,0.0
3366,0.672,0.36,0.53,1.0,0.371,0.1,0.101,0.476,0,0,0,1,TRAIN,4,1.0,0.0,0.0,0.0,0.0,0.0,1.0,0.0,0.0,0.0,1.0,0.0,0.0,0.0,0.0
3367,0.288,0.595,0.317,0.931,0.256,0.763,0.007,0.215,3,2,3,1,TRAIN,3,0.0,0.0,0.0,1.0,0.0,0.0,0.0,0.0,1.0,0.0,0.0,0.0,0.0,1.0,0.0
3368,0.662,0.317,0.579,0.581,0.661,0.0,0.27,0.636,3,0,0,0,TRAIN,7,0.0,0.0,0.0,1.0,0.0,0.0,1.0,0.0,0.0,0.0,1.0,0.0,0.0,0.0,0.0
3369,0.589,0.867,0.573,0.0,0.439,0.97,0.065,0.579,4,2,1,1,TEST,6,0.0,0.0,0.0,0.0,1.0,0.0,0.0,0.0,1.0,0.0,0.0,1.0,0.0,0.0,0.0
3370,0.05,0.41,0.214,0.952,0.238,0.367,0.013,0.11,3,2,0,0,TEST,3,0.0,0.0,0.0,1.0,0.0,0.0,0.0,0.0,1.0,0.0,1.0,0.0,0.0,0.0,0.0
3371,0.369,0.493,0.408,0.648,0.401,0.544,0.042,0.307,3,2,0,0,VAL,3,0.0,0.0,0.0,1.0,0.0,0.0,0.0,0.0,1.0,0.0,1.0,0.0,0.0,0.0,0.0
3372,0.123,0.39,0.25,1.0,0.268,0.241,0.013,0.128,3,2,0,0,TRAIN,3,0.0,0.0,0.0,1.0,0.0,0.0,0.0,0.0,1.0,0.0,1.0,0.0,0.0,0.0,0.0
3373,0.971,0.419,0.054,0.657,0.233,0.466,0.013,0.002,2,1,1,1,TRAIN,8,0.0,0.0,1.0,0.0,0.0,0.0,0.0,1.0,0.0,0.0,0.0,1.0,0.0,0.0,0.0
3374,0.364,0.484,0.386,0.694,0.389,0.348,0.048,0.293,1,0,0,0,TRAIN,3,0.0,1.0,0.0,0.0,0.0,0.0,1.0,0.0,0.0,0.0,1.0,0.0,0.0,0.0,0.0
3375,0.474,0.404,0.428,1.0,0.397,0.453,0.029,0.328,0,0,1,0,VAL,4,1.0,0.0,0.0,0.0,0.0,0.0,1.0,0.0,0.0,0.0,0.0,1.0,0.0,0.0,0.0
3376,0.252,0.504,0.318,0.865,0.349,0.505,0.014,0.202,5,3,0,0,TEST,3,0.0,0.0,0.0,0.0,0.0,1.0,0.0,0.0,0.0,1.0,1.0,0.0,0.0,0.0,0.0
3377,0.33,0.533,0.375,0.62,0.451,0.339,0.05,0.329,5,2,2,0,TEST,3,0.0,0.0,0.0,0.0,0.0,1.0,0.0,0.0,1.0,0.0,0.0,0.0,1.0,0.0,0.0
3378,0.747,0.467,0.539,1.0,0.389,0.274,0.044,0.513,0,3,1,1,TRAIN,4,1.0,0.0,0.0,0.0,0.0,0.0,0.0,0.0,0.0,1.0,0.0,1.0,0.0,0.0,0.0
3379,0.558,0.575,0.505,0.427,0.386,0.506,0.103,0.465,2,0,1,0,TRAIN,2,0.0,0.0,1.0,0.0,0.0,0.0,1.0,0.0,0.0,0.0,0.0,1.0,0.0,0.0,0.0
3380,0.4,0.79,0.566,0.0,0.452,0.884,0.039,0.485,0,2,0,1,TEST,6,1.0,0.0,0.0,0.0,0.0,0.0,0.0,0.0,1.0,0.0,1.0,0.0,0.0,0.0,0.0
3381,0.354,0.429,0.413,0.777,0.381,0.394,0.075,0.319,2,1,0,0,TRAIN,3,0.0,0.0,1.0,0.0,0.0,0.0,0.0,1.0,0.0,0.0,1.0,0.0,0.0,0.0,0.0
3382,0.278,0.557,0.259,0.737,0.325,0.566,0.006,0.181,5,2,3,1,VAL,3,0.0,0.0,0.0,0.0,0.0,1.0,0.0,0.0,1.0,0.0,0.0,0.0,0.0,1.0,0.0
3383,0.541,0.304,0.557,0.76,0.688,0.0,0.397,0.553,2,1,0,1,TRAIN,7,0.0,0.0,1.0,0.0,0.0,0.0,0.0,1.0,0.0,0.0,1.0,0.0,0.0,0.0,0.0
3384,0.492,0.505,0.411,0.837,0.416,0.401,0.037,0.263,3,0,0,1,TEST,3,0.0,0.0,0.0,1.0,0.0,0.0,1.0,0.0,0.0,0.0,1.0,0.0,0.0,0.0,0.0
3385,0.548,0.225,0.534,1.0,0.402,0.084,0.102,0.349,0,0,1,1,TEST,7,1.0,0.0,0.0,0.0,0.0,0.0,1.0,0.0,0.0,0.0,0.0,1.0,0.0,0.0,0.0
3386,0.272,0.551,0.397,0.758,0.383,0.51,0.021,0.161,3,2,0,1,TEST,3,0.0,0.0,0.0,1.0,0.0,0.0,0.0,0.0,1.0,0.0,1.0,0.0,0.0,0.0,0.0
3387,0.593,0.64,0.525,0.174,0.453,0.685,0.035,0.375,1,1,4,0,TRAIN,2,0.0,1.0,0.0,0.0,0.0,0.0,0.0,1.0,0.0,0.0,0.0,0.0,0.0,0.0,1.0
3388,0.541,0.857,0.591,0.0,0.514,0.942,0.066,0.484,3,2,0,1,TRAIN,6,0.0,0.0,0.0,1.0,0.0,0.0,0.0,0.0,1.0,0.0,1.0,0.0,0.0,0.0,0.0
3389,0.742,0.233,0.538,0.766,0.711,0.044,0.273,0.564,0,0,0,0,TEST,7,1.0,0.0,0.0,0.0,0.0,0.0,1.0,0.0,0.0,0.0,1.0,0.0,0.0,0.0,0.0
3390,0.345,0.373,0.283,0.844,0.437,0.356,0.08,0.277,3,1,1,1,TRAIN,5,0.0,0.0,0.0,1.0,0.0,0.0,0.0,1.0,0.0,0.0,0.0,1.0,0.0,0.0,0.0
3391,0.598,0.844,0.64,0.0,0.587,0.887,0.14,0.578,3,1,1,1,TEST,6,0.0,0.0,0.0,1.0,0.0,0.0,0.0,1.0,0.0,0.0,0.0,1.0,0.0,0.0,0.0
3392,0.493,0.811,0.588,0.0,0.582,0.845,0.057,0.539,0,2,0,1,TEST,6,1.0,0.0,0.0,0.0,0.0,0.0,0.0,0.0,1.0,0.0,1.0,0.0,0.0,0.0,0.0
3393,0.407,0.886,0.535,0.0,0.468,0.904,0.035,0.493,3,2,0,1,TRAIN,6,0.0,0.0,0.0,1.0,0.0,0.0,0.0,0.0,1.0,0.0,1.0,0.0,0.0,0.0,0.0
3394,0.296,0.5,0.301,0.768,0.41,0.47,0.029,0.245,3,3,0,1,TRAIN,3,0.0,0.0,0.0,1.0,0.0,0.0,0.0,0.0,0.0,1.0,1.0,0.0,0.0,0.0,0.0
3395,0.709,0.581,0.54,0.624,0.484,0.685,0.082,0.435,3,2,0,1,TRAIN,3,0.0,0.0,0.0,1.0,0.0,0.0,0.0,0.0,1.0,0.0,1.0,0.0,0.0,0.0,0.0
3396,0.46,0.63,0.459,0.492,0.448,0.672,0.032,0.363,0,3,3,0,VAL,3,1.0,0.0,0.0,0.0,0.0,0.0,0.0,0.0,0.0,1.0,0.0,0.0,0.0,1.0,0.0
3397,0.624,0.804,0.603,0.0,0.653,0.926,0.202,0.648,1,0,0,1,TRAIN,6,0.0,1.0,0.0,0.0,0.0,0.0,1.0,0.0,0.0,0.0,1.0,0.0,0.0,0.0,0.0
3398,0.541,0.824,0.58,0.0,0.618,0.988,0.106,0.586,0,2,3,1,TRAIN,6,1.0,0.0,0.0,0.0,0.0,0.0,0.0,0.0,1.0,0.0,0.0,0.0,0.0,1.0,0.0
3399,0.391,0.698,0.533,0.166,0.432,0.809,0.062,0.322,3,0,1,1,TRAIN,1,0.0,0.0,0.0,1.0,0.0,0.0,1.0,0.0,0.0,0.0,0.0,1.0,0.0,0.0,0.0
3400,0.267,0.558,0.42,0.992,0.345,0.407,0.016,0.206,2,0,3,1,VAL,3,0.0,0.0,1.0,0.0,0.0,0.0,1.0,0.0,0.0,0.0,0.0,0.0,0.0,1.0,0.0
3401,0.355,0.634,0.381,0.76,0.297,0.421,0.014,0.225,2,0,0,1,TRAIN,3,0.0,0.0,1.0,0.0,0.0,0.0,1.0,0.0,0.0,0.0,1.0,0.0,0.0,0.0,0.0
3402,0.541,0.583,0.559,0.624,0.36,0.555,0.025,0.43,3,2,0,0,VAL,3,0.0,0.0,0.0,1.0,0.0,0.0,0.0,0.0,1.0,0.0,1.0,0.0,0.0,0.0,0.0
3403,0.441,0.609,0.408,0.592,0.499,0.59,0.021,0.302,2,2,0,1,VAL,3,0.0,0.0,1.0,0.0,0.0,0.0,0.0,0.0,1.0,0.0,1.0,0.0,0.0,0.0,0.0
3404,0.385,0.547,0.387,0.806,0.288,0.554,0.02,0.294,3,2,3,0,TRAIN,3,0.0,0.0,0.0,1.0,0.0,0.0,0.0,0.0,1.0,0.0,0.0,0.0,0.0,1.0,0.0
3405,0.3,0.506,0.345,0.684,0.396,0.353,0.02,0.265,1,2,0,0,VAL,3,0.0,1.0,0.0,0.0,0.0,0.0,0.0,0.0,1.0,0.0,1.0,0.0,0.0,0.0,0.0
3406,0.455,0.593,0.478,0.642,0.362,0.667,0.051,0.238,3,2,3,0,TRAIN,3,0.0,0.0,0.0,1.0,0.0,0.0,0.0,0.0,1.0,0.0,0.0,0.0,0.0,1.0,0.0
3407,0.438,0.517,0.387,0.83,0.375,0.475,0.029,0.315,5,3,3,0,TEST,3,0.0,0.0,0.0,0.0,0.0,1.0,0.0,0.0,0.0,1.0,0.0,0.0,0.0,1.0,0.0
3408,0.365,0.587,0.463,0.873,0.44,0.592,0.026,0.347,3,3,3,0,VAL,3,0.0,0.0,0.0,1.0,0.0,0.0,0.0,0.0,0.0,1.0,0.0,0.0,0.0,1.0,0.0
3409,0.118,0.49,0.773,0.436,0.718,0.385,0.329,0.829,0,2,0,1,TEST,7,1.0,0.0,0.0,0.0,0.0,0.0,0.0,0.0,1.0,0.0,1.0,0.0,0.0,0.0,0.0
3410,0.788,0.401,0.542,0.862,0.389,0.495,0.046,0.433,0,0,1,1,TRAIN,4,1.0,0.0,0.0,0.0,0.0,0.0,1.0,0.0,0.0,0.0,0.0,1.0,0.0,0.0,0.0
3411,0.446,0.596,0.443,0.652,0.379,0.559,0.025,0.355,1,1,3,1,TRAIN,3,0.0,1.0,0.0,0.0,0.0,0.0,0.0,1.0,0.0,0.0,0.0,0.0,0.0,1.0,0.0
3412,0.359,0.466,0.407,0.939,0.37,0.251,0.046,0.248,3,2,0,1,TRAIN,3,0.0,0.0,0.0,1.0,0.0,0.0,0.0,0.0,1.0,0.0,1.0,0.0,0.0,0.0,0.0
3413,0.62,0.852,0.558,0.0,0.459,1.0,0.045,0.535,3,2,0,1,TRAIN,6,0.0,0.0,0.0,1.0,0.0,0.0,0.0,0.0,1.0,0.0,1.0,0.0,0.0,0.0,0.0
3414,0.52,0.497,0.449,0.652,0.396,0.56,0.029,0.319,2,2,0,1,TRAIN,3,0.0,0.0,1.0,0.0,0.0,0.0,0.0,0.0,1.0,0.0,1.0,0.0,0.0,0.0,0.0
3415,0.295,0.473,0.347,0.862,0.416,0.332,0.029,0.181,5,2,0,1,TRAIN,3,0.0,0.0,0.0,0.0,0.0,1.0,0.0,0.0,1.0,0.0,1.0,0.0,0.0,0.0,0.0
3416,0.339,0.52,0.409,0.738,0.336,0.65,0.03,0.31,3,2,0,0,VAL,3,0.0,0.0,0.0,1.0,0.0,0.0,0.0,0.0,1.0,0.0,1.0,0.0,0.0,0.0,0.0
3417,0.543,0.55,0.518,0.736,0.371,0.535,0.036,0.427,3,2,0,1,TEST,3,0.0,0.0,0.0,1.0,0.0,0.0,0.0,0.0,1.0,0.0,1.0,0.0,0.0,0.0,0.0
3418,0.494,0.439,0.519,0.752,0.453,0.604,0.077,0.417,3,2,0,0,TRAIN,3,0.0,0.0,0.0,1.0,0.0,0.0,0.0,0.0,1.0,0.0,1.0,0.0,0.0,0.0,0.0
3419,0.714,0.777,0.583,0.0,0.511,0.807,0.151,0.607,4,2,3,1,TEST,6,0.0,0.0,0.0,0.0,1.0,0.0,0.0,0.0,1.0,0.0,0.0,0.0,0.0,1.0,0.0
3420,0.541,0.797,0.595,0.0,0.482,0.868,0.169,0.546,0,2,3,1,VAL,6,1.0,0.0,0.0,0.0,0.0,0.0,0.0,0.0,1.0,0.0,0.0,0.0,0.0,1.0,0.0
3421,0.59,0.27,0.437,0.835,0.558,0.0,0.21,0.36,0,3,0,0,TEST,7,1.0,0.0,0.0,0.0,0.0,0.0,0.0,0.0,0.0,1.0,1.0,0.0,0.0,0.0,0.0
3422,0.521,0.533,0.499,0.583,0.482,0.535,0.076,0.412,3,3,0,0,VAL,3,0.0,0.0,0.0,1.0,0.0,0.0,0.0,0.0,0.0,1.0,1.0,0.0,0.0,0.0,0.0
3423,0.367,0.559,0.432,0.888,0.427,0.45,0.047,0.275,3,2,0,1,TRAIN,3,0.0,0.0,0.0,1.0,0.0,0.0,0.0,0.0,1.0,0.0,1.0,0.0,0.0,0.0,0.0
3424,0.427,0.629,0.411,0.0,0.579,0.62,0.194,0.47,3,0,0,0,TEST,2,0.0,0.0,0.0,1.0,0.0,0.0,1.0,0.0,0.0,0.0,1.0,0.0,0.0,0.0,0.0
3425,0.463,0.482,0.469,0.75,0.381,0.478,0.028,0.331,2,2,3,0,TRAIN,3,0.0,0.0,1.0,0.0,0.0,0.0,0.0,0.0,1.0,0.0,0.0,0.0,0.0,1.0,0.0
3426,0.404,0.543,0.357,0.628,0.337,0.482,0.031,0.276,3,2,0,1,TEST,3,0.0,0.0,0.0,1.0,0.0,0.0,0.0,0.0,1.0,0.0,1.0,0.0,0.0,0.0,0.0
3427,0.803,0.349,0.607,1.0,0.507,0.202,0.055,0.488,0,3,3,1,VAL,4,1.0,0.0,0.0,0.0,0.0,0.0,0.0,0.0,0.0,1.0,0.0,0.0,0.0,1.0,0.0
3428,0.334,0.761,0.383,0.0,0.325,0.902,0.041,0.265,3,0,0,1,TRAIN,1,0.0,0.0,0.0,1.0,0.0,0.0,1.0,0.0,0.0,0.0,1.0,0.0,0.0,0.0,0.0
3429,0.456,0.354,0.409,0.251,0.511,0.156,0.261,0.351,2,3,0,1,TEST,7,0.0,0.0,1.0,0.0,0.0,0.0,0.0,0.0,0.0,1.0,1.0,0.0,0.0,0.0,0.0
3430,0.59,0.476,0.431,0.0,0.665,0.396,0.36,0.561,1,1,1,0,TEST,2,0.0,1.0,0.0,0.0,0.0,0.0,0.0,1.0,0.0,0.0,0.0,1.0,0.0,0.0,0.0
3431,0.8,0.398,0.592,0.281,0.714,0.122,0.453,0.697,4,2,0,0,VAL,7,0.0,0.0,0.0,0.0,1.0,0.0,0.0,0.0,1.0,0.0,1.0,0.0,0.0,0.0,0.0
3432,0.619,0.42,0.602,1.0,0.586,0.447,0.11,0.46,0,0,1,1,TRAIN,4,1.0,0.0,0.0,0.0,0.0,0.0,1.0,0.0,0.0,0.0,0.0,1.0,0.0,0.0,0.0
3433,0.421,0.516,0.366,0.0,0.567,0.356,0.342,0.494,4,1,0,0,TRAIN,2,0.0,0.0,0.0,0.0,1.0,0.0,0.0,1.0,0.0,0.0,1.0,0.0,0.0,0.0,0.0
3434,0.411,0.85,0.582,0.0,0.614,1.0,0.138,0.486,3,2,0,1,VAL,6,0.0,0.0,0.0,1.0,0.0,0.0,0.0,0.0,1.0,0.0,1.0,0.0,0.0,0.0,0.0
3435,0.343,0.505,0.51,0.665,0.383,0.468,0.048,0.359,3,0,3,0,TEST,3,0.0,0.0,0.0,1.0,0.0,0.0,1.0,0.0,0.0,0.0,0.0,0.0,0.0,1.0,0.0
3436,0.471,0.823,0.599,0.0,0.448,0.969,0.023,0.457,0,3,1,1,VAL,6,1.0,0.0,0.0,0.0,0.0,0.0,0.0,0.0,0.0,1.0,0.0,1.0,0.0,0.0,0.0
3437,0.404,0.556,0.382,1.0,0.22,0.702,0.004,0.155,2,2,0,1,TEST,5,0.0,0.0,1.0,0.0,0.0,0.0,0.0,0.0,1.0,0.0,1.0,0.0,0.0,0.0,0.0
3438,0.471,0.573,0.478,0.568,0.55,0.371,0.035,0.342,1,2,3,0,TEST,3,0.0,1.0,0.0,0.0,0.0,0.0,0.0,0.0,1.0,0.0,0.0,0.0,0.0,1.0,0.0
3439,0.52,0.535,0.417,0.77,0.364,0.496,0.022,0.337,3,3,0,1,TRAIN,3,0.0,0.0,0.0,1.0,0.0,0.0,0.0,0.0,0.0,1.0,1.0,0.0,0.0,0.0,0.0
3440,0.657,0.158,0.585,1.0,0.695,0.0,0.362,0.528,2,0,0,0,TEST,7,0.0,0.0,1.0,0.0,0.0,0.0,1.0,0.0,0.0,0.0,1.0,0.0,0.0,0.0,0.0
3441,0.045,0.724,0.257,0.392,0.222,0.63,0.005,0.034,2,1,0,0,TEST,5,0.0,0.0,1.0,0.0,0.0,0.0,0.0,1.0,0.0,0.0,1.0,0.0,0.0,0.0,0.0
3442,0.474,0.577,0.383,0.562,0.433,0.605,0.038,0.407,2,2,0,0,TRAIN,3,0.0,0.0,1.0,0.0,0.0,0.0,0.0,0.0,1.0,0.0,1.0,0.0,0.0,0.0,0.0
3443,0.66,0.266,0.565,1.0,0.617,0.19,0.228,0.479,0,0,0,1,TEST,7,1.0,0.0,0.0,0.0,0.0,0.0,1.0,0.0,0.0,0.0,1.0,0.0,0.0,0.0,0.0
3444,0.2,0.459,0.287,0.931,0.31,0.417,0.028,0.092,2,0,0,0,VAL,8,0.0,0.0,1.0,0.0,0.0,0.0,1.0,0.0,0.0,0.0,1.0,0.0,0.0,0.0,0.0
3445,0.317,0.514,0.401,0.981,0.377,0.281,0.023,0.226,3,2,3,0,TRAIN,3,0.0,0.0,0.0,1.0,0.0,0.0,0.0,0.0,1.0,0.0,0.0,0.0,0.0,1.0,0.0
3446,0.394,0.641,0.359,0.766,0.082,0.631,0.013,0.211,3,2,3,0,TRAIN,3,0.0,0.0,0.0,1.0,0.0,0.0,0.0,0.0,1.0,0.0,0.0,0.0,0.0,1.0,0.0
3447,0.389,0.591,0.445,0.98,0.264,0.532,0.004,0.192,2,1,1,1,TEST,8,0.0,0.0,1.0,0.0,0.0,0.0,0.0,1.0,0.0,0.0,0.0,1.0,0.0,0.0,0.0
3448,0.578,0.807,0.607,0.0,0.511,0.883,0.186,0.648,0,2,0,0,TRAIN,6,1.0,0.0,0.0,0.0,0.0,0.0,0.0,0.0,1.0,0.0,1.0,0.0,0.0,0.0,0.0
3449,0.362,0.617,0.48,0.594,0.395,0.578,0.029,0.303,1,3,0,0,VAL,3,0.0,1.0,0.0,0.0,0.0,0.0,0.0,0.0,0.0,1.0,1.0,0.0,0.0,0.0,0.0
3450,0.734,0.374,0.617,1.0,0.409,0.263,0.147,0.544,4,3,1,1,TRAIN,4,0.0,0.0,0.0,0.0,1.0,0.0,0.0,0.0,0.0,1.0,0.0,1.0,0.0,0.0,0.0
3451,0.432,0.867,0.582,0.0,0.397,0.852,0.018,0.423,3,2,2,0,TRAIN,6,0.0,0.0,0.0,1.0,0.0,0.0,0.0,0.0,1.0,0.0,0.0,0.0,1.0,0.0,0.0
3452,0.467,0.906,0.638,0.0,0.545,0.998,0.074,0.482,0,0,2,1,VAL,6,1.0,0.0,0.0,0.0,0.0,0.0,1.0,0.0,0.0,0.0,0.0,0.0,1.0,0.0,0.0
3453,0.304,0.641,0.414,0.0,0.599,0.853,0.177,0.507,1,2,1,0,VAL,2,0.0,1.0,0.0,0.0,0.0,0.0,0.0,0.0,1.0,0.0,0.0,1.0,0.0,0.0,0.0
3454,0.476,0.516,0.491,0.0,0.614,0.457,0.271,0.493,1,1,1,1,TRAIN,2,0.0,1.0,0.0,0.0,0.0,0.0,0.0,1.0,0.0,0.0,0.0,1.0,0.0,0.0,0.0
3455,0.557,0.54,0.45,0.633,0.35,0.563,0.023,0.364,3,2,3,1,TRAIN,3,0.0,0.0,0.0,1.0,0.0,0.0,0.0,0.0,1.0,0.0,0.0,0.0,0.0,1.0,0.0
3456,0.31,0.488,0.272,0.727,0.326,0.471,0.037,0.096,3,3,0,0,TEST,3,0.0,0.0,0.0,1.0,0.0,0.0,0.0,0.0,0.0,1.0,1.0,0.0,0.0,0.0,0.0
3457,0.379,0.452,0.316,0.768,0.418,0.397,0.06,0.222,5,2,0,0,TEST,3,0.0,0.0,0.0,0.0,0.0,1.0,0.0,0.0,1.0,0.0,1.0,0.0,0.0,0.0,0.0
3458,0.705,0.818,0.67,0.0,0.611,1.0,0.168,0.723,0,2,0,1,TRAIN,6,1.0,0.0,0.0,0.0,0.0,0.0,0.0,0.0,1.0,0.0,1.0,0.0,0.0,0.0,0.0
3459,0.431,0.47,0.429,0.601,0.384,0.415,0.044,0.286,3,0,0,1,TRAIN,3,0.0,0.0,0.0,1.0,0.0,0.0,1.0,0.0,0.0,0.0,1.0,0.0,0.0,0.0,0.0
3460,0.502,0.6,0.362,0.712,0.447,0.571,0.019,0.278,3,2,3,0,TRAIN,3,0.0,0.0,0.0,1.0,0.0,0.0,0.0,0.0,1.0,0.0,0.0,0.0,0.0,1.0,0.0
3461,0.626,0.804,0.678,0.0,0.683,0.895,0.133,0.634,3,2,0,1,TRAIN,6,0.0,0.0,0.0,1.0,0.0,0.0,0.0,0.0,1.0,0.0,1.0,0.0,0.0,0.0,0.0
3462,0.077,0.475,0.754,1.0,0.559,0.489,0.101,0.727,4,0,1,1,TRAIN,4,0.0,0.0,0.0,0.0,1.0,0.0,1.0,0.0,0.0,0.0,0.0,1.0,0.0,0.0,0.0
3463,0.951,0.305,0.706,1.0,0.626,0.027,0.139,0.668,0,0,0,0,TRAIN,7,1.0,0.0,0.0,0.0,0.0,0.0,1.0,0.0,0.0,0.0,1.0,0.0,0.0,0.0,0.0
3464,0.427,0.581,0.297,0.691,0.358,0.532,0.015,0.3,2,2,0,1,TRAIN,3,0.0,0.0,1.0,0.0,0.0,0.0,0.0,0.0,1.0,0.0,1.0,0.0,0.0,0.0,0.0
3465,0.469,0.485,0.457,0.705,0.35,0.503,0.028,0.254,3,2,0,1,TRAIN,3,0.0,0.0,0.0,1.0,0.0,0.0,0.0,0.0,1.0,0.0,1.0,0.0,0.0,0.0,0.0
3466,0.556,0.116,0.349,1.0,0.58,0.0,0.396,0.486,0,0,3,0,TEST,7,1.0,0.0,0.0,0.0,0.0,0.0,1.0,0.0,0.0,0.0,0.0,0.0,0.0,1.0,0.0
3467,0.604,0.48,0.528,0.643,0.497,0.718,0.052,0.432,2,2,0,0,VAL,3,0.0,0.0,1.0,0.0,0.0,0.0,0.0,0.0,1.0,0.0,1.0,0.0,0.0,0.0,0.0
3468,0.328,0.364,0.381,0.825,0.437,0.216,0.112,0.249,2,1,0,1,TRAIN,3,0.0,0.0,1.0,0.0,0.0,0.0,0.0,1.0,0.0,0.0,1.0,0.0,0.0,0.0,0.0
3469,0.425,0.479,0.312,0.772,0.314,0.334,0.013,0.237,3,2,0,1,VAL,3,0.0,0.0,0.0,1.0,0.0,0.0,0.0,0.0,1.0,0.0,1.0,0.0,0.0,0.0,0.0
3470,0.257,0.51,0.371,0.76,0.343,0.392,0.031,0.241,2,2,0,1,TRAIN,3,0.0,0.0,1.0,0.0,0.0,0.0,0.0,0.0,1.0,0.0,1.0,0.0,0.0,0.0,0.0
3471,0.435,0.624,0.383,0.574,0.351,0.451,0.025,0.333,3,3,0,0,TEST,3,0.0,0.0,0.0,1.0,0.0,0.0,0.0,0.0,0.0,1.0,1.0,0.0,0.0,0.0,0.0
3472,0.248,0.58,0.345,1.0,0.185,0.548,0.003,0.145,2,2,0,1,TRAIN,8,0.0,0.0,1.0,0.0,0.0,0.0,0.0,0.0,1.0,0.0,1.0,0.0,0.0,0.0,0.0
3473,0.451,0.482,0.479,0.0,0.564,0.43,0.29,0.494,2,1,1,1,VAL,2,0.0,0.0,1.0,0.0,0.0,0.0,0.0,1.0,0.0,0.0,0.0,1.0,0.0,0.0,0.0
3474,0.383,0.468,0.342,0.768,0.318,0.54,0.026,0.206,3,2,2,0,VAL,3,0.0,0.0,0.0,1.0,0.0,0.0,0.0,0.0,1.0,0.0,0.0,0.0,1.0,0.0,0.0
3475,0.4,0.582,0.44,0.723,0.32,0.631,0.035,0.277,2,3,3,0,TRAIN,3,0.0,0.0,1.0,0.0,0.0,0.0,0.0,0.0,0.0,1.0,0.0,0.0,0.0,1.0,0.0
3476,0.589,0.324,0.471,1.0,0.52,0.314,0.103,0.366,2,1,0,0,TRAIN,5,0.0,0.0,1.0,0.0,0.0,0.0,0.0,1.0,0.0,0.0,1.0,0.0,0.0,0.0,0.0
3477,0.764,0.411,0.519,1.0,0.428,0.391,0.079,0.516,0,3,2,1,TRAIN,4,1.0,0.0,0.0,0.0,0.0,0.0,0.0,0.0,0.0,1.0,0.0,0.0,1.0,0.0,0.0
3478,0.401,0.45,0.425,0.0,0.582,0.23,0.489,0.53,3,3,4,0,TEST,2,0.0,0.0,0.0,1.0,0.0,0.0,0.0,0.0,0.0,1.0,0.0,0.0,0.0,0.0,1.0
3479,0.922,0.271,0.592,1.0,0.463,0.118,0.246,0.62,5,1,0,0,TRAIN,7,0.0,0.0,0.0,0.0,0.0,1.0,0.0,1.0,0.0,0.0,1.0,0.0,0.0,0.0,0.0
3480,0.417,0.622,0.492,0.692,0.324,0.777,0.008,0.32,2,2,0,0,VAL,3,0.0,0.0,1.0,0.0,0.0,0.0,0.0,0.0,1.0,0.0,1.0,0.0,0.0,0.0,0.0
3481,0.265,0.556,0.308,0.991,0.276,0.631,0.006,0.171,2,1,3,0,TRAIN,3,0.0,0.0,1.0,0.0,0.0,0.0,0.0,1.0,0.0,0.0,0.0,0.0,0.0,1.0,0.0
3482,0.63,0.46,0.532,0.618,0.419,0.218,0.167,0.523,4,3,3,1,TRAIN,4,0.0,0.0,0.0,0.0,1.0,0.0,0.0,0.0,0.0,1.0,0.0,0.0,0.0,1.0,0.0
3483,0.434,0.483,0.412,0.863,0.423,0.409,0.027,0.275,5,2,0,1,TEST,3,0.0,0.0,0.0,0.0,0.0,1.0,0.0,0.0,1.0,0.0,1.0,0.0,0.0,0.0,0.0
3484,0.358,0.512,0.443,0.779,0.29,0.556,0.056,0.317,3,3,0,0,TEST,3,0.0,0.0,0.0,1.0,0.0,0.0,0.0,0.0,0.0,1.0,1.0,0.0,0.0,0.0,0.0
3485,0.059,0.203,0.691,1.0,0.535,0.037,0.347,0.726,0,0,0,1,VAL,7,1.0,0.0,0.0,0.0,0.0,0.0,1.0,0.0,0.0,0.0,1.0,0.0,0.0,0.0,0.0
3486,0.398,0.565,0.423,0.706,0.221,0.445,0.036,0.227,3,1,0,0,TEST,3,0.0,0.0,0.0,1.0,0.0,0.0,0.0,1.0,0.0,0.0,1.0,0.0,0.0,0.0,0.0
3487,0.648,0.768,0.672,0.0,0.796,0.78,0.369,0.693,4,2,0,1,TEST,6,0.0,0.0,0.0,0.0,1.0,0.0,0.0,0.0,1.0,0.0,1.0,0.0,0.0,0.0,0.0
3488,0.352,0.599,0.413,0.925,0.208,0.416,0.018,0.258,2,2,0,0,TRAIN,3,0.0,0.0,1.0,0.0,0.0,0.0,0.0,0.0,1.0,0.0,1.0,0.0,0.0,0.0,0.0
3489,0.561,0.865,0.613,0.0,0.514,0.967,0.098,0.632,3,2,1,0,TRAIN,6,0.0,0.0,0.0,1.0,0.0,0.0,0.0,0.0,1.0,0.0,0.0,1.0,0.0,0.0,0.0
3490,0.507,0.545,0.374,0.576,0.486,0.599,0.05,0.434,3,2,3,0,TEST,3,0.0,0.0,0.0,1.0,0.0,0.0,0.0,0.0,1.0,0.0,0.0,0.0,0.0,1.0,0.0
3491,0.48,0.821,0.626,0.0,0.566,0.906,0.157,0.636,3,2,1,1,TRAIN,6,0.0,0.0,0.0,1.0,0.0,0.0,0.0,0.0,1.0,0.0,0.0,1.0,0.0,0.0,0.0
3492,0.573,0.861,0.628,0.0,0.439,1.0,0.066,0.503,3,3,1,1,TRAIN,6,0.0,0.0,0.0,1.0,0.0,0.0,0.0,0.0,0.0,1.0,0.0,1.0,0.0,0.0,0.0
3493,0.703,0.773,0.603,0.0,0.679,0.705,0.195,0.741,5,2,0,0,TRAIN,6,0.0,0.0,0.0,0.0,0.0,1.0,0.0,0.0,1.0,0.0,1.0,0.0,0.0,0.0,0.0
3494,0.227,0.488,0.344,0.695,0.411,0.306,0.024,0.23,5,1,0,0,VAL,3,0.0,0.0,0.0,0.0,0.0,1.0,0.0,1.0,0.0,0.0,1.0,0.0,0.0,0.0,0.0
3495,0.641,0.461,0.471,0.795,0.543,0.302,0.056,0.336,3,2,0,0,TRAIN,3,0.0,0.0,0.0,1.0,0.0,0.0,0.0,0.0,1.0,0.0,1.0,0.0,0.0,0.0,0.0
3496,0.384,0.598,0.502,0.53,0.313,0.582,0.04,0.231,3,2,3,1,TRAIN,3,0.0,0.0,0.0,1.0,0.0,0.0,0.0,0.0,1.0,0.0,0.0,0.0,0.0,1.0,0.0
3497,0.938,0.188,0.599,1.0,0.543,0.0,0.282,0.582,0,0,0,0,TRAIN,7,1.0,0.0,0.0,0.0,0.0,0.0,1.0,0.0,0.0,0.0,1.0,0.0,0.0,0.0,0.0
3498,0.112,0.517,0.288,0.637,0.253,0.445,0.008,0.116,1,1,1,0,TRAIN,8,0.0,1.0,0.0,0.0,0.0,0.0,0.0,1.0,0.0,0.0,0.0,1.0,0.0,0.0,0.0
3499,0.367,0.58,0.311,0.756,0.241,0.711,0.005,0.205,2,3,3,0,TEST,3,0.0,0.0,1.0,0.0,0.0,0.0,0.0,0.0,0.0,1.0,0.0,0.0,0.0,1.0,0.0
3500,0.13,0.565,0.285,0.836,0.237,0.497,0.006,0.111,3,2,3,0,TRAIN,3,0.0,0.0,0.0,1.0,0.0,0.0,0.0,0.0,1.0,0.0,0.0,0.0,0.0,1.0,0.0
3501,0.313,0.526,0.438,0.794,0.312,0.517,0.019,0.284,2,2,0,1,TRAIN,3,0.0,0.0,1.0,0.0,0.0,0.0,0.0,0.0,1.0,0.0,1.0,0.0,0.0,0.0,0.0
3502,0.155,0.476,0.112,1.0,0.332,0.264,0.013,0.08,1,3,0,0,TEST,3,0.0,1.0,0.0,0.0,0.0,0.0,0.0,0.0,0.0,1.0,1.0,0.0,0.0,0.0,0.0
3503,0.454,0.598,0.461,0.541,0.411,0.625,0.04,0.312,5,2,0,0,VAL,3,0.0,0.0,0.0,0.0,0.0,1.0,0.0,0.0,1.0,0.0,1.0,0.0,0.0,0.0,0.0
3504,0.539,0.491,0.429,0.835,0.343,0.388,0.028,0.282,3,2,2,0,TRAIN,3,0.0,0.0,0.0,1.0,0.0,0.0,0.0,0.0,1.0,0.0,0.0,0.0,1.0,0.0,0.0
3505,0.387,0.533,0.323,0.92,0.298,0.515,0.012,0.23,3,3,0,0,TRAIN,3,0.0,0.0,0.0,1.0,0.0,0.0,0.0,0.0,0.0,1.0,1.0,0.0,0.0,0.0,0.0
3506,0.529,0.472,0.485,0.0,0.656,0.196,0.392,0.511,2,0,4,0,VAL,2,0.0,0.0,1.0,0.0,0.0,0.0,1.0,0.0,0.0,0.0,0.0,0.0,0.0,0.0,1.0
3507,0.496,0.636,0.473,0.624,0.344,0.831,0.011,0.335,2,2,0,1,TRAIN,3,0.0,0.0,1.0,0.0,0.0,0.0,0.0,0.0,1.0,0.0,1.0,0.0,0.0,0.0,0.0
3508,0.617,0.852,0.609,0.0,0.652,0.908,0.105,0.677,2,2,1,1,TRAIN,6,0.0,0.0,1.0,0.0,0.0,0.0,0.0,0.0,1.0,0.0,0.0,1.0,0.0,0.0,0.0
3509,0.843,0.271,0.621,1.0,0.521,0.031,0.088,0.571,5,0,0,0,TEST,7,0.0,0.0,0.0,0.0,0.0,1.0,1.0,0.0,0.0,0.0,1.0,0.0,0.0,0.0,0.0
3510,0.329,0.49,0.249,0.723,0.355,0.473,0.029,0.182,0,1,2,1,TRAIN,5,1.0,0.0,0.0,0.0,0.0,0.0,0.0,1.0,0.0,0.0,0.0,0.0,1.0,0.0,0.0
3511,0.523,0.469,0.488,0.0,0.69,0.337,0.391,0.556,0,0,0,0,TRAIN,7,1.0,0.0,0.0,0.0,0.0,0.0,1.0,0.0,0.0,0.0,1.0,0.0,0.0,0.0,0.0
3512,0.566,0.396,0.519,0.0,0.808,0.102,0.589,0.64,1,2,4,1,VAL,2,0.0,1.0,0.0,0.0,0.0,0.0,0.0,0.0,1.0,0.0,0.0,0.0,0.0,0.0,1.0
3513,0.412,0.544,0.457,0.0,0.664,0.423,0.412,0.564,2,2,1,0,TRAIN,2,0.0,0.0,1.0,0.0,0.0,0.0,0.0,0.0,1.0,0.0,0.0,1.0,0.0,0.0,0.0
3514,0.592,0.501,0.474,0.662,0.524,0.444,0.058,0.419,2,3,0,0,TEST,3,0.0,0.0,1.0,0.0,0.0,0.0,0.0,0.0,0.0,1.0,1.0,0.0,0.0,0.0,0.0
3515,0.227,0.465,0.269,0.493,0.331,0.286,0.049,0.132,2,1,0,0,TRAIN,5,0.0,0.0,1.0,0.0,0.0,0.0,0.0,1.0,0.0,0.0,1.0,0.0,0.0,0.0,0.0
3516,0.53,0.508,0.48,0.7,0.356,0.31,0.059,0.403,3,0,3,0,TRAIN,3,0.0,0.0,0.0,1.0,0.0,0.0,1.0,0.0,0.0,0.0,0.0,0.0,0.0,1.0,0.0
3517,0.674,0.37,0.613,0.583,0.507,0.211,0.212,0.602,5,0,0,0,TEST,7,0.0,0.0,0.0,0.0,0.0,1.0,1.0,0.0,0.0,0.0,1.0,0.0,0.0,0.0,0.0
3518,0.165,0.577,0.206,1.0,0.119,0.622,0.001,0.013,2,2,3,1,TRAIN,3,0.0,0.0,1.0,0.0,0.0,0.0,0.0,0.0,1.0,0.0,0.0,0.0,0.0,1.0,0.0
3519,0.39,0.474,0.399,0.747,0.437,0.511,0.05,0.291,3,3,3,0,TRAIN,3,0.0,0.0,0.0,1.0,0.0,0.0,0.0,0.0,0.0,1.0,0.0,0.0,0.0,1.0,0.0
3520,0.622,0.83,0.615,0.0,0.61,0.817,0.21,0.683,4,0,1,1,TEST,6,0.0,0.0,0.0,0.0,1.0,0.0,1.0,0.0,0.0,0.0,0.0,1.0,0.0,0.0,0.0
3521,0.369,0.544,0.472,0.723,0.43,0.372,0.026,0.33,3,2,0,1,TRAIN,3,0.0,0.0,0.0,1.0,0.0,0.0,0.0,0.0,1.0,0.0,1.0,0.0,0.0,0.0,0.0
3522,0.202,0.565,0.303,0.638,0.304,0.64,0.012,0.109,3,1,0,1,TRAIN,3,0.0,0.0,0.0,1.0,0.0,0.0,0.0,1.0,0.0,0.0,1.0,0.0,0.0,0.0,0.0
3523,0.538,0.869,0.561,0.0,0.455,1.0,0.015,0.535,0,0,1,1,TEST,6,1.0,0.0,0.0,0.0,0.0,0.0,1.0,0.0,0.0,0.0,0.0,1.0,0.0,0.0,0.0
3524,0.807,0.257,0.564,1.0,0.569,0.0,0.198,0.584,2,2,0,0,TEST,7,0.0,0.0,1.0,0.0,0.0,0.0,0.0,0.0,1.0,0.0,1.0,0.0,0.0,0.0,0.0
3525,0.499,0.813,0.546,0.0,0.574,1.0,0.12,0.472,2,0,3,1,VAL,6,0.0,0.0,1.0,0.0,0.0,0.0,1.0,0.0,0.0,0.0,0.0,0.0,0.0,1.0,0.0
3526,0.275,0.244,0.187,0.365,0.71,0.052,0.375,0.259,0,0,0,0,TRAIN,7,1.0,0.0,0.0,0.0,0.0,0.0,1.0,0.0,0.0,0.0,1.0,0.0,0.0,0.0,0.0
3527,0.517,0.586,0.346,0.847,0.388,0.574,0.013,0.308,3,2,0,0,TRAIN,3,0.0,0.0,0.0,1.0,0.0,0.0,0.0,0.0,1.0,0.0,1.0,0.0,0.0,0.0,0.0
3528,0.558,0.151,0.382,0.783,0.636,0.0,0.385,0.414,5,0,0,0,TRAIN,7,0.0,0.0,0.0,0.0,0.0,1.0,1.0,0.0,0.0,0.0,1.0,0.0,0.0,0.0,0.0
3529,0.547,0.851,0.576,0.0,0.518,0.964,0.09,0.532,4,2,1,0,VAL,6,0.0,0.0,0.0,0.0,1.0,0.0,0.0,0.0,1.0,0.0,0.0,1.0,0.0,0.0,0.0
3530,0.551,0.386,0.562,0.0,0.885,0.221,0.696,0.572,3,2,1,0,TRAIN,2,0.0,0.0,0.0,1.0,0.0,0.0,0.0,0.0,1.0,0.0,0.0,1.0,0.0,0.0,0.0
3531,0.372,0.605,0.291,0.753,0.3,0.523,0.014,0.18,2,2,0,0,TRAIN,3,0.0,0.0,1.0,0.0,0.0,0.0,0.0,0.0,1.0,0.0,1.0,0.0,0.0,0.0,0.0
3532,0.464,0.536,0.383,0.804,0.264,0.569,0.03,0.252,1,2,3,1,TRAIN,3,0.0,1.0,0.0,0.0,0.0,0.0,0.0,0.0,1.0,0.0,0.0,0.0,0.0,1.0,0.0
3533,0.431,0.474,0.354,0.914,0.293,0.388,0.022,0.255,3,2,3,0,TEST,3,0.0,0.0,0.0,1.0,0.0,0.0,0.0,0.0,1.0,0.0,0.0,0.0,0.0,1.0,0.0
3534,0.24,0.539,0.42,0.534,0.395,0.527,0.019,0.228,1,3,3,1,TRAIN,3,0.0,1.0,0.0,0.0,0.0,0.0,0.0,0.0,0.0,1.0,0.0,0.0,0.0,1.0,0.0
3535,0.445,0.259,0.405,1.0,0.451,0.165,0.031,0.258,4,0,3,0,TEST,4,0.0,0.0,0.0,0.0,1.0,0.0,1.0,0.0,0.0,0.0,0.0,0.0,0.0,1.0,0.0
3536,0.609,0.863,0.637,0.0,0.599,0.924,0.098,0.584,0,2,1,0,TRAIN,6,1.0,0.0,0.0,0.0,0.0,0.0,0.0,0.0,1.0,0.0,0.0,1.0,0.0,0.0,0.0
3537,0.361,0.542,0.445,0.0,0.617,0.338,0.414,0.585,3,2,4,1,TRAIN,2,0.0,0.0,0.0,1.0,0.0,0.0,0.0,0.0,1.0,0.0,0.0,0.0,0.0,0.0,1.0
3538,0.371,0.569,0.463,0.884,0.282,0.579,0.008,0.19,3,2,0,0,TRAIN,3,0.0,0.0,0.0,1.0,0.0,0.0,0.0,0.0,1.0,0.0,1.0,0.0,0.0,0.0,0.0
3539,0.33,0.467,0.347,0.61,0.353,0.293,0.036,0.278,3,2,3,0,TRAIN,3,0.0,0.0,0.0,1.0,0.0,0.0,0.0,0.0,1.0,0.0,0.0,0.0,0.0,1.0,0.0
3540,0.253,0.579,0.297,0.803,0.205,0.532,0.016,0.163,3,2,3,0,VAL,3,0.0,0.0,0.0,1.0,0.0,0.0,0.0,0.0,1.0,0.0,0.0,0.0,0.0,1.0,0.0
3541,0.577,0.853,0.598,0.0,0.56,0.991,0.075,0.551,5,2,0,0,VAL,6,0.0,0.0,0.0,0.0,0.0,1.0,0.0,0.0,1.0,0.0,1.0,0.0,0.0,0.0,0.0
3542,0.453,0.65,0.506,0.0,0.486,0.614,0.114,0.391,1,0,0,0,TRAIN,1,0.0,1.0,0.0,0.0,0.0,0.0,1.0,0.0,0.0,0.0,1.0,0.0,0.0,0.0,0.0
3543,0.575,0.594,0.429,0.594,0.377,0.703,0.017,0.366,3,3,3,1,TRAIN,3,0.0,0.0,0.0,1.0,0.0,0.0,0.0,0.0,0.0,1.0,0.0,0.0,0.0,1.0,0.0
3544,0.475,0.491,0.333,0.944,0.335,0.615,0.021,0.263,4,1,2,0,TRAIN,5,0.0,0.0,0.0,0.0,1.0,0.0,0.0,1.0,0.0,0.0,0.0,0.0,1.0,0.0,0.0
3545,0.284,0.46,0.355,0.463,0.444,0.356,0.087,0.273,3,2,0,0,VAL,3,0.0,0.0,0.0,1.0,0.0,0.0,0.0,0.0,1.0,0.0,1.0,0.0,0.0,0.0,0.0
3546,0.997,0.155,0.698,1.0,0.784,0.0,0.265,0.716,2,1,0,0,TRAIN,7,0.0,0.0,1.0,0.0,0.0,0.0,0.0,1.0,0.0,0.0,1.0,0.0,0.0,0.0,0.0
3547,0.305,0.63,0.375,0.7,0.266,0.522,0.007,0.243,3,2,0,1,TEST,3,0.0,0.0,0.0,1.0,0.0,0.0,0.0,0.0,1.0,0.0,1.0,0.0,0.0,0.0,0.0
3548,0.704,0.23,0.495,0.991,0.646,0.0,0.323,0.504,5,0,1,0,TRAIN,7,0.0,0.0,0.0,0.0,0.0,1.0,1.0,0.0,0.0,0.0,0.0,1.0,0.0,0.0,0.0
3549,0.537,0.643,0.469,0.568,0.43,0.634,0.035,0.346,1,2,0,1,TEST,3,0.0,1.0,0.0,0.0,0.0,0.0,0.0,0.0,1.0,0.0,1.0,0.0,0.0,0.0,0.0
3550,0.492,0.519,0.482,0.532,0.474,0.586,0.064,0.503,2,2,0,1,TRAIN,3,0.0,0.0,1.0,0.0,0.0,0.0,0.0,0.0,1.0,0.0,1.0,0.0,0.0,0.0,0.0
3551,0.421,0.548,0.401,0.619,0.459,0.498,0.032,0.367,2,2,3,1,VAL,3,0.0,0.0,1.0,0.0,0.0,0.0,0.0,0.0,1.0,0.0,0.0,0.0,0.0,1.0,0.0
3552,0.481,0.627,0.394,0.661,0.308,0.635,0.012,0.267,5,2,3,0,TRAIN,3,0.0,0.0,0.0,0.0,0.0,1.0,0.0,0.0,1.0,0.0,0.0,0.0,0.0,1.0,0.0
3553,0.657,0.221,0.46,0.862,0.657,0.023,0.291,0.554,0,3,0,1,TRAIN,7,1.0,0.0,0.0,0.0,0.0,0.0,0.0,0.0,0.0,1.0,1.0,0.0,0.0,0.0,0.0
3554,0.257,0.732,0.278,0.575,0.216,0.785,0.001,0.077,0,1,1,1,VAL,5,1.0,0.0,0.0,0.0,0.0,0.0,0.0,1.0,0.0,0.0,0.0,1.0,0.0,0.0,0.0
3555,0.356,0.63,0.396,0.723,0.224,0.542,0.012,0.173,1,2,0,0,TEST,3,0.0,1.0,0.0,0.0,0.0,0.0,0.0,0.0,1.0,0.0,1.0,0.0,0.0,0.0,0.0
3556,0.282,0.498,0.361,0.743,0.449,0.33,0.025,0.196,1,2,3,0,TEST,3,0.0,1.0,0.0,0.0,0.0,0.0,0.0,0.0,1.0,0.0,0.0,0.0,0.0,1.0,0.0
3557,0.664,0.335,0.567,1.0,0.476,0.111,0.097,0.457,0,0,1,1,TEST,4,1.0,0.0,0.0,0.0,0.0,0.0,1.0,0.0,0.0,0.0,0.0,1.0,0.0,0.0,0.0
3558,0.146,0.483,0.291,0.585,0.399,0.246,0.035,0.197,0,3,2,1,VAL,5,1.0,0.0,0.0,0.0,0.0,0.0,0.0,0.0,0.0,1.0,0.0,0.0,1.0,0.0,0.0
3559,0.405,0.635,0.386,0.847,0.456,0.687,0.006,0.277,3,3,0,1,VAL,3,0.0,0.0,0.0,1.0,0.0,0.0,0.0,0.0,0.0,1.0,1.0,0.0,0.0,0.0,0.0
3560,0.477,0.501,0.37,0.535,0.39,0.359,0.125,0.306,3,2,0,1,TRAIN,3,0.0,0.0,0.0,1.0,0.0,0.0,0.0,0.0,1.0,0.0,1.0,0.0,0.0,0.0,0.0
3561,0.463,0.531,0.444,0.592,0.309,0.348,0.114,0.404,2,2,0,0,TRAIN,3,0.0,0.0,1.0,0.0,0.0,0.0,0.0,0.0,1.0,0.0,1.0,0.0,0.0,0.0,0.0
3562,0.588,0.798,0.59,0.0,0.561,0.851,0.129,0.599,2,3,0,0,TRAIN,6,0.0,0.0,1.0,0.0,0.0,0.0,0.0,0.0,0.0,1.0,1.0,0.0,0.0,0.0,0.0
3563,0.548,0.629,0.466,0.605,0.351,0.777,0.014,0.353,3,0,0,0,VAL,3,0.0,0.0,0.0,1.0,0.0,0.0,1.0,0.0,0.0,0.0,1.0,0.0,0.0,0.0,0.0
3564,0.128,0.492,0.246,1.0,0.221,0.407,0.005,0.082,3,2,3,0,TRAIN,3,0.0,0.0,0.0,1.0,0.0,0.0,0.0,0.0,1.0,0.0,0.0,0.0,0.0,1.0,0.0
3565,0.506,0.403,0.471,0.0,0.717,0.185,0.552,0.58,4,2,1,0,TRAIN,2,0.0,0.0,0.0,0.0,1.0,0.0,0.0,0.0,1.0,0.0,0.0,1.0,0.0,0.0,0.0
3566,0.53,0.828,0.524,0.0,0.656,0.994,0.088,0.545,0,0,3,1,TRAIN,6,1.0,0.0,0.0,0.0,0.0,0.0,1.0,0.0,0.0,0.0,0.0,0.0,0.0,1.0,0.0
3567,0.336,0.266,0.36,1.0,0.414,0.0,0.094,0.35,0,0,0,0,TEST,7,1.0,0.0,0.0,0.0,0.0,0.0,1.0,0.0,0.0,0.0,1.0,0.0,0.0,0.0,0.0
3568,0.294,0.591,0.484,0.86,0.34,0.532,0.01,0.314,3,1,1,1,TEST,3,0.0,0.0,0.0,1.0,0.0,0.0,0.0,1.0,0.0,0.0,0.0,1.0,0.0,0.0,0.0
3569,0.252,0.481,0.349,0.807,0.283,0.388,0.021,0.115,2,1,1,1,TRAIN,5,0.0,0.0,1.0,0.0,0.0,0.0,0.0,1.0,0.0,0.0,0.0,1.0,0.0,0.0,0.0
3570,0.487,0.083,0.269,1.0,0.417,0.0,0.294,0.307,0,1,0,1,TEST,7,1.0,0.0,0.0,0.0,0.0,0.0,0.0,1.0,0.0,0.0,1.0,0.0,0.0,0.0,0.0
3571,0.581,0.797,0.711,0.0,0.598,0.755,0.204,0.744,3,0,0,1,TEST,6,0.0,0.0,0.0,1.0,0.0,0.0,1.0,0.0,0.0,0.0,1.0,0.0,0.0,0.0,0.0
3572,0.43,0.538,0.443,0.785,0.347,0.579,0.016,0.333,2,0,0,0,TRAIN,3,0.0,0.0,1.0,0.0,0.0,0.0,1.0,0.0,0.0,0.0,1.0,0.0,0.0,0.0,0.0
3573,0.586,0.265,0.514,0.587,0.656,0.073,0.378,0.478,4,1,0,1,TRAIN,7,0.0,0.0,0.0,0.0,1.0,0.0,0.0,1.0,0.0,0.0,1.0,0.0,0.0,0.0,0.0
3574,0.839,0.396,0.636,1.0,0.537,0.475,0.068,0.55,4,0,0,1,TRAIN,4,0.0,0.0,0.0,0.0,1.0,0.0,1.0,0.0,0.0,0.0,1.0,0.0,0.0,0.0,0.0
3575,0.17,0.49,0.198,0.767,0.255,0.494,0.01,0.113,3,0,1,1,TRAIN,3,0.0,0.0,0.0,1.0,0.0,0.0,1.0,0.0,0.0,0.0,0.0,1.0,0.0,0.0,0.0
3576,0.477,0.227,0.385,0.967,0.484,0.16,0.15,0.255,2,0,1,0,VAL,7,0.0,0.0,1.0,0.0,0.0,0.0,1.0,0.0,0.0,0.0,0.0,1.0,0.0,0.0,0.0
3577,0.781,0.509,0.531,0.375,0.494,0.592,0.145,0.555,2,0,0,1,TRAIN,3,0.0,0.0,1.0,0.0,0.0,0.0,1.0,0.0,0.0,0.0,1.0,0.0,0.0,0.0,0.0
3578,0.737,0.267,0.574,1.0,0.466,0.08,0.226,0.468,0,0,0,0,VAL,7,1.0,0.0,0.0,0.0,0.0,0.0,1.0,0.0,0.0,0.0,1.0,0.0,0.0,0.0,0.0
3579,0.412,0.583,0.437,0.804,0.413,0.691,0.01,0.295,1,0,3,0,TRAIN,3,0.0,1.0,0.0,0.0,0.0,0.0,1.0,0.0,0.0,0.0,0.0,0.0,0.0,1.0,0.0
3580,0.657,0.17,0.447,1.0,0.539,0.045,0.203,0.404,3,0,0,0,TEST,7,0.0,0.0,0.0,1.0,0.0,0.0,1.0,0.0,0.0,0.0,1.0,0.0,0.0,0.0,0.0
3581,0.6,0.49,0.534,0.658,0.441,0.502,0.054,0.327,3,3,0,1,TRAIN,3,0.0,0.0,0.0,1.0,0.0,0.0,0.0,0.0,0.0,1.0,1.0,0.0,0.0,0.0,0.0
3582,0.656,0.838,0.661,0.0,0.578,0.907,0.141,0.577,2,0,2,1,VAL,6,0.0,0.0,1.0,0.0,0.0,0.0,1.0,0.0,0.0,0.0,0.0,0.0,1.0,0.0,0.0
3583,0.153,0.521,0.106,0.937,0.306,0.491,0.007,0.075,3,2,0,1,TRAIN,3,0.0,0.0,0.0,1.0,0.0,0.0,0.0,0.0,1.0,0.0,1.0,0.0,0.0,0.0,0.0
3584,0.216,0.542,0.336,0.74,0.252,0.398,0.019,0.171,2,0,3,0,TEST,3,0.0,0.0,1.0,0.0,0.0,0.0,1.0,0.0,0.0,0.0,0.0,0.0,0.0,1.0,0.0
3585,0.262,0.629,0.428,0.628,0.303,0.702,0.014,0.237,3,1,0,1,TRAIN,3,0.0,0.0,0.0,1.0,0.0,0.0,0.0,1.0,0.0,0.0,1.0,0.0,0.0,0.0,0.0
3586,0.442,0.381,0.409,0.762,0.403,0.29,0.072,0.31,0,0,1,1,TEST,4,1.0,0.0,0.0,0.0,0.0,0.0,1.0,0.0,0.0,0.0,0.0,1.0,0.0,0.0,0.0
3587,0.315,0.489,0.326,0.928,0.397,0.392,0.036,0.241,3,3,2,1,TRAIN,3,0.0,0.0,0.0,1.0,0.0,0.0,0.0,0.0,0.0,1.0,0.0,0.0,1.0,0.0,0.0
3588,0.767,0.243,0.495,0.876,0.584,0.125,0.205,0.514,0,0,0,0,TEST,7,1.0,0.0,0.0,0.0,0.0,0.0,1.0,0.0,0.0,0.0,1.0,0.0,0.0,0.0,0.0
3589,0.82,0.281,0.643,1.0,0.531,0.231,0.043,0.496,0,3,2,1,VAL,4,1.0,0.0,0.0,0.0,0.0,0.0,0.0,0.0,0.0,1.0,0.0,0.0,1.0,0.0,0.0
3590,0.407,0.515,0.346,0.912,0.321,0.621,0.027,0.243,2,2,3,1,TEST,3,0.0,0.0,1.0,0.0,0.0,0.0,0.0,0.0,1.0,0.0,0.0,0.0,0.0,1.0,0.0
3591,0.536,0.519,0.502,0.536,0.471,0.457,0.103,0.397,5,2,2,1,VAL,3,0.0,0.0,0.0,0.0,0.0,1.0,0.0,0.0,1.0,0.0,0.0,0.0,1.0,0.0,0.0
3592,0.416,0.55,0.334,0.807,0.418,0.641,0.029,0.281,2,2,0,1,TRAIN,3,0.0,0.0,1.0,0.0,0.0,0.0,0.0,0.0,1.0,0.0,1.0,0.0,0.0,0.0,0.0
3593,0.281,0.573,0.352,1.0,0.192,0.43,0.003,0.146,2,0,1,1,TEST,8,0.0,0.0,1.0,0.0,0.0,0.0,1.0,0.0,0.0,0.0,0.0,1.0,0.0,0.0,0.0
3594,0.841,0.308,0.631,1.0,0.59,0.171,0.112,0.611,0,0,0,0,TRAIN,7,1.0,0.0,0.0,0.0,0.0,0.0,1.0,0.0,0.0,0.0,1.0,0.0,0.0,0.0,0.0
3595,0.554,0.246,0.507,1.0,0.453,0.24,0.179,0.43,0,0,0,1,TRAIN,7,1.0,0.0,0.0,0.0,0.0,0.0,1.0,0.0,0.0,0.0,1.0,0.0,0.0,0.0,0.0
3596,0.442,0.549,0.454,0.81,0.282,0.503,0.01,0.24,2,2,3,1,TEST,3,0.0,0.0,1.0,0.0,0.0,0.0,0.0,0.0,1.0,0.0,0.0,0.0,0.0,1.0,0.0
3597,0.515,0.494,0.45,0.485,0.496,0.334,0.139,0.535,4,0,0,0,TRAIN,7,0.0,0.0,0.0,0.0,1.0,0.0,1.0,0.0,0.0,0.0,1.0,0.0,0.0,0.0,0.0
3598,0.343,0.537,0.48,0.756,0.31,0.518,0.009,0.268,2,2,0,0,VAL,3,0.0,0.0,1.0,0.0,0.0,0.0,0.0,0.0,1.0,0.0,1.0,0.0,0.0,0.0,0.0
3599,0.945,0.416,0.804,0.871,0.67,0.307,0.241,0.751,0,3,0,1,TRAIN,7,1.0,0.0,0.0,0.0,0.0,0.0,0.0,0.0,0.0,1.0,1.0,0.0,0.0,0.0,0.0
3600,0.69,0.446,0.605,0.602,0.603,0.259,0.17,0.623,0,0,0,0,TRAIN,7,1.0,0.0,0.0,0.0,0.0,0.0,1.0,0.0,0.0,0.0,1.0,0.0,0.0,0.0,0.0
3601,0.523,0.24,0.338,0.729,0.502,0.042,0.225,0.345,4,3,0,0,VAL,7,0.0,0.0,0.0,0.0,1.0,0.0,0.0,0.0,0.0,1.0,1.0,0.0,0.0,0.0,0.0
3602,0.46,0.515,0.414,0.788,0.364,0.223,0.047,0.382,3,2,0,0,TEST,3,0.0,0.0,0.0,1.0,0.0,0.0,0.0,0.0,1.0,0.0,1.0,0.0,0.0,0.0,0.0
3603,0.494,0.572,0.45,0.0,0.773,0.533,0.584,0.592,3,1,1,0,TRAIN,2,0.0,0.0,0.0,1.0,0.0,0.0,0.0,1.0,0.0,0.0,0.0,1.0,0.0,0.0,0.0
3604,0.789,0.837,0.726,0.0,0.623,0.965,0.2,0.686,3,1,1,1,TRAIN,6,0.0,0.0,0.0,1.0,0.0,0.0,0.0,1.0,0.0,0.0,0.0,1.0,0.0,0.0,0.0
3605,0.46,0.501,0.405,0.817,0.441,0.445,0.016,0.315,3,2,3,0,TRAIN,3,0.0,0.0,0.0,1.0,0.0,0.0,0.0,0.0,1.0,0.0,0.0,0.0,0.0,1.0,0.0
3606,0.741,0.146,0.559,1.0,0.707,0.0,0.378,0.515,4,0,0,0,TEST,7,0.0,0.0,0.0,0.0,1.0,0.0,1.0,0.0,0.0,0.0,1.0,0.0,0.0,0.0,0.0
3607,0.405,0.869,0.594,0.0,0.622,1.0,0.121,0.544,2,0,1,1,TRAIN,6,0.0,0.0,1.0,0.0,0.0,0.0,1.0,0.0,0.0,0.0,0.0,1.0,0.0,0.0,0.0
3608,0.229,0.444,0.252,0.978,0.362,0.429,0.029,0.154,3,3,3,1,TRAIN,3,0.0,0.0,0.0,1.0,0.0,0.0,0.0,0.0,0.0,1.0,0.0,0.0,0.0,1.0,0.0
3609,0.526,0.836,0.572,0.0,0.519,0.675,0.141,0.566,3,2,1,1,TRAIN,6,0.0,0.0,0.0,1.0,0.0,0.0,0.0,0.0,1.0,0.0,0.0,1.0,0.0,0.0,0.0
3610,0.211,0.572,0.422,0.825,0.309,0.479,0.011,0.233,3,2,3,0,VAL,3,0.0,0.0,0.0,1.0,0.0,0.0,0.0,0.0,1.0,0.0,0.0,0.0,0.0,1.0,0.0
3611,0.2,0.462,0.289,1.0,0.296,0.439,0.012,0.06,3,3,3,1,TRAIN,3,0.0,0.0,0.0,1.0,0.0,0.0,0.0,0.0,0.0,1.0,0.0,0.0,0.0,1.0,0.0
3612,0.999,0.445,0.759,1.0,0.499,0.325,0.116,0.663,4,3,1,0,TRAIN,4,0.0,0.0,0.0,0.0,1.0,0.0,0.0,0.0,0.0,1.0,0.0,1.0,0.0,0.0,0.0
3613,0.39,0.387,0.42,0.286,0.666,0.215,0.341,0.441,5,0,0,0,TRAIN,7,0.0,0.0,0.0,0.0,0.0,1.0,1.0,0.0,0.0,0.0,1.0,0.0,0.0,0.0,0.0
3614,0.895,0.32,0.583,1.0,0.326,0.154,0.041,0.441,0,3,1,1,VAL,4,1.0,0.0,0.0,0.0,0.0,0.0,0.0,0.0,0.0,1.0,0.0,1.0,0.0,0.0,0.0
3615,0.632,0.735,0.644,0.0,0.79,0.829,0.278,0.708,2,2,0,1,TEST,6,0.0,0.0,1.0,0.0,0.0,0.0,0.0,0.0,1.0,0.0,1.0,0.0,0.0,0.0,0.0
3616,0.164,0.578,0.266,0.99,0.227,0.592,0.004,0.066,2,2,0,1,TRAIN,3,0.0,0.0,1.0,0.0,0.0,0.0,0.0,0.0,1.0,0.0,1.0,0.0,0.0,0.0,0.0
3617,0.455,0.538,0.431,0.699,0.314,0.449,0.027,0.297,2,3,0,0,TEST,3,0.0,0.0,1.0,0.0,0.0,0.0,0.0,0.0,0.0,1.0,1.0,0.0,0.0,0.0,0.0
3618,0.473,0.64,0.492,0.464,0.408,0.591,0.01,0.371,2,2,3,0,TEST,3,0.0,0.0,1.0,0.0,0.0,0.0,0.0,0.0,1.0,0.0,0.0,0.0,0.0,1.0,0.0
3619,0.409,0.413,0.395,1.0,0.329,0.344,0.021,0.247,4,3,4,1,TRAIN,5,0.0,0.0,0.0,0.0,1.0,0.0,0.0,0.0,0.0,1.0,0.0,0.0,0.0,0.0,1.0
3620,0.4,0.556,0.312,0.946,0.177,0.389,0.021,0.194,3,3,3,1,TEST,3,0.0,0.0,0.0,1.0,0.0,0.0,0.0,0.0,0.0,1.0,0.0,0.0,0.0,1.0,0.0
3621,0.402,0.34,0.278,0.361,0.495,0.177,0.342,0.346,0,0,0,1,TEST,7,1.0,0.0,0.0,0.0,0.0,0.0,1.0,0.0,0.0,0.0,1.0,0.0,0.0,0.0,0.0
3622,0.483,0.837,0.543,0.0,0.528,1.0,0.046,0.511,0,2,0,0,TEST,6,1.0,0.0,0.0,0.0,0.0,0.0,0.0,0.0,1.0,0.0,1.0,0.0,0.0,0.0,0.0
3623,0.275,0.55,0.356,1.0,0.277,0.551,0.013,0.184,4,2,3,0,VAL,3,0.0,0.0,0.0,0.0,1.0,0.0,0.0,0.0,1.0,0.0,0.0,0.0,0.0,1.0,0.0
3624,0.541,0.261,0.559,0.846,0.687,0.164,0.185,0.477,0,0,0,1,TRAIN,7,1.0,0.0,0.0,0.0,0.0,0.0,1.0,0.0,0.0,0.0,1.0,0.0,0.0,0.0,0.0
3625,0.744,0.698,0.678,0.0,0.785,0.701,0.433,0.762,3,1,1,0,TEST,6,0.0,0.0,0.0,1.0,0.0,0.0,0.0,1.0,0.0,0.0,0.0,1.0,0.0,0.0,0.0
3626,0.746,0.444,0.593,0.569,0.55,0.431,0.198,0.567,3,3,0,0,TRAIN,7,0.0,0.0,0.0,1.0,0.0,0.0,0.0,0.0,0.0,1.0,1.0,0.0,0.0,0.0,0.0
3627,0.842,0.431,0.683,1.0,0.537,0.4,0.122,0.63,2,3,1,1,VAL,4,0.0,0.0,1.0,0.0,0.0,0.0,0.0,0.0,0.0,1.0,0.0,1.0,0.0,0.0,0.0
3628,0.235,0.485,0.256,0.967,0.224,0.585,0.013,0.12,3,3,0,0,VAL,3,0.0,0.0,0.0,1.0,0.0,0.0,0.0,0.0,0.0,1.0,1.0,0.0,0.0,0.0,0.0
3629,0.434,0.692,0.526,0.453,0.301,0.786,0.015,0.434,3,2,3,1,TEST,3,0.0,0.0,0.0,1.0,0.0,0.0,0.0,0.0,1.0,0.0,0.0,0.0,0.0,1.0,0.0
3630,0.171,0.444,0.317,0.835,0.379,0.19,0.049,0.157,0,1,2,1,VAL,5,1.0,0.0,0.0,0.0,0.0,0.0,0.0,1.0,0.0,0.0,0.0,0.0,1.0,0.0,0.0
3631,0.435,0.204,0.35,1.0,0.393,0.0,0.176,0.347,5,0,0,1,TRAIN,7,0.0,0.0,0.0,0.0,0.0,1.0,1.0,0.0,0.0,0.0,1.0,0.0,0.0,0.0,0.0
3632,0.533,0.855,0.574,0.0,0.622,0.963,0.103,0.524,1,2,0,1,TEST,6,0.0,1.0,0.0,0.0,0.0,0.0,0.0,0.0,1.0,0.0,1.0,0.0,0.0,0.0,0.0
3633,0.253,0.51,0.288,0.846,0.292,0.291,0.013,0.186,3,0,0,0,VAL,3,0.0,0.0,0.0,1.0,0.0,0.0,1.0,0.0,0.0,0.0,1.0,0.0,0.0,0.0,0.0
3634,0.679,0.41,0.596,1.0,0.361,0.294,0.053,0.451,0,3,3,1,VAL,4,1.0,0.0,0.0,0.0,0.0,0.0,0.0,0.0,0.0,1.0,0.0,0.0,0.0,1.0,0.0
3635,0.48,0.509,0.477,0.843,0.405,0.53,0.015,0.319,4,2,0,0,TEST,3,0.0,0.0,0.0,0.0,1.0,0.0,0.0,0.0,1.0,0.0,1.0,0.0,0.0,0.0,0.0
3636,0.398,0.484,0.405,0.633,0.429,0.319,0.064,0.227,3,1,1,0,TEST,3,0.0,0.0,0.0,1.0,0.0,0.0,0.0,1.0,0.0,0.0,0.0,1.0,0.0,0.0,0.0
3637,0.501,0.585,0.527,0.0,0.605,0.625,0.223,0.443,2,3,1,0,TRAIN,2,0.0,0.0,1.0,0.0,0.0,0.0,0.0,0.0,0.0,1.0,0.0,1.0,0.0,0.0,0.0
3638,0.597,0.792,0.614,0.0,0.527,0.891,0.151,0.573,3,3,4,1,TRAIN,6,0.0,0.0,0.0,1.0,0.0,0.0,0.0,0.0,0.0,1.0,0.0,0.0,0.0,0.0,1.0
3639,0.521,0.576,0.513,0.573,0.345,0.63,0.025,0.362,5,2,0,1,TRAIN,3,0.0,0.0,0.0,0.0,0.0,1.0,0.0,0.0,1.0,0.0,1.0,0.0,0.0,0.0,0.0
3640,0.588,0.829,0.654,0.0,0.599,1.0,0.12,0.617,4,2,2,1,VAL,6,0.0,0.0,0.0,0.0,1.0,0.0,0.0,0.0,1.0,0.0,0.0,0.0,1.0,0.0,0.0
3641,0.829,0.377,0.677,0.825,0.623,0.225,0.257,0.604,0,0,1,0,TRAIN,7,1.0,0.0,0.0,0.0,0.0,0.0,1.0,0.0,0.0,0.0,0.0,1.0,0.0,0.0,0.0
3642,0.272,0.626,0.418,0.919,0.331,0.595,0.007,0.283,2,0,3,1,TRAIN,3,0.0,0.0,1.0,0.0,0.0,0.0,1.0,0.0,0.0,0.0,0.0,0.0,0.0,1.0,0.0
3643,0.394,0.575,0.422,0.593,0.481,0.651,0.01,0.281,1,2,0,0,TRAIN,3,0.0,1.0,0.0,0.0,0.0,0.0,0.0,0.0,1.0,0.0,1.0,0.0,0.0,0.0,0.0
3644,0.311,0.49,0.405,0.75,0.363,0.435,0.03,0.188,3,2,3,1,TEST,3,0.0,0.0,0.0,1.0,0.0,0.0,0.0,0.0,1.0,0.0,0.0,0.0,0.0,1.0,0.0
3645,0.498,0.387,0.497,0.601,0.58,0.254,0.181,0.456,0,1,1,0,TRAIN,7,1.0,0.0,0.0,0.0,0.0,0.0,0.0,1.0,0.0,0.0,0.0,1.0,0.0,0.0,0.0
3646,0.504,0.51,0.448,0.318,0.483,0.554,0.038,0.309,3,2,0,0,TRAIN,3,0.0,0.0,0.0,1.0,0.0,0.0,0.0,0.0,1.0,0.0,1.0,0.0,0.0,0.0,0.0
3647,0.272,0.478,0.236,0.897,0.375,0.448,0.024,0.112,2,2,0,0,TEST,3,0.0,0.0,1.0,0.0,0.0,0.0,0.0,0.0,1.0,0.0,1.0,0.0,0.0,0.0,0.0
3648,0.643,0.495,0.496,0.698,0.423,0.626,0.059,0.367,3,1,3,1,VAL,3,0.0,0.0,0.0,1.0,0.0,0.0,0.0,1.0,0.0,0.0,0.0,0.0,0.0,1.0,0.0
3649,0.367,0.876,0.489,0.0,0.508,0.837,0.038,0.369,2,2,1,1,TEST,6,0.0,0.0,1.0,0.0,0.0,0.0,0.0,0.0,1.0,0.0,0.0,1.0,0.0,0.0,0.0
3650,0.418,0.505,0.44,0.0,0.541,0.392,0.41,0.525,1,1,1,0,TRAIN,2,0.0,1.0,0.0,0.0,0.0,0.0,0.0,1.0,0.0,0.0,0.0,1.0,0.0,0.0,0.0
3651,0.613,0.584,0.526,0.421,0.512,0.563,0.041,0.428,2,2,0,0,TRAIN,3,0.0,0.0,1.0,0.0,0.0,0.0,0.0,0.0,1.0,0.0,1.0,0.0,0.0,0.0,0.0
3652,0.519,0.795,0.633,0.0,0.568,0.881,0.225,0.656,2,2,0,1,TRAIN,6,0.0,0.0,1.0,0.0,0.0,0.0,0.0,0.0,1.0,0.0,1.0,0.0,0.0,0.0,0.0
3653,0.603,0.466,0.5,0.009,0.659,0.223,0.359,0.688,3,0,0,1,TRAIN,7,0.0,0.0,0.0,1.0,0.0,0.0,1.0,0.0,0.0,0.0,1.0,0.0,0.0,0.0,0.0
3654,0.814,0.553,0.733,1.0,0.456,0.565,0.025,0.664,5,0,1,1,VAL,4,0.0,0.0,0.0,0.0,0.0,1.0,1.0,0.0,0.0,0.0,0.0,1.0,0.0,0.0,0.0
3655,0.25,0.502,0.23,1.0,0.315,0.466,0.005,0.088,3,2,3,0,TRAIN,3,0.0,0.0,0.0,1.0,0.0,0.0,0.0,0.0,1.0,0.0,0.0,0.0,0.0,1.0,0.0
3656,0.312,0.591,0.319,0.65,0.205,0.596,0.011,0.18,3,1,0,1,TEST,3,0.0,0.0,0.0,1.0,0.0,0.0,0.0,1.0,0.0,0.0,1.0,0.0,0.0,0.0,0.0
3657,0.291,0.7,0.39,0.26,0.454,0.73,0.012,0.305,0,0,4,1,TEST,1,1.0,0.0,0.0,0.0,0.0,0.0,1.0,0.0,0.0,0.0,0.0,0.0,0.0,0.0,1.0
3658,0.224,0.557,0.172,0.846,0.309,0.616,0.006,0.082,1,1,3,0,TRAIN,3,0.0,1.0,0.0,0.0,0.0,0.0,0.0,1.0,0.0,0.0,0.0,0.0,0.0,1.0,0.0
3659,0.344,0.492,0.424,0.86,0.195,0.675,0.011,0.205,2,3,3,0,VAL,3,0.0,0.0,1.0,0.0,0.0,0.0,0.0,0.0,0.0,1.0,0.0,0.0,0.0,1.0,0.0
3660,0.85,0.327,0.581,1.0,0.458,0.226,0.168,0.586,0,3,1,0,TRAIN,7,1.0,0.0,0.0,0.0,0.0,0.0,0.0,0.0,0.0,1.0,0.0,1.0,0.0,0.0,0.0
3661,0.445,0.287,0.47,0.0,1.0,0.101,0.949,0.753,3,1,4,0,TEST,2,0.0,0.0,0.0,1.0,0.0,0.0,0.0,1.0,0.0,0.0,0.0,0.0,0.0,0.0,1.0
3662,0.684,0.749,0.629,0.0,0.654,0.693,0.291,0.669,4,1,0,0,TRAIN,6,0.0,0.0,0.0,0.0,1.0,0.0,0.0,1.0,0.0,0.0,1.0,0.0,0.0,0.0,0.0
3663,0.462,0.515,0.408,0.753,0.384,0.591,0.018,0.232,2,3,3,1,TEST,3,0.0,0.0,1.0,0.0,0.0,0.0,0.0,0.0,0.0,1.0,0.0,0.0,0.0,1.0,0.0
3664,0.38,0.658,0.512,0.869,0.339,0.627,0.005,0.241,3,3,3,1,TRAIN,3,0.0,0.0,0.0,1.0,0.0,0.0,0.0,0.0,0.0,1.0,0.0,0.0,0.0,1.0,0.0
3665,0.454,0.563,0.409,0.654,0.458,0.651,0.025,0.355,3,2,0,0,TRAIN,3,0.0,0.0,0.0,1.0,0.0,0.0,0.0,0.0,1.0,0.0,1.0,0.0,0.0,0.0,0.0
3666,0.493,0.294,0.346,1.0,0.545,0.118,0.147,0.223,0,0,1,1,VAL,4,1.0,0.0,0.0,0.0,0.0,0.0,1.0,0.0,0.0,0.0,0.0,1.0,0.0,0.0,0.0
3667,0.087,0.456,0.235,0.91,0.382,0.368,0.025,0.068,3,2,3,0,TRAIN,3,0.0,0.0,0.0,1.0,0.0,0.0,0.0,0.0,1.0,0.0,0.0,0.0,0.0,1.0,0.0
3668,0.065,0.465,0.296,1.0,0.194,0.38,0.005,0.11,3,3,3,1,TEST,3,0.0,0.0,0.0,1.0,0.0,0.0,0.0,0.0,0.0,1.0,0.0,0.0,0.0,1.0,0.0
3669,0.539,0.849,0.582,0.0,0.504,0.961,0.04,0.542,0,2,0,1,TRAIN,6,1.0,0.0,0.0,0.0,0.0,0.0,0.0,0.0,1.0,0.0,1.0,0.0,0.0,0.0,0.0
3670,0.442,0.423,0.594,0.438,0.559,0.182,0.192,0.492,1,1,1,0,TEST,2,0.0,1.0,0.0,0.0,0.0,0.0,0.0,1.0,0.0,0.0,0.0,1.0,0.0,0.0,0.0
3671,0.482,0.521,0.403,0.831,0.401,0.355,0.036,0.276,3,2,3,1,VAL,3,0.0,0.0,0.0,1.0,0.0,0.0,0.0,0.0,1.0,0.0,0.0,0.0,0.0,1.0,0.0
3672,0.405,0.721,0.461,0.173,0.451,0.703,0.023,0.33,3,0,4,1,TRAIN,1,0.0,0.0,0.0,1.0,0.0,0.0,1.0,0.0,0.0,0.0,0.0,0.0,0.0,0.0,1.0
3673,0.416,0.518,0.394,0.701,0.394,0.284,0.028,0.205,5,2,3,0,VAL,3,0.0,0.0,0.0,0.0,0.0,1.0,0.0,0.0,1.0,0.0,0.0,0.0,0.0,1.0,0.0
3674,0.297,0.622,0.46,1.0,0.406,0.663,0.006,0.186,2,2,0,0,TRAIN,3,0.0,0.0,1.0,0.0,0.0,0.0,0.0,0.0,1.0,0.0,1.0,0.0,0.0,0.0,0.0
3675,0.456,0.462,0.427,0.0,0.609,0.343,0.351,0.473,2,1,4,0,VAL,2,0.0,0.0,1.0,0.0,0.0,0.0,0.0,1.0,0.0,0.0,0.0,0.0,0.0,0.0,1.0
3676,0.649,0.828,0.658,0.0,0.581,1.0,0.123,0.721,2,3,0,0,TEST,6,0.0,0.0,1.0,0.0,0.0,0.0,0.0,0.0,0.0,1.0,1.0,0.0,0.0,0.0,0.0
3677,0.758,0.234,0.563,1.0,0.397,0.043,0.094,0.473,0,2,1,1,TRAIN,4,1.0,0.0,0.0,0.0,0.0,0.0,0.0,0.0,1.0,0.0,0.0,1.0,0.0,0.0,0.0
3678,0.694,0.276,0.572,0.739,0.642,0.078,0.268,0.559,0,0,0,0,TRAIN,7,1.0,0.0,0.0,0.0,0.0,0.0,1.0,0.0,0.0,0.0,1.0,0.0,0.0,0.0,0.0
3679,0.44,0.806,0.496,0.0,0.503,0.867,0.117,0.497,3,2,1,1,VAL,6,0.0,0.0,0.0,1.0,0.0,0.0,0.0,0.0,1.0,0.0,0.0,1.0,0.0,0.0,0.0
3680,0.41,0.657,0.436,0.598,0.243,0.746,0.017,0.41,5,3,2,0,TRAIN,3,0.0,0.0,0.0,0.0,0.0,1.0,0.0,0.0,0.0,1.0,0.0,0.0,1.0,0.0,0.0
3681,0.831,0.433,0.022,0.526,0.187,0.463,0.017,0.011,4,0,1,1,TRAIN,8,0.0,0.0,0.0,0.0,1.0,0.0,1.0,0.0,0.0,0.0,0.0,1.0,0.0,0.0,0.0
3682,0.391,0.573,0.491,0.825,0.403,0.647,0.03,0.29,3,1,0,0,TEST,3,0.0,0.0,0.0,1.0,0.0,0.0,0.0,1.0,0.0,0.0,1.0,0.0,0.0,0.0,0.0
3683,0.414,0.533,0.436,0.615,0.437,0.508,0.031,0.345,3,2,0,0,VAL,3,0.0,0.0,0.0,1.0,0.0,0.0,0.0,0.0,1.0,0.0,1.0,0.0,0.0,0.0,0.0
3684,0.344,0.57,0.352,0.872,0.288,0.567,0.008,0.223,2,2,0,0,TRAIN,3,0.0,0.0,1.0,0.0,0.0,0.0,0.0,0.0,1.0,0.0,1.0,0.0,0.0,0.0,0.0
3685,0.308,0.506,0.353,0.882,0.406,0.496,0.028,0.238,5,0,0,0,TEST,3,0.0,0.0,0.0,0.0,0.0,1.0,1.0,0.0,0.0,0.0,1.0,0.0,0.0,0.0,0.0
3686,0.495,0.123,0.342,1.0,0.41,0.0,0.102,0.297,0,0,1,1,TRAIN,7,1.0,0.0,0.0,0.0,0.0,0.0,1.0,0.0,0.0,0.0,0.0,1.0,0.0,0.0,0.0
3687,0.628,0.791,0.617,0.0,0.589,1.0,0.149,0.618,4,1,0,1,TEST,6,0.0,0.0,0.0,0.0,1.0,0.0,0.0,1.0,0.0,0.0,1.0,0.0,0.0,0.0,0.0
3688,0.314,0.497,0.349,0.639,0.402,0.333,0.045,0.223,2,3,0,0,TEST,3,0.0,0.0,1.0,0.0,0.0,0.0,0.0,0.0,0.0,1.0,1.0,0.0,0.0,0.0,0.0
3689,0.956,0.388,0.597,1.0,0.44,0.218,0.136,0.564,3,0,1,1,TRAIN,4,0.0,0.0,0.0,1.0,0.0,0.0,1.0,0.0,0.0,0.0,0.0,1.0,0.0,0.0,0.0
3690,0.404,0.571,0.4,0.73,0.26,0.389,0.007,0.2,2,2,2,0,TRAIN,3,0.0,0.0,1.0,0.0,0.0,0.0,0.0,0.0,1.0,0.0,0.0,0.0,1.0,0.0,0.0
3691,0.333,0.537,0.411,0.495,0.472,0.558,0.061,0.288,3,3,3,1,TRAIN,3,0.0,0.0,0.0,1.0,0.0,0.0,0.0,0.0,0.0,1.0,0.0,0.0,0.0,1.0,0.0
3692,0.29,0.519,0.323,0.638,0.301,0.523,0.014,0.186,3,1,0,0,TRAIN,3,0.0,0.0,0.0,1.0,0.0,0.0,0.0,1.0,0.0,0.0,1.0,0.0,0.0,0.0,0.0
3693,0.895,0.451,0.655,1.0,0.587,0.281,0.133,0.58,4,3,3,1,TEST,4,0.0,0.0,0.0,0.0,1.0,0.0,0.0,0.0,0.0,1.0,0.0,0.0,0.0,1.0,0.0
3694,0.085,0.441,0.762,1.0,0.515,0.334,0.062,0.702,4,3,1,1,TRAIN,4,0.0,0.0,0.0,0.0,1.0,0.0,0.0,0.0,0.0,1.0,0.0,1.0,0.0,0.0,0.0
3695,0.313,0.589,0.38,0.778,0.313,0.458,0.008,0.189,2,3,3,1,TEST,3,0.0,0.0,1.0,0.0,0.0,0.0,0.0,0.0,0.0,1.0,0.0,0.0,0.0,1.0,0.0
3696,0.57,0.529,0.517,0.792,0.404,0.607,0.037,0.39,2,2,2,0,TRAIN,3,0.0,0.0,1.0,0.0,0.0,0.0,0.0,0.0,1.0,0.0,0.0,0.0,1.0,0.0,0.0
3697,0.323,0.537,0.423,0.786,0.391,0.514,0.02,0.217,2,2,3,0,VAL,3,0.0,0.0,1.0,0.0,0.0,0.0,0.0,0.0,1.0,0.0,0.0,0.0,0.0,1.0,0.0
3698,0.368,0.507,0.327,0.768,0.232,0.525,0.023,0.131,4,2,0,0,TRAIN,3,0.0,0.0,0.0,0.0,1.0,0.0,0.0,0.0,1.0,0.0,1.0,0.0,0.0,0.0,0.0
3699,0.509,0.888,0.559,0.0,0.471,1.0,0.071,0.532,3,2,1,1,TRAIN,6,0.0,0.0,0.0,1.0,0.0,0.0,0.0,0.0,1.0,0.0,0.0,1.0,0.0,0.0,0.0
3700,0.467,0.813,0.485,0.0,0.551,0.866,0.1,0.563,2,1,1,1,TRAIN,6,0.0,0.0,1.0,0.0,0.0,0.0,0.0,1.0,0.0,0.0,0.0,1.0,0.0,0.0,0.0
3701,0.847,0.416,0.671,1.0,0.434,0.331,0.041,0.523,0,0,1,1,TRAIN,4,1.0,0.0,0.0,0.0,0.0,0.0,1.0,0.0,0.0,0.0,0.0,1.0,0.0,0.0,0.0
3702,0.201,0.693,0.411,0.846,0.191,0.774,0.001,0.157,3,1,3,1,TRAIN,3,0.0,0.0,0.0,1.0,0.0,0.0,0.0,1.0,0.0,0.0,0.0,0.0,0.0,1.0,0.0
3703,0.118,0.523,0.326,0.916,0.265,0.435,0.004,0.108,3,3,0,0,TEST,3,0.0,0.0,0.0,1.0,0.0,0.0,0.0,0.0,0.0,1.0,1.0,0.0,0.0,0.0,0.0
3704,0.382,0.316,0.417,1.0,0.464,0.102,0.071,0.286,5,3,0,0,TRAIN,7,0.0,0.0,0.0,0.0,0.0,1.0,0.0,0.0,0.0,1.0,1.0,0.0,0.0,0.0,0.0
3705,0.425,0.607,0.454,0.699,0.439,0.542,0.017,0.294,2,3,3,1,TRAIN,3,0.0,0.0,1.0,0.0,0.0,0.0,0.0,0.0,0.0,1.0,0.0,0.0,0.0,1.0,0.0
3706,0.565,0.789,0.646,0.0,0.628,0.804,0.218,0.632,2,2,1,0,TRAIN,6,0.0,0.0,1.0,0.0,0.0,0.0,0.0,0.0,1.0,0.0,0.0,1.0,0.0,0.0,0.0
3707,0.149,0.573,0.268,0.618,0.281,0.571,0.004,0.087,2,1,2,1,TRAIN,5,0.0,0.0,1.0,0.0,0.0,0.0,0.0,1.0,0.0,0.0,0.0,0.0,1.0,0.0,0.0
3708,0.287,0.531,0.302,1.0,0.293,0.323,0.013,0.151,2,2,0,1,VAL,3,0.0,0.0,1.0,0.0,0.0,0.0,0.0,0.0,1.0,0.0,1.0,0.0,0.0,0.0,0.0
3709,0.792,0.381,0.649,1.0,0.409,0.343,0.046,0.543,2,0,1,0,TRAIN,4,0.0,0.0,1.0,0.0,0.0,0.0,1.0,0.0,0.0,0.0,0.0,1.0,0.0,0.0,0.0
3710,0.495,0.393,0.486,0.0,0.686,0.135,0.555,0.629,3,1,1,0,VAL,2,0.0,0.0,0.0,1.0,0.0,0.0,0.0,1.0,0.0,0.0,0.0,1.0,0.0,0.0,0.0
3711,0.653,0.541,0.62,0.607,0.563,0.648,0.065,0.448,3,2,0,0,VAL,3,0.0,0.0,0.0,1.0,0.0,0.0,0.0,0.0,1.0,0.0,1.0,0.0,0.0,0.0,0.0
3712,0.533,0.337,0.512,0.0,0.848,0.219,0.646,0.654,2,1,4,0,TRAIN,2,0.0,0.0,1.0,0.0,0.0,0.0,0.0,1.0,0.0,0.0,0.0,0.0,0.0,0.0,1.0
3713,0.206,0.595,0.353,0.852,0.29,0.465,0.004,0.246,3,1,0,0,VAL,3,0.0,0.0,0.0,1.0,0.0,0.0,0.0,1.0,0.0,0.0,1.0,0.0,0.0,0.0,0.0
3714,0.318,0.425,0.325,0.977,0.329,0.16,0.029,0.188,2,2,3,1,TRAIN,3,0.0,0.0,1.0,0.0,0.0,0.0,0.0,0.0,1.0,0.0,0.0,0.0,0.0,1.0,0.0
3715,0.683,0.486,0.612,0.0,0.798,0.451,0.425,0.659,0,1,0,1,TRAIN,7,1.0,0.0,0.0,0.0,0.0,0.0,0.0,1.0,0.0,0.0,1.0,0.0,0.0,0.0,0.0
3716,0.262,0.46,0.317,0.891,0.3,0.573,0.052,0.106,3,1,3,0,TRAIN,3,0.0,0.0,0.0,1.0,0.0,0.0,0.0,1.0,0.0,0.0,0.0,0.0,0.0,1.0,0.0
3717,0.537,0.506,0.463,0.815,0.359,0.449,0.025,0.329,3,3,0,0,TEST,3,0.0,0.0,0.0,1.0,0.0,0.0,0.0,0.0,0.0,1.0,1.0,0.0,0.0,0.0,0.0
3718,0.434,0.593,0.479,0.625,0.403,0.621,0.048,0.368,3,1,0,0,VAL,3,0.0,0.0,0.0,1.0,0.0,0.0,0.0,1.0,0.0,0.0,1.0,0.0,0.0,0.0,0.0
3719,0.368,0.486,0.32,0.9,0.321,0.444,0.018,0.237,3,3,0,1,VAL,3,0.0,0.0,0.0,1.0,0.0,0.0,0.0,0.0,0.0,1.0,1.0,0.0,0.0,0.0,0.0
3720,0.553,0.872,0.572,0.0,0.497,1.0,0.051,0.471,4,3,0,0,TRAIN,6,0.0,0.0,0.0,0.0,1.0,0.0,0.0,0.0,0.0,1.0,1.0,0.0,0.0,0.0,0.0
3721,0.735,0.288,0.646,1.0,0.408,0.053,0.106,0.475,4,2,0,1,TRAIN,4,0.0,0.0,0.0,0.0,1.0,0.0,0.0,0.0,1.0,0.0,1.0,0.0,0.0,0.0,0.0
3722,0.676,0.436,0.416,0.688,0.53,0.26,0.101,0.432,2,2,0,0,TRAIN,3,0.0,0.0,1.0,0.0,0.0,0.0,0.0,0.0,1.0,0.0,1.0,0.0,0.0,0.0,0.0
3723,0.459,0.311,0.375,0.667,0.615,0.079,0.281,0.435,0,0,3,0,TRAIN,7,1.0,0.0,0.0,0.0,0.0,0.0,1.0,0.0,0.0,0.0,0.0,0.0,0.0,1.0,0.0
3724,0.433,0.416,0.463,0.856,0.538,0.267,0.078,0.413,2,2,3,0,TRAIN,3,0.0,0.0,1.0,0.0,0.0,0.0,0.0,0.0,1.0,0.0,0.0,0.0,0.0,1.0,0.0
3725,0.571,0.794,0.604,0.0,0.483,0.834,0.112,0.584,0,2,1,1,TRAIN,6,1.0,0.0,0.0,0.0,0.0,0.0,0.0,0.0,1.0,0.0,0.0,1.0,0.0,0.0,0.0
3726,0.104,0.403,0.233,0.958,0.263,0.489,0.031,0.079,2,3,2,0,VAL,5,0.0,0.0,1.0,0.0,0.0,0.0,0.0,0.0,0.0,1.0,0.0,0.0,1.0,0.0,0.0
3727,0.169,0.562,0.291,0.864,0.172,0.542,0.012,0.128,2,2,0,0,TRAIN,3,0.0,0.0,1.0,0.0,0.0,0.0,0.0,0.0,1.0,0.0,1.0,0.0,0.0,0.0,0.0
3728,0.534,0.455,0.382,0.727,0.481,0.383,0.123,0.299,2,0,0,0,VAL,3,0.0,0.0,1.0,0.0,0.0,0.0,1.0,0.0,0.0,0.0,1.0,0.0,0.0,0.0,0.0
3729,0.466,0.565,0.47,0.0,0.723,0.545,0.355,0.517,2,1,1,0,TEST,2,0.0,0.0,1.0,0.0,0.0,0.0,0.0,1.0,0.0,0.0,0.0,1.0,0.0,0.0,0.0
3730,0.48,0.464,0.453,0.0,0.712,0.439,0.442,0.582,1,1,1,0,TRAIN,2,0.0,1.0,0.0,0.0,0.0,0.0,0.0,1.0,0.0,0.0,0.0,1.0,0.0,0.0,0.0
3731,0.855,0.366,0.697,0.575,0.744,0.087,0.361,0.688,2,3,0,1,TRAIN,7,0.0,0.0,1.0,0.0,0.0,0.0,0.0,0.0,0.0,1.0,1.0,0.0,0.0,0.0,0.0
3732,0.404,0.547,0.386,0.95,0.302,0.484,0.014,0.319,3,0,0,0,TRAIN,3,0.0,0.0,0.0,1.0,0.0,0.0,1.0,0.0,0.0,0.0,1.0,0.0,0.0,0.0,0.0
3733,0.421,0.542,0.404,0.623,0.447,0.356,0.035,0.28,3,0,3,0,VAL,3,0.0,0.0,0.0,1.0,0.0,0.0,1.0,0.0,0.0,0.0,0.0,0.0,0.0,1.0,0.0
3734,0.163,0.573,0.228,0.772,0.278,0.629,0.004,0.072,1,2,0,1,TRAIN,3,0.0,1.0,0.0,0.0,0.0,0.0,0.0,0.0,1.0,0.0,1.0,0.0,0.0,0.0,0.0
3735,0.721,0.633,0.549,0.782,0.507,0.566,0.019,0.494,5,2,3,0,TRAIN,3,0.0,0.0,0.0,0.0,0.0,1.0,0.0,0.0,1.0,0.0,0.0,0.0,0.0,1.0,0.0
3736,0.19,0.621,0.368,0.788,0.176,0.7,0.006,0.174,2,3,3,1,TRAIN,3,0.0,0.0,1.0,0.0,0.0,0.0,0.0,0.0,0.0,1.0,0.0,0.0,0.0,1.0,0.0
3737,0.348,0.573,0.328,0.814,0.475,0.599,0.011,0.223,1,1,0,1,VAL,3,0.0,1.0,0.0,0.0,0.0,0.0,0.0,1.0,0.0,0.0,1.0,0.0,0.0,0.0,0.0
3738,0.475,0.539,0.478,0.698,0.387,0.531,0.039,0.287,2,2,2,0,TRAIN,3,0.0,0.0,1.0,0.0,0.0,0.0,0.0,0.0,1.0,0.0,0.0,0.0,1.0,0.0,0.0
3739,0.094,0.492,0.241,0.872,0.295,0.251,0.01,0.1,2,3,1,1,VAL,3,0.0,0.0,1.0,0.0,0.0,0.0,0.0,0.0,0.0,1.0,0.0,1.0,0.0,0.0,0.0
3740,0.414,0.367,0.474,0.266,0.636,0.0,0.4,0.595,1,2,1,0,TEST,2,0.0,1.0,0.0,0.0,0.0,0.0,0.0,0.0,1.0,0.0,0.0,1.0,0.0,0.0,0.0
3741,0.529,0.65,0.492,0.503,0.453,0.672,0.043,0.421,3,0,1,0,VAL,3,0.0,0.0,0.0,1.0,0.0,0.0,1.0,0.0,0.0,0.0,0.0,1.0,0.0,0.0,0.0
3742,0.341,0.518,0.382,0.728,0.311,0.516,0.012,0.236,3,2,0,1,TRAIN,3,0.0,0.0,0.0,1.0,0.0,0.0,0.0,0.0,1.0,0.0,1.0,0.0,0.0,0.0,0.0
3743,0.458,0.494,0.369,0.787,0.384,0.499,0.021,0.267,3,3,0,0,TEST,3,0.0,0.0,0.0,1.0,0.0,0.0,0.0,0.0,0.0,1.0,1.0,0.0,0.0,0.0,0.0
3744,0.483,0.338,0.467,0.874,0.519,0.13,0.189,0.402,2,0,0,0,TRAIN,7,0.0,0.0,1.0,0.0,0.0,0.0,1.0,0.0,0.0,0.0,1.0,0.0,0.0,0.0,0.0
3745,0.545,0.826,0.571,0.0,0.622,0.879,0.118,0.463,5,2,0,1,VAL,6,0.0,0.0,0.0,0.0,0.0,1.0,0.0,0.0,1.0,0.0,1.0,0.0,0.0,0.0,0.0
3746,0.587,0.53,0.566,0.011,0.564,0.468,0.379,0.51,2,1,4,0,TEST,2,0.0,0.0,1.0,0.0,0.0,0.0,0.0,1.0,0.0,0.0,0.0,0.0,0.0,0.0,1.0
3747,0.54,0.369,0.489,0.15,0.646,0.161,0.377,0.468,2,1,1,0,TRAIN,2,0.0,0.0,1.0,0.0,0.0,0.0,0.0,1.0,0.0,0.0,0.0,1.0,0.0,0.0,0.0
3748,0.611,0.551,0.404,0.51,0.243,0.514,0.018,0.367,3,2,0,0,TRAIN,3,0.0,0.0,0.0,1.0,0.0,0.0,0.0,0.0,1.0,0.0,1.0,0.0,0.0,0.0,0.0
3749,0.378,0.461,0.296,0.997,0.332,0.433,0.016,0.229,3,2,3,1,TRAIN,3,0.0,0.0,0.0,1.0,0.0,0.0,0.0,0.0,1.0,0.0,0.0,0.0,0.0,1.0,0.0
3750,0.808,0.213,0.55,1.0,0.625,0.111,0.159,0.534,0,1,0,0,TEST,7,1.0,0.0,0.0,0.0,0.0,0.0,0.0,1.0,0.0,0.0,1.0,0.0,0.0,0.0,0.0
3751,0.379,0.43,0.324,0.801,0.414,0.425,0.045,0.22,1,2,0,0,TEST,3,0.0,1.0,0.0,0.0,0.0,0.0,0.0,0.0,1.0,0.0,1.0,0.0,0.0,0.0,0.0
3752,0.767,0.226,0.715,1.0,0.492,0.0,0.27,0.633,5,0,0,0,TRAIN,7,0.0,0.0,0.0,0.0,0.0,1.0,1.0,0.0,0.0,0.0,1.0,0.0,0.0,0.0,0.0
3753,0.079,0.36,0.722,1.0,0.604,0.0,0.228,0.732,0,0,0,1,TEST,7,1.0,0.0,0.0,0.0,0.0,0.0,1.0,0.0,0.0,0.0,1.0,0.0,0.0,0.0,0.0
3754,0.113,0.36,0.78,0.863,0.722,0.137,0.519,0.926,0,1,3,1,TRAIN,7,1.0,0.0,0.0,0.0,0.0,0.0,0.0,1.0,0.0,0.0,0.0,0.0,0.0,1.0,0.0
3755,0.38,0.56,0.461,0.841,0.388,0.682,0.023,0.271,2,2,0,1,TRAIN,3,0.0,0.0,1.0,0.0,0.0,0.0,0.0,0.0,1.0,0.0,1.0,0.0,0.0,0.0,0.0
3756,0.606,0.537,0.555,0.544,0.467,0.435,0.046,0.429,1,2,3,1,TRAIN,3,0.0,1.0,0.0,0.0,0.0,0.0,0.0,0.0,1.0,0.0,0.0,0.0,0.0,1.0,0.0
3757,0.681,0.794,0.681,0.0,0.633,0.859,0.177,0.692,3,0,1,1,TRAIN,6,0.0,0.0,0.0,1.0,0.0,0.0,1.0,0.0,0.0,0.0,0.0,1.0,0.0,0.0,0.0
3758,0.618,0.306,0.538,0.899,0.467,0.331,0.183,0.425,5,0,1,0,TRAIN,7,0.0,0.0,0.0,0.0,0.0,1.0,1.0,0.0,0.0,0.0,0.0,1.0,0.0,0.0,0.0
3759,0.229,0.408,0.245,0.804,0.329,0.156,0.047,0.16,2,0,0,1,TEST,3,0.0,0.0,1.0,0.0,0.0,0.0,1.0,0.0,0.0,0.0,1.0,0.0,0.0,0.0,0.0
3760,0.441,0.576,0.472,0.642,0.364,0.47,0.026,0.343,2,2,0,0,TRAIN,3,0.0,0.0,1.0,0.0,0.0,0.0,0.0,0.0,1.0,0.0,1.0,0.0,0.0,0.0,0.0
3761,0.815,0.338,0.591,1.0,0.556,0.252,0.041,0.506,0,0,1,1,TRAIN,4,1.0,0.0,0.0,0.0,0.0,0.0,1.0,0.0,0.0,0.0,0.0,1.0,0.0,0.0,0.0
3762,0.463,0.488,0.386,0.819,0.44,0.388,0.024,0.296,3,3,1,0,TRAIN,3,0.0,0.0,0.0,1.0,0.0,0.0,0.0,0.0,0.0,1.0,0.0,1.0,0.0,0.0,0.0
3763,0.567,0.521,0.488,0.648,0.454,0.731,0.022,0.473,3,2,0,0,TRAIN,3,0.0,0.0,0.0,1.0,0.0,0.0,0.0,0.0,1.0,0.0,1.0,0.0,0.0,0.0,0.0
3764,0.59,0.611,0.513,0.777,0.392,0.532,0.011,0.429,2,1,0,0,VAL,3,0.0,0.0,1.0,0.0,0.0,0.0,0.0,1.0,0.0,0.0,1.0,0.0,0.0,0.0,0.0
3765,0.516,0.521,0.383,0.624,0.436,0.593,0.021,0.295,3,2,3,0,TRAIN,3,0.0,0.0,0.0,1.0,0.0,0.0,0.0,0.0,1.0,0.0,0.0,0.0,0.0,1.0,0.0
3766,0.491,0.423,0.506,0.645,0.523,0.36,0.088,0.382,2,2,3,1,TEST,3,0.0,0.0,1.0,0.0,0.0,0.0,0.0,0.0,1.0,0.0,0.0,0.0,0.0,1.0,0.0
3767,0.414,0.386,0.411,0.183,0.611,0.167,0.373,0.448,5,0,0,1,VAL,7,0.0,0.0,0.0,0.0,0.0,1.0,1.0,0.0,0.0,0.0,1.0,0.0,0.0,0.0,0.0
3768,0.507,0.572,0.448,0.488,0.44,0.45,0.027,0.328,3,2,3,0,TRAIN,3,0.0,0.0,0.0,1.0,0.0,0.0,0.0,0.0,1.0,0.0,0.0,0.0,0.0,1.0,0.0
3769,0.721,0.234,0.606,1.0,0.583,0.006,0.146,0.566,0,3,2,1,TEST,4,1.0,0.0,0.0,0.0,0.0,0.0,0.0,0.0,0.0,1.0,0.0,0.0,1.0,0.0,0.0
3770,0.064,0.638,0.23,0.879,0.132,0.652,0.001,0.06,3,1,3,0,TRAIN,3,0.0,0.0,0.0,1.0,0.0,0.0,0.0,1.0,0.0,0.0,0.0,0.0,0.0,1.0,0.0
3771,0.298,0.445,0.265,0.779,0.367,0.303,0.013,0.118,0,1,2,1,TRAIN,5,1.0,0.0,0.0,0.0,0.0,0.0,0.0,1.0,0.0,0.0,0.0,0.0,1.0,0.0,0.0
3772,0.504,0.224,0.343,0.352,0.575,0.013,0.385,0.421,0,3,0,0,TRAIN,7,1.0,0.0,0.0,0.0,0.0,0.0,0.0,0.0,0.0,1.0,1.0,0.0,0.0,0.0,0.0
3773,0.606,0.778,0.618,0.0,0.596,0.926,0.149,0.662,4,2,0,1,TEST,6,0.0,0.0,0.0,0.0,1.0,0.0,0.0,0.0,1.0,0.0,1.0,0.0,0.0,0.0,0.0
3774,0.662,0.547,0.581,0.44,0.402,0.586,0.064,0.486,1,3,3,0,TRAIN,3,0.0,1.0,0.0,0.0,0.0,0.0,0.0,0.0,0.0,1.0,0.0,0.0,0.0,1.0,0.0
3775,0.575,0.799,0.726,0.0,0.672,0.727,0.215,0.585,5,2,1,1,VAL,6,0.0,0.0,0.0,0.0,0.0,1.0,0.0,0.0,1.0,0.0,0.0,1.0,0.0,0.0,0.0
3776,0.36,0.924,0.486,0.0,0.237,1.0,0.023,0.33,0,2,0,1,TRAIN,6,1.0,0.0,0.0,0.0,0.0,0.0,0.0,0.0,1.0,0.0,1.0,0.0,0.0,0.0,0.0
3777,0.327,0.445,0.317,0.59,0.472,0.49,0.11,0.25,3,0,0,1,TRAIN,3,0.0,0.0,0.0,1.0,0.0,0.0,1.0,0.0,0.0,0.0,1.0,0.0,0.0,0.0,0.0
3778,0.587,0.883,0.543,0.0,0.555,1.0,0.058,0.536,4,0,2,0,TRAIN,6,0.0,0.0,0.0,0.0,1.0,0.0,1.0,0.0,0.0,0.0,0.0,0.0,1.0,0.0,0.0
3779,0.246,0.435,0.289,0.712,0.352,0.164,0.113,0.245,5,1,0,0,TRAIN,3,0.0,0.0,0.0,0.0,0.0,1.0,0.0,1.0,0.0,0.0,1.0,0.0,0.0,0.0,0.0
3780,0.84,0.129,0.553,1.0,0.628,0.0,0.204,0.537,2,0,1,1,TRAIN,7,0.0,0.0,1.0,0.0,0.0,0.0,1.0,0.0,0.0,0.0,0.0,1.0,0.0,0.0,0.0
3781,0.122,0.397,0.249,0.456,0.354,0.286,0.066,0.126,0,2,2,1,TRAIN,5,1.0,0.0,0.0,0.0,0.0,0.0,0.0,0.0,1.0,0.0,0.0,0.0,1.0,0.0,0.0
3782,0.995,0.351,0.703,1.0,0.564,0.082,0.056,0.745,5,0,1,1,TEST,4,0.0,0.0,0.0,0.0,0.0,1.0,1.0,0.0,0.0,0.0,0.0,1.0,0.0,0.0,0.0
3783,0.422,0.83,0.524,0.0,0.539,0.923,0.1,0.46,2,2,3,0,TRAIN,6,0.0,0.0,1.0,0.0,0.0,0.0,0.0,0.0,1.0,0.0,0.0,0.0,0.0,1.0,0.0
3784,0.276,0.562,0.317,0.766,0.493,0.543,0.018,0.152,3,3,3,0,TRAIN,3,0.0,0.0,0.0,1.0,0.0,0.0,0.0,0.0,0.0,1.0,0.0,0.0,0.0,1.0,0.0
3785,0.317,0.419,0.399,1.0,0.252,0.274,0.014,0.231,2,1,2,1,TEST,5,0.0,0.0,1.0,0.0,0.0,0.0,0.0,1.0,0.0,0.0,0.0,0.0,1.0,0.0,0.0
3786,0.605,0.61,0.509,0.509,0.377,0.802,0.021,0.373,0,2,0,0,TRAIN,3,1.0,0.0,0.0,0.0,0.0,0.0,0.0,0.0,1.0,0.0,1.0,0.0,0.0,0.0,0.0
3787,0.65,0.215,0.413,1.0,0.414,0.0,0.059,0.337,0,1,1,1,TRAIN,7,1.0,0.0,0.0,0.0,0.0,0.0,0.0,1.0,0.0,0.0,0.0,1.0,0.0,0.0,0.0
3788,0.204,0.455,0.349,0.646,0.288,0.285,0.054,0.208,3,2,0,1,TRAIN,3,0.0,0.0,0.0,1.0,0.0,0.0,0.0,0.0,1.0,0.0,1.0,0.0,0.0,0.0,0.0
3789,0.178,0.627,0.418,0.687,0.316,0.55,0.013,0.231,3,2,0,0,TRAIN,3,0.0,0.0,0.0,1.0,0.0,0.0,0.0,0.0,1.0,0.0,1.0,0.0,0.0,0.0,0.0
3790,0.389,0.51,0.468,0.757,0.396,0.428,0.037,0.386,1,2,0,0,TEST,3,0.0,1.0,0.0,0.0,0.0,0.0,0.0,0.0,1.0,0.0,1.0,0.0,0.0,0.0,0.0
3791,0.509,0.797,0.563,0.0,0.648,0.892,0.155,0.599,3,2,1,1,TRAIN,6,0.0,0.0,0.0,1.0,0.0,0.0,0.0,0.0,1.0,0.0,0.0,1.0,0.0,0.0,0.0
3792,0.392,0.56,0.445,0.76,0.37,0.536,0.023,0.25,2,3,3,0,TRAIN,3,0.0,0.0,1.0,0.0,0.0,0.0,0.0,0.0,0.0,1.0,0.0,0.0,0.0,1.0,0.0
3793,0.217,0.786,0.395,0.0,0.315,0.826,0.04,0.283,3,2,1,0,TEST,1,0.0,0.0,0.0,1.0,0.0,0.0,0.0,0.0,1.0,0.0,0.0,1.0,0.0,0.0,0.0
3794,0.383,0.405,0.38,0.591,0.563,0.36,0.205,0.41,5,1,0,0,TRAIN,7,0.0,0.0,0.0,0.0,0.0,1.0,0.0,1.0,0.0,0.0,1.0,0.0,0.0,0.0,0.0
3795,0.373,0.781,0.379,0.0,0.305,0.633,0.029,0.278,3,0,1,0,TRAIN,1,0.0,0.0,0.0,1.0,0.0,0.0,1.0,0.0,0.0,0.0,0.0,1.0,0.0,0.0,0.0
3796,0.339,0.595,0.385,0.76,0.3,0.782,0.004,0.121,5,2,0,0,TEST,3,0.0,0.0,0.0,0.0,0.0,1.0,0.0,0.0,1.0,0.0,1.0,0.0,0.0,0.0,0.0
3797,0.041,0.539,0.162,0.5,0.249,0.361,0.033,0.074,0,1,0,1,TEST,5,1.0,0.0,0.0,0.0,0.0,0.0,0.0,1.0,0.0,0.0,1.0,0.0,0.0,0.0,0.0
3798,0.537,0.37,0.488,0.113,0.736,0.232,0.525,0.619,3,1,1,0,TRAIN,2,0.0,0.0,0.0,1.0,0.0,0.0,0.0,1.0,0.0,0.0,0.0,1.0,0.0,0.0,0.0
3799,0.488,0.606,0.537,0.0,0.599,0.59,0.271,0.532,2,3,0,0,VAL,2,0.0,0.0,1.0,0.0,0.0,0.0,0.0,0.0,0.0,1.0,1.0,0.0,0.0,0.0,0.0
3800,0.565,0.293,0.467,1.0,0.417,0.274,0.038,0.334,0,0,0,1,TRAIN,4,1.0,0.0,0.0,0.0,0.0,0.0,1.0,0.0,0.0,0.0,1.0,0.0,0.0,0.0,0.0
3801,0.341,0.528,0.268,0.644,0.327,0.591,0.016,0.257,2,3,3,0,TRAIN,3,0.0,0.0,1.0,0.0,0.0,0.0,0.0,0.0,0.0,1.0,0.0,0.0,0.0,1.0,0.0
3802,0.523,0.41,0.506,0.0,0.634,0.394,0.322,0.542,3,2,4,0,TRAIN,2,0.0,0.0,0.0,1.0,0.0,0.0,0.0,0.0,1.0,0.0,0.0,0.0,0.0,0.0,1.0
3803,0.318,0.549,0.398,0.753,0.312,0.513,0.028,0.249,2,2,0,0,VAL,3,0.0,0.0,1.0,0.0,0.0,0.0,0.0,0.0,1.0,0.0,1.0,0.0,0.0,0.0,0.0
3804,0.447,0.649,0.491,0.761,0.193,0.424,0.018,0.298,2,2,3,1,VAL,3,0.0,0.0,1.0,0.0,0.0,0.0,0.0,0.0,1.0,0.0,0.0,0.0,0.0,1.0,0.0
3805,0.582,0.361,0.446,0.0,0.797,0.187,0.762,0.637,2,2,0,0,VAL,2,0.0,0.0,1.0,0.0,0.0,0.0,0.0,0.0,1.0,0.0,1.0,0.0,0.0,0.0,0.0
3806,0.346,0.57,0.428,0.742,0.332,0.615,0.023,0.23,3,0,0,1,TRAIN,3,0.0,0.0,0.0,1.0,0.0,0.0,1.0,0.0,0.0,0.0,1.0,0.0,0.0,0.0,0.0
3807,0.19,0.591,0.26,0.336,0.273,0.691,0.007,0.152,1,2,0,0,VAL,5,0.0,1.0,0.0,0.0,0.0,0.0,0.0,0.0,1.0,0.0,1.0,0.0,0.0,0.0,0.0
3808,0.496,0.393,0.502,0.714,0.584,0.124,0.113,0.353,2,3,0,0,TRAIN,7,0.0,0.0,1.0,0.0,0.0,0.0,0.0,0.0,0.0,1.0,1.0,0.0,0.0,0.0,0.0
3809,0.393,0.576,0.372,0.771,0.436,0.546,0.014,0.235,5,3,0,0,TEST,3,0.0,0.0,0.0,0.0,0.0,1.0,0.0,0.0,0.0,1.0,1.0,0.0,0.0,0.0,0.0
3810,0.562,0.26,0.417,0.822,0.543,0.039,0.245,0.419,0,1,0,0,TRAIN,7,1.0,0.0,0.0,0.0,0.0,0.0,0.0,1.0,0.0,0.0,1.0,0.0,0.0,0.0,0.0
3811,0.597,0.373,0.518,0.155,0.667,0.181,0.323,0.586,3,1,1,0,TRAIN,2,0.0,0.0,0.0,1.0,0.0,0.0,0.0,1.0,0.0,0.0,0.0,1.0,0.0,0.0,0.0
3812,0.4,0.362,0.356,0.347,0.604,0.042,0.302,0.397,4,1,0,0,VAL,7,0.0,0.0,0.0,0.0,1.0,0.0,0.0,1.0,0.0,0.0,1.0,0.0,0.0,0.0,0.0
3813,0.445,0.705,0.473,0.0,0.596,0.539,0.275,0.526,2,1,1,1,TEST,2,0.0,0.0,1.0,0.0,0.0,0.0,0.0,1.0,0.0,0.0,0.0,1.0,0.0,0.0,0.0
3814,0.65,0.808,0.601,0.0,0.706,0.977,0.225,0.613,5,2,1,1,TEST,6,0.0,0.0,0.0,0.0,0.0,1.0,0.0,0.0,1.0,0.0,0.0,1.0,0.0,0.0,0.0
3815,0.214,0.53,0.23,0.588,0.302,0.524,0.024,0.167,2,1,2,0,VAL,5,0.0,0.0,1.0,0.0,0.0,0.0,0.0,1.0,0.0,0.0,0.0,0.0,1.0,0.0,0.0
3816,0.461,0.53,0.313,0.857,0.229,0.424,0.04,0.306,1,2,1,1,VAL,3,0.0,1.0,0.0,0.0,0.0,0.0,0.0,0.0,1.0,0.0,0.0,1.0,0.0,0.0,0.0
3817,0.447,0.53,0.447,0.628,0.28,0.275,0.04,0.27,3,3,0,0,TEST,3,0.0,0.0,0.0,1.0,0.0,0.0,0.0,0.0,0.0,1.0,1.0,0.0,0.0,0.0,0.0
3818,0.114,0.525,0.244,0.783,0.243,0.239,0.019,0.091,4,3,1,1,VAL,8,0.0,0.0,0.0,0.0,1.0,0.0,0.0,0.0,0.0,1.0,0.0,1.0,0.0,0.0,0.0
3819,0.439,0.553,0.487,0.528,0.533,0.374,0.07,0.298,3,2,0,0,TRAIN,3,0.0,0.0,0.0,1.0,0.0,0.0,0.0,0.0,1.0,0.0,1.0,0.0,0.0,0.0,0.0
3820,0.596,0.75,0.675,0.0,0.662,0.814,0.312,0.679,5,1,0,1,TRAIN,6,0.0,0.0,0.0,0.0,0.0,1.0,0.0,1.0,0.0,0.0,1.0,0.0,0.0,0.0,0.0
3821,0.237,0.527,0.348,0.737,0.228,0.594,0.018,0.231,1,2,0,0,TRAIN,3,0.0,1.0,0.0,0.0,0.0,0.0,0.0,0.0,1.0,0.0,1.0,0.0,0.0,0.0,0.0
3822,0.422,0.507,0.424,0.452,0.442,0.329,0.113,0.329,3,2,3,1,VAL,3,0.0,0.0,0.0,1.0,0.0,0.0,0.0,0.0,1.0,0.0,0.0,0.0,0.0,1.0,0.0
3823,0.422,0.553,0.489,0.645,0.496,0.568,0.048,0.376,3,2,1,0,TRAIN,3,0.0,0.0,0.0,1.0,0.0,0.0,0.0,0.0,1.0,0.0,0.0,1.0,0.0,0.0,0.0
3824,0.197,0.555,0.271,0.917,0.256,0.554,0.014,0.145,2,2,1,0,TEST,3,0.0,0.0,1.0,0.0,0.0,0.0,0.0,0.0,1.0,0.0,0.0,1.0,0.0,0.0,0.0
3825,0.534,0.656,0.495,0.588,0.407,0.787,0.02,0.422,1,2,0,1,TRAIN,3,0.0,1.0,0.0,0.0,0.0,0.0,0.0,0.0,1.0,0.0,1.0,0.0,0.0,0.0,0.0
3826,0.196,0.613,0.271,0.955,0.25,0.638,0.009,0.116,0,1,0,1,TRAIN,5,1.0,0.0,0.0,0.0,0.0,0.0,0.0,1.0,0.0,0.0,1.0,0.0,0.0,0.0,0.0
3827,0.645,0.544,0.652,0.406,0.62,0.61,0.066,0.532,3,0,3,0,TEST,3,0.0,0.0,0.0,1.0,0.0,0.0,1.0,0.0,0.0,0.0,0.0,0.0,0.0,1.0,0.0
3828,0.848,0.335,0.644,0.947,0.675,0.035,0.274,0.651,0,2,1,1,VAL,7,1.0,0.0,0.0,0.0,0.0,0.0,0.0,0.0,1.0,0.0,0.0,1.0,0.0,0.0,0.0
3829,0.538,0.778,0.599,0.0,0.665,0.774,0.269,0.633,3,2,1,1,TRAIN,6,0.0,0.0,0.0,1.0,0.0,0.0,0.0,0.0,1.0,0.0,0.0,1.0,0.0,0.0,0.0
3830,0.406,0.822,0.569,0.0,0.463,0.814,0.107,0.563,4,2,1,1,TEST,6,0.0,0.0,0.0,0.0,1.0,0.0,0.0,0.0,1.0,0.0,0.0,1.0,0.0,0.0,0.0
3831,0.335,0.445,0.266,0.788,0.307,0.45,0.025,0.232,1,3,0,0,TRAIN,3,0.0,1.0,0.0,0.0,0.0,0.0,0.0,0.0,0.0,1.0,1.0,0.0,0.0,0.0,0.0
3832,0.569,0.324,0.568,1.0,0.386,0.2,0.077,0.462,0,0,3,0,TRAIN,4,1.0,0.0,0.0,0.0,0.0,0.0,1.0,0.0,0.0,0.0,0.0,0.0,0.0,1.0,0.0
3833,0.384,0.618,0.424,0.568,0.423,0.648,0.018,0.281,3,3,0,0,TEST,3,0.0,0.0,0.0,1.0,0.0,0.0,0.0,0.0,0.0,1.0,1.0,0.0,0.0,0.0,0.0
3834,0.251,0.426,0.218,0.475,0.47,0.247,0.05,0.148,2,1,2,0,VAL,5,0.0,0.0,1.0,0.0,0.0,0.0,0.0,1.0,0.0,0.0,0.0,0.0,1.0,0.0,0.0
3835,0.103,0.451,0.209,1.0,0.213,0.363,0.011,0.081,2,1,1,1,TRAIN,8,0.0,0.0,1.0,0.0,0.0,0.0,0.0,1.0,0.0,0.0,0.0,1.0,0.0,0.0,0.0
3836,0.371,0.598,0.384,0.666,0.206,0.652,0.024,0.169,1,1,0,0,TRAIN,3,0.0,1.0,0.0,0.0,0.0,0.0,0.0,1.0,0.0,0.0,1.0,0.0,0.0,0.0,0.0
3837,0.399,0.511,0.403,0.835,0.258,0.46,0.021,0.275,1,3,0,0,TEST,3,0.0,1.0,0.0,0.0,0.0,0.0,0.0,0.0,0.0,1.0,1.0,0.0,0.0,0.0,0.0
3838,0.476,0.459,0.352,0.974,0.304,0.506,0.025,0.248,3,2,0,0,TEST,3,0.0,0.0,0.0,1.0,0.0,0.0,0.0,0.0,1.0,0.0,1.0,0.0,0.0,0.0,0.0
3839,0.218,0.845,0.422,0.0,0.401,0.942,0.039,0.214,0,0,4,0,VAL,1,1.0,0.0,0.0,0.0,0.0,0.0,1.0,0.0,0.0,0.0,0.0,0.0,0.0,0.0,1.0
3840,0.382,0.552,0.476,0.707,0.363,0.422,0.019,0.299,2,2,3,0,TRAIN,3,0.0,0.0,1.0,0.0,0.0,0.0,0.0,0.0,1.0,0.0,0.0,0.0,0.0,1.0,0.0
3841,0.421,0.69,0.452,0.0,0.465,0.696,0.049,0.42,3,0,0,1,TRAIN,1,0.0,0.0,0.0,1.0,0.0,0.0,1.0,0.0,0.0,0.0,1.0,0.0,0.0,0.0,0.0
3842,0.297,0.446,0.37,0.836,0.378,0.422,0.033,0.216,2,2,0,1,TRAIN,3,0.0,0.0,1.0,0.0,0.0,0.0,0.0,0.0,1.0,0.0,1.0,0.0,0.0,0.0,0.0
3843,0.354,0.595,0.439,0.709,0.422,0.491,0.032,0.306,2,2,0,1,TEST,3,0.0,0.0,1.0,0.0,0.0,0.0,0.0,0.0,1.0,0.0,1.0,0.0,0.0,0.0,0.0
3844,0.949,0.22,0.62,1.0,0.62,0.027,0.144,0.621,0,3,0,0,TRAIN,7,1.0,0.0,0.0,0.0,0.0,0.0,0.0,0.0,0.0,1.0,1.0,0.0,0.0,0.0,0.0
3845,0.629,0.237,0.446,0.927,0.443,0.024,0.292,0.476,0,0,0,0,TEST,7,1.0,0.0,0.0,0.0,0.0,0.0,1.0,0.0,0.0,0.0,1.0,0.0,0.0,0.0,0.0
3846,0.879,0.068,0.534,1.0,0.495,0.0,0.142,0.441,0,1,0,1,TRAIN,7,1.0,0.0,0.0,0.0,0.0,0.0,0.0,1.0,0.0,0.0,1.0,0.0,0.0,0.0,0.0
3847,0.437,0.611,0.46,0.0,0.479,0.672,0.129,0.497,3,1,4,0,TEST,2,0.0,0.0,0.0,1.0,0.0,0.0,0.0,1.0,0.0,0.0,0.0,0.0,0.0,0.0,1.0
3848,0.772,0.398,0.607,0.83,0.526,0.371,0.069,0.572,4,1,1,1,VAL,4,0.0,0.0,0.0,0.0,1.0,0.0,0.0,1.0,0.0,0.0,0.0,1.0,0.0,0.0,0.0
3849,0.581,0.421,0.436,0.937,0.316,0.314,0.045,0.392,1,0,0,1,TRAIN,3,0.0,1.0,0.0,0.0,0.0,0.0,1.0,0.0,0.0,0.0,1.0,0.0,0.0,0.0,0.0
3850,0.333,0.591,0.315,0.7,0.248,0.416,0.017,0.187,2,2,0,1,VAL,3,0.0,0.0,1.0,0.0,0.0,0.0,0.0,0.0,1.0,0.0,1.0,0.0,0.0,0.0,0.0
3851,0.501,0.789,0.598,0.0,0.651,0.795,0.233,0.64,5,2,1,1,VAL,6,0.0,0.0,0.0,0.0,0.0,1.0,0.0,0.0,1.0,0.0,0.0,1.0,0.0,0.0,0.0
3852,0.509,0.478,0.438,0.54,0.497,0.382,0.076,0.414,3,1,3,0,VAL,3,0.0,0.0,0.0,1.0,0.0,0.0,0.0,1.0,0.0,0.0,0.0,0.0,0.0,1.0,0.0
3853,0.657,0.283,0.449,0.56,0.65,0.16,0.174,0.548,4,3,0,0,TRAIN,7,0.0,0.0,0.0,0.0,1.0,0.0,0.0,0.0,0.0,1.0,1.0,0.0,0.0,0.0,0.0
3854,0.402,0.506,0.359,0.757,0.292,0.456,0.017,0.209,3,2,0,0,TRAIN,3,0.0,0.0,0.0,1.0,0.0,0.0,0.0,0.0,1.0,0.0,1.0,0.0,0.0,0.0,0.0
3855,0.531,0.665,0.484,0.325,0.467,0.666,0.011,0.371,5,2,3,0,VAL,3,0.0,0.0,0.0,0.0,0.0,1.0,0.0,0.0,1.0,0.0,0.0,0.0,0.0,1.0,0.0
3856,0.386,0.525,0.455,0.748,0.319,0.635,0.03,0.266,3,0,0,0,TEST,3,0.0,0.0,0.0,1.0,0.0,0.0,1.0,0.0,0.0,0.0,1.0,0.0,0.0,0.0,0.0
3857,0.438,0.526,0.484,0.892,0.39,0.452,0.027,0.273,2,3,1,1,TEST,3,0.0,0.0,1.0,0.0,0.0,0.0,0.0,0.0,0.0,1.0,0.0,1.0,0.0,0.0,0.0
3858,0.132,0.521,0.301,0.846,0.33,0.523,0.015,0.134,3,2,0,1,TEST,3,0.0,0.0,0.0,1.0,0.0,0.0,0.0,0.0,1.0,0.0,1.0,0.0,0.0,0.0,0.0
3859,0.485,0.284,0.357,1.0,0.485,0.052,0.077,0.215,0,0,0,1,TRAIN,7,1.0,0.0,0.0,0.0,0.0,0.0,1.0,0.0,0.0,0.0,1.0,0.0,0.0,0.0,0.0
3860,0.13,0.602,0.278,0.892,0.251,0.585,0.005,0.087,3,1,0,1,TEST,3,0.0,0.0,0.0,1.0,0.0,0.0,0.0,1.0,0.0,0.0,1.0,0.0,0.0,0.0,0.0
3861,0.262,0.426,0.298,0.586,0.319,0.448,0.06,0.264,3,0,0,1,TRAIN,3,0.0,0.0,0.0,1.0,0.0,0.0,1.0,0.0,0.0,0.0,1.0,0.0,0.0,0.0,0.0
3862,0.486,0.867,0.556,0.0,0.62,1.0,0.023,0.465,3,2,0,1,TRAIN,6,0.0,0.0,0.0,1.0,0.0,0.0,0.0,0.0,1.0,0.0,1.0,0.0,0.0,0.0,0.0
3863,0.443,0.366,0.425,1.0,0.475,0.207,0.109,0.316,4,3,1,1,TRAIN,4,0.0,0.0,0.0,0.0,1.0,0.0,0.0,0.0,0.0,1.0,0.0,1.0,0.0,0.0,0.0
3864,0.478,0.469,0.361,0.0,0.769,0.28,0.442,0.517,3,1,4,0,TRAIN,2,0.0,0.0,0.0,1.0,0.0,0.0,0.0,1.0,0.0,0.0,0.0,0.0,0.0,0.0,1.0
3865,0.273,0.399,0.243,0.996,0.32,0.206,0.024,0.188,5,1,0,0,TRAIN,3,0.0,0.0,0.0,0.0,0.0,1.0,0.0,1.0,0.0,0.0,1.0,0.0,0.0,0.0,0.0
3866,0.444,0.868,0.61,0.0,0.463,1.0,0.048,0.464,2,1,0,0,VAL,6,0.0,0.0,1.0,0.0,0.0,0.0,0.0,1.0,0.0,0.0,1.0,0.0,0.0,0.0,0.0
3867,0.112,0.442,0.276,0.864,0.273,0.449,0.032,0.167,3,0,3,0,TRAIN,3,0.0,0.0,0.0,1.0,0.0,0.0,1.0,0.0,0.0,0.0,0.0,0.0,0.0,1.0,0.0
3868,0.654,0.818,0.557,0.0,0.48,0.921,0.075,0.589,2,3,0,1,TRAIN,6,0.0,0.0,1.0,0.0,0.0,0.0,0.0,0.0,0.0,1.0,1.0,0.0,0.0,0.0,0.0
3869,0.332,0.653,0.268,0.815,0.053,0.769,0.001,0.067,3,2,0,1,TEST,3,0.0,0.0,0.0,1.0,0.0,0.0,0.0,0.0,1.0,0.0,1.0,0.0,0.0,0.0,0.0
3870,0.149,0.545,0.765,0.314,0.714,0.572,0.365,0.829,0,1,0,0,TRAIN,7,1.0,0.0,0.0,0.0,0.0,0.0,0.0,1.0,0.0,0.0,1.0,0.0,0.0,0.0,0.0
3871,0.232,0.462,0.255,0.909,0.22,0.371,0.006,0.088,4,3,0,0,VAL,3,0.0,0.0,0.0,0.0,1.0,0.0,0.0,0.0,0.0,1.0,1.0,0.0,0.0,0.0,0.0
3872,0.368,0.369,0.513,0.0,0.85,0.165,0.587,0.601,3,1,1,1,TRAIN,2,0.0,0.0,0.0,1.0,0.0,0.0,0.0,1.0,0.0,0.0,0.0,1.0,0.0,0.0,0.0
3873,0.268,0.571,0.322,0.702,0.215,0.638,0.009,0.258,2,2,0,0,TEST,3,0.0,0.0,1.0,0.0,0.0,0.0,0.0,0.0,1.0,0.0,1.0,0.0,0.0,0.0,0.0
3874,0.846,0.342,0.672,1.0,0.434,0.21,0.023,0.584,1,0,1,1,TRAIN,4,0.0,1.0,0.0,0.0,0.0,0.0,1.0,0.0,0.0,0.0,0.0,1.0,0.0,0.0,0.0
3875,0.272,0.585,0.313,1.0,0.297,0.45,0.005,0.16,3,1,0,0,TEST,3,0.0,0.0,0.0,1.0,0.0,0.0,0.0,1.0,0.0,0.0,1.0,0.0,0.0,0.0,0.0
3876,0.208,0.526,0.286,0.985,0.227,0.501,0.019,0.218,2,2,0,0,TEST,3,0.0,0.0,1.0,0.0,0.0,0.0,0.0,0.0,1.0,0.0,1.0,0.0,0.0,0.0,0.0
3877,0.385,0.55,0.464,0.685,0.341,0.712,0.018,0.246,3,2,0,0,TRAIN,3,0.0,0.0,0.0,1.0,0.0,0.0,0.0,0.0,1.0,0.0,1.0,0.0,0.0,0.0,0.0
3878,0.525,0.821,0.568,0.0,0.595,0.81,0.169,0.594,0,0,1,1,VAL,6,1.0,0.0,0.0,0.0,0.0,0.0,1.0,0.0,0.0,0.0,0.0,1.0,0.0,0.0,0.0
3879,0.663,0.293,0.548,0.832,0.605,0.178,0.278,0.549,0,3,3,0,TRAIN,7,1.0,0.0,0.0,0.0,0.0,0.0,0.0,0.0,0.0,1.0,0.0,0.0,0.0,1.0,0.0
3880,0.794,0.354,0.571,0.831,0.548,0.124,0.13,0.604,5,1,0,1,VAL,7,0.0,0.0,0.0,0.0,0.0,1.0,0.0,1.0,0.0,0.0,1.0,0.0,0.0,0.0,0.0
3881,0.475,0.808,0.569,0.0,0.534,0.939,0.136,0.559,2,2,1,1,TRAIN,6,0.0,0.0,1.0,0.0,0.0,0.0,0.0,0.0,1.0,0.0,0.0,1.0,0.0,0.0,0.0
3882,0.197,0.599,0.374,1.0,0.273,0.562,0.003,0.157,2,2,0,1,TRAIN,3,0.0,0.0,1.0,0.0,0.0,0.0,0.0,0.0,1.0,0.0,1.0,0.0,0.0,0.0,0.0
3883,0.266,0.472,0.265,0.94,0.379,0.383,0.015,0.105,2,2,0,0,TEST,3,0.0,0.0,1.0,0.0,0.0,0.0,0.0,0.0,1.0,0.0,1.0,0.0,0.0,0.0,0.0
3884,0.284,0.548,0.311,0.559,0.408,0.418,0.063,0.253,2,3,0,1,TRAIN,3,0.0,0.0,1.0,0.0,0.0,0.0,0.0,0.0,0.0,1.0,1.0,0.0,0.0,0.0,0.0
3885,0.282,0.485,0.361,0.851,0.302,0.295,0.023,0.17,3,2,0,0,VAL,3,0.0,0.0,0.0,1.0,0.0,0.0,0.0,0.0,1.0,0.0,1.0,0.0,0.0,0.0,0.0
3886,0.086,0.207,0.728,1.0,0.653,0.0,0.282,0.768,0,0,1,1,TEST,7,1.0,0.0,0.0,0.0,0.0,0.0,1.0,0.0,0.0,0.0,0.0,1.0,0.0,0.0,0.0
3887,0.399,0.653,0.501,0.794,0.282,0.71,0.011,0.339,2,2,0,0,TRAIN,3,0.0,0.0,1.0,0.0,0.0,0.0,0.0,0.0,1.0,0.0,1.0,0.0,0.0,0.0,0.0
3888,0.683,0.39,0.595,0.983,0.41,0.305,0.032,0.502,0,3,1,1,TEST,4,1.0,0.0,0.0,0.0,0.0,0.0,0.0,0.0,0.0,1.0,0.0,1.0,0.0,0.0,0.0
3889,0.195,0.495,0.245,1.0,0.172,0.395,0.005,0.076,3,2,0,1,VAL,3,0.0,0.0,0.0,1.0,0.0,0.0,0.0,0.0,1.0,0.0,1.0,0.0,0.0,0.0,0.0
3890,0.418,0.783,0.587,0.0,0.631,0.785,0.139,0.544,0,2,0,1,TEST,6,1.0,0.0,0.0,0.0,0.0,0.0,0.0,0.0,1.0,0.0,1.0,0.0,0.0,0.0,0.0
3891,0.327,0.523,0.334,0.942,0.297,0.504,0.013,0.21,5,2,0,1,TEST,3,0.0,0.0,0.0,0.0,0.0,1.0,0.0,0.0,1.0,0.0,1.0,0.0,0.0,0.0,0.0
3892,0.669,0.258,0.508,0.858,0.563,0.098,0.22,0.498,3,1,0,1,VAL,7,0.0,0.0,0.0,1.0,0.0,0.0,0.0,1.0,0.0,0.0,1.0,0.0,0.0,0.0,0.0
3893,0.378,0.865,0.422,0.0,0.501,1.0,0.039,0.429,3,2,1,1,TRAIN,6,0.0,0.0,0.0,1.0,0.0,0.0,0.0,0.0,1.0,0.0,0.0,1.0,0.0,0.0,0.0
3894,0.553,0.497,0.532,0.588,0.524,0.371,0.075,0.459,2,1,0,0,TRAIN,3,0.0,0.0,1.0,0.0,0.0,0.0,0.0,1.0,0.0,0.0,1.0,0.0,0.0,0.0,0.0
3895,0.449,0.819,0.483,0.0,0.447,0.785,0.082,0.481,3,2,0,0,VAL,6,0.0,0.0,0.0,1.0,0.0,0.0,0.0,0.0,1.0,0.0,1.0,0.0,0.0,0.0,0.0
3896,0.616,0.592,0.542,0.605,0.497,0.789,0.032,0.486,2,2,3,0,TRAIN,3,0.0,0.0,1.0,0.0,0.0,0.0,0.0,0.0,1.0,0.0,0.0,0.0,0.0,1.0,0.0
3897,0.479,0.594,0.418,0.721,0.434,0.567,0.022,0.335,3,0,3,0,TRAIN,3,0.0,0.0,0.0,1.0,0.0,0.0,1.0,0.0,0.0,0.0,0.0,0.0,0.0,1.0,0.0
3898,0.229,0.586,0.343,1.0,0.223,0.503,0.017,0.12,3,2,0,1,VAL,3,0.0,0.0,0.0,1.0,0.0,0.0,0.0,0.0,1.0,0.0,1.0,0.0,0.0,0.0,0.0
3899,0.315,0.483,0.374,0.805,0.324,0.299,0.041,0.256,1,3,0,1,VAL,3,0.0,1.0,0.0,0.0,0.0,0.0,0.0,0.0,0.0,1.0,1.0,0.0,0.0,0.0,0.0
3900,0.445,0.238,0.351,0.742,0.623,0.0,0.249,0.273,5,3,0,0,TRAIN,7,0.0,0.0,0.0,0.0,0.0,1.0,0.0,0.0,0.0,1.0,1.0,0.0,0.0,0.0,0.0
3901,0.355,0.543,0.428,0.823,0.449,0.434,0.027,0.257,2,3,0,0,VAL,3,0.0,0.0,1.0,0.0,0.0,0.0,0.0,0.0,0.0,1.0,1.0,0.0,0.0,0.0,0.0
3902,0.55,0.302,0.468,0.0,0.903,0.038,0.583,0.691,0,2,1,0,VAL,2,1.0,0.0,0.0,0.0,0.0,0.0,0.0,0.0,1.0,0.0,0.0,1.0,0.0,0.0,0.0
3903,0.229,0.525,0.319,0.933,0.32,0.283,0.008,0.178,3,3,0,0,TEST,3,0.0,0.0,0.0,1.0,0.0,0.0,0.0,0.0,0.0,1.0,1.0,0.0,0.0,0.0,0.0
3904,0.071,0.577,0.245,0.857,0.191,0.594,0.002,0.084,1,1,1,1,VAL,8,0.0,1.0,0.0,0.0,0.0,0.0,0.0,1.0,0.0,0.0,0.0,1.0,0.0,0.0,0.0
3905,0.276,0.415,0.346,0.699,0.372,0.229,0.108,0.247,3,3,0,1,VAL,3,0.0,0.0,0.0,1.0,0.0,0.0,0.0,0.0,0.0,1.0,1.0,0.0,0.0,0.0,0.0
3906,0.896,0.435,0.698,1.0,0.313,0.287,0.012,0.46,0,3,3,1,TEST,4,1.0,0.0,0.0,0.0,0.0,0.0,0.0,0.0,0.0,1.0,0.0,0.0,0.0,1.0,0.0
3907,0.244,0.436,0.357,1.0,0.313,0.372,0.018,0.149,2,2,0,1,TEST,3,0.0,0.0,1.0,0.0,0.0,0.0,0.0,0.0,1.0,0.0,1.0,0.0,0.0,0.0,0.0
3908,0.512,0.597,0.387,0.654,0.317,0.492,0.03,0.371,1,2,0,0,TRAIN,3,0.0,1.0,0.0,0.0,0.0,0.0,0.0,0.0,1.0,0.0,1.0,0.0,0.0,0.0,0.0
3909,0.45,0.847,0.544,0.0,0.496,0.781,0.078,0.539,5,3,2,1,TRAIN,6,0.0,0.0,0.0,0.0,0.0,1.0,0.0,0.0,0.0,1.0,0.0,0.0,1.0,0.0,0.0
3910,0.419,0.523,0.486,0.0,0.727,0.361,0.413,0.592,3,0,4,1,VAL,2,0.0,0.0,0.0,1.0,0.0,0.0,1.0,0.0,0.0,0.0,0.0,0.0,0.0,0.0,1.0
3911,0.323,0.419,0.329,0.727,0.449,0.251,0.058,0.229,0,1,2,1,TRAIN,5,1.0,0.0,0.0,0.0,0.0,0.0,0.0,1.0,0.0,0.0,0.0,0.0,1.0,0.0,0.0
3912,0.888,0.25,0.601,1.0,0.594,0.0,0.222,0.658,0,3,0,0,VAL,7,1.0,0.0,0.0,0.0,0.0,0.0,0.0,0.0,0.0,1.0,1.0,0.0,0.0,0.0,0.0
3913,0.273,0.533,0.247,1.0,0.268,0.532,0.015,0.15,3,2,0,1,TRAIN,3,0.0,0.0,0.0,1.0,0.0,0.0,0.0,0.0,1.0,0.0,1.0,0.0,0.0,0.0,0.0
3914,0.439,0.627,0.465,0.427,0.397,0.65,0.017,0.319,2,2,0,0,VAL,3,0.0,0.0,1.0,0.0,0.0,0.0,0.0,0.0,1.0,0.0,1.0,0.0,0.0,0.0,0.0
3915,0.009,0.313,0.197,0.38,0.477,0.262,0.114,0.08,0,1,0,0,TEST,5,1.0,0.0,0.0,0.0,0.0,0.0,0.0,1.0,0.0,0.0,1.0,0.0,0.0,0.0,0.0
3916,0.577,0.477,0.445,0.11,0.689,0.517,0.339,0.465,3,3,1,0,TRAIN,2,0.0,0.0,0.0,1.0,0.0,0.0,0.0,0.0,0.0,1.0,0.0,1.0,0.0,0.0,0.0
3917,0.513,0.537,0.513,0.0,0.615,0.42,0.332,0.456,1,1,1,0,TRAIN,2,0.0,1.0,0.0,0.0,0.0,0.0,0.0,1.0,0.0,0.0,0.0,1.0,0.0,0.0,0.0
3918,0.347,0.526,0.362,0.945,0.291,0.422,0.01,0.209,3,2,3,0,TRAIN,3,0.0,0.0,0.0,1.0,0.0,0.0,0.0,0.0,1.0,0.0,0.0,0.0,0.0,1.0,0.0
3919,0.415,0.56,0.366,0.802,0.314,0.619,0.01,0.179,2,3,0,0,TRAIN,3,0.0,0.0,1.0,0.0,0.0,0.0,0.0,0.0,0.0,1.0,1.0,0.0,0.0,0.0,0.0
3920,0.938,0.447,0.614,1.0,0.452,0.416,0.017,0.524,0,0,1,1,VAL,4,1.0,0.0,0.0,0.0,0.0,0.0,1.0,0.0,0.0,0.0,0.0,1.0,0.0,0.0,0.0
3921,0.527,0.51,0.428,0.0,0.658,0.403,0.277,0.489,1,1,4,0,TRAIN,2,0.0,1.0,0.0,0.0,0.0,0.0,0.0,1.0,0.0,0.0,0.0,0.0,0.0,0.0,1.0
3922,0.47,0.531,0.471,0.801,0.455,0.55,0.015,0.313,2,2,0,0,TRAIN,3,0.0,0.0,1.0,0.0,0.0,0.0,0.0,0.0,1.0,0.0,1.0,0.0,0.0,0.0,0.0
3923,0.381,0.624,0.476,0.0,0.867,0.391,0.624,0.566,1,2,4,1,TRAIN,2,0.0,1.0,0.0,0.0,0.0,0.0,0.0,0.0,1.0,0.0,0.0,0.0,0.0,0.0,1.0
3924,0.62,0.778,0.7,0.0,0.687,0.767,0.38,0.808,5,3,0,1,TRAIN,6,0.0,0.0,0.0,0.0,0.0,1.0,0.0,0.0,0.0,1.0,1.0,0.0,0.0,0.0,0.0
3925,0.778,0.814,0.672,0.0,0.591,0.914,0.113,0.697,3,2,3,0,TEST,6,0.0,0.0,0.0,1.0,0.0,0.0,0.0,0.0,1.0,0.0,0.0,0.0,0.0,1.0,0.0
3926,0.616,0.832,0.74,0.0,0.609,0.947,0.234,0.671,5,2,1,1,TEST,6,0.0,0.0,0.0,0.0,0.0,1.0,0.0,0.0,1.0,0.0,0.0,1.0,0.0,0.0,0.0
3927,0.435,0.788,0.559,0.0,0.561,0.857,0.148,0.549,3,2,0,0,VAL,6,0.0,0.0,0.0,1.0,0.0,0.0,0.0,0.0,1.0,0.0,1.0,0.0,0.0,0.0,0.0
3928,0.553,0.426,0.463,0.129,0.622,0.392,0.403,0.521,0,3,0,1,TEST,7,1.0,0.0,0.0,0.0,0.0,0.0,0.0,0.0,0.0,1.0,1.0,0.0,0.0,0.0,0.0
3929,0.551,0.412,0.47,0.0,0.714,0.315,0.551,0.588,2,1,1,0,TEST,2,0.0,0.0,1.0,0.0,0.0,0.0,0.0,1.0,0.0,0.0,0.0,1.0,0.0,0.0,0.0
3930,0.472,0.168,0.451,0.755,0.548,0.0,0.408,0.377,5,0,0,1,TRAIN,7,0.0,0.0,0.0,0.0,0.0,1.0,1.0,0.0,0.0,0.0,1.0,0.0,0.0,0.0,0.0
3931,0.4,0.456,0.471,0.0,0.82,0.373,0.585,0.592,0,1,1,1,TRAIN,2,1.0,0.0,0.0,0.0,0.0,0.0,0.0,1.0,0.0,0.0,0.0,1.0,0.0,0.0,0.0
3932,0.282,0.565,0.394,0.745,0.335,0.443,0.016,0.15,5,2,3,0,VAL,3,0.0,0.0,0.0,0.0,0.0,1.0,0.0,0.0,1.0,0.0,0.0,0.0,0.0,1.0,0.0
3933,0.588,0.825,0.592,0.0,0.655,0.863,0.121,0.6,5,2,1,1,TRAIN,6,0.0,0.0,0.0,0.0,0.0,1.0,0.0,0.0,1.0,0.0,0.0,1.0,0.0,0.0,0.0
3934,0.269,0.471,0.274,0.977,0.216,0.45,0.015,0.161,1,0,3,0,VAL,3,0.0,1.0,0.0,0.0,0.0,0.0,1.0,0.0,0.0,0.0,0.0,0.0,0.0,1.0,0.0
3935,0.488,0.541,0.42,0.696,0.559,0.368,0.046,0.393,5,0,0,1,TEST,3,0.0,0.0,0.0,0.0,0.0,1.0,1.0,0.0,0.0,0.0,1.0,0.0,0.0,0.0,0.0
3936,0.468,0.382,0.534,0.0,0.713,0.309,0.47,0.562,2,2,4,1,TEST,2,0.0,0.0,1.0,0.0,0.0,0.0,0.0,0.0,1.0,0.0,0.0,0.0,0.0,0.0,1.0
3937,0.322,0.541,0.336,0.809,0.325,0.305,0.014,0.217,3,2,0,0,TRAIN,3,0.0,0.0,0.0,1.0,0.0,0.0,0.0,0.0,1.0,0.0,1.0,0.0,0.0,0.0,0.0
3938,0.691,0.669,0.496,0.669,0.438,0.747,0.011,0.45,3,2,3,0,VAL,3,0.0,0.0,0.0,1.0,0.0,0.0,0.0,0.0,1.0,0.0,0.0,0.0,0.0,1.0,0.0
3939,0.435,0.781,0.52,0.0,0.607,0.759,0.142,0.531,3,2,1,1,TRAIN,6,0.0,0.0,0.0,1.0,0.0,0.0,0.0,0.0,1.0,0.0,0.0,1.0,0.0,0.0,0.0
3940,0.628,0.528,0.613,0.288,0.576,0.423,0.232,0.557,0,0,3,1,TEST,7,1.0,0.0,0.0,0.0,0.0,0.0,1.0,0.0,0.0,0.0,0.0,0.0,0.0,1.0,0.0
3941,0.638,0.244,0.457,0.843,0.575,0.0,0.255,0.366,0,0,0,0,TRAIN,7,1.0,0.0,0.0,0.0,0.0,0.0,1.0,0.0,0.0,0.0,1.0,0.0,0.0,0.0,0.0
3942,0.218,0.536,0.958,0.599,0.754,0.486,0.335,0.868,0,3,0,1,VAL,7,1.0,0.0,0.0,0.0,0.0,0.0,0.0,0.0,0.0,1.0,1.0,0.0,0.0,0.0,0.0
3943,0.354,0.469,0.347,0.917,0.314,0.457,0.025,0.287,4,0,1,1,TRAIN,3,0.0,0.0,0.0,0.0,1.0,0.0,1.0,0.0,0.0,0.0,0.0,1.0,0.0,0.0,0.0
3944,0.507,0.459,0.465,0.0,0.655,0.389,0.395,0.419,5,1,1,1,TRAIN,2,0.0,0.0,0.0,0.0,0.0,1.0,0.0,1.0,0.0,0.0,0.0,1.0,0.0,0.0,0.0
3945,0.432,0.579,0.44,0.783,0.387,0.688,0.025,0.364,3,2,0,1,TRAIN,3,0.0,0.0,0.0,1.0,0.0,0.0,0.0,0.0,1.0,0.0,1.0,0.0,0.0,0.0,0.0
3946,0.246,0.53,0.304,0.771,0.367,0.528,0.013,0.23,2,3,2,1,TEST,3,0.0,0.0,1.0,0.0,0.0,0.0,0.0,0.0,0.0,1.0,0.0,0.0,1.0,0.0,0.0
3947,0.566,0.608,0.451,0.506,0.403,0.724,0.011,0.363,3,2,0,1,TRAIN,3,0.0,0.0,0.0,1.0,0.0,0.0,0.0,0.0,1.0,0.0,1.0,0.0,0.0,0.0,0.0
3948,0.334,0.565,0.311,0.906,0.252,0.576,0.009,0.254,2,2,2,1,TRAIN,3,0.0,0.0,1.0,0.0,0.0,0.0,0.0,0.0,1.0,0.0,0.0,0.0,1.0,0.0,0.0
3949,0.455,0.567,0.584,0.538,0.431,0.449,0.041,0.452,2,3,0,0,TRAIN,3,0.0,0.0,1.0,0.0,0.0,0.0,0.0,0.0,0.0,1.0,1.0,0.0,0.0,0.0,0.0
3950,0.523,0.176,0.352,1.0,0.442,0.107,0.042,0.246,2,1,0,0,VAL,7,0.0,0.0,1.0,0.0,0.0,0.0,0.0,1.0,0.0,0.0,1.0,0.0,0.0,0.0,0.0
3951,0.326,0.541,0.361,0.903,0.34,0.452,0.007,0.204,3,3,3,1,TRAIN,3,0.0,0.0,0.0,1.0,0.0,0.0,0.0,0.0,0.0,1.0,0.0,0.0,0.0,1.0,0.0
3952,0.46,0.483,0.382,0.777,0.393,0.492,0.022,0.33,5,0,0,0,TRAIN,3,0.0,0.0,0.0,0.0,0.0,1.0,1.0,0.0,0.0,0.0,1.0,0.0,0.0,0.0,0.0
3953,0.45,0.108,0.336,1.0,0.619,0.0,0.272,0.313,4,0,0,1,TRAIN,7,0.0,0.0,0.0,0.0,1.0,0.0,1.0,0.0,0.0,0.0,1.0,0.0,0.0,0.0,0.0
3954,0.265,0.45,0.278,1.0,0.35,0.381,0.023,0.153,2,2,0,1,TRAIN,3,0.0,0.0,1.0,0.0,0.0,0.0,0.0,0.0,1.0,0.0,1.0,0.0,0.0,0.0,0.0
3955,0.474,0.657,0.53,0.509,0.406,0.839,0.02,0.347,3,2,0,0,TRAIN,3,0.0,0.0,0.0,1.0,0.0,0.0,0.0,0.0,1.0,0.0,1.0,0.0,0.0,0.0,0.0
3956,0.471,0.816,0.484,0.0,0.609,0.857,0.158,0.494,0,2,1,1,TEST,6,1.0,0.0,0.0,0.0,0.0,0.0,0.0,0.0,1.0,0.0,0.0,1.0,0.0,0.0,0.0
3957,0.938,0.331,0.693,0.71,0.709,0.129,0.439,0.67,0,0,0,0,VAL,7,1.0,0.0,0.0,0.0,0.0,0.0,1.0,0.0,0.0,0.0,1.0,0.0,0.0,0.0,0.0
3958,0.377,0.503,0.348,0.763,0.296,0.405,0.011,0.255,2,2,0,0,TEST,3,0.0,0.0,1.0,0.0,0.0,0.0,0.0,0.0,1.0,0.0,1.0,0.0,0.0,0.0,0.0
3959,0.444,0.613,0.473,0.828,0.425,0.694,0.013,0.371,3,2,0,0,TRAIN,3,0.0,0.0,0.0,1.0,0.0,0.0,0.0,0.0,1.0,0.0,1.0,0.0,0.0,0.0,0.0
3960,0.493,0.836,0.65,0.0,0.742,0.841,0.179,0.61,3,2,0,1,TEST,6,0.0,0.0,0.0,1.0,0.0,0.0,0.0,0.0,1.0,0.0,1.0,0.0,0.0,0.0,0.0
3961,0.604,0.513,0.46,0.131,0.497,0.312,0.21,0.403,2,1,4,1,TEST,2,0.0,0.0,1.0,0.0,0.0,0.0,0.0,1.0,0.0,0.0,0.0,0.0,0.0,0.0,1.0
3962,0.326,0.519,0.397,0.864,0.267,0.435,0.024,0.297,2,3,0,0,TRAIN,3,0.0,0.0,1.0,0.0,0.0,0.0,0.0,0.0,0.0,1.0,1.0,0.0,0.0,0.0,0.0
3963,0.42,0.58,0.436,0.759,0.272,0.371,0.019,0.281,3,1,3,0,VAL,3,0.0,0.0,0.0,1.0,0.0,0.0,0.0,1.0,0.0,0.0,0.0,0.0,0.0,1.0,0.0
3964,0.32,0.466,0.352,0.93,0.222,0.415,0.013,0.162,2,2,0,1,TRAIN,3,0.0,0.0,1.0,0.0,0.0,0.0,0.0,0.0,1.0,0.0,1.0,0.0,0.0,0.0,0.0
3965,0.675,0.185,0.384,1.0,0.429,0.082,0.116,0.404,0,1,0,1,TRAIN,7,1.0,0.0,0.0,0.0,0.0,0.0,0.0,1.0,0.0,0.0,1.0,0.0,0.0,0.0,0.0
3966,0.364,0.467,0.344,0.583,0.498,0.293,0.039,0.244,0,1,0,1,TRAIN,5,1.0,0.0,0.0,0.0,0.0,0.0,0.0,1.0,0.0,0.0,1.0,0.0,0.0,0.0,0.0
3967,0.263,0.515,0.367,0.778,0.344,0.613,0.01,0.182,1,2,0,0,VAL,3,0.0,1.0,0.0,0.0,0.0,0.0,0.0,0.0,1.0,0.0,1.0,0.0,0.0,0.0,0.0
3968,0.574,0.325,0.431,0.578,0.693,0.33,0.464,0.529,5,0,0,1,TEST,7,0.0,0.0,0.0,0.0,0.0,1.0,1.0,0.0,0.0,0.0,1.0,0.0,0.0,0.0,0.0
3969,0.37,0.561,0.419,0.735,0.446,0.662,0.013,0.21,0,3,1,1,TRAIN,5,1.0,0.0,0.0,0.0,0.0,0.0,0.0,0.0,0.0,1.0,0.0,1.0,0.0,0.0,0.0
3970,0.72,0.302,0.545,1.0,0.366,0.188,0.074,0.455,0,0,0,1,TRAIN,4,1.0,0.0,0.0,0.0,0.0,0.0,1.0,0.0,0.0,0.0,1.0,0.0,0.0,0.0,0.0
3971,0.178,0.433,0.845,1.0,0.654,0.277,0.142,0.841,0,0,0,1,TRAIN,7,1.0,0.0,0.0,0.0,0.0,0.0,1.0,0.0,0.0,0.0,1.0,0.0,0.0,0.0,0.0
3972,0.317,0.515,0.365,0.487,0.352,0.4,0.039,0.205,3,2,0,0,VAL,3,0.0,0.0,0.0,1.0,0.0,0.0,0.0,0.0,1.0,0.0,1.0,0.0,0.0,0.0,0.0
3973,0.642,0.59,0.509,0.603,0.505,0.676,0.071,0.513,1,2,0,1,TRAIN,3,0.0,1.0,0.0,0.0,0.0,0.0,0.0,0.0,1.0,0.0,1.0,0.0,0.0,0.0,0.0
3974,0.452,0.656,0.405,1.0,0.237,0.547,0.001,0.206,2,1,0,0,TRAIN,5,0.0,0.0,1.0,0.0,0.0,0.0,0.0,1.0,0.0,0.0,1.0,0.0,0.0,0.0,0.0
3975,0.441,0.556,0.536,0.936,0.409,0.383,0.024,0.39,2,3,0,1,VAL,3,0.0,0.0,1.0,0.0,0.0,0.0,0.0,0.0,0.0,1.0,1.0,0.0,0.0,0.0,0.0
3976,0.237,0.427,0.3,0.947,0.396,0.235,0.028,0.198,2,3,3,1,TRAIN,3,0.0,0.0,1.0,0.0,0.0,0.0,0.0,0.0,0.0,1.0,0.0,0.0,0.0,1.0,0.0
3977,0.474,0.199,0.419,0.411,0.772,0.0,0.568,0.423,0,0,0,1,TRAIN,7,1.0,0.0,0.0,0.0,0.0,0.0,1.0,0.0,0.0,0.0,1.0,0.0,0.0,0.0,0.0
3978,0.435,0.561,0.368,0.682,0.346,0.529,0.012,0.277,3,2,0,1,VAL,3,0.0,0.0,0.0,1.0,0.0,0.0,0.0,0.0,1.0,0.0,1.0,0.0,0.0,0.0,0.0
3979,0.231,0.316,0.196,0.596,0.337,0.129,0.136,0.091,2,0,0,0,TRAIN,7,0.0,0.0,1.0,0.0,0.0,0.0,1.0,0.0,0.0,0.0,1.0,0.0,0.0,0.0,0.0
3980,0.308,0.715,0.356,0.353,0.389,0.776,0.019,0.329,3,2,0,0,TEST,3,0.0,0.0,0.0,1.0,0.0,0.0,0.0,0.0,1.0,0.0,1.0,0.0,0.0,0.0,0.0
3981,0.534,0.629,0.447,0.567,0.35,0.638,0.024,0.303,2,0,3,0,TEST,3,0.0,0.0,1.0,0.0,0.0,0.0,1.0,0.0,0.0,0.0,0.0,0.0,0.0,1.0,0.0
3982,0.321,0.499,0.343,0.91,0.401,0.353,0.03,0.258,1,3,0,0,TRAIN,3,0.0,1.0,0.0,0.0,0.0,0.0,0.0,0.0,0.0,1.0,1.0,0.0,0.0,0.0,0.0
3983,0.688,0.877,0.607,0.0,0.512,0.866,0.103,0.576,3,2,0,1,TEST,6,0.0,0.0,0.0,1.0,0.0,0.0,0.0,0.0,1.0,0.0,1.0,0.0,0.0,0.0,0.0
3984,0.403,0.527,0.385,0.488,0.414,0.433,0.093,0.336,2,0,0,0,TEST,3,0.0,0.0,1.0,0.0,0.0,0.0,1.0,0.0,0.0,0.0,1.0,0.0,0.0,0.0,0.0
3985,0.181,0.52,0.333,0.875,0.237,0.303,0.011,0.14,2,1,0,1,TRAIN,3,0.0,0.0,1.0,0.0,0.0,0.0,0.0,1.0,0.0,0.0,1.0,0.0,0.0,0.0,0.0
3986,0.29,0.538,0.395,0.751,0.365,0.424,0.058,0.198,5,0,0,0,TRAIN,3,0.0,0.0,0.0,0.0,0.0,1.0,1.0,0.0,0.0,0.0,1.0,0.0,0.0,0.0,0.0
3987,0.327,0.61,0.3,0.772,0.339,0.571,0.008,0.201,2,0,2,1,TRAIN,3,0.0,0.0,1.0,0.0,0.0,0.0,1.0,0.0,0.0,0.0,0.0,0.0,1.0,0.0,0.0
3988,0.564,0.481,0.484,0.475,0.454,0.361,0.081,0.328,1,2,0,1,TRAIN,3,0.0,1.0,0.0,0.0,0.0,0.0,0.0,0.0,1.0,0.0,1.0,0.0,0.0,0.0,0.0
3989,0.674,0.884,0.601,0.0,0.668,0.981,0.068,0.687,3,2,1,1,TEST,6,0.0,0.0,0.0,1.0,0.0,0.0,0.0,0.0,1.0,0.0,0.0,1.0,0.0,0.0,0.0
3990,0.529,0.936,0.537,0.0,0.356,0.984,0.013,0.364,0,1,3,0,TRAIN,6,1.0,0.0,0.0,0.0,0.0,0.0,0.0,1.0,0.0,0.0,0.0,0.0,0.0,1.0,0.0
3991,0.412,0.887,0.635,0.0,0.415,1.0,0.035,0.451,3,0,2,0,TRAIN,6,0.0,0.0,0.0,1.0,0.0,0.0,1.0,0.0,0.0,0.0,0.0,0.0,1.0,0.0,0.0
3992,0.505,0.848,0.622,0.0,0.636,0.838,0.088,0.577,0,2,1,1,TEST,6,1.0,0.0,0.0,0.0,0.0,0.0,0.0,0.0,1.0,0.0,0.0,1.0,0.0,0.0,0.0
3993,0.358,0.58,0.368,0.808,0.368,0.636,0.012,0.26,3,0,3,1,VAL,3,0.0,0.0,0.0,1.0,0.0,0.0,1.0,0.0,0.0,0.0,0.0,0.0,0.0,1.0,0.0
3994,0.26,0.536,0.398,0.865,0.373,0.323,0.018,0.281,2,0,3,0,TEST,3,0.0,0.0,1.0,0.0,0.0,0.0,1.0,0.0,0.0,0.0,0.0,0.0,0.0,1.0,0.0
3995,0.522,0.581,0.55,0.0,0.537,0.521,0.198,0.532,1,0,0,1,TEST,2,0.0,1.0,0.0,0.0,0.0,0.0,1.0,0.0,0.0,0.0,1.0,0.0,0.0,0.0,0.0
3996,0.63,0.809,0.554,0.0,0.546,0.807,0.135,0.553,0,1,0,0,TRAIN,6,1.0,0.0,0.0,0.0,0.0,0.0,0.0,1.0,0.0,0.0,1.0,0.0,0.0,0.0,0.0
3997,0.45,0.563,0.262,0.898,0.243,0.671,0.013,0.173,2,2,1,0,TRAIN,3,0.0,0.0,1.0,0.0,0.0,0.0,0.0,0.0,1.0,0.0,0.0,1.0,0.0,0.0,0.0
3998,0.336,0.346,0.371,0.273,0.573,0.114,0.251,0.349,4,1,0,1,TEST,7,0.0,0.0,0.0,0.0,1.0,0.0,0.0,1.0,0.0,0.0,1.0,0.0,0.0,0.0,0.0
3999,0.56,0.844,0.604,0.0,0.523,0.973,0.101,0.543,0,0,1,0,TRAIN,6,1.0,0.0,0.0,0.0,0.0,0.0,1.0,0.0,0.0,0.0,0.0,1.0,0.0,0.0,0.0
4000,0.358,0.484,0.329,0.741,0.425,0.459,0.02,0.224,5,2,0,1,TEST,3,0.0,0.0,0.0,0.0,0.0,1.0,0.0,0.0,1.0,0.0,1.0,0.0,0.0,0.0,0.0
4001,0.485,0.832,0.503,0.0,0.466,0.889,0.087,0.453,5,0,3,1,TRAIN,6,0.0,0.0,0.0,0.0,0.0,1.0,1.0,0.0,0.0,0.0,0.0,0.0,0.0,1.0,0.0
4002,0.195,0.475,0.349,0.776,0.4,0.315,0.044,0.193,2,2,3,0,TRAIN,3,0.0,0.0,1.0,0.0,0.0,0.0,0.0,0.0,1.0,0.0,0.0,0.0,0.0,1.0,0.0
4003,0.427,0.291,0.373,0.697,0.535,0.181,0.231,0.33,0,1,0,0,TRAIN,7,1.0,0.0,0.0,0.0,0.0,0.0,0.0,1.0,0.0,0.0,1.0,0.0,0.0,0.0,0.0
4004,0.739,0.292,0.607,0.695,0.668,0.0,0.326,0.607,0,0,0,1,VAL,7,1.0,0.0,0.0,0.0,0.0,0.0,1.0,0.0,0.0,0.0,1.0,0.0,0.0,0.0,0.0
4005,0.126,0.558,0.268,0.668,0.237,0.445,0.011,0.155,3,2,3,1,TRAIN,3,0.0,0.0,0.0,1.0,0.0,0.0,0.0,0.0,1.0,0.0,0.0,0.0,0.0,1.0,0.0
4006,0.302,0.532,0.303,0.841,0.311,0.482,0.009,0.178,3,0,3,0,TRAIN,3,0.0,0.0,0.0,1.0,0.0,0.0,1.0,0.0,0.0,0.0,0.0,0.0,0.0,1.0,0.0
4007,0.131,0.585,0.271,0.657,0.224,0.545,0.007,0.101,3,1,3,1,VAL,5,0.0,0.0,0.0,1.0,0.0,0.0,0.0,1.0,0.0,0.0,0.0,0.0,0.0,1.0,0.0
4008,0.514,0.551,0.422,0.643,0.441,0.665,0.042,0.375,2,2,0,0,TRAIN,3,0.0,0.0,1.0,0.0,0.0,0.0,0.0,0.0,1.0,0.0,1.0,0.0,0.0,0.0,0.0
4009,0.134,0.526,0.233,0.799,0.35,0.483,0.006,0.055,2,1,0,1,TRAIN,3,0.0,0.0,1.0,0.0,0.0,0.0,0.0,1.0,0.0,0.0,1.0,0.0,0.0,0.0,0.0
4010,0.704,0.823,0.654,0.0,0.701,0.918,0.165,0.682,0,0,1,1,TRAIN,6,1.0,0.0,0.0,0.0,0.0,0.0,1.0,0.0,0.0,0.0,0.0,1.0,0.0,0.0,0.0
4011,0.258,0.438,0.319,0.396,0.369,0.374,0.108,0.253,2,1,0,1,TRAIN,5,0.0,0.0,1.0,0.0,0.0,0.0,0.0,1.0,0.0,0.0,1.0,0.0,0.0,0.0,0.0
4012,0.353,0.362,0.353,0.628,0.538,0.21,0.156,0.298,0,0,0,1,TRAIN,7,1.0,0.0,0.0,0.0,0.0,0.0,1.0,0.0,0.0,0.0,1.0,0.0,0.0,0.0,0.0
4013,0.347,0.515,0.328,1.0,0.26,0.563,0.006,0.193,2,1,0,1,VAL,5,0.0,0.0,1.0,0.0,0.0,0.0,0.0,1.0,0.0,0.0,1.0,0.0,0.0,0.0,0.0
4014,0.522,0.495,0.483,0.0,0.694,0.423,0.498,0.548,1,2,1,0,TRAIN,2,0.0,1.0,0.0,0.0,0.0,0.0,0.0,0.0,1.0,0.0,0.0,1.0,0.0,0.0,0.0
4015,0.567,0.836,0.58,0.0,0.457,0.958,0.03,0.509,3,2,1,1,TRAIN,6,0.0,0.0,0.0,1.0,0.0,0.0,0.0,0.0,1.0,0.0,0.0,1.0,0.0,0.0,0.0
4016,0.364,0.659,0.296,0.795,0.28,0.51,0.009,0.221,5,2,0,1,TEST,3,0.0,0.0,0.0,0.0,0.0,1.0,0.0,0.0,1.0,0.0,1.0,0.0,0.0,0.0,0.0
4017,0.939,0.239,0.621,1.0,0.467,0.016,0.13,0.523,0,1,1,0,TRAIN,7,1.0,0.0,0.0,0.0,0.0,0.0,0.0,1.0,0.0,0.0,0.0,1.0,0.0,0.0,0.0
4018,0.527,0.603,0.5,0.584,0.424,0.713,0.039,0.384,3,2,0,0,TRAIN,3,0.0,0.0,0.0,1.0,0.0,0.0,0.0,0.0,1.0,0.0,1.0,0.0,0.0,0.0,0.0
4019,0.377,0.559,0.425,0.715,0.357,0.495,0.021,0.224,5,2,0,1,TRAIN,3,0.0,0.0,0.0,0.0,0.0,1.0,0.0,0.0,1.0,0.0,1.0,0.0,0.0,0.0,0.0
4020,0.462,0.776,0.591,0.0,0.599,1.0,0.155,0.591,3,2,1,1,TRAIN,6,0.0,0.0,0.0,1.0,0.0,0.0,0.0,0.0,1.0,0.0,0.0,1.0,0.0,0.0,0.0
4021,0.529,0.559,0.434,0.84,0.306,0.541,0.022,0.297,3,3,0,0,TRAIN,3,0.0,0.0,0.0,1.0,0.0,0.0,0.0,0.0,0.0,1.0,1.0,0.0,0.0,0.0,0.0
4022,0.366,0.553,0.364,0.857,0.353,0.464,0.012,0.226,5,2,3,0,VAL,3,0.0,0.0,0.0,0.0,0.0,1.0,0.0,0.0,1.0,0.0,0.0,0.0,0.0,1.0,0.0
4023,0.699,0.387,0.596,0.683,0.459,0.272,0.288,0.645,0,3,0,0,TRAIN,7,1.0,0.0,0.0,0.0,0.0,0.0,0.0,0.0,0.0,1.0,1.0,0.0,0.0,0.0,0.0
4024,0.43,0.645,0.416,0.723,0.303,0.544,0.01,0.35,3,2,3,0,TEST,3,0.0,0.0,0.0,1.0,0.0,0.0,0.0,0.0,1.0,0.0,0.0,0.0,0.0,1.0,0.0
4025,0.339,0.543,0.344,0.551,0.271,0.355,0.037,0.277,4,1,1,0,TRAIN,8,0.0,0.0,0.0,0.0,1.0,0.0,0.0,1.0,0.0,0.0,0.0,1.0,0.0,0.0,0.0
4026,0.298,0.568,0.384,0.765,0.392,0.685,0.018,0.172,1,3,3,0,TEST,3,0.0,1.0,0.0,0.0,0.0,0.0,0.0,0.0,0.0,1.0,0.0,0.0,0.0,1.0,0.0
4027,0.416,0.496,0.51,0.0,0.818,0.499,0.552,0.613,4,1,0,0,TRAIN,2,0.0,0.0,0.0,0.0,1.0,0.0,0.0,1.0,0.0,0.0,1.0,0.0,0.0,0.0,0.0
4028,0.745,0.28,0.494,0.814,0.558,0.051,0.191,0.483,0,1,0,0,TRAIN,7,1.0,0.0,0.0,0.0,0.0,0.0,0.0,1.0,0.0,0.0,1.0,0.0,0.0,0.0,0.0
4029,0.906,0.292,0.691,1.0,0.777,0.172,0.292,0.71,0,0,3,0,TEST,7,1.0,0.0,0.0,0.0,0.0,0.0,1.0,0.0,0.0,0.0,0.0,0.0,0.0,1.0,0.0
4030,0.544,0.457,0.526,0.646,0.565,0.434,0.089,0.397,1,1,0,0,VAL,3,0.0,1.0,0.0,0.0,0.0,0.0,0.0,1.0,0.0,0.0,1.0,0.0,0.0,0.0,0.0
4031,0.523,0.776,0.524,0.0,0.699,0.802,0.146,0.623,4,2,1,0,TEST,6,0.0,0.0,0.0,0.0,1.0,0.0,0.0,0.0,1.0,0.0,0.0,1.0,0.0,0.0,0.0
4032,0.278,0.569,0.327,0.856,0.302,0.605,0.011,0.173,2,2,3,0,TRAIN,3,0.0,0.0,1.0,0.0,0.0,0.0,0.0,0.0,1.0,0.0,0.0,0.0,0.0,1.0,0.0
4033,0.426,0.487,0.424,0.703,0.448,0.455,0.085,0.352,3,2,0,1,TEST,3,0.0,0.0,0.0,1.0,0.0,0.0,0.0,0.0,1.0,0.0,1.0,0.0,0.0,0.0,0.0
4034,0.575,0.818,0.543,0.0,0.597,0.873,0.174,0.608,2,1,1,0,TRAIN,6,0.0,0.0,1.0,0.0,0.0,0.0,0.0,1.0,0.0,0.0,0.0,1.0,0.0,0.0,0.0
4035,0.634,0.492,0.527,0.371,0.449,0.327,0.07,0.52,3,2,3,1,VAL,3,0.0,0.0,0.0,1.0,0.0,0.0,0.0,0.0,1.0,0.0,0.0,0.0,0.0,1.0,0.0
4036,0.389,0.488,0.466,0.74,0.436,0.474,0.074,0.331,1,2,0,0,TRAIN,3,0.0,1.0,0.0,0.0,0.0,0.0,0.0,0.0,1.0,0.0,1.0,0.0,0.0,0.0,0.0
4037,0.504,0.276,0.524,1.0,0.431,0.04,0.167,0.437,0,0,0,0,TRAIN,7,1.0,0.0,0.0,0.0,0.0,0.0,1.0,0.0,0.0,0.0,1.0,0.0,0.0,0.0,0.0
4038,0.818,0.375,0.716,0.692,0.514,0.344,0.178,0.688,0,0,0,0,TEST,7,1.0,0.0,0.0,0.0,0.0,0.0,1.0,0.0,0.0,0.0,1.0,0.0,0.0,0.0,0.0
4039,0.163,0.506,0.217,0.589,0.416,0.51,0.018,0.186,3,0,0,1,TRAIN,3,0.0,0.0,0.0,1.0,0.0,0.0,1.0,0.0,0.0,0.0,1.0,0.0,0.0,0.0,0.0
4040,0.301,0.494,0.379,0.786,0.251,0.454,0.039,0.12,1,2,0,0,TRAIN,3,0.0,1.0,0.0,0.0,0.0,0.0,0.0,0.0,1.0,0.0,1.0,0.0,0.0,0.0,0.0
4041,0.318,0.559,0.334,0.955,0.313,0.568,0.013,0.171,3,3,0,1,VAL,3,0.0,0.0,0.0,1.0,0.0,0.0,0.0,0.0,0.0,1.0,1.0,0.0,0.0,0.0,0.0
4042,0.67,0.331,0.472,1.0,0.495,0.109,0.083,0.439,0,3,1,1,TRAIN,4,1.0,0.0,0.0,0.0,0.0,0.0,0.0,0.0,0.0,1.0,0.0,1.0,0.0,0.0,0.0
4043,0.239,0.527,0.292,0.78,0.295,0.451,0.028,0.229,1,2,0,0,TRAIN,3,0.0,1.0,0.0,0.0,0.0,0.0,0.0,0.0,1.0,0.0,1.0,0.0,0.0,0.0,0.0
4044,0.374,0.491,0.444,0.782,0.422,0.505,0.014,0.202,1,1,0,1,TRAIN,5,0.0,1.0,0.0,0.0,0.0,0.0,0.0,1.0,0.0,0.0,1.0,0.0,0.0,0.0,0.0
4045,0.963,0.298,0.672,1.0,0.505,0.131,0.165,0.631,0,1,0,0,VAL,7,1.0,0.0,0.0,0.0,0.0,0.0,0.0,1.0,0.0,0.0,1.0,0.0,0.0,0.0,0.0
4046,0.136,0.613,0.222,0.892,0.184,0.622,0.005,0.113,2,3,3,1,TRAIN,3,0.0,0.0,1.0,0.0,0.0,0.0,0.0,0.0,0.0,1.0,0.0,0.0,0.0,1.0,0.0
4047,0.755,0.028,0.569,1.0,0.539,0.0,0.284,0.481,2,1,0,1,VAL,7,0.0,0.0,1.0,0.0,0.0,0.0,0.0,1.0,0.0,0.0,1.0,0.0,0.0,0.0,0.0
4048,0.535,0.777,0.573,0.0,0.602,0.994,0.117,0.648,3,1,1,0,VAL,6,0.0,0.0,0.0,1.0,0.0,0.0,0.0,1.0,0.0,0.0,0.0,1.0,0.0,0.0,0.0
4049,0.565,0.411,0.413,1.0,0.541,0.413,0.037,0.347,4,0,3,1,TRAIN,4,0.0,0.0,0.0,0.0,1.0,0.0,1.0,0.0,0.0,0.0,0.0,0.0,0.0,1.0,0.0
4050,0.406,0.576,0.429,0.8,0.42,0.513,0.02,0.231,3,3,0,1,VAL,3,0.0,0.0,0.0,1.0,0.0,0.0,0.0,0.0,0.0,1.0,1.0,0.0,0.0,0.0,0.0
4051,0.459,0.854,0.558,0.0,0.497,0.942,0.096,0.563,4,3,1,1,VAL,6,0.0,0.0,0.0,0.0,1.0,0.0,0.0,0.0,0.0,1.0,0.0,1.0,0.0,0.0,0.0
4052,0.776,0.298,0.532,1.0,0.61,0.154,0.231,0.601,0,0,0,1,TRAIN,7,1.0,0.0,0.0,0.0,0.0,0.0,1.0,0.0,0.0,0.0,1.0,0.0,0.0,0.0,0.0
4053,0.587,0.58,0.504,0.577,0.433,0.506,0.022,0.417,3,2,0,0,TEST,3,0.0,0.0,0.0,1.0,0.0,0.0,0.0,0.0,1.0,0.0,1.0,0.0,0.0,0.0,0.0
4054,0.442,0.543,0.428,0.839,0.323,0.565,0.021,0.339,2,1,4,1,TRAIN,5,0.0,0.0,1.0,0.0,0.0,0.0,0.0,1.0,0.0,0.0,0.0,0.0,0.0,0.0,1.0
4055,0.465,0.478,0.392,0.928,0.34,0.554,0.015,0.271,3,3,0,0,TEST,3,0.0,0.0,0.0,1.0,0.0,0.0,0.0,0.0,0.0,1.0,1.0,0.0,0.0,0.0,0.0
4056,0.649,0.755,0.715,0.0,0.531,0.789,0.303,0.625,5,3,1,1,TRAIN,6,0.0,0.0,0.0,0.0,0.0,1.0,0.0,0.0,0.0,1.0,0.0,1.0,0.0,0.0,0.0
4057,0.61,0.381,0.561,0.009,0.671,0.303,0.415,0.546,3,2,4,0,TEST,2,0.0,0.0,0.0,1.0,0.0,0.0,0.0,0.0,1.0,0.0,0.0,0.0,0.0,0.0,1.0
4058,0.634,0.842,0.693,0.0,0.575,0.977,0.054,0.571,4,3,1,1,TRAIN,6,0.0,0.0,0.0,0.0,1.0,0.0,0.0,0.0,0.0,1.0,0.0,1.0,0.0,0.0,0.0
4059,0.366,0.896,0.481,0.0,0.525,1.0,0.033,0.458,4,0,1,1,TRAIN,6,0.0,0.0,0.0,0.0,1.0,0.0,1.0,0.0,0.0,0.0,0.0,1.0,0.0,0.0,0.0
4060,0.37,0.641,0.433,0.772,0.352,0.6,0.004,0.312,3,3,0,0,TEST,3,0.0,0.0,0.0,1.0,0.0,0.0,0.0,0.0,0.0,1.0,1.0,0.0,0.0,0.0,0.0
4061,0.411,0.579,0.454,0.677,0.29,0.516,0.008,0.277,2,2,0,1,TEST,3,0.0,0.0,1.0,0.0,0.0,0.0,0.0,0.0,1.0,0.0,1.0,0.0,0.0,0.0,0.0
4062,0.332,0.446,0.373,0.609,0.357,0.293,0.076,0.348,3,0,1,1,TEST,3,0.0,0.0,0.0,1.0,0.0,0.0,1.0,0.0,0.0,0.0,0.0,1.0,0.0,0.0,0.0
4063,0.755,0.265,0.529,1.0,0.36,0.013,0.099,0.463,0,1,1,0,TRAIN,7,1.0,0.0,0.0,0.0,0.0,0.0,0.0,1.0,0.0,0.0,0.0,1.0,0.0,0.0,0.0
4064,0.657,0.848,0.679,0.0,0.66,1.0,0.168,0.693,5,2,1,1,TEST,6,0.0,0.0,0.0,0.0,0.0,1.0,0.0,0.0,1.0,0.0,0.0,1.0,0.0,0.0,0.0
4065,0.804,0.217,0.518,0.823,0.571,0.121,0.242,0.553,0,0,0,0,TEST,7,1.0,0.0,0.0,0.0,0.0,0.0,1.0,0.0,0.0,0.0,1.0,0.0,0.0,0.0,0.0
4066,0.31,0.663,0.371,0.998,0.192,0.754,0.002,0.178,2,2,3,1,TRAIN,3,0.0,0.0,1.0,0.0,0.0,0.0,0.0,0.0,1.0,0.0,0.0,0.0,0.0,1.0,0.0
4067,0.245,0.55,0.307,0.949,0.272,0.476,0.006,0.118,0,2,3,1,TEST,3,1.0,0.0,0.0,0.0,0.0,0.0,0.0,0.0,1.0,0.0,0.0,0.0,0.0,1.0,0.0
4068,0.628,0.257,0.567,1.0,0.533,0.035,0.169,0.476,3,0,3,1,VAL,7,0.0,0.0,0.0,1.0,0.0,0.0,1.0,0.0,0.0,0.0,0.0,0.0,0.0,1.0,0.0
4069,0.468,0.495,0.396,0.704,0.467,0.535,0.062,0.34,2,1,2,1,VAL,3,0.0,0.0,1.0,0.0,0.0,0.0,0.0,1.0,0.0,0.0,0.0,0.0,1.0,0.0,0.0
4070,0.471,0.541,0.594,0.83,0.433,0.474,0.047,0.396,5,3,0,1,TRAIN,3,0.0,0.0,0.0,0.0,0.0,1.0,0.0,0.0,0.0,1.0,1.0,0.0,0.0,0.0,0.0
4071,0.603,0.773,0.557,0.0,0.489,0.985,0.192,0.566,3,0,1,1,TRAIN,6,0.0,0.0,0.0,1.0,0.0,0.0,1.0,0.0,0.0,0.0,0.0,1.0,0.0,0.0,0.0
4072,0.444,0.596,0.532,0.567,0.372,0.49,0.029,0.457,3,2,0,1,VAL,3,0.0,0.0,0.0,1.0,0.0,0.0,0.0,0.0,1.0,0.0,1.0,0.0,0.0,0.0,0.0
4073,0.317,0.238,0.47,1.0,0.515,0.0,0.178,0.265,0,0,0,1,TRAIN,7,1.0,0.0,0.0,0.0,0.0,0.0,1.0,0.0,0.0,0.0,1.0,0.0,0.0,0.0,0.0
4074,0.568,0.326,0.535,0.895,0.591,0.169,0.111,0.466,0,3,0,0,VAL,7,1.0,0.0,0.0,0.0,0.0,0.0,0.0,0.0,0.0,1.0,1.0,0.0,0.0,0.0,0.0
4075,0.534,0.348,0.49,0.211,0.545,0.192,0.335,0.513,2,1,1,1,TEST,2,0.0,0.0,1.0,0.0,0.0,0.0,0.0,1.0,0.0,0.0,0.0,1.0,0.0,0.0,0.0
4076,0.498,0.575,0.542,0.264,0.471,0.486,0.053,0.443,2,2,0,1,TRAIN,3,0.0,0.0,1.0,0.0,0.0,0.0,0.0,0.0,1.0,0.0,1.0,0.0,0.0,0.0,0.0
4077,0.189,0.593,0.36,0.855,0.279,0.504,0.011,0.123,1,3,0,0,VAL,3,0.0,1.0,0.0,0.0,0.0,0.0,0.0,0.0,0.0,1.0,1.0,0.0,0.0,0.0,0.0
4078,0.753,0.83,0.602,0.0,0.58,1.0,0.134,0.659,5,0,0,0,TRAIN,6,0.0,0.0,0.0,0.0,0.0,1.0,1.0,0.0,0.0,0.0,1.0,0.0,0.0,0.0,0.0
4079,0.368,0.479,0.47,0.672,0.35,0.44,0.049,0.344,1,2,3,1,TEST,3,0.0,1.0,0.0,0.0,0.0,0.0,0.0,0.0,1.0,0.0,0.0,0.0,0.0,1.0,0.0
4080,0.207,0.416,0.365,1.0,0.418,0.453,0.02,0.194,2,2,0,1,TRAIN,3,0.0,0.0,1.0,0.0,0.0,0.0,0.0,0.0,1.0,0.0,1.0,0.0,0.0,0.0,0.0
4081,0.56,0.632,0.46,0.579,0.305,0.587,0.017,0.446,3,2,1,0,TRAIN,3,0.0,0.0,0.0,1.0,0.0,0.0,0.0,0.0,1.0,0.0,0.0,1.0,0.0,0.0,0.0
4082,0.725,0.15,0.568,1.0,0.6,0.0,0.196,0.52,0,3,0,1,TEST,7,1.0,0.0,0.0,0.0,0.0,0.0,0.0,0.0,0.0,1.0,1.0,0.0,0.0,0.0,0.0
4083,0.778,0.229,0.482,0.86,0.579,0.0,0.27,0.548,2,0,1,0,TRAIN,7,0.0,0.0,1.0,0.0,0.0,0.0,1.0,0.0,0.0,0.0,0.0,1.0,0.0,0.0,0.0
4084,0.12,0.454,0.266,0.676,0.409,0.366,0.037,0.127,3,2,3,0,TRAIN,3,0.0,0.0,0.0,1.0,0.0,0.0,0.0,0.0,1.0,0.0,0.0,0.0,0.0,1.0,0.0
4085,0.271,0.534,0.429,1.0,0.302,0.559,0.008,0.096,2,2,0,0,TRAIN,3,0.0,0.0,1.0,0.0,0.0,0.0,0.0,0.0,1.0,0.0,1.0,0.0,0.0,0.0,0.0
4086,0.355,0.579,0.402,0.843,0.32,0.531,0.015,0.267,3,2,3,0,TEST,3,0.0,0.0,0.0,1.0,0.0,0.0,0.0,0.0,1.0,0.0,0.0,0.0,0.0,1.0,0.0
4087,0.361,0.458,0.392,0.787,0.485,0.112,0.06,0.331,3,2,3,0,VAL,3,0.0,0.0,0.0,1.0,0.0,0.0,0.0,0.0,1.0,0.0,0.0,0.0,0.0,1.0,0.0
4088,0.275,0.512,0.378,0.651,0.327,0.503,0.039,0.266,3,2,3,1,TRAIN,3,0.0,0.0,0.0,1.0,0.0,0.0,0.0,0.0,1.0,0.0,0.0,0.0,0.0,1.0,0.0
4089,0.203,0.533,0.238,0.839,0.344,0.521,0.014,0.132,0,3,0,1,VAL,5,1.0,0.0,0.0,0.0,0.0,0.0,0.0,0.0,0.0,1.0,1.0,0.0,0.0,0.0,0.0
4090,0.198,0.49,0.335,1.0,0.322,0.393,0.01,0.134,2,2,0,1,TEST,3,0.0,0.0,1.0,0.0,0.0,0.0,0.0,0.0,1.0,0.0,1.0,0.0,0.0,0.0,0.0
4091,0.767,0.279,0.664,0.713,0.647,0.226,0.368,0.745,0,3,0,0,TEST,7,1.0,0.0,0.0,0.0,0.0,0.0,0.0,0.0,0.0,1.0,1.0,0.0,0.0,0.0,0.0
4092,0.472,0.755,0.577,0.0,0.638,0.759,0.288,0.693,3,3,3,1,TEST,6,0.0,0.0,0.0,1.0,0.0,0.0,0.0,0.0,0.0,1.0,0.0,0.0,0.0,1.0,0.0
4093,0.585,0.425,0.482,0.197,0.545,0.324,0.231,0.532,3,3,1,1,TRAIN,2,0.0,0.0,0.0,1.0,0.0,0.0,0.0,0.0,0.0,1.0,0.0,1.0,0.0,0.0,0.0
4094,0.505,0.673,0.534,0.321,0.598,0.497,0.046,0.429,0,2,1,0,TRAIN,1,1.0,0.0,0.0,0.0,0.0,0.0,0.0,0.0,1.0,0.0,0.0,1.0,0.0,0.0,0.0
4095,0.251,0.654,0.238,0.632,0.328,0.577,0.003,0.113,2,1,3,0,TRAIN,5,0.0,0.0,1.0,0.0,0.0,0.0,0.0,1.0,0.0,0.0,0.0,0.0,0.0,1.0,0.0
4096,0.529,0.495,0.429,0.727,0.496,0.371,0.079,0.282,1,2,0,1,TRAIN,3,0.0,1.0,0.0,0.0,0.0,0.0,0.0,0.0,1.0,0.0,1.0,0.0,0.0,0.0,0.0
4097,0.494,0.626,0.46,0.538,0.43,0.564,0.033,0.317,2,0,3,0,VAL,3,0.0,0.0,1.0,0.0,0.0,0.0,1.0,0.0,0.0,0.0,0.0,0.0,0.0,1.0,0.0
4098,0.244,0.566,0.403,0.902,0.245,0.26,0.011,0.187,0,1,0,0,TRAIN,5,1.0,0.0,0.0,0.0,0.0,0.0,0.0,1.0,0.0,0.0,1.0,0.0,0.0,0.0,0.0
4099,0.473,0.846,0.567,0.0,0.541,1.0,0.048,0.477,0,2,1,1,TRAIN,6,1.0,0.0,0.0,0.0,0.0,0.0,0.0,0.0,1.0,0.0,0.0,1.0,0.0,0.0,0.0
4100,0.427,0.833,0.532,0.0,0.511,1.0,0.059,0.551,2,1,1,0,TEST,6,0.0,0.0,1.0,0.0,0.0,0.0,0.0,1.0,0.0,0.0,0.0,1.0,0.0,0.0,0.0
4101,0.938,0.404,0.687,1.0,0.49,0.27,0.117,0.613,0,0,0,1,TRAIN,7,1.0,0.0,0.0,0.0,0.0,0.0,1.0,0.0,0.0,0.0,1.0,0.0,0.0,0.0,0.0
4102,0.288,0.526,0.299,0.844,0.303,0.554,0.009,0.131,3,2,0,0,VAL,3,0.0,0.0,0.0,1.0,0.0,0.0,0.0,0.0,1.0,0.0,1.0,0.0,0.0,0.0,0.0
4103,0.058,0.487,0.151,0.913,0.192,0.304,0.006,0.065,2,2,0,0,TRAIN,3,0.0,0.0,1.0,0.0,0.0,0.0,0.0,0.0,1.0,0.0,1.0,0.0,0.0,0.0,0.0
4104,0.277,0.531,0.376,0.864,0.24,0.61,0.008,0.196,3,2,0,0,VAL,3,0.0,0.0,0.0,1.0,0.0,0.0,0.0,0.0,1.0,0.0,1.0,0.0,0.0,0.0,0.0
4105,0.644,0.543,0.512,0.44,0.497,0.451,0.154,0.507,3,0,0,0,TEST,1,0.0,0.0,0.0,1.0,0.0,0.0,1.0,0.0,0.0,0.0,1.0,0.0,0.0,0.0,0.0
4106,0.689,0.091,0.564,1.0,0.479,0.0,0.196,0.464,0,1,0,0,TRAIN,7,1.0,0.0,0.0,0.0,0.0,0.0,0.0,1.0,0.0,0.0,1.0,0.0,0.0,0.0,0.0
4107,0.646,0.446,0.507,0.516,0.53,0.326,0.119,0.53,3,2,3,0,TRAIN,3,0.0,0.0,0.0,1.0,0.0,0.0,0.0,0.0,1.0,0.0,0.0,0.0,0.0,1.0,0.0
4108,0.445,0.585,0.403,0.645,0.356,0.688,0.023,0.315,5,2,0,0,VAL,3,0.0,0.0,0.0,0.0,0.0,1.0,0.0,0.0,1.0,0.0,1.0,0.0,0.0,0.0,0.0
4109,0.616,0.791,0.615,0.0,0.527,0.978,0.222,0.65,0,2,0,1,TRAIN,6,1.0,0.0,0.0,0.0,0.0,0.0,0.0,0.0,1.0,0.0,1.0,0.0,0.0,0.0,0.0
4110,0.211,0.42,0.443,0.801,0.516,0.41,0.056,0.261,2,2,1,0,TRAIN,3,0.0,0.0,1.0,0.0,0.0,0.0,0.0,0.0,1.0,0.0,0.0,1.0,0.0,0.0,0.0
4111,0.114,0.571,0.27,0.867,0.235,0.479,0.006,0.234,5,3,0,1,TRAIN,3,0.0,0.0,0.0,0.0,0.0,1.0,0.0,0.0,0.0,1.0,1.0,0.0,0.0,0.0,0.0
4112,0.48,0.514,0.374,1.0,0.362,0.489,0.019,0.249,2,2,0,0,TRAIN,3,0.0,0.0,1.0,0.0,0.0,0.0,0.0,0.0,1.0,0.0,1.0,0.0,0.0,0.0,0.0
4113,0.644,0.759,0.633,0.0,0.66,0.948,0.148,0.685,0,2,1,0,VAL,6,1.0,0.0,0.0,0.0,0.0,0.0,0.0,0.0,1.0,0.0,0.0,1.0,0.0,0.0,0.0
4114,0.361,0.878,0.532,0.0,0.356,0.931,0.033,0.375,3,0,1,1,TRAIN,6,0.0,0.0,0.0,1.0,0.0,0.0,1.0,0.0,0.0,0.0,0.0,1.0,0.0,0.0,0.0
4115,0.292,0.588,0.389,0.806,0.298,0.411,0.023,0.265,3,2,3,0,TEST,3,0.0,0.0,0.0,1.0,0.0,0.0,0.0,0.0,1.0,0.0,0.0,0.0,0.0,1.0,0.0
4116,0.309,0.546,0.378,0.675,0.39,0.46,0.013,0.179,2,2,0,0,TRAIN,3,0.0,0.0,1.0,0.0,0.0,0.0,0.0,0.0,1.0,0.0,1.0,0.0,0.0,0.0,0.0
4117,0.484,0.522,0.456,0.0,0.611,0.51,0.383,0.542,1,1,1,1,VAL,2,0.0,1.0,0.0,0.0,0.0,0.0,0.0,1.0,0.0,0.0,0.0,1.0,0.0,0.0,0.0
4118,0.642,0.8,0.619,0.0,0.725,0.709,0.221,0.706,3,2,1,1,TRAIN,6,0.0,0.0,0.0,1.0,0.0,0.0,0.0,0.0,1.0,0.0,0.0,1.0,0.0,0.0,0.0
4119,0.713,0.471,0.563,0.489,0.458,0.649,0.075,0.458,3,2,0,1,TRAIN,3,0.0,0.0,0.0,1.0,0.0,0.0,0.0,0.0,1.0,0.0,1.0,0.0,0.0,0.0,0.0
4120,0.432,0.611,0.479,0.194,0.625,0.605,0.194,0.48,2,1,1,0,TRAIN,2,0.0,0.0,1.0,0.0,0.0,0.0,0.0,1.0,0.0,0.0,0.0,1.0,0.0,0.0,0.0
4121,0.472,0.552,0.468,0.812,0.457,0.611,0.02,0.334,3,3,0,1,TRAIN,3,0.0,0.0,0.0,1.0,0.0,0.0,0.0,0.0,0.0,1.0,1.0,0.0,0.0,0.0,0.0
4122,0.423,0.433,0.467,0.858,0.507,0.286,0.075,0.292,1,0,3,1,TRAIN,3,0.0,1.0,0.0,0.0,0.0,0.0,1.0,0.0,0.0,0.0,0.0,0.0,0.0,1.0,0.0
4123,0.351,0.506,0.442,0.739,0.412,0.454,0.039,0.212,1,2,0,0,TEST,3,0.0,1.0,0.0,0.0,0.0,0.0,0.0,0.0,1.0,0.0,1.0,0.0,0.0,0.0,0.0
4124,0.361,0.337,0.412,0.714,0.405,0.142,0.137,0.384,0,2,1,0,TRAIN,7,1.0,0.0,0.0,0.0,0.0,0.0,0.0,0.0,1.0,0.0,0.0,1.0,0.0,0.0,0.0
4125,0.385,0.928,0.5,0.0,0.383,1.0,0.017,0.449,2,3,3,1,TRAIN,6,0.0,0.0,1.0,0.0,0.0,0.0,0.0,0.0,0.0,1.0,0.0,0.0,0.0,1.0,0.0
4126,0.296,0.505,0.421,0.958,0.34,0.624,0.042,0.249,2,2,0,1,TRAIN,3,0.0,0.0,1.0,0.0,0.0,0.0,0.0,0.0,1.0,0.0,1.0,0.0,0.0,0.0,0.0
4127,0.362,0.415,0.355,1.0,0.382,0.171,0.045,0.278,4,1,2,0,TEST,5,0.0,0.0,0.0,0.0,1.0,0.0,0.0,1.0,0.0,0.0,0.0,0.0,1.0,0.0,0.0
4128,0.347,0.551,0.418,0.868,0.379,0.46,0.006,0.29,3,2,0,0,TRAIN,3,0.0,0.0,0.0,1.0,0.0,0.0,0.0,0.0,1.0,0.0,1.0,0.0,0.0,0.0,0.0
4129,0.509,0.517,0.458,0.731,0.388,0.477,0.017,0.316,2,2,0,0,TRAIN,3,0.0,0.0,1.0,0.0,0.0,0.0,0.0,0.0,1.0,0.0,1.0,0.0,0.0,0.0,0.0
4130,0.477,0.538,0.395,0.862,0.473,0.557,0.037,0.317,3,2,0,1,TRAIN,3,0.0,0.0,0.0,1.0,0.0,0.0,0.0,0.0,1.0,0.0,1.0,0.0,0.0,0.0,0.0
4131,0.336,0.603,0.45,0.575,0.427,0.583,0.038,0.347,2,2,3,1,TRAIN,3,0.0,0.0,1.0,0.0,0.0,0.0,0.0,0.0,1.0,0.0,0.0,0.0,0.0,1.0,0.0
4132,0.377,0.459,0.467,0.0,0.8,0.214,0.67,0.628,1,1,1,0,TRAIN,2,0.0,1.0,0.0,0.0,0.0,0.0,0.0,1.0,0.0,0.0,0.0,1.0,0.0,0.0,0.0
4133,0.747,0.35,0.63,0.993,0.662,0.086,0.198,0.638,0,0,0,1,TRAIN,7,1.0,0.0,0.0,0.0,0.0,0.0,1.0,0.0,0.0,0.0,1.0,0.0,0.0,0.0,0.0
4134,0.259,0.5,0.34,0.815,0.392,0.494,0.021,0.277,3,2,3,0,TRAIN,3,0.0,0.0,0.0,1.0,0.0,0.0,0.0,0.0,1.0,0.0,0.0,0.0,0.0,1.0,0.0
4135,0.369,0.693,0.388,0.654,0.375,0.733,0.004,0.254,3,2,0,0,TRAIN,3,0.0,0.0,0.0,1.0,0.0,0.0,0.0,0.0,1.0,0.0,1.0,0.0,0.0,0.0,0.0
4136,0.204,0.57,0.298,0.773,0.398,0.314,0.009,0.192,3,2,0,0,TEST,3,0.0,0.0,0.0,1.0,0.0,0.0,0.0,0.0,1.0,0.0,1.0,0.0,0.0,0.0,0.0
4137,0.324,0.664,0.365,0.947,0.216,0.704,0.004,0.211,1,2,0,0,TRAIN,5,0.0,1.0,0.0,0.0,0.0,0.0,0.0,0.0,1.0,0.0,1.0,0.0,0.0,0.0,0.0
4138,0.2,0.517,0.299,0.844,0.231,0.466,0.038,0.168,5,2,0,1,TRAIN,3,0.0,0.0,0.0,0.0,0.0,1.0,0.0,0.0,1.0,0.0,1.0,0.0,0.0,0.0,0.0
4139,0.555,0.543,0.536,0.61,0.501,0.514,0.072,0.512,2,2,0,0,TRAIN,3,0.0,0.0,1.0,0.0,0.0,0.0,0.0,0.0,1.0,0.0,1.0,0.0,0.0,0.0,0.0
4140,0.522,0.485,0.468,0.048,0.598,0.539,0.196,0.522,1,2,4,1,TRAIN,2,0.0,1.0,0.0,0.0,0.0,0.0,0.0,0.0,1.0,0.0,0.0,0.0,0.0,0.0,1.0
4141,0.581,0.516,0.482,0.56,0.5,0.602,0.046,0.418,2,0,0,1,TRAIN,3,0.0,0.0,1.0,0.0,0.0,0.0,1.0,0.0,0.0,0.0,1.0,0.0,0.0,0.0,0.0
4142,0.278,0.487,0.354,0.798,0.328,0.318,0.036,0.222,3,2,3,1,TRAIN,3,0.0,0.0,0.0,1.0,0.0,0.0,0.0,0.0,1.0,0.0,0.0,0.0,0.0,1.0,0.0
4143,0.483,0.194,0.416,0.967,0.581,0.0,0.32,0.369,0,0,0,0,TRAIN,7,1.0,0.0,0.0,0.0,0.0,0.0,1.0,0.0,0.0,0.0,1.0,0.0,0.0,0.0,0.0
4144,0.156,0.483,0.244,0.745,0.247,0.405,0.02,0.135,4,1,1,1,TEST,8,0.0,0.0,0.0,0.0,1.0,0.0,0.0,1.0,0.0,0.0,0.0,1.0,0.0,0.0,0.0
4145,0.405,0.596,0.427,0.818,0.395,0.586,0.026,0.197,3,2,0,1,TRAIN,3,0.0,0.0,0.0,1.0,0.0,0.0,0.0,0.0,1.0,0.0,1.0,0.0,0.0,0.0,0.0
4146,0.1,0.352,0.297,1.0,0.261,0.387,0.018,0.086,0,2,0,1,TRAIN,3,1.0,0.0,0.0,0.0,0.0,0.0,0.0,0.0,1.0,0.0,1.0,0.0,0.0,0.0,0.0
4147,0.531,0.371,0.502,0.0,0.754,0.275,0.504,0.581,2,2,4,0,TRAIN,2,0.0,0.0,1.0,0.0,0.0,0.0,0.0,0.0,1.0,0.0,0.0,0.0,0.0,0.0,1.0
4148,0.551,0.621,0.544,0.403,0.374,0.477,0.038,0.41,3,0,1,0,TRAIN,1,0.0,0.0,0.0,1.0,0.0,0.0,1.0,0.0,0.0,0.0,0.0,1.0,0.0,0.0,0.0
4149,0.753,0.498,0.608,0.908,0.488,0.496,0.109,0.578,0,0,0,0,TRAIN,4,1.0,0.0,0.0,0.0,0.0,0.0,1.0,0.0,0.0,0.0,1.0,0.0,0.0,0.0,0.0
4150,0.598,0.271,0.449,0.922,0.571,0.074,0.197,0.465,3,1,1,1,TRAIN,7,0.0,0.0,0.0,1.0,0.0,0.0,0.0,1.0,0.0,0.0,0.0,1.0,0.0,0.0,0.0
4151,0.38,0.468,0.368,0.54,0.516,0.421,0.116,0.37,2,2,0,1,TRAIN,3,0.0,0.0,1.0,0.0,0.0,0.0,0.0,0.0,1.0,0.0,1.0,0.0,0.0,0.0,0.0
4152,0.256,0.361,0.304,0.599,0.467,0.202,0.078,0.184,2,3,3,1,TEST,5,0.0,0.0,1.0,0.0,0.0,0.0,0.0,0.0,0.0,1.0,0.0,0.0,0.0,1.0,0.0
4153,0.461,0.513,0.54,0.774,0.382,0.405,0.031,0.288,3,2,3,0,VAL,3,0.0,0.0,0.0,1.0,0.0,0.0,0.0,0.0,1.0,0.0,0.0,0.0,0.0,1.0,0.0
4154,0.416,0.494,0.301,0.922,0.418,0.562,0.021,0.239,2,2,0,0,TRAIN,3,0.0,0.0,1.0,0.0,0.0,0.0,0.0,0.0,1.0,0.0,1.0,0.0,0.0,0.0,0.0
4155,0.101,0.567,0.32,0.775,0.183,0.706,0.004,0.081,2,1,0,1,TEST,8,0.0,0.0,1.0,0.0,0.0,0.0,0.0,1.0,0.0,0.0,1.0,0.0,0.0,0.0,0.0
4156,0.229,0.271,0.307,0.0,0.702,0.042,0.483,0.367,0,0,0,1,TEST,7,1.0,0.0,0.0,0.0,0.0,0.0,1.0,0.0,0.0,0.0,1.0,0.0,0.0,0.0,0.0
4157,0.434,0.536,0.355,0.796,0.341,0.319,0.027,0.251,3,1,0,0,TEST,3,0.0,0.0,0.0,1.0,0.0,0.0,0.0,1.0,0.0,0.0,1.0,0.0,0.0,0.0,0.0
4158,0.509,0.461,0.408,0.671,0.523,0.32,0.138,0.339,3,3,3,0,TRAIN,3,0.0,0.0,0.0,1.0,0.0,0.0,0.0,0.0,0.0,1.0,0.0,0.0,0.0,1.0,0.0
4159,0.362,0.587,0.403,1.0,0.283,0.57,0.002,0.203,1,3,0,0,VAL,5,0.0,1.0,0.0,0.0,0.0,0.0,0.0,0.0,0.0,1.0,1.0,0.0,0.0,0.0,0.0
4160,0.412,0.43,0.397,0.847,0.45,0.319,0.029,0.212,3,0,3,0,TEST,3,0.0,0.0,0.0,1.0,0.0,0.0,1.0,0.0,0.0,0.0,0.0,0.0,0.0,1.0,0.0
4161,0.641,0.786,0.731,0.0,0.831,0.834,0.256,0.678,0,2,0,1,TEST,6,1.0,0.0,0.0,0.0,0.0,0.0,0.0,0.0,1.0,0.0,1.0,0.0,0.0,0.0,0.0
4162,0.465,0.462,0.433,0.638,0.477,0.314,0.036,0.365,3,2,3,0,TRAIN,3,0.0,0.0,0.0,1.0,0.0,0.0,0.0,0.0,1.0,0.0,0.0,0.0,0.0,1.0,0.0
4163,0.392,0.603,0.426,0.665,0.367,0.688,0.005,0.222,3,2,1,1,TRAIN,3,0.0,0.0,0.0,1.0,0.0,0.0,0.0,0.0,1.0,0.0,0.0,1.0,0.0,0.0,0.0
4164,0.48,0.525,0.424,0.824,0.39,0.709,0.025,0.346,2,2,2,0,TEST,3,0.0,0.0,1.0,0.0,0.0,0.0,0.0,0.0,1.0,0.0,0.0,0.0,1.0,0.0,0.0
4165,0.448,0.494,0.487,0.735,0.433,0.372,0.031,0.343,1,1,0,0,TEST,3,0.0,1.0,0.0,0.0,0.0,0.0,0.0,1.0,0.0,0.0,1.0,0.0,0.0,0.0,0.0
4166,0.435,0.558,0.384,0.611,0.198,0.539,0.016,0.229,3,2,3,0,VAL,3,0.0,0.0,0.0,1.0,0.0,0.0,0.0,0.0,1.0,0.0,0.0,0.0,0.0,1.0,0.0
4167,0.82,0.178,0.561,0.731,0.575,0.0,0.452,0.734,3,3,0,1,VAL,7,0.0,0.0,0.0,1.0,0.0,0.0,0.0,0.0,0.0,1.0,1.0,0.0,0.0,0.0,0.0
4168,0.362,0.528,0.347,0.848,0.244,0.357,0.012,0.194,3,2,0,1,TRAIN,3,0.0,0.0,0.0,1.0,0.0,0.0,0.0,0.0,1.0,0.0,1.0,0.0,0.0,0.0,0.0
4169,0.486,0.436,0.537,0.0,0.602,0.386,0.415,0.604,0,2,4,0,TRAIN,2,1.0,0.0,0.0,0.0,0.0,0.0,0.0,0.0,1.0,0.0,0.0,0.0,0.0,0.0,1.0
4170,0.527,0.504,0.389,0.0,0.808,0.364,0.525,0.627,4,1,1,1,TRAIN,2,0.0,0.0,0.0,0.0,1.0,0.0,0.0,1.0,0.0,0.0,0.0,1.0,0.0,0.0,0.0
4171,0.484,0.525,0.437,0.56,0.351,0.395,0.027,0.241,3,2,0,1,TRAIN,3,0.0,0.0,0.0,1.0,0.0,0.0,0.0,0.0,1.0,0.0,1.0,0.0,0.0,0.0,0.0
4172,0.055,0.42,0.258,0.758,0.309,0.301,0.024,0.069,1,3,3,1,TRAIN,3,0.0,1.0,0.0,0.0,0.0,0.0,0.0,0.0,0.0,1.0,0.0,0.0,0.0,1.0,0.0
4173,0.538,0.361,0.442,0.601,0.558,0.293,0.168,0.37,3,2,3,1,TEST,3,0.0,0.0,0.0,1.0,0.0,0.0,0.0,0.0,1.0,0.0,0.0,0.0,0.0,1.0,0.0
4174,0.297,0.553,0.28,1.0,0.276,0.552,0.005,0.105,2,3,0,1,TRAIN,3,0.0,0.0,1.0,0.0,0.0,0.0,0.0,0.0,0.0,1.0,1.0,0.0,0.0,0.0,0.0
4175,0.383,0.516,0.435,0.917,0.382,0.409,0.071,0.291,3,3,0,1,TEST,3,0.0,0.0,0.0,1.0,0.0,0.0,0.0,0.0,0.0,1.0,1.0,0.0,0.0,0.0,0.0
4176,0.623,0.422,0.557,0.575,0.514,0.271,0.123,0.488,2,3,3,0,TRAIN,3,0.0,0.0,1.0,0.0,0.0,0.0,0.0,0.0,0.0,1.0,0.0,0.0,0.0,1.0,0.0
4177,0.798,0.339,0.606,0.229,0.747,0.233,0.311,0.688,0,0,0,0,TRAIN,7,1.0,0.0,0.0,0.0,0.0,0.0,1.0,0.0,0.0,0.0,1.0,0.0,0.0,0.0,0.0
4178,0.425,0.55,0.426,0.0,0.656,0.545,0.373,0.539,2,1,4,1,TEST,2,0.0,0.0,1.0,0.0,0.0,0.0,0.0,1.0,0.0,0.0,0.0,0.0,0.0,0.0,1.0
4179,0.887,0.421,0.568,0.667,0.624,0.361,0.207,0.672,0,1,0,0,VAL,7,1.0,0.0,0.0,0.0,0.0,0.0,0.0,1.0,0.0,0.0,1.0,0.0,0.0,0.0,0.0
4180,0.519,0.83,0.586,0.0,0.598,0.964,0.076,0.522,4,0,1,1,TRAIN,6,0.0,0.0,0.0,0.0,1.0,0.0,1.0,0.0,0.0,0.0,0.0,1.0,0.0,0.0,0.0
4181,0.454,0.6,0.355,0.507,0.448,0.485,0.009,0.374,2,2,0,0,TEST,3,0.0,0.0,1.0,0.0,0.0,0.0,0.0,0.0,1.0,0.0,1.0,0.0,0.0,0.0,0.0
4182,0.884,0.387,0.625,1.0,0.505,0.323,0.091,0.559,4,3,1,1,TEST,4,0.0,0.0,0.0,0.0,1.0,0.0,0.0,0.0,0.0,1.0,0.0,1.0,0.0,0.0,0.0
4183,0.418,0.448,0.414,0.911,0.461,0.447,0.047,0.273,2,2,0,0,TEST,3,0.0,0.0,1.0,0.0,0.0,0.0,0.0,0.0,1.0,0.0,1.0,0.0,0.0,0.0,0.0
4184,0.384,0.48,0.421,0.827,0.392,0.294,0.07,0.304,2,2,1,1,TRAIN,3,0.0,0.0,1.0,0.0,0.0,0.0,0.0,0.0,1.0,0.0,0.0,1.0,0.0,0.0,0.0
4185,0.203,0.443,0.263,0.843,0.442,0.382,0.017,0.141,2,3,0,0,TRAIN,3,0.0,0.0,1.0,0.0,0.0,0.0,0.0,0.0,0.0,1.0,1.0,0.0,0.0,0.0,0.0
4186,0.364,0.866,0.485,0.0,0.467,1.0,0.037,0.419,3,2,0,1,VAL,6,0.0,0.0,0.0,1.0,0.0,0.0,0.0,0.0,1.0,0.0,1.0,0.0,0.0,0.0,0.0
4187,0.411,0.499,0.386,0.872,0.538,0.392,0.075,0.338,3,2,0,1,TRAIN,3,0.0,0.0,0.0,1.0,0.0,0.0,0.0,0.0,1.0,0.0,1.0,0.0,0.0,0.0,0.0
4188,0.574,0.909,0.619,0.0,0.532,0.998,0.076,0.591,3,3,0,1,TRAIN,6,0.0,0.0,0.0,1.0,0.0,0.0,0.0,0.0,0.0,1.0,1.0,0.0,0.0,0.0,0.0
4189,0.172,0.497,0.319,1.0,0.281,0.476,0.02,0.133,2,0,0,0,TRAIN,3,0.0,0.0,1.0,0.0,0.0,0.0,1.0,0.0,0.0,0.0,1.0,0.0,0.0,0.0,0.0
4190,0.373,0.564,0.304,1.0,0.322,0.67,0.012,0.177,2,0,3,0,TRAIN,3,0.0,0.0,1.0,0.0,0.0,0.0,1.0,0.0,0.0,0.0,0.0,0.0,0.0,1.0,0.0
4191,0.656,0.226,0.568,0.801,0.686,0.086,0.337,0.483,0,0,0,0,TRAIN,7,1.0,0.0,0.0,0.0,0.0,0.0,1.0,0.0,0.0,0.0,1.0,0.0,0.0,0.0,0.0
4192,0.476,0.516,0.444,0.419,0.508,0.547,0.051,0.351,3,2,3,1,TRAIN,3,0.0,0.0,0.0,1.0,0.0,0.0,0.0,0.0,1.0,0.0,0.0,0.0,0.0,1.0,0.0
4193,0.54,0.367,0.468,0.0,0.65,0.246,0.504,0.607,2,0,4,0,TRAIN,2,0.0,0.0,1.0,0.0,0.0,0.0,1.0,0.0,0.0,0.0,0.0,0.0,0.0,0.0,1.0
4194,0.375,0.59,0.405,0.781,0.326,0.502,0.025,0.243,2,2,3,0,TEST,3,0.0,0.0,1.0,0.0,0.0,0.0,0.0,0.0,1.0,0.0,0.0,0.0,0.0,1.0,0.0
4195,0.59,0.596,0.436,0.337,0.497,0.507,0.085,0.519,3,3,2,1,TRAIN,3,0.0,0.0,0.0,1.0,0.0,0.0,0.0,0.0,0.0,1.0,0.0,0.0,1.0,0.0,0.0
4196,0.355,0.539,0.352,0.986,0.367,0.68,0.01,0.232,2,2,0,1,TRAIN,3,0.0,0.0,1.0,0.0,0.0,0.0,0.0,0.0,1.0,0.0,1.0,0.0,0.0,0.0,0.0
4197,0.378,0.38,0.359,0.991,0.42,0.488,0.066,0.302,0,1,1,0,TEST,5,1.0,0.0,0.0,0.0,0.0,0.0,0.0,1.0,0.0,0.0,0.0,1.0,0.0,0.0,0.0
4198,0.605,0.78,0.616,0.0,0.772,0.788,0.267,0.674,5,2,1,1,TEST,6,0.0,0.0,0.0,0.0,0.0,1.0,0.0,0.0,1.0,0.0,0.0,1.0,0.0,0.0,0.0
4199,0.756,0.807,0.719,0.0,0.728,0.818,0.297,0.738,3,2,0,1,TRAIN,6,0.0,0.0,0.0,1.0,0.0,0.0,0.0,0.0,1.0,0.0,1.0,0.0,0.0,0.0,0.0
4200,0.646,0.783,0.703,0.0,0.701,0.785,0.267,0.689,0,2,1,0,TRAIN,6,1.0,0.0,0.0,0.0,0.0,0.0,0.0,0.0,1.0,0.0,0.0,1.0,0.0,0.0,0.0
4201,0.526,0.625,0.449,0.0,0.707,0.569,0.34,0.559,3,0,1,0,TRAIN,2,0.0,0.0,0.0,1.0,0.0,0.0,1.0,0.0,0.0,0.0,0.0,1.0,0.0,0.0,0.0
4202,0.221,0.545,0.327,0.737,0.351,0.521,0.01,0.165,2,3,0,0,TRAIN,3,0.0,0.0,1.0,0.0,0.0,0.0,0.0,0.0,0.0,1.0,1.0,0.0,0.0,0.0,0.0
4203,0.314,0.456,0.364,0.57,0.423,0.439,0.059,0.272,1,1,2,1,TRAIN,5,0.0,1.0,0.0,0.0,0.0,0.0,0.0,1.0,0.0,0.0,0.0,0.0,1.0,0.0,0.0
4204,0.676,0.812,0.604,0.0,0.696,0.774,0.234,0.657,0,0,1,1,TEST,6,1.0,0.0,0.0,0.0,0.0,0.0,1.0,0.0,0.0,0.0,0.0,1.0,0.0,0.0,0.0
4205,0.434,0.563,0.379,0.448,0.443,0.565,0.031,0.324,5,2,0,0,TRAIN,3,0.0,0.0,0.0,0.0,0.0,1.0,0.0,0.0,1.0,0.0,1.0,0.0,0.0,0.0,0.0
4206,0.495,0.485,0.339,1.0,0.335,0.489,0.009,0.24,2,1,1,1,TEST,8,0.0,0.0,1.0,0.0,0.0,0.0,0.0,1.0,0.0,0.0,0.0,1.0,0.0,0.0,0.0
4207,0.358,0.665,0.349,0.666,0.371,0.764,0.005,0.208,2,1,4,1,TEST,5,0.0,0.0,1.0,0.0,0.0,0.0,0.0,1.0,0.0,0.0,0.0,0.0,0.0,0.0,1.0
4208,0.231,0.491,0.258,0.856,0.391,0.356,0.03,0.165,2,2,0,1,VAL,8,0.0,0.0,1.0,0.0,0.0,0.0,0.0,0.0,1.0,0.0,1.0,0.0,0.0,0.0,0.0
4209,0.465,0.556,0.394,0.574,0.332,0.563,0.028,0.218,3,3,0,0,VAL,3,0.0,0.0,0.0,1.0,0.0,0.0,0.0,0.0,0.0,1.0,1.0,0.0,0.0,0.0,0.0
4210,0.791,0.393,0.606,0.842,0.499,0.183,0.164,0.579,0,3,3,1,TRAIN,7,1.0,0.0,0.0,0.0,0.0,0.0,0.0,0.0,0.0,1.0,0.0,0.0,0.0,1.0,0.0
4211,0.312,0.702,0.3,0.695,0.158,0.636,0.003,0.1,2,2,4,0,TRAIN,5,0.0,0.0,1.0,0.0,0.0,0.0,0.0,0.0,1.0,0.0,0.0,0.0,0.0,0.0,1.0
4212,0.166,0.596,0.296,0.907,0.325,0.64,0.006,0.139,3,2,0,1,TRAIN,3,0.0,0.0,0.0,1.0,0.0,0.0,0.0,0.0,1.0,0.0,1.0,0.0,0.0,0.0,0.0
4213,0.278,0.584,0.155,1.0,0.171,0.63,0.008,0.076,2,1,1,1,VAL,5,0.0,0.0,1.0,0.0,0.0,0.0,0.0,1.0,0.0,0.0,0.0,1.0,0.0,0.0,0.0
4214,0.455,0.519,0.47,0.656,0.406,0.484,0.028,0.299,5,2,0,0,VAL,3,0.0,0.0,0.0,0.0,0.0,1.0,0.0,0.0,1.0,0.0,1.0,0.0,0.0,0.0,0.0
4215,0.317,0.6,0.384,0.735,0.259,0.545,0.011,0.234,2,2,1,0,VAL,3,0.0,0.0,1.0,0.0,0.0,0.0,0.0,0.0,1.0,0.0,0.0,1.0,0.0,0.0,0.0
4216,0.275,0.353,0.348,0.431,0.491,0.064,0.332,0.418,4,1,0,0,TRAIN,7,0.0,0.0,0.0,0.0,1.0,0.0,0.0,1.0,0.0,0.0,1.0,0.0,0.0,0.0,0.0
4217,0.308,0.568,0.332,0.634,0.29,0.557,0.02,0.219,1,2,0,0,TRAIN,3,0.0,1.0,0.0,0.0,0.0,0.0,0.0,0.0,1.0,0.0,1.0,0.0,0.0,0.0,0.0
4218,0.39,0.506,0.365,0.742,0.323,0.354,0.028,0.203,3,1,0,0,TEST,3,0.0,0.0,0.0,1.0,0.0,0.0,0.0,1.0,0.0,0.0,1.0,0.0,0.0,0.0,0.0
4219,0.282,0.456,0.265,0.918,0.367,0.511,0.015,0.175,3,3,3,0,TRAIN,3,0.0,0.0,0.0,1.0,0.0,0.0,0.0,0.0,0.0,1.0,0.0,0.0,0.0,1.0,0.0
4220,0.337,0.588,0.374,0.658,0.226,0.58,0.02,0.283,2,2,3,0,TRAIN,3,0.0,0.0,1.0,0.0,0.0,0.0,0.0,0.0,1.0,0.0,0.0,0.0,0.0,1.0,0.0
4221,0.91,0.245,0.697,1.0,0.634,0.047,0.284,0.671,1,3,0,0,TEST,7,0.0,1.0,0.0,0.0,0.0,0.0,0.0,0.0,0.0,1.0,1.0,0.0,0.0,0.0,0.0
4222,0.61,0.228,0.477,0.725,0.552,0.101,0.319,0.388,5,1,0,0,TEST,7,0.0,0.0,0.0,0.0,0.0,1.0,0.0,1.0,0.0,0.0,1.0,0.0,0.0,0.0,0.0
4223,0.258,0.427,0.359,0.319,0.513,0.247,0.078,0.318,4,2,3,1,VAL,5,0.0,0.0,0.0,0.0,1.0,0.0,0.0,0.0,1.0,0.0,0.0,0.0,0.0,1.0,0.0
4224,0.467,0.574,0.461,0.679,0.448,0.585,0.023,0.333,1,0,0,0,VAL,3,0.0,1.0,0.0,0.0,0.0,0.0,1.0,0.0,0.0,0.0,1.0,0.0,0.0,0.0,0.0
4225,0.349,0.502,0.33,0.798,0.294,0.427,0.023,0.177,3,2,3,1,TEST,3,0.0,0.0,0.0,1.0,0.0,0.0,0.0,0.0,1.0,0.0,0.0,0.0,0.0,1.0,0.0
4226,0.43,0.569,0.513,0.0,0.759,0.481,0.474,0.608,3,1,1,1,TRAIN,2,0.0,0.0,0.0,1.0,0.0,0.0,0.0,1.0,0.0,0.0,0.0,1.0,0.0,0.0,0.0
4227,0.668,0.111,0.38,1.0,0.62,0.0,0.319,0.442,4,0,3,0,TRAIN,7,0.0,0.0,0.0,0.0,1.0,0.0,1.0,0.0,0.0,0.0,0.0,0.0,0.0,1.0,0.0
4228,0.926,0.433,0.59,1.0,0.367,0.354,0.027,0.481,0,3,2,1,TRAIN,4,1.0,0.0,0.0,0.0,0.0,0.0,0.0,0.0,0.0,1.0,0.0,0.0,1.0,0.0,0.0
4229,0.478,0.868,0.548,0.0,0.532,1.0,0.04,0.559,2,3,2,1,VAL,6,0.0,0.0,1.0,0.0,0.0,0.0,0.0,0.0,0.0,1.0,0.0,0.0,1.0,0.0,0.0
4230,0.319,0.524,0.364,0.812,0.336,0.492,0.026,0.205,3,2,0,1,TRAIN,3,0.0,0.0,0.0,1.0,0.0,0.0,0.0,0.0,1.0,0.0,1.0,0.0,0.0,0.0,0.0
4231,0.464,0.921,0.572,0.0,0.444,1.0,0.02,0.499,0,2,0,0,VAL,6,1.0,0.0,0.0,0.0,0.0,0.0,0.0,0.0,1.0,0.0,1.0,0.0,0.0,0.0,0.0
4232,0.415,0.535,0.528,0.0,0.776,0.515,0.404,0.613,0,2,4,0,VAL,2,1.0,0.0,0.0,0.0,0.0,0.0,0.0,0.0,1.0,0.0,0.0,0.0,0.0,0.0,1.0
4233,0.464,0.624,0.489,0.0,0.545,0.494,0.137,0.49,1,2,1,0,VAL,2,0.0,1.0,0.0,0.0,0.0,0.0,0.0,0.0,1.0,0.0,0.0,1.0,0.0,0.0,0.0
4234,0.163,0.547,0.215,0.383,0.361,0.519,0.03,0.089,2,1,0,0,TRAIN,5,0.0,0.0,1.0,0.0,0.0,0.0,0.0,1.0,0.0,0.0,1.0,0.0,0.0,0.0,0.0
4235,0.596,0.232,0.419,1.0,0.323,0.0,0.012,0.337,0,0,2,1,TRAIN,4,1.0,0.0,0.0,0.0,0.0,0.0,1.0,0.0,0.0,0.0,0.0,0.0,1.0,0.0,0.0
4236,0.792,0.232,0.713,1.0,0.517,0.05,0.09,0.579,0,3,0,0,TRAIN,7,1.0,0.0,0.0,0.0,0.0,0.0,0.0,0.0,0.0,1.0,1.0,0.0,0.0,0.0,0.0
4237,0.347,0.589,0.327,1.0,0.188,0.608,0.0,0.069,4,1,2,0,TEST,5,0.0,0.0,0.0,0.0,1.0,0.0,0.0,1.0,0.0,0.0,0.0,0.0,1.0,0.0,0.0
4238,0.378,0.514,0.35,0.819,0.339,0.564,0.016,0.24,2,0,0,1,TRAIN,3,0.0,0.0,1.0,0.0,0.0,0.0,1.0,0.0,0.0,0.0,1.0,0.0,0.0,0.0,0.0
4239,0.772,0.294,0.602,0.767,0.561,0.132,0.274,0.556,3,1,0,0,TRAIN,7,0.0,0.0,0.0,1.0,0.0,0.0,0.0,1.0,0.0,0.0,1.0,0.0,0.0,0.0,0.0
4240,0.516,0.825,0.554,0.0,0.499,0.912,0.064,0.499,3,0,1,1,TRAIN,6,0.0,0.0,0.0,1.0,0.0,0.0,1.0,0.0,0.0,0.0,0.0,1.0,0.0,0.0,0.0
4241,0.237,0.472,0.322,0.881,0.473,0.439,0.022,0.222,2,0,0,0,TRAIN,3,0.0,0.0,1.0,0.0,0.0,0.0,1.0,0.0,0.0,0.0,1.0,0.0,0.0,0.0,0.0
4242,0.526,0.31,0.39,1.0,0.52,0.082,0.1,0.345,0,3,0,0,TRAIN,7,1.0,0.0,0.0,0.0,0.0,0.0,0.0,0.0,0.0,1.0,1.0,0.0,0.0,0.0,0.0
4243,0.536,0.798,0.591,0.0,0.754,0.892,0.171,0.569,0,0,0,1,TEST,6,1.0,0.0,0.0,0.0,0.0,0.0,1.0,0.0,0.0,0.0,1.0,0.0,0.0,0.0,0.0
4244,0.541,0.601,0.533,0.0,0.585,0.459,0.15,0.414,1,1,1,0,TRAIN,2,0.0,1.0,0.0,0.0,0.0,0.0,0.0,1.0,0.0,0.0,0.0,1.0,0.0,0.0,0.0
4245,0.269,0.561,0.43,0.679,0.407,0.587,0.026,0.247,2,0,3,0,TRAIN,3,0.0,0.0,1.0,0.0,0.0,0.0,1.0,0.0,0.0,0.0,0.0,0.0,0.0,1.0,0.0
4246,0.939,0.4,0.754,1.0,0.426,0.432,0.033,0.618,4,3,1,1,TEST,4,0.0,0.0,0.0,0.0,1.0,0.0,0.0,0.0,0.0,1.0,0.0,1.0,0.0,0.0,0.0
4247,0.41,0.436,0.418,0.737,0.526,0.443,0.096,0.387,3,3,0,0,TRAIN,3,0.0,0.0,0.0,1.0,0.0,0.0,0.0,0.0,0.0,1.0,1.0,0.0,0.0,0.0,0.0
4248,0.508,0.566,0.452,0.702,0.361,0.509,0.015,0.339,5,0,0,0,TRAIN,3,0.0,0.0,0.0,0.0,0.0,1.0,1.0,0.0,0.0,0.0,1.0,0.0,0.0,0.0,0.0
4249,0.515,0.511,0.484,0.875,0.371,0.401,0.029,0.281,2,0,0,1,TEST,3,0.0,0.0,1.0,0.0,0.0,0.0,1.0,0.0,0.0,0.0,1.0,0.0,0.0,0.0,0.0
4250,0.68,0.818,0.664,0.0,0.729,0.991,0.132,0.69,3,3,0,1,TEST,6,0.0,0.0,0.0,1.0,0.0,0.0,0.0,0.0,0.0,1.0,1.0,0.0,0.0,0.0,0.0
4251,0.495,0.377,0.404,0.382,0.638,0.211,0.334,0.493,0,1,0,0,TRAIN,7,1.0,0.0,0.0,0.0,0.0,0.0,0.0,1.0,0.0,0.0,1.0,0.0,0.0,0.0,0.0
4252,0.233,0.459,0.334,0.741,0.469,0.286,0.111,0.348,2,1,3,0,TEST,5,0.0,0.0,1.0,0.0,0.0,0.0,0.0,1.0,0.0,0.0,0.0,0.0,0.0,1.0,0.0
4253,0.322,0.522,0.35,0.795,0.275,0.501,0.016,0.243,2,2,0,0,TEST,3,0.0,0.0,1.0,0.0,0.0,0.0,0.0,0.0,1.0,0.0,1.0,0.0,0.0,0.0,0.0
4254,0.124,0.434,0.301,0.0,0.622,0.223,0.348,0.286,0,0,3,0,TRAIN,7,1.0,0.0,0.0,0.0,0.0,0.0,1.0,0.0,0.0,0.0,0.0,0.0,0.0,1.0,0.0
4255,0.592,0.568,0.507,0.764,0.471,0.496,0.017,0.345,1,3,2,0,TRAIN,3,0.0,1.0,0.0,0.0,0.0,0.0,0.0,0.0,0.0,1.0,0.0,0.0,1.0,0.0,0.0
4256,0.395,0.528,0.311,0.885,0.328,0.596,0.018,0.191,2,3,1,1,VAL,3,0.0,0.0,1.0,0.0,0.0,0.0,0.0,0.0,0.0,1.0,0.0,1.0,0.0,0.0,0.0
4257,0.423,0.575,0.476,0.0,0.684,0.361,0.37,0.56,2,2,1,0,TRAIN,2,0.0,0.0,1.0,0.0,0.0,0.0,0.0,0.0,1.0,0.0,0.0,1.0,0.0,0.0,0.0
4258,0.829,0.373,0.587,0.653,0.596,0.176,0.338,0.646,0,0,0,0,TRAIN,7,1.0,0.0,0.0,0.0,0.0,0.0,1.0,0.0,0.0,0.0,1.0,0.0,0.0,0.0,0.0
4259,0.357,0.602,0.368,0.806,0.281,0.638,0.016,0.19,3,2,0,1,TRAIN,3,0.0,0.0,0.0,1.0,0.0,0.0,0.0,0.0,1.0,0.0,1.0,0.0,0.0,0.0,0.0
4260,0.598,0.812,0.611,0.0,0.646,0.935,0.241,0.562,3,2,1,1,TRAIN,6,0.0,0.0,0.0,1.0,0.0,0.0,0.0,0.0,1.0,0.0,0.0,1.0,0.0,0.0,0.0
4261,0.466,0.75,0.6,0.0,0.621,0.664,0.109,0.556,2,0,1,1,TRAIN,6,0.0,0.0,1.0,0.0,0.0,0.0,1.0,0.0,0.0,0.0,0.0,1.0,0.0,0.0,0.0
4262,0.615,0.774,0.703,0.0,0.673,1.0,0.18,0.713,0,1,1,1,TRAIN,6,1.0,0.0,0.0,0.0,0.0,0.0,0.0,1.0,0.0,0.0,0.0,1.0,0.0,0.0,0.0
4263,0.666,0.491,0.384,0.892,0.406,0.362,0.074,0.423,3,2,0,0,TRAIN,3,0.0,0.0,0.0,1.0,0.0,0.0,0.0,0.0,1.0,0.0,1.0,0.0,0.0,0.0,0.0
4264,0.31,0.636,0.502,0.698,0.323,0.518,0.021,0.332,3,2,3,0,TEST,3,0.0,0.0,0.0,1.0,0.0,0.0,0.0,0.0,1.0,0.0,0.0,0.0,0.0,1.0,0.0
4265,0.446,0.919,0.567,0.0,0.464,0.988,0.04,0.505,2,1,1,1,TRAIN,6,0.0,0.0,1.0,0.0,0.0,0.0,0.0,1.0,0.0,0.0,0.0,1.0,0.0,0.0,0.0
4266,0.319,0.504,0.31,0.834,0.384,0.371,0.02,0.158,2,0,0,0,TRAIN,3,0.0,0.0,1.0,0.0,0.0,0.0,1.0,0.0,0.0,0.0,1.0,0.0,0.0,0.0,0.0
4267,0.365,0.561,0.488,0.47,0.423,0.494,0.038,0.331,5,3,0,0,TRAIN,3,0.0,0.0,0.0,0.0,0.0,1.0,0.0,0.0,0.0,1.0,1.0,0.0,0.0,0.0,0.0
4268,0.573,0.484,0.58,0.455,0.492,0.425,0.128,0.502,3,2,0,1,TRAIN,3,0.0,0.0,0.0,1.0,0.0,0.0,0.0,0.0,1.0,0.0,1.0,0.0,0.0,0.0,0.0
4269,0.292,0.473,0.357,0.633,0.437,0.415,0.043,0.253,1,2,1,1,VAL,3,0.0,1.0,0.0,0.0,0.0,0.0,0.0,0.0,1.0,0.0,0.0,1.0,0.0,0.0,0.0
4270,0.859,0.177,0.621,0.991,0.765,0.063,0.397,0.58,0,3,1,1,TRAIN,7,1.0,0.0,0.0,0.0,0.0,0.0,0.0,0.0,0.0,1.0,0.0,1.0,0.0,0.0,0.0
4271,0.572,0.553,0.458,0.578,0.427,0.468,0.044,0.384,3,2,3,0,TRAIN,3,0.0,0.0,0.0,1.0,0.0,0.0,0.0,0.0,1.0,0.0,0.0,0.0,0.0,1.0,0.0
4272,0.33,0.592,0.52,0.511,0.417,0.431,0.038,0.336,2,3,3,0,TRAIN,3,0.0,0.0,1.0,0.0,0.0,0.0,0.0,0.0,0.0,1.0,0.0,0.0,0.0,1.0,0.0
4273,0.733,0.808,0.666,0.0,0.685,0.96,0.109,0.738,3,2,3,1,TRAIN,6,0.0,0.0,0.0,1.0,0.0,0.0,0.0,0.0,1.0,0.0,0.0,0.0,0.0,1.0,0.0
4274,0.476,0.465,0.435,0.0,0.811,0.334,0.427,0.527,3,2,4,0,TEST,2,0.0,0.0,0.0,1.0,0.0,0.0,0.0,0.0,1.0,0.0,0.0,0.0,0.0,0.0,1.0
4275,0.304,0.554,0.401,0.772,0.233,0.615,0.012,0.234,2,2,3,1,VAL,3,0.0,0.0,1.0,0.0,0.0,0.0,0.0,0.0,1.0,0.0,0.0,0.0,0.0,1.0,0.0
4276,0.522,0.416,1.0,1.0,0.666,0.221,0.22,1.0,0,2,1,0,TEST,7,1.0,0.0,0.0,0.0,0.0,0.0,0.0,0.0,1.0,0.0,0.0,1.0,0.0,0.0,0.0
4277,0.541,0.552,0.585,0.66,0.439,0.493,0.06,0.536,3,3,0,0,TRAIN,3,0.0,0.0,0.0,1.0,0.0,0.0,0.0,0.0,0.0,1.0,1.0,0.0,0.0,0.0,0.0
4278,0.476,0.616,0.479,0.617,0.482,0.515,0.041,0.365,3,2,0,0,TEST,3,0.0,0.0,0.0,1.0,0.0,0.0,0.0,0.0,1.0,0.0,1.0,0.0,0.0,0.0,0.0
4279,0.375,0.69,0.522,0.0,0.607,0.614,0.216,0.546,3,1,4,0,TRAIN,2,0.0,0.0,0.0,1.0,0.0,0.0,0.0,1.0,0.0,0.0,0.0,0.0,0.0,0.0,1.0
4280,0.344,0.615,0.43,0.661,0.256,0.362,0.01,0.326,0,1,0,0,VAL,3,1.0,0.0,0.0,0.0,0.0,0.0,0.0,1.0,0.0,0.0,1.0,0.0,0.0,0.0,0.0
4281,0.657,0.484,0.476,0.354,0.484,0.43,0.155,0.536,5,3,0,0,TRAIN,3,0.0,0.0,0.0,0.0,0.0,1.0,0.0,0.0,0.0,1.0,1.0,0.0,0.0,0.0,0.0
4282,0.492,0.8,0.534,0.0,0.455,0.965,0.125,0.494,2,2,0,1,TRAIN,6,0.0,0.0,1.0,0.0,0.0,0.0,0.0,0.0,1.0,0.0,1.0,0.0,0.0,0.0,0.0
4283,0.365,0.624,0.397,0.718,0.344,0.552,0.013,0.383,1,3,0,1,VAL,3,0.0,1.0,0.0,0.0,0.0,0.0,0.0,0.0,0.0,1.0,1.0,0.0,0.0,0.0,0.0
4284,0.328,0.553,0.406,0.822,0.337,0.473,0.033,0.286,5,2,3,0,VAL,3,0.0,0.0,0.0,0.0,0.0,1.0,0.0,0.0,1.0,0.0,0.0,0.0,0.0,1.0,0.0
4285,0.551,0.348,0.51,0.956,0.613,0.305,0.143,0.44,5,0,0,1,TRAIN,7,0.0,0.0,0.0,0.0,0.0,1.0,1.0,0.0,0.0,0.0,1.0,0.0,0.0,0.0,0.0
4286,0.474,0.571,0.53,0.417,0.488,0.552,0.076,0.432,3,3,4,0,TEST,3,0.0,0.0,0.0,1.0,0.0,0.0,0.0,0.0,0.0,1.0,0.0,0.0,0.0,0.0,1.0
4287,0.57,0.782,0.597,0.0,0.792,0.671,0.263,0.656,5,3,1,1,TRAIN,6,0.0,0.0,0.0,0.0,0.0,1.0,0.0,0.0,0.0,1.0,0.0,1.0,0.0,0.0,0.0
4288,0.283,0.523,0.239,0.942,0.367,0.602,0.011,0.19,3,0,0,0,TEST,3,0.0,0.0,0.0,1.0,0.0,0.0,1.0,0.0,0.0,0.0,1.0,0.0,0.0,0.0,0.0
4289,0.475,0.521,0.482,0.0,0.614,0.533,0.312,0.519,3,1,1,0,TRAIN,2,0.0,0.0,0.0,1.0,0.0,0.0,0.0,1.0,0.0,0.0,0.0,1.0,0.0,0.0,0.0
4290,0.585,0.751,0.57,0.0,0.824,0.836,0.373,0.649,4,2,2,1,TRAIN,6,0.0,0.0,0.0,0.0,1.0,0.0,0.0,0.0,1.0,0.0,0.0,0.0,1.0,0.0,0.0
4291,0.473,0.52,0.387,0.555,0.512,0.531,0.047,0.292,3,2,3,0,TRAIN,3,0.0,0.0,0.0,1.0,0.0,0.0,0.0,0.0,1.0,0.0,0.0,0.0,0.0,1.0,0.0
4292,0.489,0.76,0.61,0.0,0.662,0.811,0.185,0.579,5,1,0,1,TRAIN,6,0.0,0.0,0.0,0.0,0.0,1.0,0.0,1.0,0.0,0.0,1.0,0.0,0.0,0.0,0.0
4293,0.776,0.279,0.605,0.895,0.637,0.231,0.298,0.561,2,0,0,0,TRAIN,7,0.0,0.0,1.0,0.0,0.0,0.0,1.0,0.0,0.0,0.0,1.0,0.0,0.0,0.0,0.0
4294,0.557,0.428,0.447,0.0,0.761,0.115,0.53,0.602,2,1,1,0,TEST,2,0.0,0.0,1.0,0.0,0.0,0.0,0.0,1.0,0.0,0.0,0.0,1.0,0.0,0.0,0.0
4295,0.543,0.336,0.518,0.0,0.81,0.111,0.79,0.628,1,1,1,1,TRAIN,2,0.0,1.0,0.0,0.0,0.0,0.0,0.0,1.0,0.0,0.0,0.0,1.0,0.0,0.0,0.0
4296,0.458,0.58,0.448,0.634,0.334,0.617,0.055,0.387,2,0,0,1,TEST,3,0.0,0.0,1.0,0.0,0.0,0.0,1.0,0.0,0.0,0.0,1.0,0.0,0.0,0.0,0.0
4297,0.233,0.495,0.883,1.0,0.577,0.297,0.169,0.893,0,3,1,1,TRAIN,4,1.0,0.0,0.0,0.0,0.0,0.0,0.0,0.0,0.0,1.0,0.0,1.0,0.0,0.0,0.0
4298,0.625,0.507,0.484,0.901,0.427,0.335,0.081,0.476,3,2,0,0,TEST,3,0.0,0.0,0.0,1.0,0.0,0.0,0.0,0.0,1.0,0.0,1.0,0.0,0.0,0.0,0.0
4299,0.681,0.231,0.501,1.0,0.426,0.009,0.144,0.437,0,0,0,1,TRAIN,7,1.0,0.0,0.0,0.0,0.0,0.0,1.0,0.0,0.0,0.0,1.0,0.0,0.0,0.0,0.0
4300,0.55,0.891,0.545,0.0,0.488,1.0,0.02,0.46,2,2,3,1,VAL,6,0.0,0.0,1.0,0.0,0.0,0.0,0.0,0.0,1.0,0.0,0.0,0.0,0.0,1.0,0.0
4301,0.248,0.488,0.324,0.751,0.396,0.4,0.036,0.191,1,3,0,0,TRAIN,5,0.0,1.0,0.0,0.0,0.0,0.0,0.0,0.0,0.0,1.0,1.0,0.0,0.0,0.0,0.0
4302,0.178,0.578,0.212,0.971,0.146,0.648,0.006,0.097,3,0,0,1,TRAIN,3,0.0,0.0,0.0,1.0,0.0,0.0,1.0,0.0,0.0,0.0,1.0,0.0,0.0,0.0,0.0
4303,0.732,0.819,0.705,0.0,0.607,1.0,0.128,0.692,3,2,3,1,TRAIN,6,0.0,0.0,0.0,1.0,0.0,0.0,0.0,0.0,1.0,0.0,0.0,0.0,0.0,1.0,0.0
4304,0.524,0.878,0.608,0.0,0.446,0.9,0.087,0.555,0,2,0,1,VAL,6,1.0,0.0,0.0,0.0,0.0,0.0,0.0,0.0,1.0,0.0,1.0,0.0,0.0,0.0,0.0
4305,0.263,0.503,0.316,0.862,0.261,0.44,0.006,0.128,2,2,1,1,TRAIN,3,0.0,0.0,1.0,0.0,0.0,0.0,0.0,0.0,1.0,0.0,0.0,1.0,0.0,0.0,0.0
4306,0.469,0.463,0.295,0.798,0.501,0.266,0.035,0.284,2,2,0,0,TRAIN,3,0.0,0.0,1.0,0.0,0.0,0.0,0.0,0.0,1.0,0.0,1.0,0.0,0.0,0.0,0.0
4307,0.275,0.557,0.208,0.88,0.243,0.504,0.005,0.078,0,3,0,1,TRAIN,5,1.0,0.0,0.0,0.0,0.0,0.0,0.0,0.0,0.0,1.0,1.0,0.0,0.0,0.0,0.0
4308,0.249,0.93,0.5,0.0,0.425,1.0,0.016,0.45,3,2,1,1,TRAIN,6,0.0,0.0,0.0,1.0,0.0,0.0,0.0,0.0,1.0,0.0,0.0,1.0,0.0,0.0,0.0
4309,0.464,0.214,0.414,1.0,0.542,0.0,0.223,0.388,5,3,0,1,TEST,7,0.0,0.0,0.0,0.0,0.0,1.0,0.0,0.0,0.0,1.0,1.0,0.0,0.0,0.0,0.0
4310,0.165,0.549,0.162,1.0,0.152,0.433,0.006,0.065,3,3,3,0,TRAIN,3,0.0,0.0,0.0,1.0,0.0,0.0,0.0,0.0,0.0,1.0,0.0,0.0,0.0,1.0,0.0
4311,0.537,0.868,0.625,0.0,0.626,0.897,0.032,0.532,5,2,2,1,TRAIN,6,0.0,0.0,0.0,0.0,0.0,1.0,0.0,0.0,1.0,0.0,0.0,0.0,1.0,0.0,0.0
4312,0.406,0.489,0.312,0.802,0.287,0.501,0.017,0.217,3,2,0,0,TEST,3,0.0,0.0,0.0,1.0,0.0,0.0,0.0,0.0,1.0,0.0,1.0,0.0,0.0,0.0,0.0
4313,0.488,0.495,0.491,0.655,0.488,0.388,0.151,0.421,3,3,3,0,TRAIN,3,0.0,0.0,0.0,1.0,0.0,0.0,0.0,0.0,0.0,1.0,0.0,0.0,0.0,1.0,0.0
4314,0.574,0.422,0.45,0.587,0.536,0.286,0.157,0.385,2,0,3,0,TEST,3,0.0,0.0,1.0,0.0,0.0,0.0,1.0,0.0,0.0,0.0,0.0,0.0,0.0,1.0,0.0
4315,0.561,0.859,0.618,0.0,0.493,0.926,0.099,0.559,0,3,0,1,TRAIN,6,1.0,0.0,0.0,0.0,0.0,0.0,0.0,0.0,0.0,1.0,1.0,0.0,0.0,0.0,0.0
4316,0.623,0.461,0.543,0.652,0.313,0.413,0.064,0.459,3,1,0,0,TRAIN,3,0.0,0.0,0.0,1.0,0.0,0.0,0.0,1.0,0.0,0.0,1.0,0.0,0.0,0.0,0.0
4317,0.514,0.923,0.595,0.0,0.321,1.0,0.015,0.459,4,1,1,1,TRAIN,6,0.0,0.0,0.0,0.0,1.0,0.0,0.0,1.0,0.0,0.0,0.0,1.0,0.0,0.0,0.0
4318,0.488,0.685,0.398,0.037,0.373,0.653,0.035,0.349,3,0,1,0,TRAIN,1,0.0,0.0,0.0,1.0,0.0,0.0,1.0,0.0,0.0,0.0,0.0,1.0,0.0,0.0,0.0
4319,0.585,0.48,0.534,1.0,0.334,0.501,0.007,0.314,2,1,3,1,TEST,5,0.0,0.0,1.0,0.0,0.0,0.0,0.0,1.0,0.0,0.0,0.0,0.0,0.0,1.0,0.0
4320,0.687,0.203,0.592,1.0,0.551,0.143,0.113,0.533,0,3,0,1,TRAIN,7,1.0,0.0,0.0,0.0,0.0,0.0,0.0,0.0,0.0,1.0,1.0,0.0,0.0,0.0,0.0
4321,0.238,0.503,0.369,0.607,0.365,0.435,0.023,0.167,2,1,1,1,TRAIN,8,0.0,0.0,1.0,0.0,0.0,0.0,0.0,1.0,0.0,0.0,0.0,1.0,0.0,0.0,0.0
4322,0.524,0.812,0.608,0.0,0.434,0.862,0.121,0.535,3,3,1,1,VAL,6,0.0,0.0,0.0,1.0,0.0,0.0,0.0,0.0,0.0,1.0,0.0,1.0,0.0,0.0,0.0
4323,0.324,0.476,0.351,0.305,0.529,0.513,0.134,0.29,3,0,0,1,TEST,7,0.0,0.0,0.0,1.0,0.0,0.0,1.0,0.0,0.0,0.0,1.0,0.0,0.0,0.0,0.0
4324,0.359,0.568,0.39,0.705,0.307,0.562,0.01,0.194,5,3,0,0,TEST,3,0.0,0.0,0.0,0.0,0.0,1.0,0.0,0.0,0.0,1.0,1.0,0.0,0.0,0.0,0.0
4325,0.955,0.367,0.676,1.0,0.395,0.108,0.075,0.571,4,0,0,1,TRAIN,4,0.0,0.0,0.0,0.0,1.0,0.0,1.0,0.0,0.0,0.0,1.0,0.0,0.0,0.0,0.0
4326,0.766,0.303,0.562,0.688,0.627,0.055,0.326,0.7,5,0,0,0,TEST,7,0.0,0.0,0.0,0.0,0.0,1.0,1.0,0.0,0.0,0.0,1.0,0.0,0.0,0.0,0.0
4327,0.562,0.782,0.635,0.0,0.731,0.88,0.257,0.669,2,3,1,1,TEST,6,0.0,0.0,1.0,0.0,0.0,0.0,0.0,0.0,0.0,1.0,0.0,1.0,0.0,0.0,0.0
4328,0.773,0.424,0.612,0.556,0.667,0.317,0.279,0.634,5,1,0,0,TEST,7,0.0,0.0,0.0,0.0,0.0,1.0,0.0,1.0,0.0,0.0,1.0,0.0,0.0,0.0,0.0
4329,0.741,0.27,0.632,1.0,0.457,0.095,0.042,0.469,4,0,1,1,TRAIN,4,0.0,0.0,0.0,0.0,1.0,0.0,1.0,0.0,0.0,0.0,0.0,1.0,0.0,0.0,0.0
4330,0.194,0.664,0.252,1.0,0.118,0.698,0.002,0.045,0,1,1,0,VAL,8,1.0,0.0,0.0,0.0,0.0,0.0,0.0,1.0,0.0,0.0,0.0,1.0,0.0,0.0,0.0
4331,0.443,0.594,0.468,0.0,0.72,0.607,0.365,0.468,3,1,4,1,TEST,2,0.0,0.0,0.0,1.0,0.0,0.0,0.0,1.0,0.0,0.0,0.0,0.0,0.0,0.0,1.0
4332,0.556,0.482,0.522,0.7,0.326,0.482,0.069,0.379,1,2,0,1,TEST,3,0.0,1.0,0.0,0.0,0.0,0.0,0.0,0.0,1.0,0.0,1.0,0.0,0.0,0.0,0.0
4333,0.665,0.573,0.586,0.374,0.592,0.494,0.111,0.582,3,2,3,1,VAL,3,0.0,0.0,0.0,1.0,0.0,0.0,0.0,0.0,1.0,0.0,0.0,0.0,0.0,1.0,0.0
4334,0.325,0.522,0.423,0.0,0.645,0.351,0.317,0.47,3,2,1,0,TRAIN,2,0.0,0.0,0.0,1.0,0.0,0.0,0.0,0.0,1.0,0.0,0.0,1.0,0.0,0.0,0.0
4335,0.581,0.581,0.543,0.566,0.419,0.569,0.03,0.402,1,2,1,0,TRAIN,3,0.0,1.0,0.0,0.0,0.0,0.0,0.0,0.0,1.0,0.0,0.0,1.0,0.0,0.0,0.0
4336,0.886,0.453,0.709,1.0,0.599,0.387,0.086,0.62,0,3,0,1,TEST,4,1.0,0.0,0.0,0.0,0.0,0.0,0.0,0.0,0.0,1.0,1.0,0.0,0.0,0.0,0.0
4337,0.536,0.345,0.451,0.0,0.773,0.025,0.682,0.668,3,1,1,0,TRAIN,2,0.0,0.0,0.0,1.0,0.0,0.0,0.0,1.0,0.0,0.0,0.0,1.0,0.0,0.0,0.0
4338,0.436,0.625,0.336,0.763,0.407,0.604,0.006,0.269,1,2,0,1,TRAIN,3,0.0,1.0,0.0,0.0,0.0,0.0,0.0,0.0,1.0,0.0,1.0,0.0,0.0,0.0,0.0
4339,0.541,0.507,0.412,0.823,0.358,0.238,0.021,0.276,3,2,3,0,TRAIN,3,0.0,0.0,0.0,1.0,0.0,0.0,0.0,0.0,1.0,0.0,0.0,0.0,0.0,1.0,0.0
4340,0.795,0.495,0.589,0.794,0.546,0.526,0.036,0.503,0,0,3,1,TEST,4,1.0,0.0,0.0,0.0,0.0,0.0,1.0,0.0,0.0,0.0,0.0,0.0,0.0,1.0,0.0
4341,0.068,0.496,0.157,0.675,0.279,0.585,0.009,0.063,1,2,1,0,TRAIN,3,0.0,1.0,0.0,0.0,0.0,0.0,0.0,0.0,1.0,0.0,0.0,1.0,0.0,0.0,0.0
4342,0.299,0.6,0.408,0.485,0.354,0.651,0.016,0.222,3,0,0,0,TEST,3,0.0,0.0,0.0,1.0,0.0,0.0,1.0,0.0,0.0,0.0,1.0,0.0,0.0,0.0,0.0
4343,0.325,0.475,0.393,0.797,0.376,0.473,0.067,0.325,2,3,0,0,TRAIN,3,0.0,0.0,1.0,0.0,0.0,0.0,0.0,0.0,0.0,1.0,1.0,0.0,0.0,0.0,0.0
4344,0.634,0.394,0.585,0.233,0.721,0.048,0.405,0.605,5,1,0,0,VAL,7,0.0,0.0,0.0,0.0,0.0,1.0,0.0,1.0,0.0,0.0,1.0,0.0,0.0,0.0,0.0
4345,0.239,0.581,0.292,0.844,0.408,0.338,0.032,0.14,2,0,3,0,TEST,3,0.0,0.0,1.0,0.0,0.0,0.0,1.0,0.0,0.0,0.0,0.0,0.0,0.0,1.0,0.0
4346,0.122,0.441,0.321,0.95,0.289,0.314,0.018,0.169,5,2,3,0,TEST,3,0.0,0.0,0.0,0.0,0.0,1.0,0.0,0.0,1.0,0.0,0.0,0.0,0.0,1.0,0.0
4347,0.282,0.457,0.277,0.698,0.359,0.412,0.059,0.203,3,3,0,1,TRAIN,3,0.0,0.0,0.0,1.0,0.0,0.0,0.0,0.0,0.0,1.0,1.0,0.0,0.0,0.0,0.0
4348,0.554,0.857,0.652,0.0,0.652,0.894,0.136,0.594,0,0,3,1,TRAIN,6,1.0,0.0,0.0,0.0,0.0,0.0,1.0,0.0,0.0,0.0,0.0,0.0,0.0,1.0,0.0
4349,0.849,0.261,0.6,1.0,0.46,0.029,0.096,0.531,0,1,0,0,TRAIN,7,1.0,0.0,0.0,0.0,0.0,0.0,0.0,1.0,0.0,0.0,1.0,0.0,0.0,0.0,0.0
4350,0.332,0.588,0.31,0.85,0.262,0.617,0.011,0.125,3,2,0,0,TEST,3,0.0,0.0,0.0,1.0,0.0,0.0,0.0,0.0,1.0,0.0,1.0,0.0,0.0,0.0,0.0
4351,0.385,0.545,0.464,0.581,0.432,0.51,0.041,0.321,3,3,0,0,TEST,3,0.0,0.0,0.0,1.0,0.0,0.0,0.0,0.0,0.0,1.0,1.0,0.0,0.0,0.0,0.0
4352,0.178,0.619,0.338,0.69,0.293,0.58,0.01,0.159,3,0,1,0,TRAIN,3,0.0,0.0,0.0,1.0,0.0,0.0,1.0,0.0,0.0,0.0,0.0,1.0,0.0,0.0,0.0
4353,0.343,0.459,0.311,0.743,0.318,0.37,0.014,0.119,5,2,3,0,VAL,3,0.0,0.0,0.0,0.0,0.0,1.0,0.0,0.0,1.0,0.0,0.0,0.0,0.0,1.0,0.0
4354,0.554,0.564,0.449,0.0,0.47,0.707,0.112,0.44,3,2,4,0,TEST,2,0.0,0.0,0.0,1.0,0.0,0.0,0.0,0.0,1.0,0.0,0.0,0.0,0.0,0.0,1.0
4355,0.424,0.738,0.512,0.0,0.759,0.775,0.366,0.724,2,2,1,1,TRAIN,6,0.0,0.0,1.0,0.0,0.0,0.0,0.0,0.0,1.0,0.0,0.0,1.0,0.0,0.0,0.0
4356,0.474,0.908,0.424,0.0,0.351,1.0,0.012,0.368,1,3,0,1,TEST,6,0.0,1.0,0.0,0.0,0.0,0.0,0.0,0.0,0.0,1.0,1.0,0.0,0.0,0.0,0.0
4357,0.476,0.527,0.409,1.0,0.332,0.559,0.006,0.233,0,1,4,0,TRAIN,5,1.0,0.0,0.0,0.0,0.0,0.0,0.0,1.0,0.0,0.0,0.0,0.0,0.0,0.0,1.0
4358,0.377,0.559,0.415,0.75,0.412,0.436,0.011,0.266,3,2,3,0,VAL,3,0.0,0.0,0.0,1.0,0.0,0.0,0.0,0.0,1.0,0.0,0.0,0.0,0.0,1.0,0.0
4359,0.565,0.63,0.582,0.564,0.359,0.571,0.031,0.434,3,2,0,0,TRAIN,3,0.0,0.0,0.0,1.0,0.0,0.0,0.0,0.0,1.0,0.0,1.0,0.0,0.0,0.0,0.0
4360,0.255,0.451,0.257,1.0,0.316,0.32,0.021,0.142,3,2,3,1,TRAIN,3,0.0,0.0,0.0,1.0,0.0,0.0,0.0,0.0,1.0,0.0,0.0,0.0,0.0,1.0,0.0
4361,0.593,0.218,0.517,1.0,0.297,0.043,0.067,0.341,1,0,0,1,TEST,4,0.0,1.0,0.0,0.0,0.0,0.0,1.0,0.0,0.0,0.0,1.0,0.0,0.0,0.0,0.0
4362,0.889,0.243,0.566,1.0,0.395,0.0,0.055,0.46,0,2,1,1,VAL,4,1.0,0.0,0.0,0.0,0.0,0.0,0.0,0.0,1.0,0.0,0.0,1.0,0.0,0.0,0.0
4363,0.426,0.477,0.355,0.808,0.385,0.437,0.018,0.241,2,2,3,0,TRAIN,3,0.0,0.0,1.0,0.0,0.0,0.0,0.0,0.0,1.0,0.0,0.0,0.0,0.0,1.0,0.0
4364,0.368,0.62,0.372,0.678,0.334,0.824,0.009,0.21,5,0,0,1,TRAIN,3,0.0,0.0,0.0,0.0,0.0,1.0,1.0,0.0,0.0,0.0,1.0,0.0,0.0,0.0,0.0
4365,0.391,0.4,0.308,1.0,0.371,0.134,0.029,0.26,3,2,3,0,TRAIN,3,0.0,0.0,0.0,1.0,0.0,0.0,0.0,0.0,1.0,0.0,0.0,0.0,0.0,1.0,0.0
4366,0.199,0.533,0.261,0.876,0.27,0.334,0.008,0.203,5,1,1,1,TRAIN,8,0.0,0.0,0.0,0.0,0.0,1.0,0.0,1.0,0.0,0.0,0.0,1.0,0.0,0.0,0.0
4367,0.518,0.838,0.569,0.0,0.574,0.945,0.109,0.537,0,2,1,1,TRAIN,6,1.0,0.0,0.0,0.0,0.0,0.0,0.0,0.0,1.0,0.0,0.0,1.0,0.0,0.0,0.0
4368,0.357,0.512,0.404,0.579,0.357,0.523,0.05,0.309,1,0,3,1,TRAIN,3,0.0,1.0,0.0,0.0,0.0,0.0,1.0,0.0,0.0,0.0,0.0,0.0,0.0,1.0,0.0
4369,0.396,0.524,0.505,0.601,0.443,0.395,0.034,0.283,3,2,3,0,TEST,3,0.0,0.0,0.0,1.0,0.0,0.0,0.0,0.0,1.0,0.0,0.0,0.0,0.0,1.0,0.0
4370,0.407,0.494,0.294,0.663,0.473,0.523,0.022,0.218,5,3,0,0,TRAIN,3,0.0,0.0,0.0,0.0,0.0,1.0,0.0,0.0,0.0,1.0,1.0,0.0,0.0,0.0,0.0
4371,0.682,0.736,0.597,0.0,0.746,0.789,0.376,0.72,3,2,2,1,TRAIN,6,0.0,0.0,0.0,1.0,0.0,0.0,0.0,0.0,1.0,0.0,0.0,0.0,1.0,0.0,0.0
4372,0.64,0.09,0.593,1.0,0.459,0.0,0.345,0.533,2,0,0,0,VAL,7,0.0,0.0,1.0,0.0,0.0,0.0,1.0,0.0,0.0,0.0,1.0,0.0,0.0,0.0,0.0
4373,0.292,0.49,0.342,0.907,0.267,0.517,0.026,0.106,3,2,0,1,TRAIN,3,0.0,0.0,0.0,1.0,0.0,0.0,0.0,0.0,1.0,0.0,1.0,0.0,0.0,0.0,0.0
4374,0.281,0.536,0.275,0.914,0.175,0.525,0.008,0.138,3,2,0,0,TRAIN,3,0.0,0.0,0.0,1.0,0.0,0.0,0.0,0.0,1.0,0.0,1.0,0.0,0.0,0.0,0.0
4375,0.395,0.527,0.416,0.896,0.273,0.463,0.013,0.214,2,3,0,0,TEST,3,0.0,0.0,1.0,0.0,0.0,0.0,0.0,0.0,0.0,1.0,1.0,0.0,0.0,0.0,0.0
4376,0.617,0.609,0.648,0.643,0.448,0.633,0.036,0.504,0,0,3,0,TRAIN,4,1.0,0.0,0.0,0.0,0.0,0.0,1.0,0.0,0.0,0.0,0.0,0.0,0.0,1.0,0.0
4377,0.198,0.545,0.351,0.844,0.301,0.568,0.014,0.149,3,3,3,0,TRAIN,3,0.0,0.0,0.0,1.0,0.0,0.0,0.0,0.0,0.0,1.0,0.0,0.0,0.0,1.0,0.0
4378,0.503,0.528,0.439,0.673,0.51,0.375,0.034,0.378,3,2,0,0,TRAIN,3,0.0,0.0,0.0,1.0,0.0,0.0,0.0,0.0,1.0,0.0,1.0,0.0,0.0,0.0,0.0
4379,0.454,0.581,0.446,0.662,0.367,0.585,0.019,0.223,1,2,0,0,TRAIN,3,0.0,1.0,0.0,0.0,0.0,0.0,0.0,0.0,1.0,0.0,1.0,0.0,0.0,0.0,0.0
4380,0.624,0.902,0.665,0.0,0.513,0.967,0.075,0.662,5,2,1,1,TRAIN,6,0.0,0.0,0.0,0.0,0.0,1.0,0.0,0.0,1.0,0.0,0.0,1.0,0.0,0.0,0.0
4381,0.184,0.462,0.212,0.82,0.286,0.325,0.027,0.087,3,2,0,1,TRAIN,3,0.0,0.0,0.0,1.0,0.0,0.0,0.0,0.0,1.0,0.0,1.0,0.0,0.0,0.0,0.0
4382,0.256,0.505,0.318,0.76,0.395,0.386,0.026,0.165,3,1,0,0,TRAIN,3,0.0,0.0,0.0,1.0,0.0,0.0,0.0,1.0,0.0,0.0,1.0,0.0,0.0,0.0,0.0
4383,0.651,0.724,0.575,0.0,0.644,0.844,0.289,0.606,2,2,1,1,VAL,6,0.0,0.0,1.0,0.0,0.0,0.0,0.0,0.0,1.0,0.0,0.0,1.0,0.0,0.0,0.0
4384,0.376,0.496,0.361,0.81,0.351,0.451,0.039,0.236,1,3,3,1,TRAIN,3,0.0,1.0,0.0,0.0,0.0,0.0,0.0,0.0,0.0,1.0,0.0,0.0,0.0,1.0,0.0
4385,0.345,0.568,0.4,0.571,0.306,0.467,0.042,0.273,1,3,3,0,TRAIN,3,0.0,1.0,0.0,0.0,0.0,0.0,0.0,0.0,0.0,1.0,0.0,0.0,0.0,1.0,0.0
4386,0.39,0.394,0.406,0.0,0.663,0.397,0.47,0.555,4,2,1,0,TRAIN,2,0.0,0.0,0.0,0.0,1.0,0.0,0.0,0.0,1.0,0.0,0.0,1.0,0.0,0.0,0.0
4387,0.152,0.504,0.373,0.751,0.407,0.496,0.036,0.21,0,2,3,0,TRAIN,3,1.0,0.0,0.0,0.0,0.0,0.0,0.0,0.0,1.0,0.0,0.0,0.0,0.0,1.0,0.0
4388,0.601,0.552,0.536,0.547,0.446,0.471,0.053,0.466,2,3,3,0,TRAIN,3,0.0,0.0,1.0,0.0,0.0,0.0,0.0,0.0,0.0,1.0,0.0,0.0,0.0,1.0,0.0
4389,0.476,0.507,0.354,0.701,0.44,0.408,0.047,0.236,3,2,0,1,TRAIN,3,0.0,0.0,0.0,1.0,0.0,0.0,0.0,0.0,1.0,0.0,1.0,0.0,0.0,0.0,0.0
4390,0.518,0.583,0.482,0.551,0.501,0.527,0.026,0.344,3,2,0,0,TEST,3,0.0,0.0,0.0,1.0,0.0,0.0,0.0,0.0,1.0,0.0,1.0,0.0,0.0,0.0,0.0
4391,0.743,0.386,0.646,1.0,0.362,0.174,0.055,0.503,0,0,1,0,TRAIN,4,1.0,0.0,0.0,0.0,0.0,0.0,1.0,0.0,0.0,0.0,0.0,1.0,0.0,0.0,0.0
4392,0.385,0.512,0.369,0.626,0.375,0.455,0.044,0.221,3,3,0,1,TRAIN,3,0.0,0.0,0.0,1.0,0.0,0.0,0.0,0.0,0.0,1.0,1.0,0.0,0.0,0.0,0.0
4393,0.28,0.464,0.377,0.739,0.25,0.425,0.016,0.207,3,2,3,0,TRAIN,3,0.0,0.0,0.0,1.0,0.0,0.0,0.0,0.0,1.0,0.0,0.0,0.0,0.0,1.0,0.0
4394,0.836,0.189,0.64,1.0,0.648,0.0,0.31,0.568,2,0,0,0,TEST,7,0.0,0.0,1.0,0.0,0.0,0.0,1.0,0.0,0.0,0.0,1.0,0.0,0.0,0.0,0.0
4395,0.6,0.804,0.643,0.0,0.598,0.765,0.123,0.619,2,2,0,0,VAL,6,0.0,0.0,1.0,0.0,0.0,0.0,0.0,0.0,1.0,0.0,1.0,0.0,0.0,0.0,0.0
4396,0.472,0.384,0.478,0.54,0.549,0.175,0.192,0.45,3,1,0,1,VAL,7,0.0,0.0,0.0,1.0,0.0,0.0,0.0,1.0,0.0,0.0,1.0,0.0,0.0,0.0,0.0
4397,0.484,0.462,0.455,0.539,0.337,0.473,0.098,0.358,3,2,0,0,TRAIN,3,0.0,0.0,0.0,1.0,0.0,0.0,0.0,0.0,1.0,0.0,1.0,0.0,0.0,0.0,0.0
4398,0.285,0.435,0.386,0.716,0.434,0.456,0.087,0.263,2,2,0,0,VAL,3,0.0,0.0,1.0,0.0,0.0,0.0,0.0,0.0,1.0,0.0,1.0,0.0,0.0,0.0,0.0
4399,0.818,0.789,0.647,0.0,0.608,1.0,0.169,0.744,4,2,0,1,TRAIN,6,0.0,0.0,0.0,0.0,1.0,0.0,0.0,0.0,1.0,0.0,1.0,0.0,0.0,0.0,0.0
4400,0.862,0.403,0.633,1.0,0.419,0.418,0.032,0.553,4,0,1,1,TRAIN,4,0.0,0.0,0.0,0.0,1.0,0.0,1.0,0.0,0.0,0.0,0.0,1.0,0.0,0.0,0.0
4401,0.615,0.452,0.502,0.0,0.736,0.339,0.454,0.601,2,1,1,1,TRAIN,2,0.0,0.0,1.0,0.0,0.0,0.0,0.0,1.0,0.0,0.0,0.0,1.0,0.0,0.0,0.0
4402,0.745,0.323,0.537,0.588,0.675,0.021,0.274,0.686,0,0,0,0,TEST,7,1.0,0.0,0.0,0.0,0.0,0.0,1.0,0.0,0.0,0.0,1.0,0.0,0.0,0.0,0.0
4403,0.328,0.566,0.493,0.578,0.318,0.576,0.068,0.317,2,0,0,1,TRAIN,3,0.0,0.0,1.0,0.0,0.0,0.0,1.0,0.0,0.0,0.0,1.0,0.0,0.0,0.0,0.0
4404,0.74,0.364,0.579,1.0,0.319,0.256,0.039,0.459,0,3,1,1,TRAIN,4,1.0,0.0,0.0,0.0,0.0,0.0,0.0,0.0,0.0,1.0,0.0,1.0,0.0,0.0,0.0
4405,0.343,0.483,0.291,0.785,0.187,0.461,0.012,0.198,2,2,0,1,TEST,3,0.0,0.0,1.0,0.0,0.0,0.0,0.0,0.0,1.0,0.0,1.0,0.0,0.0,0.0,0.0
4406,0.189,0.536,0.312,0.686,0.271,0.506,0.008,0.135,3,2,3,1,TRAIN,3,0.0,0.0,0.0,1.0,0.0,0.0,0.0,0.0,1.0,0.0,0.0,0.0,0.0,1.0,0.0
4407,0.459,0.581,0.489,0.684,0.395,0.609,0.028,0.335,2,2,3,0,TEST,3,0.0,0.0,1.0,0.0,0.0,0.0,0.0,0.0,1.0,0.0,0.0,0.0,0.0,1.0,0.0
4408,0.453,0.526,0.456,0.607,0.427,0.493,0.036,0.314,2,2,0,0,VAL,3,0.0,0.0,1.0,0.0,0.0,0.0,0.0,0.0,1.0,0.0,1.0,0.0,0.0,0.0,0.0
4409,0.509,0.823,0.558,0.0,0.535,0.706,0.082,0.494,2,1,0,1,TEST,6,0.0,0.0,1.0,0.0,0.0,0.0,0.0,1.0,0.0,0.0,1.0,0.0,0.0,0.0,0.0
4410,0.266,0.95,0.53,0.0,0.272,1.0,0.004,0.339,0,2,0,1,TRAIN,6,1.0,0.0,0.0,0.0,0.0,0.0,0.0,0.0,1.0,0.0,1.0,0.0,0.0,0.0,0.0
4411,0.522,0.864,0.672,0.0,0.567,0.951,0.095,0.575,3,2,0,1,TRAIN,6,0.0,0.0,0.0,1.0,0.0,0.0,0.0,0.0,1.0,0.0,1.0,0.0,0.0,0.0,0.0
4412,0.455,0.54,0.455,0.77,0.395,0.525,0.029,0.383,3,2,3,0,TRAIN,3,0.0,0.0,0.0,1.0,0.0,0.0,0.0,0.0,1.0,0.0,0.0,0.0,0.0,1.0,0.0
4413,0.541,0.834,0.616,0.0,0.565,0.955,0.06,0.561,2,2,3,1,TRAIN,6,0.0,0.0,1.0,0.0,0.0,0.0,0.0,0.0,1.0,0.0,0.0,0.0,0.0,1.0,0.0
4414,0.566,0.805,0.662,0.0,0.621,0.955,0.203,0.642,3,3,1,1,TEST,6,0.0,0.0,0.0,1.0,0.0,0.0,0.0,0.0,0.0,1.0,0.0,1.0,0.0,0.0,0.0
4415,0.964,0.392,0.155,0.821,0.379,0.223,0.024,0.086,2,0,1,1,TEST,8,0.0,0.0,1.0,0.0,0.0,0.0,1.0,0.0,0.0,0.0,0.0,1.0,0.0,0.0,0.0
4416,0.578,0.778,0.636,0.0,0.643,0.911,0.218,0.631,3,0,2,1,TRAIN,6,0.0,0.0,0.0,1.0,0.0,0.0,1.0,0.0,0.0,0.0,0.0,0.0,1.0,0.0,0.0
4417,0.379,0.446,0.296,0.599,0.392,0.524,0.081,0.348,2,3,0,1,TRAIN,3,0.0,0.0,1.0,0.0,0.0,0.0,0.0,0.0,0.0,1.0,1.0,0.0,0.0,0.0,0.0
4418,0.436,0.466,0.412,0.766,0.477,0.411,0.066,0.304,3,0,3,0,VAL,3,0.0,0.0,0.0,1.0,0.0,0.0,1.0,0.0,0.0,0.0,0.0,0.0,0.0,1.0,0.0
4419,0.496,0.532,0.402,0.809,0.386,0.482,0.028,0.328,1,3,0,1,TRAIN,3,0.0,1.0,0.0,0.0,0.0,0.0,0.0,0.0,0.0,1.0,1.0,0.0,0.0,0.0,0.0
4420,0.504,0.47,0.472,0.0,0.728,0.229,0.388,0.489,3,1,4,1,TEST,2,0.0,0.0,0.0,1.0,0.0,0.0,0.0,1.0,0.0,0.0,0.0,0.0,0.0,0.0,1.0
4421,0.375,0.435,0.332,0.848,0.473,0.331,0.04,0.237,3,3,3,1,TRAIN,3,0.0,0.0,0.0,1.0,0.0,0.0,0.0,0.0,0.0,1.0,0.0,0.0,0.0,1.0,0.0
4422,0.747,0.325,0.536,1.0,0.317,0.218,0.048,0.435,0,0,1,0,VAL,4,1.0,0.0,0.0,0.0,0.0,0.0,1.0,0.0,0.0,0.0,0.0,1.0,0.0,0.0,0.0
4423,0.441,0.477,0.503,0.639,0.492,0.404,0.068,0.337,3,2,0,1,VAL,3,0.0,0.0,0.0,1.0,0.0,0.0,0.0,0.0,1.0,0.0,1.0,0.0,0.0,0.0,0.0
4424,0.373,0.568,0.392,0.837,0.478,0.573,0.016,0.239,3,2,0,0,TEST,3,0.0,0.0,0.0,1.0,0.0,0.0,0.0,0.0,1.0,0.0,1.0,0.0,0.0,0.0,0.0
4425,0.349,0.389,0.4,0.565,0.398,0.217,0.129,0.251,0,0,2,1,VAL,4,1.0,0.0,0.0,0.0,0.0,0.0,1.0,0.0,0.0,0.0,0.0,0.0,1.0,0.0,0.0
4426,0.279,0.461,0.339,0.867,0.313,0.425,0.01,0.247,3,2,0,0,TRAIN,3,0.0,0.0,0.0,1.0,0.0,0.0,0.0,0.0,1.0,0.0,1.0,0.0,0.0,0.0,0.0
4427,0.456,0.569,0.558,0.605,0.362,0.662,0.088,0.525,3,2,0,0,TEST,3,0.0,0.0,0.0,1.0,0.0,0.0,0.0,0.0,1.0,0.0,1.0,0.0,0.0,0.0,0.0
4428,0.579,0.575,0.494,0.595,0.458,0.476,0.033,0.472,2,2,0,0,TRAIN,3,0.0,0.0,1.0,0.0,0.0,0.0,0.0,0.0,1.0,0.0,1.0,0.0,0.0,0.0,0.0
4429,0.633,0.394,0.469,0.6,0.498,0.261,0.146,0.515,2,2,0,0,VAL,3,0.0,0.0,1.0,0.0,0.0,0.0,0.0,0.0,1.0,0.0,1.0,0.0,0.0,0.0,0.0
4430,0.554,0.517,0.338,0.849,0.28,0.449,0.017,0.292,5,2,1,1,TRAIN,3,0.0,0.0,0.0,0.0,0.0,1.0,0.0,0.0,1.0,0.0,0.0,1.0,0.0,0.0,0.0
4431,0.133,0.475,0.256,0.968,0.282,0.299,0.005,0.062,3,3,0,1,TRAIN,3,0.0,0.0,0.0,1.0,0.0,0.0,0.0,0.0,0.0,1.0,1.0,0.0,0.0,0.0,0.0
4432,0.409,0.653,0.496,0.521,0.369,0.569,0.021,0.407,2,3,3,1,VAL,3,0.0,0.0,1.0,0.0,0.0,0.0,0.0,0.0,0.0,1.0,0.0,0.0,0.0,1.0,0.0
4433,0.325,0.577,0.4,0.833,0.289,0.582,0.013,0.193,3,2,3,1,TEST,3,0.0,0.0,0.0,1.0,0.0,0.0,0.0,0.0,1.0,0.0,0.0,0.0,0.0,1.0,0.0
4434,0.352,0.272,0.35,0.535,0.536,0.211,0.418,0.331,0,0,0,1,TRAIN,7,1.0,0.0,0.0,0.0,0.0,0.0,1.0,0.0,0.0,0.0,1.0,0.0,0.0,0.0,0.0
4435,0.829,0.324,0.615,1.0,0.402,0.159,0.045,0.579,0,2,0,0,TRAIN,4,1.0,0.0,0.0,0.0,0.0,0.0,0.0,0.0,1.0,0.0,1.0,0.0,0.0,0.0,0.0
4436,0.368,0.639,0.407,0.77,0.277,0.713,0.008,0.235,1,2,0,1,TRAIN,3,0.0,1.0,0.0,0.0,0.0,0.0,0.0,0.0,1.0,0.0,1.0,0.0,0.0,0.0,0.0
4437,0.373,0.659,0.551,0.0,0.566,0.562,0.264,0.49,3,1,4,1,TRAIN,2,0.0,0.0,0.0,1.0,0.0,0.0,0.0,1.0,0.0,0.0,0.0,0.0,0.0,0.0,1.0
4438,0.392,0.501,0.297,0.78,0.501,0.339,0.06,0.26,3,1,3,1,VAL,3,0.0,0.0,0.0,1.0,0.0,0.0,0.0,1.0,0.0,0.0,0.0,0.0,0.0,1.0,0.0
4439,0.343,0.595,0.457,0.581,0.364,0.631,0.017,0.284,0,1,0,1,TRAIN,3,1.0,0.0,0.0,0.0,0.0,0.0,0.0,1.0,0.0,0.0,1.0,0.0,0.0,0.0,0.0
4440,0.678,0.252,0.486,1.0,0.503,0.054,0.116,0.47,5,3,0,1,TEST,7,0.0,0.0,0.0,0.0,0.0,1.0,0.0,0.0,0.0,1.0,1.0,0.0,0.0,0.0,0.0
4441,0.238,0.541,0.363,0.519,0.372,0.453,0.03,0.184,3,0,3,0,TRAIN,3,0.0,0.0,0.0,1.0,0.0,0.0,1.0,0.0,0.0,0.0,0.0,0.0,0.0,1.0,0.0
4442,0.479,0.44,0.411,0.0,0.676,0.324,0.601,0.66,2,1,4,1,TRAIN,2,0.0,0.0,1.0,0.0,0.0,0.0,0.0,1.0,0.0,0.0,0.0,0.0,0.0,0.0,1.0
4443,0.388,0.64,0.352,0.487,0.263,0.635,0.022,0.211,2,3,0,0,TRAIN,3,0.0,0.0,1.0,0.0,0.0,0.0,0.0,0.0,0.0,1.0,1.0,0.0,0.0,0.0,0.0
4444,0.35,0.441,0.326,0.925,0.293,0.372,0.058,0.209,3,2,0,0,TRAIN,3,0.0,0.0,0.0,1.0,0.0,0.0,0.0,0.0,1.0,0.0,1.0,0.0,0.0,0.0,0.0
4445,0.397,0.59,0.439,0.728,0.365,0.741,0.015,0.295,2,2,3,1,TRAIN,3,0.0,0.0,1.0,0.0,0.0,0.0,0.0,0.0,1.0,0.0,0.0,0.0,0.0,1.0,0.0
4446,0.843,0.477,0.746,1.0,0.543,0.449,0.059,0.541,0,3,2,1,TRAIN,4,1.0,0.0,0.0,0.0,0.0,0.0,0.0,0.0,0.0,1.0,0.0,0.0,1.0,0.0,0.0
4447,0.014,0.376,0.655,0.877,0.595,0.195,0.224,0.682,0,1,0,0,TEST,7,1.0,0.0,0.0,0.0,0.0,0.0,0.0,1.0,0.0,0.0,1.0,0.0,0.0,0.0,0.0
4448,0.399,0.609,0.413,0.699,0.36,0.631,0.007,0.24,3,3,1,0,TEST,3,0.0,0.0,0.0,1.0,0.0,0.0,0.0,0.0,0.0,1.0,0.0,1.0,0.0,0.0,0.0
4449,0.358,0.539,0.423,0.806,0.427,0.55,0.021,0.268,4,2,0,1,TEST,3,0.0,0.0,0.0,0.0,1.0,0.0,0.0,0.0,1.0,0.0,1.0,0.0,0.0,0.0,0.0
4450,0.422,0.25,0.323,1.0,0.238,0.0,0.028,0.234,4,0,2,1,TEST,4,0.0,0.0,0.0,0.0,1.0,0.0,1.0,0.0,0.0,0.0,0.0,0.0,1.0,0.0,0.0
4451,0.212,0.492,0.34,0.794,0.385,0.314,0.045,0.28,1,2,3,1,TRAIN,3,0.0,1.0,0.0,0.0,0.0,0.0,0.0,0.0,1.0,0.0,0.0,0.0,0.0,1.0,0.0
4452,0.648,0.827,0.606,0.0,0.554,1.0,0.067,0.554,2,3,2,1,TEST,6,0.0,0.0,1.0,0.0,0.0,0.0,0.0,0.0,0.0,1.0,0.0,0.0,1.0,0.0,0.0
4453,0.747,0.736,0.622,0.0,0.813,0.874,0.358,0.753,2,0,1,1,TRAIN,6,0.0,0.0,1.0,0.0,0.0,0.0,1.0,0.0,0.0,0.0,0.0,1.0,0.0,0.0,0.0
4454,0.856,0.249,0.703,1.0,0.533,0.093,0.12,0.567,0,0,0,1,VAL,7,1.0,0.0,0.0,0.0,0.0,0.0,1.0,0.0,0.0,0.0,1.0,0.0,0.0,0.0,0.0
4455,0.759,0.377,0.679,0.332,0.778,0.285,0.509,0.722,0,0,0,0,TRAIN,7,1.0,0.0,0.0,0.0,0.0,0.0,1.0,0.0,0.0,0.0,1.0,0.0,0.0,0.0,0.0
4456,0.698,0.771,0.684,0.0,0.649,0.886,0.151,0.605,2,2,1,1,TRAIN,6,0.0,0.0,1.0,0.0,0.0,0.0,0.0,0.0,1.0,0.0,0.0,1.0,0.0,0.0,0.0
4457,0.49,0.648,0.513,0.669,0.372,0.832,0.03,0.462,2,2,0,0,TEST,3,0.0,0.0,1.0,0.0,0.0,0.0,0.0,0.0,1.0,0.0,1.0,0.0,0.0,0.0,0.0
4458,0.574,0.506,0.536,0.474,0.479,0.337,0.072,0.48,3,2,3,0,TRAIN,3,0.0,0.0,0.0,1.0,0.0,0.0,0.0,0.0,1.0,0.0,0.0,0.0,0.0,1.0,0.0
4459,0.297,0.534,0.353,0.836,0.437,0.405,0.02,0.239,2,2,0,0,TEST,3,0.0,0.0,1.0,0.0,0.0,0.0,0.0,0.0,1.0,0.0,1.0,0.0,0.0,0.0,0.0
4460,0.376,0.593,0.502,0.686,0.375,0.512,0.01,0.328,3,3,0,0,TEST,3,0.0,0.0,0.0,1.0,0.0,0.0,0.0,0.0,0.0,1.0,1.0,0.0,0.0,0.0,0.0
4461,0.802,0.284,0.589,0.871,0.586,0.0,0.188,0.651,4,0,0,0,TRAIN,7,0.0,0.0,0.0,0.0,1.0,0.0,1.0,0.0,0.0,0.0,1.0,0.0,0.0,0.0,0.0
4462,0.159,0.836,0.292,0.0,0.28,1.0,0.006,0.162,3,0,4,1,TRAIN,1,0.0,0.0,0.0,1.0,0.0,0.0,1.0,0.0,0.0,0.0,0.0,0.0,0.0,0.0,1.0
4463,0.542,0.862,0.726,0.0,0.658,0.941,0.078,0.68,1,2,0,1,TRAIN,6,0.0,1.0,0.0,0.0,0.0,0.0,0.0,0.0,1.0,0.0,1.0,0.0,0.0,0.0,0.0
4464,0.338,0.559,0.409,0.861,0.366,0.408,0.027,0.259,1,2,0,0,TEST,3,0.0,1.0,0.0,0.0,0.0,0.0,0.0,0.0,1.0,0.0,1.0,0.0,0.0,0.0,0.0
4465,0.436,0.554,0.415,0.776,0.398,0.531,0.056,0.38,3,1,0,0,TRAIN,3,0.0,0.0,0.0,1.0,0.0,0.0,0.0,1.0,0.0,0.0,1.0,0.0,0.0,0.0,0.0
4466,0.355,0.598,0.494,0.0,0.578,0.685,0.261,0.527,2,3,0,1,TRAIN,2,0.0,0.0,1.0,0.0,0.0,0.0,0.0,0.0,0.0,1.0,1.0,0.0,0.0,0.0,0.0
4467,0.306,0.558,0.326,0.595,0.193,0.4,0.011,0.19,5,3,0,1,VAL,3,0.0,0.0,0.0,0.0,0.0,1.0,0.0,0.0,0.0,1.0,1.0,0.0,0.0,0.0,0.0
4468,0.602,0.832,0.614,0.0,0.546,0.942,0.091,0.612,5,2,0,1,VAL,6,0.0,0.0,0.0,0.0,0.0,1.0,0.0,0.0,1.0,0.0,1.0,0.0,0.0,0.0,0.0
4469,0.307,0.475,0.306,0.854,0.368,0.393,0.022,0.235,3,2,0,0,TRAIN,3,0.0,0.0,0.0,1.0,0.0,0.0,0.0,0.0,1.0,0.0,1.0,0.0,0.0,0.0,0.0
4470,0.575,0.383,0.422,0.04,0.625,0.314,0.419,0.523,0,0,4,0,TRAIN,2,1.0,0.0,0.0,0.0,0.0,0.0,1.0,0.0,0.0,0.0,0.0,0.0,0.0,0.0,1.0
4471,0.394,0.576,0.452,0.725,0.39,0.487,0.049,0.253,1,2,3,0,TRAIN,3,0.0,1.0,0.0,0.0,0.0,0.0,0.0,0.0,1.0,0.0,0.0,0.0,0.0,1.0,0.0
4472,0.485,0.803,0.582,0.0,0.717,0.868,0.315,0.593,3,1,0,1,TEST,6,0.0,0.0,0.0,1.0,0.0,0.0,0.0,1.0,0.0,0.0,1.0,0.0,0.0,0.0,0.0
4473,0.47,0.485,0.455,0.9,0.541,0.492,0.045,0.239,2,0,0,1,TEST,3,0.0,0.0,1.0,0.0,0.0,0.0,1.0,0.0,0.0,0.0,1.0,0.0,0.0,0.0,0.0
4474,0.238,0.17,0.149,1.0,0.605,0.0,0.217,0.211,0,3,0,0,TRAIN,7,1.0,0.0,0.0,0.0,0.0,0.0,0.0,0.0,0.0,1.0,1.0,0.0,0.0,0.0,0.0
4475,0.56,0.557,0.572,0.442,0.436,0.671,0.024,0.481,2,0,3,0,TRAIN,3,0.0,0.0,1.0,0.0,0.0,0.0,1.0,0.0,0.0,0.0,0.0,0.0,0.0,1.0,0.0
4476,0.462,0.493,0.403,0.733,0.41,0.399,0.011,0.195,3,2,0,1,TRAIN,3,0.0,0.0,0.0,1.0,0.0,0.0,0.0,0.0,1.0,0.0,1.0,0.0,0.0,0.0,0.0
4477,0.306,0.523,0.325,0.73,0.396,0.464,0.021,0.174,1,1,0,0,VAL,8,0.0,1.0,0.0,0.0,0.0,0.0,0.0,1.0,0.0,0.0,1.0,0.0,0.0,0.0,0.0
4478,0.574,0.836,0.604,0.0,0.568,0.83,0.207,0.556,0,1,0,1,TRAIN,6,1.0,0.0,0.0,0.0,0.0,0.0,0.0,1.0,0.0,0.0,1.0,0.0,0.0,0.0,0.0
4479,0.383,0.495,0.387,0.647,0.467,0.439,0.067,0.383,3,0,0,0,VAL,3,0.0,0.0,0.0,1.0,0.0,0.0,1.0,0.0,0.0,0.0,1.0,0.0,0.0,0.0,0.0
4480,0.497,0.291,0.49,0.747,0.595,0.144,0.316,0.43,0,0,0,0,TRAIN,7,1.0,0.0,0.0,0.0,0.0,0.0,1.0,0.0,0.0,0.0,1.0,0.0,0.0,0.0,0.0
4481,0.602,0.596,0.488,0.44,0.491,0.671,0.024,0.379,3,2,0,0,TRAIN,3,0.0,0.0,0.0,1.0,0.0,0.0,0.0,0.0,1.0,0.0,1.0,0.0,0.0,0.0,0.0
4482,0.628,0.537,0.624,0.473,0.679,0.531,0.11,0.587,0,0,0,0,TRAIN,1,1.0,0.0,0.0,0.0,0.0,0.0,1.0,0.0,0.0,0.0,1.0,0.0,0.0,0.0,0.0
4483,0.323,0.474,0.428,0.676,0.437,0.347,0.031,0.339,3,2,0,0,TRAIN,3,0.0,0.0,0.0,1.0,0.0,0.0,0.0,0.0,1.0,0.0,1.0,0.0,0.0,0.0,0.0
4484,0.226,0.472,0.331,0.919,0.277,0.27,0.014,0.194,3,2,0,0,TRAIN,3,0.0,0.0,0.0,1.0,0.0,0.0,0.0,0.0,1.0,0.0,1.0,0.0,0.0,0.0,0.0
4485,0.41,0.499,0.394,0.518,0.366,0.52,0.028,0.197,2,0,3,1,TRAIN,3,0.0,0.0,1.0,0.0,0.0,0.0,1.0,0.0,0.0,0.0,0.0,0.0,0.0,1.0,0.0
4486,0.507,0.615,0.579,0.679,0.277,0.675,0.016,0.344,3,2,3,0,VAL,3,0.0,0.0,0.0,1.0,0.0,0.0,0.0,0.0,1.0,0.0,0.0,0.0,0.0,1.0,0.0
4487,0.394,0.54,0.343,1.0,0.191,0.505,0.004,0.139,1,1,2,0,TRAIN,5,0.0,1.0,0.0,0.0,0.0,0.0,0.0,1.0,0.0,0.0,0.0,0.0,1.0,0.0,0.0
4488,0.06,0.446,0.317,1.0,0.251,0.163,0.009,0.136,3,2,0,1,VAL,3,0.0,0.0,0.0,1.0,0.0,0.0,0.0,0.0,1.0,0.0,1.0,0.0,0.0,0.0,0.0
4489,0.449,0.543,0.491,0.533,0.614,0.585,0.078,0.385,1,2,2,0,TEST,3,0.0,1.0,0.0,0.0,0.0,0.0,0.0,0.0,1.0,0.0,0.0,0.0,1.0,0.0,0.0
4490,0.591,0.537,0.451,0.826,0.388,0.526,0.022,0.4,3,1,3,0,VAL,3,0.0,0.0,0.0,1.0,0.0,0.0,0.0,1.0,0.0,0.0,0.0,0.0,0.0,1.0,0.0
4491,0.285,0.484,0.312,0.624,0.458,0.392,0.036,0.213,2,1,2,1,TRAIN,5,0.0,0.0,1.0,0.0,0.0,0.0,0.0,1.0,0.0,0.0,0.0,0.0,1.0,0.0,0.0
4492,0.896,0.452,0.757,0.916,0.646,0.322,0.173,0.77,0,0,0,1,TRAIN,7,1.0,0.0,0.0,0.0,0.0,0.0,1.0,0.0,0.0,0.0,1.0,0.0,0.0,0.0,0.0
4493,0.35,0.465,0.362,1.0,0.476,0.389,0.034,0.273,1,2,2,0,TEST,3,0.0,1.0,0.0,0.0,0.0,0.0,0.0,0.0,1.0,0.0,0.0,0.0,1.0,0.0,0.0
4494,0.394,0.525,0.515,0.0,0.797,0.356,0.521,0.583,4,1,1,0,TRAIN,2,0.0,0.0,0.0,0.0,1.0,0.0,0.0,1.0,0.0,0.0,0.0,1.0,0.0,0.0,0.0
4495,0.329,0.475,0.37,0.961,0.41,0.515,0.025,0.284,3,2,3,1,VAL,3,0.0,0.0,0.0,1.0,0.0,0.0,0.0,0.0,1.0,0.0,0.0,0.0,0.0,1.0,0.0
4496,0.51,0.369,0.5,0.0,0.903,0.151,0.833,0.689,2,2,4,0,TRAIN,2,0.0,0.0,1.0,0.0,0.0,0.0,0.0,0.0,1.0,0.0,0.0,0.0,0.0,0.0,1.0
4497,0.361,0.552,0.412,0.588,0.289,0.556,0.018,0.24,2,2,0,0,TRAIN,3,0.0,0.0,1.0,0.0,0.0,0.0,0.0,0.0,1.0,0.0,1.0,0.0,0.0,0.0,0.0
4498,0.614,0.796,0.652,0.0,0.658,0.93,0.143,0.754,4,2,3,1,TEST,6,0.0,0.0,0.0,0.0,1.0,0.0,0.0,0.0,1.0,0.0,0.0,0.0,0.0,1.0,0.0
4499,0.41,0.588,0.419,0.503,0.422,0.568,0.043,0.315,5,2,0,0,VAL,3,0.0,0.0,0.0,0.0,0.0,1.0,0.0,0.0,1.0,0.0,1.0,0.0,0.0,0.0,0.0
4500,0.375,0.604,0.431,0.649,0.434,0.568,0.011,0.225,3,2,0,0,TRAIN,3,0.0,0.0,0.0,1.0,0.0,0.0,0.0,0.0,1.0,0.0,1.0,0.0,0.0,0.0,0.0
4501,0.509,0.296,0.373,1.0,0.418,0.136,0.054,0.374,0,0,0,1,VAL,7,1.0,0.0,0.0,0.0,0.0,0.0,1.0,0.0,0.0,0.0,1.0,0.0,0.0,0.0,0.0
4502,0.45,0.535,0.287,0.804,0.402,0.413,0.032,0.259,2,2,3,0,TEST,3,0.0,0.0,1.0,0.0,0.0,0.0,0.0,0.0,1.0,0.0,0.0,0.0,0.0,1.0,0.0
4503,0.315,0.546,0.29,0.857,0.121,0.389,0.016,0.107,4,2,0,1,VAL,3,0.0,0.0,0.0,0.0,1.0,0.0,0.0,0.0,1.0,0.0,1.0,0.0,0.0,0.0,0.0
4504,0.465,0.936,0.578,0.0,0.447,1.0,0.017,0.525,2,2,1,1,TEST,6,0.0,0.0,1.0,0.0,0.0,0.0,0.0,0.0,1.0,0.0,0.0,1.0,0.0,0.0,0.0
4505,0.52,0.551,0.476,0.762,0.306,0.463,0.049,0.368,2,2,0,1,VAL,3,0.0,0.0,1.0,0.0,0.0,0.0,0.0,0.0,1.0,0.0,1.0,0.0,0.0,0.0,0.0
4506,0.642,0.65,0.6,0.476,0.581,0.715,0.022,0.5,5,2,0,0,TRAIN,3,0.0,0.0,0.0,0.0,0.0,1.0,0.0,0.0,1.0,0.0,1.0,0.0,0.0,0.0,0.0
4507,0.606,0.423,0.477,0.82,0.395,0.359,0.052,0.327,3,0,3,0,TRAIN,3,0.0,0.0,0.0,1.0,0.0,0.0,1.0,0.0,0.0,0.0,0.0,0.0,0.0,1.0,0.0
4508,0.235,0.479,0.378,0.78,0.307,0.371,0.02,0.176,2,3,2,0,TRAIN,3,0.0,0.0,1.0,0.0,0.0,0.0,0.0,0.0,0.0,1.0,0.0,0.0,1.0,0.0,0.0
4509,0.199,0.444,0.365,0.803,0.35,0.385,0.047,0.189,5,2,3,0,VAL,3,0.0,0.0,0.0,0.0,0.0,1.0,0.0,0.0,1.0,0.0,0.0,0.0,0.0,1.0,0.0
4510,0.414,0.46,0.395,0.65,0.411,0.424,0.046,0.324,2,2,3,0,TEST,3,0.0,0.0,1.0,0.0,0.0,0.0,0.0,0.0,1.0,0.0,0.0,0.0,0.0,1.0,0.0
4511,0.584,0.653,0.501,0.38,0.475,0.526,0.061,0.487,4,0,1,1,TRAIN,1,0.0,0.0,0.0,0.0,1.0,0.0,1.0,0.0,0.0,0.0,0.0,1.0,0.0,0.0,0.0
4512,0.621,0.545,0.427,0.811,0.325,0.524,0.014,0.38,3,2,0,0,VAL,3,0.0,0.0,0.0,1.0,0.0,0.0,0.0,0.0,1.0,0.0,1.0,0.0,0.0,0.0,0.0
4513,0.196,0.44,0.256,1.0,0.345,0.323,0.042,0.188,5,2,0,1,TRAIN,3,0.0,0.0,0.0,0.0,0.0,1.0,0.0,0.0,1.0,0.0,1.0,0.0,0.0,0.0,0.0
4514,0.312,0.592,0.354,0.785,0.316,0.478,0.012,0.191,0,2,2,0,TRAIN,3,1.0,0.0,0.0,0.0,0.0,0.0,0.0,0.0,1.0,0.0,0.0,0.0,1.0,0.0,0.0
4515,0.567,0.33,0.533,1.0,0.385,0.385,0.032,0.418,4,0,2,1,TRAIN,4,0.0,0.0,0.0,0.0,1.0,0.0,1.0,0.0,0.0,0.0,0.0,0.0,1.0,0.0,0.0
4516,0.326,0.47,0.41,0.933,0.453,0.438,0.025,0.283,3,2,0,1,VAL,3,0.0,0.0,0.0,1.0,0.0,0.0,0.0,0.0,1.0,0.0,1.0,0.0,0.0,0.0,0.0
4517,0.398,0.528,0.311,0.839,0.324,0.361,0.037,0.295,2,1,0,0,TRAIN,3,0.0,0.0,1.0,0.0,0.0,0.0,0.0,1.0,0.0,0.0,1.0,0.0,0.0,0.0,0.0
4518,0.559,0.883,0.61,0.0,0.49,1.0,0.058,0.504,3,2,0,1,TRAIN,6,0.0,0.0,0.0,1.0,0.0,0.0,0.0,0.0,1.0,0.0,1.0,0.0,0.0,0.0,0.0
4519,0.365,0.435,0.395,0.625,0.401,0.367,0.075,0.281,5,1,3,0,TRAIN,3,0.0,0.0,0.0,0.0,0.0,1.0,0.0,1.0,0.0,0.0,0.0,0.0,0.0,1.0,0.0
4520,0.656,0.518,0.498,0.574,0.429,0.537,0.06,0.36,2,0,0,1,VAL,3,0.0,0.0,1.0,0.0,0.0,0.0,1.0,0.0,0.0,0.0,1.0,0.0,0.0,0.0,0.0
4521,0.105,0.517,0.244,0.817,0.341,0.499,0.006,0.086,3,0,3,1,TRAIN,3,0.0,0.0,0.0,1.0,0.0,0.0,1.0,0.0,0.0,0.0,0.0,0.0,0.0,1.0,0.0
4522,0.366,0.465,0.344,0.679,0.342,0.179,0.056,0.241,3,2,0,1,TRAIN,3,0.0,0.0,0.0,1.0,0.0,0.0,0.0,0.0,1.0,0.0,1.0,0.0,0.0,0.0,0.0
4523,0.534,0.545,0.449,0.809,0.409,0.473,0.025,0.389,3,0,1,1,VAL,3,0.0,0.0,0.0,1.0,0.0,0.0,1.0,0.0,0.0,0.0,0.0,1.0,0.0,0.0,0.0
4524,0.5,0.882,0.572,0.0,0.426,1.0,0.069,0.472,0,2,1,1,VAL,6,1.0,0.0,0.0,0.0,0.0,0.0,0.0,0.0,1.0,0.0,0.0,1.0,0.0,0.0,0.0
4525,0.587,0.835,0.594,0.0,0.441,0.959,0.082,0.538,2,2,1,1,TEST,6,0.0,0.0,1.0,0.0,0.0,0.0,0.0,0.0,1.0,0.0,0.0,1.0,0.0,0.0,0.0
4526,0.414,0.456,0.327,0.8,0.5,0.35,0.031,0.28,2,3,0,1,TRAIN,3,0.0,0.0,1.0,0.0,0.0,0.0,0.0,0.0,0.0,1.0,1.0,0.0,0.0,0.0,0.0
4527,0.257,0.367,0.379,0.896,0.371,0.207,0.087,0.243,3,2,3,0,TRAIN,3,0.0,0.0,0.0,1.0,0.0,0.0,0.0,0.0,1.0,0.0,0.0,0.0,0.0,1.0,0.0
4528,0.864,0.33,0.658,1.0,0.547,0.19,0.161,0.64,0,1,0,0,TEST,7,1.0,0.0,0.0,0.0,0.0,0.0,0.0,1.0,0.0,0.0,1.0,0.0,0.0,0.0,0.0
4529,0.039,0.403,0.236,0.84,0.271,0.341,0.03,0.082,5,3,0,1,TRAIN,3,0.0,0.0,0.0,0.0,0.0,1.0,0.0,0.0,0.0,1.0,1.0,0.0,0.0,0.0,0.0
4530,0.53,0.656,0.489,0.589,0.323,0.711,0.022,0.436,3,2,0,0,TRAIN,3,0.0,0.0,0.0,1.0,0.0,0.0,0.0,0.0,1.0,0.0,1.0,0.0,0.0,0.0,0.0
4531,0.252,0.579,0.336,1.0,0.223,0.518,0.003,0.085,0,1,3,1,TRAIN,5,1.0,0.0,0.0,0.0,0.0,0.0,0.0,1.0,0.0,0.0,0.0,0.0,0.0,1.0,0.0
4532,0.196,0.556,0.25,0.866,0.26,0.62,0.016,0.185,4,3,0,1,TEST,3,0.0,0.0,0.0,0.0,1.0,0.0,0.0,0.0,0.0,1.0,1.0,0.0,0.0,0.0,0.0
4533,0.557,0.783,0.512,0.0,0.475,0.854,0.03,0.46,3,2,4,0,TRAIN,2,0.0,0.0,0.0,1.0,0.0,0.0,0.0,0.0,1.0,0.0,0.0,0.0,0.0,0.0,1.0
4534,0.538,0.608,0.558,0.419,0.493,0.563,0.058,0.44,2,0,2,0,TRAIN,3,0.0,0.0,1.0,0.0,0.0,0.0,1.0,0.0,0.0,0.0,0.0,0.0,1.0,0.0,0.0
4535,0.301,0.751,0.424,0.0,0.374,0.654,0.024,0.341,3,0,4,1,TEST,1,0.0,0.0,0.0,1.0,0.0,0.0,1.0,0.0,0.0,0.0,0.0,0.0,0.0,0.0,1.0
4536,0.757,0.371,0.587,1.0,0.433,0.241,0.029,0.443,1,0,4,1,VAL,4,0.0,1.0,0.0,0.0,0.0,0.0,1.0,0.0,0.0,0.0,0.0,0.0,0.0,0.0,1.0
4537,0.964,0.514,0.735,0.353,0.678,0.315,0.222,0.719,4,0,0,1,TEST,7,0.0,0.0,0.0,0.0,1.0,0.0,1.0,0.0,0.0,0.0,1.0,0.0,0.0,0.0,0.0
4538,0.345,0.567,0.346,0.701,0.235,0.615,0.012,0.18,3,1,3,0,TRAIN,3,0.0,0.0,0.0,1.0,0.0,0.0,0.0,1.0,0.0,0.0,0.0,0.0,0.0,1.0,0.0
4539,0.615,0.815,0.605,0.0,0.604,1.0,0.067,0.56,4,2,1,1,TRAIN,6,0.0,0.0,0.0,0.0,1.0,0.0,0.0,0.0,1.0,0.0,0.0,1.0,0.0,0.0,0.0
4540,0.219,0.527,0.293,0.842,0.325,0.373,0.021,0.103,2,2,0,0,TRAIN,3,0.0,0.0,1.0,0.0,0.0,0.0,0.0,0.0,1.0,0.0,1.0,0.0,0.0,0.0,0.0
4541,0.503,0.577,0.466,0.553,0.331,0.644,0.028,0.357,3,2,0,1,TEST,3,0.0,0.0,0.0,1.0,0.0,0.0,0.0,0.0,1.0,0.0,1.0,0.0,0.0,0.0,0.0
4542,0.558,0.801,0.684,0.0,0.642,0.976,0.212,0.671,0,2,1,0,TEST,6,1.0,0.0,0.0,0.0,0.0,0.0,0.0,0.0,1.0,0.0,0.0,1.0,0.0,0.0,0.0
4543,0.403,0.6,0.475,0.0,0.654,0.573,0.199,0.544,2,1,1,0,TRAIN,2,0.0,0.0,1.0,0.0,0.0,0.0,0.0,1.0,0.0,0.0,0.0,1.0,0.0,0.0,0.0
4544,0.383,0.501,0.347,0.848,0.34,0.435,0.026,0.246,1,2,0,1,TRAIN,3,0.0,1.0,0.0,0.0,0.0,0.0,0.0,0.0,1.0,0.0,1.0,0.0,0.0,0.0,0.0
4545,0.476,0.541,0.492,0.0,0.619,0.407,0.206,0.435,2,1,4,0,TRAIN,2,0.0,0.0,1.0,0.0,0.0,0.0,0.0,1.0,0.0,0.0,0.0,0.0,0.0,0.0,1.0
4546,0.38,0.733,0.395,0.018,0.476,0.86,0.024,0.339,3,0,1,0,VAL,1,0.0,0.0,0.0,1.0,0.0,0.0,1.0,0.0,0.0,0.0,0.0,1.0,0.0,0.0,0.0
4547,0.378,0.547,0.39,0.551,0.469,0.414,0.035,0.386,3,2,0,0,TRAIN,3,0.0,0.0,0.0,1.0,0.0,0.0,0.0,0.0,1.0,0.0,1.0,0.0,0.0,0.0,0.0
4548,0.45,0.564,0.387,0.607,0.402,0.564,0.019,0.404,2,2,1,0,TEST,3,0.0,0.0,1.0,0.0,0.0,0.0,0.0,0.0,1.0,0.0,0.0,1.0,0.0,0.0,0.0
4549,0.699,0.218,0.52,0.782,0.669,0.045,0.328,0.637,2,0,3,0,TRAIN,7,0.0,0.0,1.0,0.0,0.0,0.0,1.0,0.0,0.0,0.0,0.0,0.0,0.0,1.0,0.0
4550,0.59,0.555,0.566,0.515,0.435,0.638,0.017,0.342,3,2,3,0,TRAIN,3,0.0,0.0,0.0,1.0,0.0,0.0,0.0,0.0,1.0,0.0,0.0,0.0,0.0,1.0,0.0
4551,0.594,0.546,0.484,0.521,0.501,0.563,0.039,0.396,3,3,0,1,TRAIN,3,0.0,0.0,0.0,1.0,0.0,0.0,0.0,0.0,0.0,1.0,1.0,0.0,0.0,0.0,0.0
4552,0.509,0.467,0.444,0.82,0.402,0.391,0.099,0.373,5,3,3,0,TRAIN,3,0.0,0.0,0.0,0.0,0.0,1.0,0.0,0.0,0.0,1.0,0.0,0.0,0.0,1.0,0.0
4553,0.601,0.811,0.666,0.0,0.661,0.868,0.113,0.642,2,2,3,1,TRAIN,6,0.0,0.0,1.0,0.0,0.0,0.0,0.0,0.0,1.0,0.0,0.0,0.0,0.0,1.0,0.0
4554,0.579,0.139,0.461,1.0,0.523,0.05,0.173,0.49,2,1,0,0,VAL,7,0.0,0.0,1.0,0.0,0.0,0.0,0.0,1.0,0.0,0.0,1.0,0.0,0.0,0.0,0.0
4555,0.202,0.401,0.28,0.139,0.47,0.307,0.225,0.272,0,1,0,1,TEST,5,1.0,0.0,0.0,0.0,0.0,0.0,0.0,1.0,0.0,0.0,1.0,0.0,0.0,0.0,0.0
4556,0.282,0.542,0.197,0.945,0.403,0.44,0.009,0.149,1,2,0,0,TEST,3,0.0,1.0,0.0,0.0,0.0,0.0,0.0,0.0,1.0,0.0,1.0,0.0,0.0,0.0,0.0
4557,0.75,0.32,0.626,1.0,0.435,0.172,0.113,0.541,0,0,1,1,TRAIN,4,1.0,0.0,0.0,0.0,0.0,0.0,1.0,0.0,0.0,0.0,0.0,1.0,0.0,0.0,0.0
4558,0.664,0.831,0.755,0.0,0.574,0.923,0.108,0.64,4,2,1,1,TRAIN,6,0.0,0.0,0.0,0.0,1.0,0.0,0.0,0.0,1.0,0.0,0.0,1.0,0.0,0.0,0.0
4559,0.462,0.575,0.495,0.0,0.652,0.332,0.388,0.52,1,3,4,0,TRAIN,2,0.0,1.0,0.0,0.0,0.0,0.0,0.0,0.0,0.0,1.0,0.0,0.0,0.0,0.0,1.0
4560,0.878,0.328,0.69,1.0,0.463,0.175,0.119,0.588,0,0,1,0,TRAIN,4,1.0,0.0,0.0,0.0,0.0,0.0,1.0,0.0,0.0,0.0,0.0,1.0,0.0,0.0,0.0
4561,0.49,0.603,0.557,0.403,0.386,0.494,0.053,0.498,3,2,0,1,TRAIN,3,0.0,0.0,0.0,1.0,0.0,0.0,0.0,0.0,1.0,0.0,1.0,0.0,0.0,0.0,0.0
4562,0.482,0.578,0.456,0.599,0.363,0.668,0.023,0.376,3,3,3,1,TRAIN,3,0.0,0.0,0.0,1.0,0.0,0.0,0.0,0.0,0.0,1.0,0.0,0.0,0.0,1.0,0.0
4563,0.271,0.52,0.403,0.914,0.372,0.421,0.033,0.171,5,2,0,0,TRAIN,3,0.0,0.0,0.0,0.0,0.0,1.0,0.0,0.0,1.0,0.0,1.0,0.0,0.0,0.0,0.0
4564,0.23,0.483,0.378,1.0,0.143,0.471,0.005,0.155,1,1,2,0,TRAIN,5,0.0,1.0,0.0,0.0,0.0,0.0,0.0,1.0,0.0,0.0,0.0,0.0,1.0,0.0,0.0
4565,0.065,0.555,0.256,0.812,0.15,0.7,0.003,0.043,2,1,1,1,VAL,3,0.0,0.0,1.0,0.0,0.0,0.0,0.0,1.0,0.0,0.0,0.0,1.0,0.0,0.0,0.0
4566,0.618,0.561,0.473,0.572,0.476,0.654,0.042,0.558,3,2,0,1,TRAIN,3,0.0,0.0,0.0,1.0,0.0,0.0,0.0,0.0,1.0,0.0,1.0,0.0,0.0,0.0,0.0
4567,0.425,0.548,0.451,0.862,0.255,0.365,0.032,0.296,3,2,3,0,VAL,3,0.0,0.0,0.0,1.0,0.0,0.0,0.0,0.0,1.0,0.0,0.0,0.0,0.0,1.0,0.0
4568,0.744,0.462,0.586,0.384,0.49,0.373,0.084,0.547,2,3,0,0,TEST,3,0.0,0.0,1.0,0.0,0.0,0.0,0.0,0.0,0.0,1.0,1.0,0.0,0.0,0.0,0.0
4569,0.286,0.471,0.329,0.765,0.262,0.487,0.014,0.173,2,1,1,0,TRAIN,8,0.0,0.0,1.0,0.0,0.0,0.0,0.0,1.0,0.0,0.0,0.0,1.0,0.0,0.0,0.0
4570,0.144,0.302,0.214,0.619,0.437,0.0,0.118,0.096,2,1,0,1,TEST,7,0.0,0.0,1.0,0.0,0.0,0.0,0.0,1.0,0.0,0.0,1.0,0.0,0.0,0.0,0.0
4571,0.921,0.359,0.634,0.492,0.602,0.254,0.356,0.647,0,1,0,0,TRAIN,7,1.0,0.0,0.0,0.0,0.0,0.0,0.0,1.0,0.0,0.0,1.0,0.0,0.0,0.0,0.0
4572,0.927,0.612,0.699,0.907,0.526,0.474,0.063,0.646,0,0,1,0,TRAIN,4,1.0,0.0,0.0,0.0,0.0,0.0,1.0,0.0,0.0,0.0,0.0,1.0,0.0,0.0,0.0
4573,0.418,0.538,0.359,0.737,0.294,0.505,0.021,0.207,2,2,0,1,TRAIN,3,0.0,0.0,1.0,0.0,0.0,0.0,0.0,0.0,1.0,0.0,1.0,0.0,0.0,0.0,0.0
4574,0.554,0.915,0.663,0.0,0.426,1.0,0.019,0.482,5,3,0,1,TRAIN,6,0.0,0.0,0.0,0.0,0.0,1.0,0.0,0.0,0.0,1.0,1.0,0.0,0.0,0.0,0.0
4575,0.232,0.545,0.295,1.0,0.239,0.392,0.01,0.055,3,3,0,1,TEST,3,0.0,0.0,0.0,1.0,0.0,0.0,0.0,0.0,0.0,1.0,1.0,0.0,0.0,0.0,0.0
4576,0.455,0.51,0.467,0.0,0.683,0.329,0.438,0.597,3,2,4,0,TRAIN,2,0.0,0.0,0.0,1.0,0.0,0.0,0.0,0.0,1.0,0.0,0.0,0.0,0.0,0.0,1.0
4577,0.555,0.387,0.546,0.0,0.797,0.116,0.501,0.568,2,2,1,0,VAL,2,0.0,0.0,1.0,0.0,0.0,0.0,0.0,0.0,1.0,0.0,0.0,1.0,0.0,0.0,0.0
4578,0.275,0.459,0.428,0.942,0.41,0.251,0.056,0.204,5,2,3,0,VAL,3,0.0,0.0,0.0,0.0,0.0,1.0,0.0,0.0,1.0,0.0,0.0,0.0,0.0,1.0,0.0
4579,0.488,0.714,0.453,0.226,0.429,0.698,0.041,0.31,0,0,0,0,TEST,1,1.0,0.0,0.0,0.0,0.0,0.0,1.0,0.0,0.0,0.0,1.0,0.0,0.0,0.0,0.0
4580,0.416,0.563,0.413,0.5,0.486,0.446,0.06,0.342,3,2,0,0,TRAIN,3,0.0,0.0,0.0,1.0,0.0,0.0,0.0,0.0,1.0,0.0,1.0,0.0,0.0,0.0,0.0
4581,0.349,0.466,0.404,0.678,0.379,0.431,0.049,0.32,3,1,0,0,TRAIN,3,0.0,0.0,0.0,1.0,0.0,0.0,0.0,1.0,0.0,0.0,1.0,0.0,0.0,0.0,0.0
4582,0.782,0.338,0.671,0.559,0.629,0.193,0.478,0.745,4,1,0,0,TRAIN,7,0.0,0.0,0.0,0.0,1.0,0.0,0.0,1.0,0.0,0.0,1.0,0.0,0.0,0.0,0.0
4583,0.567,0.506,0.633,0.527,0.556,0.424,0.148,0.465,2,0,3,0,TRAIN,3,0.0,0.0,1.0,0.0,0.0,0.0,1.0,0.0,0.0,0.0,0.0,0.0,0.0,1.0,0.0
4584,0.438,0.42,0.384,0.987,0.345,0.511,0.034,0.19,2,2,0,1,TEST,3,0.0,0.0,1.0,0.0,0.0,0.0,0.0,0.0,1.0,0.0,1.0,0.0,0.0,0.0,0.0
4585,0.719,0.84,0.632,0.0,0.638,1.0,0.17,0.796,2,2,1,1,VAL,6,0.0,0.0,1.0,0.0,0.0,0.0,0.0,0.0,1.0,0.0,0.0,1.0,0.0,0.0,0.0
4586,0.111,0.496,0.208,0.985,0.181,0.483,0.018,0.056,2,2,0,0,TRAIN,3,0.0,0.0,1.0,0.0,0.0,0.0,0.0,0.0,1.0,0.0,1.0,0.0,0.0,0.0,0.0
4587,0.578,0.472,0.459,0.486,0.473,0.369,0.183,0.456,3,1,1,0,TRAIN,3,0.0,0.0,0.0,1.0,0.0,0.0,0.0,1.0,0.0,0.0,0.0,1.0,0.0,0.0,0.0
4588,0.621,0.791,0.544,0.0,0.477,0.782,0.148,0.665,3,2,1,1,TRAIN,6,0.0,0.0,0.0,1.0,0.0,0.0,0.0,0.0,1.0,0.0,0.0,1.0,0.0,0.0,0.0
4589,0.529,0.932,0.559,0.0,0.401,1.0,0.008,0.462,0,2,3,1,TRAIN,6,1.0,0.0,0.0,0.0,0.0,0.0,0.0,0.0,1.0,0.0,0.0,0.0,0.0,1.0,0.0
4590,0.443,0.583,0.477,0.837,0.287,0.685,0.03,0.328,3,2,3,0,TEST,3,0.0,0.0,0.0,1.0,0.0,0.0,0.0,0.0,1.0,0.0,0.0,0.0,0.0,1.0,0.0
4591,0.46,0.66,0.521,0.0,0.512,0.739,0.089,0.437,3,1,1,0,VAL,2,0.0,0.0,0.0,1.0,0.0,0.0,0.0,1.0,0.0,0.0,0.0,1.0,0.0,0.0,0.0
4592,0.603,0.523,0.456,0.832,0.373,0.624,0.033,0.359,2,2,3,1,TEST,3,0.0,0.0,1.0,0.0,0.0,0.0,0.0,0.0,1.0,0.0,0.0,0.0,0.0,1.0,0.0
4593,0.372,0.537,0.338,0.826,0.332,0.641,0.008,0.285,1,2,3,0,TRAIN,3,0.0,1.0,0.0,0.0,0.0,0.0,0.0,0.0,1.0,0.0,0.0,0.0,0.0,1.0,0.0
4594,0.678,0.186,0.52,0.923,0.641,0.108,0.319,0.565,2,0,0,1,TRAIN,7,0.0,0.0,1.0,0.0,0.0,0.0,1.0,0.0,0.0,0.0,1.0,0.0,0.0,0.0,0.0
4595,0.663,0.446,0.54,0.614,0.522,0.3,0.083,0.458,3,3,0,0,TRAIN,3,0.0,0.0,0.0,1.0,0.0,0.0,0.0,0.0,0.0,1.0,1.0,0.0,0.0,0.0,0.0
4596,0.275,0.251,0.295,0.695,0.43,0.023,0.261,0.32,4,0,0,1,VAL,7,0.0,0.0,0.0,0.0,1.0,0.0,1.0,0.0,0.0,0.0,1.0,0.0,0.0,0.0,0.0
4597,0.228,0.561,0.386,0.937,0.373,0.631,0.002,0.165,1,2,0,0,VAL,3,0.0,1.0,0.0,0.0,0.0,0.0,0.0,0.0,1.0,0.0,1.0,0.0,0.0,0.0,0.0
4598,0.053,0.576,0.222,0.865,0.28,0.698,0.004,0.093,2,2,0,0,TEST,3,0.0,0.0,1.0,0.0,0.0,0.0,0.0,0.0,1.0,0.0,1.0,0.0,0.0,0.0,0.0
4599,0.457,0.378,0.373,0.897,0.381,0.186,0.079,0.335,5,3,0,0,TRAIN,3,0.0,0.0,0.0,0.0,0.0,1.0,0.0,0.0,0.0,1.0,1.0,0.0,0.0,0.0,0.0
4600,0.485,0.5,0.306,0.561,0.349,0.484,0.019,0.271,1,1,3,1,TRAIN,3,0.0,1.0,0.0,0.0,0.0,0.0,0.0,1.0,0.0,0.0,0.0,0.0,0.0,1.0,0.0
4601,0.525,0.583,0.436,0.564,0.484,0.52,0.033,0.356,3,2,0,0,VAL,3,0.0,0.0,0.0,1.0,0.0,0.0,0.0,0.0,1.0,0.0,1.0,0.0,0.0,0.0,0.0
4602,0.808,0.46,0.632,0.316,0.671,0.361,0.187,0.667,4,1,0,0,VAL,7,0.0,0.0,0.0,0.0,1.0,0.0,0.0,1.0,0.0,0.0,1.0,0.0,0.0,0.0,0.0
4603,0.45,0.428,0.395,0.274,0.597,0.362,0.252,0.524,0,0,0,0,TEST,7,1.0,0.0,0.0,0.0,0.0,0.0,1.0,0.0,0.0,0.0,1.0,0.0,0.0,0.0,0.0
4604,0.199,0.432,0.302,0.884,0.333,0.326,0.019,0.082,3,2,3,0,TRAIN,3,0.0,0.0,0.0,1.0,0.0,0.0,0.0,0.0,1.0,0.0,0.0,0.0,0.0,1.0,0.0
4605,0.624,0.792,0.621,0.0,0.54,0.893,0.185,0.531,2,0,0,0,TRAIN,6,0.0,0.0,1.0,0.0,0.0,0.0,1.0,0.0,0.0,0.0,1.0,0.0,0.0,0.0,0.0
4606,0.408,0.614,0.377,0.808,0.27,0.696,0.014,0.191,1,2,0,1,TRAIN,3,0.0,1.0,0.0,0.0,0.0,0.0,0.0,0.0,1.0,0.0,1.0,0.0,0.0,0.0,0.0
4607,0.596,0.483,0.545,0.686,0.444,0.37,0.08,0.422,2,2,0,0,TEST,3,0.0,0.0,1.0,0.0,0.0,0.0,0.0,0.0,1.0,0.0,1.0,0.0,0.0,0.0,0.0
4608,0.545,0.372,0.431,0.392,0.51,0.306,0.182,0.365,2,0,1,0,TRAIN,7,0.0,0.0,1.0,0.0,0.0,0.0,1.0,0.0,0.0,0.0,0.0,1.0,0.0,0.0,0.0
4609,0.6,0.253,0.517,1.0,0.449,0.084,0.183,0.424,5,0,0,0,TRAIN,7,0.0,0.0,0.0,0.0,0.0,1.0,1.0,0.0,0.0,0.0,1.0,0.0,0.0,0.0,0.0
4610,0.387,0.446,0.399,0.84,0.431,0.299,0.028,0.203,3,3,3,0,TRAIN,3,0.0,0.0,0.0,1.0,0.0,0.0,0.0,0.0,0.0,1.0,0.0,0.0,0.0,1.0,0.0
4611,0.365,0.456,0.392,1.0,0.28,0.446,0.005,0.143,3,1,2,0,TRAIN,5,0.0,0.0,0.0,1.0,0.0,0.0,0.0,1.0,0.0,0.0,0.0,0.0,1.0,0.0,0.0
4612,0.414,0.495,0.446,0.495,0.469,0.466,0.068,0.409,1,2,3,0,TEST,3,0.0,1.0,0.0,0.0,0.0,0.0,0.0,0.0,1.0,0.0,0.0,0.0,0.0,1.0,0.0
4613,0.638,0.328,0.64,0.532,0.655,0.131,0.343,0.624,0,0,0,1,VAL,7,1.0,0.0,0.0,0.0,0.0,0.0,1.0,0.0,0.0,0.0,1.0,0.0,0.0,0.0,0.0
4614,0.217,0.574,0.256,0.168,0.558,0.478,0.129,0.188,1,1,4,1,TRAIN,5,0.0,1.0,0.0,0.0,0.0,0.0,0.0,1.0,0.0,0.0,0.0,0.0,0.0,0.0,1.0
4615,0.604,0.739,0.545,0.0,0.643,0.778,0.419,0.731,1,2,2,1,TEST,6,0.0,1.0,0.0,0.0,0.0,0.0,0.0,0.0,1.0,0.0,0.0,0.0,1.0,0.0,0.0
4616,0.5,0.264,0.399,0.76,0.554,0.176,0.133,0.372,0,0,0,1,TEST,7,1.0,0.0,0.0,0.0,0.0,0.0,1.0,0.0,0.0,0.0,1.0,0.0,0.0,0.0,0.0
4617,0.475,0.472,0.474,0.581,0.485,0.497,0.068,0.318,1,2,3,0,TRAIN,3,0.0,1.0,0.0,0.0,0.0,0.0,0.0,0.0,1.0,0.0,0.0,0.0,0.0,1.0,0.0
4618,0.562,0.321,0.534,0.0,0.767,0.142,0.623,0.656,2,1,1,1,TRAIN,2,0.0,0.0,1.0,0.0,0.0,0.0,0.0,1.0,0.0,0.0,0.0,1.0,0.0,0.0,0.0
4619,0.614,0.311,0.412,0.593,0.542,0.123,0.279,0.498,3,1,0,0,TEST,7,0.0,0.0,0.0,1.0,0.0,0.0,0.0,1.0,0.0,0.0,1.0,0.0,0.0,0.0,0.0
4620,0.722,0.386,0.648,0.086,0.727,0.178,0.416,0.707,0,1,1,0,VAL,7,1.0,0.0,0.0,0.0,0.0,0.0,0.0,1.0,0.0,0.0,0.0,1.0,0.0,0.0,0.0
4621,0.528,0.311,0.438,0.467,0.55,0.204,0.414,0.473,2,1,0,0,TEST,7,0.0,0.0,1.0,0.0,0.0,0.0,0.0,1.0,0.0,0.0,1.0,0.0,0.0,0.0,0.0
4622,0.727,0.495,0.6,0.306,0.494,0.264,0.085,0.489,3,1,0,0,TRAIN,3,0.0,0.0,0.0,1.0,0.0,0.0,0.0,1.0,0.0,0.0,1.0,0.0,0.0,0.0,0.0
4623,0.375,0.448,0.325,0.73,0.363,0.312,0.023,0.255,3,2,3,0,TRAIN,3,0.0,0.0,0.0,1.0,0.0,0.0,0.0,0.0,1.0,0.0,0.0,0.0,0.0,1.0,0.0
4624,0.797,0.767,0.604,0.0,0.722,0.929,0.245,0.707,0,2,1,1,TRAIN,6,1.0,0.0,0.0,0.0,0.0,0.0,0.0,0.0,1.0,0.0,0.0,1.0,0.0,0.0,0.0
4625,0.92,0.419,0.756,1.0,0.573,0.401,0.121,0.652,0,0,0,1,VAL,4,1.0,0.0,0.0,0.0,0.0,0.0,1.0,0.0,0.0,0.0,1.0,0.0,0.0,0.0,0.0
4626,0.73,0.322,0.475,1.0,0.372,0.246,0.099,0.393,4,0,0,1,TRAIN,4,0.0,0.0,0.0,0.0,1.0,0.0,1.0,0.0,0.0,0.0,1.0,0.0,0.0,0.0,0.0
4627,0.233,0.576,0.444,0.772,0.383,0.641,0.026,0.224,2,2,0,0,TRAIN,3,0.0,0.0,1.0,0.0,0.0,0.0,0.0,0.0,1.0,0.0,1.0,0.0,0.0,0.0,0.0
4628,0.531,0.544,0.436,0.788,0.446,0.505,0.022,0.371,3,3,0,0,TRAIN,3,0.0,0.0,0.0,1.0,0.0,0.0,0.0,0.0,0.0,1.0,1.0,0.0,0.0,0.0,0.0
4629,0.457,0.528,0.503,0.89,0.333,0.541,0.032,0.241,3,2,0,0,TEST,3,0.0,0.0,0.0,1.0,0.0,0.0,0.0,0.0,1.0,0.0,1.0,0.0,0.0,0.0,0.0
4630,0.528,0.914,0.532,0.0,0.559,1.0,0.041,0.46,0,2,1,1,TEST,6,1.0,0.0,0.0,0.0,0.0,0.0,0.0,0.0,1.0,0.0,0.0,1.0,0.0,0.0,0.0
4631,0.477,0.888,0.628,0.0,0.623,0.941,0.022,0.46,3,2,2,0,TRAIN,6,0.0,0.0,0.0,1.0,0.0,0.0,0.0,0.0,1.0,0.0,0.0,0.0,1.0,0.0,0.0
4632,0.425,0.483,0.397,0.575,0.444,0.338,0.027,0.269,2,3,1,0,VAL,3,0.0,0.0,1.0,0.0,0.0,0.0,0.0,0.0,0.0,1.0,0.0,1.0,0.0,0.0,0.0
4633,0.525,0.503,0.435,0.845,0.338,0.46,0.011,0.332,3,2,0,0,TRAIN,3,0.0,0.0,0.0,1.0,0.0,0.0,0.0,0.0,1.0,0.0,1.0,0.0,0.0,0.0,0.0
4634,0.47,0.905,0.486,0.0,0.558,1.0,0.025,0.501,0,1,1,1,TEST,6,1.0,0.0,0.0,0.0,0.0,0.0,0.0,1.0,0.0,0.0,0.0,1.0,0.0,0.0,0.0
4635,0.623,0.271,0.534,0.725,0.611,0.211,0.192,0.544,0,0,0,1,TRAIN,7,1.0,0.0,0.0,0.0,0.0,0.0,1.0,0.0,0.0,0.0,1.0,0.0,0.0,0.0,0.0
4636,0.409,0.53,0.433,0.944,0.289,0.428,0.053,0.313,3,2,0,0,TEST,3,0.0,0.0,0.0,1.0,0.0,0.0,0.0,0.0,1.0,0.0,1.0,0.0,0.0,0.0,0.0
4637,0.401,0.65,0.401,0.0,0.656,0.789,0.347,0.516,3,1,1,1,TRAIN,2,0.0,0.0,0.0,1.0,0.0,0.0,0.0,1.0,0.0,0.0,0.0,1.0,0.0,0.0,0.0
4638,0.684,0.835,0.633,0.0,0.641,1.0,0.14,0.749,0,2,0,1,TRAIN,6,1.0,0.0,0.0,0.0,0.0,0.0,0.0,0.0,1.0,0.0,1.0,0.0,0.0,0.0,0.0
4639,0.417,0.542,0.381,0.702,0.287,0.71,0.018,0.308,3,2,0,0,TRAIN,3,0.0,0.0,0.0,1.0,0.0,0.0,0.0,0.0,1.0,0.0,1.0,0.0,0.0,0.0,0.0
4640,0.447,0.407,0.377,0.705,0.425,0.366,0.055,0.141,3,0,0,0,TRAIN,3,0.0,0.0,0.0,1.0,0.0,0.0,1.0,0.0,0.0,0.0,1.0,0.0,0.0,0.0,0.0
4641,0.529,0.477,0.456,0.761,0.376,0.482,0.039,0.343,2,0,0,0,TRAIN,3,0.0,0.0,1.0,0.0,0.0,0.0,1.0,0.0,0.0,0.0,1.0,0.0,0.0,0.0,0.0
4642,0.293,0.547,0.348,0.94,0.296,0.565,0.012,0.121,3,1,0,1,TRAIN,3,0.0,0.0,0.0,1.0,0.0,0.0,0.0,1.0,0.0,0.0,1.0,0.0,0.0,0.0,0.0
4643,0.671,0.528,0.627,0.566,0.539,0.519,0.133,0.58,2,0,2,0,TRAIN,3,0.0,0.0,1.0,0.0,0.0,0.0,1.0,0.0,0.0,0.0,0.0,0.0,1.0,0.0,0.0
4644,0.222,0.475,0.295,1.0,0.241,0.222,0.005,0.102,2,1,1,1,TRAIN,8,0.0,0.0,1.0,0.0,0.0,0.0,0.0,1.0,0.0,0.0,0.0,1.0,0.0,0.0,0.0
4645,0.225,0.544,0.28,0.93,0.144,0.535,0.004,0.16,2,2,3,0,TRAIN,3,0.0,0.0,1.0,0.0,0.0,0.0,0.0,0.0,1.0,0.0,0.0,0.0,0.0,1.0,0.0
4646,0.506,0.826,0.571,0.0,0.414,0.979,0.047,0.486,0,2,1,0,VAL,6,1.0,0.0,0.0,0.0,0.0,0.0,0.0,0.0,1.0,0.0,0.0,1.0,0.0,0.0,0.0
4647,0.143,0.421,0.199,0.772,0.321,0.424,0.021,0.191,2,1,1,0,TRAIN,8,0.0,0.0,1.0,0.0,0.0,0.0,0.0,1.0,0.0,0.0,0.0,1.0,0.0,0.0,0.0
4648,0.209,0.229,0.275,1.0,0.411,0.041,0.147,0.187,0,0,0,1,TRAIN,7,1.0,0.0,0.0,0.0,0.0,0.0,1.0,0.0,0.0,0.0,1.0,0.0,0.0,0.0,0.0
4649,0.646,0.252,0.499,1.0,0.509,0.048,0.145,0.479,0,3,0,1,TRAIN,7,1.0,0.0,0.0,0.0,0.0,0.0,0.0,0.0,0.0,1.0,1.0,0.0,0.0,0.0,0.0
4650,0.311,0.44,0.329,0.724,0.414,0.327,0.045,0.227,1,2,0,0,TEST,3,0.0,1.0,0.0,0.0,0.0,0.0,0.0,0.0,1.0,0.0,1.0,0.0,0.0,0.0,0.0
4651,0.953,0.274,0.718,1.0,0.518,0.0,0.174,0.738,0,0,1,1,TRAIN,7,1.0,0.0,0.0,0.0,0.0,0.0,1.0,0.0,0.0,0.0,0.0,1.0,0.0,0.0,0.0
4652,0.429,0.234,0.31,0.877,0.493,0.0,0.153,0.321,4,3,3,1,TRAIN,7,0.0,0.0,0.0,0.0,1.0,0.0,0.0,0.0,0.0,1.0,0.0,0.0,0.0,1.0,0.0
4653,0.473,0.561,0.488,0.698,0.464,0.578,0.026,0.349,2,0,0,1,TRAIN,3,0.0,0.0,1.0,0.0,0.0,0.0,1.0,0.0,0.0,0.0,1.0,0.0,0.0,0.0,0.0
4654,0.566,0.846,0.548,0.0,0.414,1.0,0.067,0.568,0,2,0,1,TEST,6,1.0,0.0,0.0,0.0,0.0,0.0,0.0,0.0,1.0,0.0,1.0,0.0,0.0,0.0,0.0
4655,0.357,0.66,0.403,0.742,0.295,0.559,0.009,0.231,3,2,0,0,TRAIN,3,0.0,0.0,0.0,1.0,0.0,0.0,0.0,0.0,1.0,0.0,1.0,0.0,0.0,0.0,0.0
4656,0.346,0.525,0.485,0.609,0.509,0.319,0.05,0.264,2,2,0,0,TEST,3,0.0,0.0,1.0,0.0,0.0,0.0,0.0,0.0,1.0,0.0,1.0,0.0,0.0,0.0,0.0
4657,0.497,0.486,0.442,0.0,0.612,0.22,0.402,0.567,4,0,0,0,TRAIN,7,0.0,0.0,0.0,0.0,1.0,0.0,1.0,0.0,0.0,0.0,1.0,0.0,0.0,0.0,0.0
4658,0.527,0.821,0.526,0.0,0.554,1.0,0.112,0.625,3,1,0,1,TRAIN,6,0.0,0.0,0.0,1.0,0.0,0.0,0.0,1.0,0.0,0.0,1.0,0.0,0.0,0.0,0.0
4659,0.584,0.755,0.548,0.0,0.639,0.995,0.259,0.552,2,1,0,1,TRAIN,6,0.0,0.0,1.0,0.0,0.0,0.0,0.0,1.0,0.0,0.0,1.0,0.0,0.0,0.0,0.0
4660,0.882,0.414,0.615,0.632,0.493,0.175,0.176,0.63,0,3,0,0,VAL,7,1.0,0.0,0.0,0.0,0.0,0.0,0.0,0.0,0.0,1.0,1.0,0.0,0.0,0.0,0.0
4661,0.563,0.257,0.46,0.588,0.737,0.0,0.4,0.614,4,0,0,0,TRAIN,7,0.0,0.0,0.0,0.0,1.0,0.0,1.0,0.0,0.0,0.0,1.0,0.0,0.0,0.0,0.0
4662,0.595,0.844,0.628,0.0,0.487,0.754,0.125,0.641,3,2,1,0,TRAIN,6,0.0,0.0,0.0,1.0,0.0,0.0,0.0,0.0,1.0,0.0,0.0,1.0,0.0,0.0,0.0
4663,0.421,0.462,0.348,0.824,0.444,0.405,0.013,0.254,3,2,1,0,TRAIN,3,0.0,0.0,0.0,1.0,0.0,0.0,0.0,0.0,1.0,0.0,0.0,1.0,0.0,0.0,0.0
4664,0.798,0.497,0.662,0.715,0.573,0.54,0.086,0.602,0,0,0,1,TEST,4,1.0,0.0,0.0,0.0,0.0,0.0,1.0,0.0,0.0,0.0,1.0,0.0,0.0,0.0,0.0
4665,0.616,0.315,0.452,0.569,0.68,0.156,0.16,0.497,0,1,0,1,TRAIN,7,1.0,0.0,0.0,0.0,0.0,0.0,0.0,1.0,0.0,0.0,1.0,0.0,0.0,0.0,0.0
4666,0.337,0.583,0.314,0.637,0.422,0.624,0.026,0.202,2,3,3,0,TRAIN,3,0.0,0.0,1.0,0.0,0.0,0.0,0.0,0.0,0.0,1.0,0.0,0.0,0.0,1.0,0.0
4667,0.408,0.534,0.478,0.672,0.379,0.471,0.018,0.351,3,2,0,1,TRAIN,3,0.0,0.0,0.0,1.0,0.0,0.0,0.0,0.0,1.0,0.0,1.0,0.0,0.0,0.0,0.0
4668,0.419,0.69,0.465,0.0,0.559,0.663,0.044,0.451,5,0,0,0,TRAIN,1,0.0,0.0,0.0,0.0,0.0,1.0,1.0,0.0,0.0,0.0,1.0,0.0,0.0,0.0,0.0
4669,0.641,0.446,0.474,0.614,0.471,0.303,0.047,0.382,1,3,0,0,TRAIN,3,0.0,1.0,0.0,0.0,0.0,0.0,0.0,0.0,0.0,1.0,1.0,0.0,0.0,0.0,0.0
4670,0.45,0.699,0.494,0.333,0.478,0.805,0.036,0.464,1,0,1,0,TEST,1,0.0,1.0,0.0,0.0,0.0,0.0,1.0,0.0,0.0,0.0,0.0,1.0,0.0,0.0,0.0
4671,0.046,0.513,0.247,1.0,0.175,0.558,0.005,0.031,2,1,1,1,TRAIN,8,0.0,0.0,1.0,0.0,0.0,0.0,0.0,1.0,0.0,0.0,0.0,1.0,0.0,0.0,0.0
4672,0.554,0.525,0.416,0.507,0.467,0.529,0.084,0.44,0,3,0,0,VAL,3,1.0,0.0,0.0,0.0,0.0,0.0,0.0,0.0,0.0,1.0,1.0,0.0,0.0,0.0,0.0
4673,0.39,0.536,0.401,0.857,0.495,0.334,0.031,0.23,2,2,0,1,TRAIN,3,0.0,0.0,1.0,0.0,0.0,0.0,0.0,0.0,1.0,0.0,1.0,0.0,0.0,0.0,0.0
4674,0.599,0.377,0.548,0.855,0.522,0.264,0.104,0.43,1,2,0,1,TRAIN,3,0.0,1.0,0.0,0.0,0.0,0.0,0.0,0.0,1.0,0.0,1.0,0.0,0.0,0.0,0.0
4675,0.963,0.378,0.766,1.0,0.478,0.275,0.093,0.591,4,0,0,0,TRAIN,4,0.0,0.0,0.0,0.0,1.0,0.0,1.0,0.0,0.0,0.0,1.0,0.0,0.0,0.0,0.0
4676,0.429,0.617,0.415,0.779,0.323,0.667,0.021,0.324,5,2,0,1,TEST,3,0.0,0.0,0.0,0.0,0.0,1.0,0.0,0.0,1.0,0.0,1.0,0.0,0.0,0.0,0.0
4677,0.069,0.578,0.766,0.711,0.657,0.526,0.264,0.826,0,1,3,1,TRAIN,7,1.0,0.0,0.0,0.0,0.0,0.0,0.0,1.0,0.0,0.0,0.0,0.0,0.0,1.0,0.0
4678,0.353,0.272,0.353,0.369,0.641,0.0,0.288,0.326,0,3,1,1,TEST,7,1.0,0.0,0.0,0.0,0.0,0.0,0.0,0.0,0.0,1.0,0.0,1.0,0.0,0.0,0.0
4679,0.854,0.492,0.845,0.136,0.81,0.347,0.506,0.855,0,0,0,1,VAL,7,1.0,0.0,0.0,0.0,0.0,0.0,1.0,0.0,0.0,0.0,1.0,0.0,0.0,0.0,0.0
4680,0.501,0.529,0.463,0.605,0.449,0.587,0.053,0.329,3,2,0,0,TRAIN,3,0.0,0.0,0.0,1.0,0.0,0.0,0.0,0.0,1.0,0.0,1.0,0.0,0.0,0.0,0.0
4681,0.479,0.498,0.427,0.77,0.454,0.423,0.035,0.28,2,2,2,0,TRAIN,3,0.0,0.0,1.0,0.0,0.0,0.0,0.0,0.0,1.0,0.0,0.0,0.0,1.0,0.0,0.0
4682,0.788,0.857,0.607,0.0,0.67,0.869,0.137,0.672,1,1,1,1,TRAIN,6,0.0,1.0,0.0,0.0,0.0,0.0,0.0,1.0,0.0,0.0,0.0,1.0,0.0,0.0,0.0
4683,0.323,0.55,0.442,0.941,0.34,0.523,0.007,0.179,3,2,0,0,VAL,3,0.0,0.0,0.0,1.0,0.0,0.0,0.0,0.0,1.0,0.0,1.0,0.0,0.0,0.0,0.0
4684,0.397,0.51,0.389,0.69,0.31,0.463,0.024,0.313,2,2,0,0,TRAIN,3,0.0,0.0,1.0,0.0,0.0,0.0,0.0,0.0,1.0,0.0,1.0,0.0,0.0,0.0,0.0
4685,0.654,0.859,0.635,0.0,0.518,0.921,0.077,0.586,5,2,0,0,TRAIN,6,0.0,0.0,0.0,0.0,0.0,1.0,0.0,0.0,1.0,0.0,1.0,0.0,0.0,0.0,0.0
4686,0.644,0.618,0.665,0.449,0.466,0.731,0.038,0.532,2,2,0,1,TEST,3,0.0,0.0,1.0,0.0,0.0,0.0,0.0,0.0,1.0,0.0,1.0,0.0,0.0,0.0,0.0
4687,0.022,0.433,0.146,0.457,0.361,0.478,0.067,0.119,2,1,4,0,TEST,5,0.0,0.0,1.0,0.0,0.0,0.0,0.0,1.0,0.0,0.0,0.0,0.0,0.0,0.0,1.0
4688,0.851,0.583,0.701,0.258,0.611,0.541,0.118,0.691,3,2,0,0,VAL,3,0.0,0.0,0.0,1.0,0.0,0.0,0.0,0.0,1.0,0.0,1.0,0.0,0.0,0.0,0.0
4689,0.482,0.425,0.397,0.768,0.497,0.256,0.085,0.35,3,3,0,1,TRAIN,3,0.0,0.0,0.0,1.0,0.0,0.0,0.0,0.0,0.0,1.0,1.0,0.0,0.0,0.0,0.0
4690,0.573,0.576,0.589,0.652,0.486,0.675,0.03,0.503,3,2,1,1,TEST,3,0.0,0.0,0.0,1.0,0.0,0.0,0.0,0.0,1.0,0.0,0.0,1.0,0.0,0.0,0.0
4691,0.281,0.449,0.312,0.734,0.362,0.332,0.044,0.137,2,2,3,1,TEST,3,0.0,0.0,1.0,0.0,0.0,0.0,0.0,0.0,1.0,0.0,0.0,0.0,0.0,1.0,0.0
4692,0.392,0.457,0.513,0.0,0.698,0.233,0.535,0.636,2,1,4,0,TRAIN,2,0.0,0.0,1.0,0.0,0.0,0.0,0.0,1.0,0.0,0.0,0.0,0.0,0.0,0.0,1.0
4693,0.533,0.335,0.555,0.0,0.833,0.321,0.687,0.643,3,1,1,1,VAL,2,0.0,0.0,0.0,1.0,0.0,0.0,0.0,1.0,0.0,0.0,0.0,1.0,0.0,0.0,0.0
4694,0.395,0.71,0.383,0.0,0.535,0.698,0.2,0.418,2,1,1,0,TEST,2,0.0,0.0,1.0,0.0,0.0,0.0,0.0,1.0,0.0,0.0,0.0,1.0,0.0,0.0,0.0
4695,0.528,0.245,0.324,0.651,0.529,0.008,0.333,0.505,0,3,0,1,TRAIN,7,1.0,0.0,0.0,0.0,0.0,0.0,0.0,0.0,0.0,1.0,1.0,0.0,0.0,0.0,0.0
4696,0.457,0.903,0.569,0.0,0.566,1.0,0.047,0.515,2,2,1,1,TEST,6,0.0,0.0,1.0,0.0,0.0,0.0,0.0,0.0,1.0,0.0,0.0,1.0,0.0,0.0,0.0
4697,0.487,0.56,0.513,0.0,0.611,0.581,0.483,0.558,1,1,4,1,TRAIN,2,0.0,1.0,0.0,0.0,0.0,0.0,0.0,1.0,0.0,0.0,0.0,0.0,0.0,0.0,1.0
4698,0.371,0.625,0.497,0.564,0.434,0.559,0.02,0.393,3,0,0,0,TRAIN,3,0.0,0.0,0.0,1.0,0.0,0.0,1.0,0.0,0.0,0.0,1.0,0.0,0.0,0.0,0.0
4699,0.214,0.516,0.258,1.0,0.254,0.585,0.013,0.162,5,2,3,0,TRAIN,3,0.0,0.0,0.0,0.0,0.0,1.0,0.0,0.0,1.0,0.0,0.0,0.0,0.0,1.0,0.0
4700,0.495,0.869,0.494,0.0,0.722,0.913,0.069,0.495,1,2,2,1,TRAIN,6,0.0,1.0,0.0,0.0,0.0,0.0,0.0,0.0,1.0,0.0,0.0,0.0,1.0,0.0,0.0
4701,0.59,0.447,0.452,0.433,0.586,0.276,0.113,0.429,3,0,0,0,TEST,3,0.0,0.0,0.0,1.0,0.0,0.0,1.0,0.0,0.0,0.0,1.0,0.0,0.0,0.0,0.0
4702,0.619,0.479,0.488,0.588,0.596,0.202,0.102,0.451,3,2,2,1,TRAIN,3,0.0,0.0,0.0,1.0,0.0,0.0,0.0,0.0,1.0,0.0,0.0,0.0,1.0,0.0,0.0
4703,0.083,0.479,0.257,0.99,0.181,0.394,0.027,0.161,3,1,3,1,VAL,3,0.0,0.0,0.0,1.0,0.0,0.0,0.0,1.0,0.0,0.0,0.0,0.0,0.0,1.0,0.0
4704,0.403,0.337,0.494,1.0,0.414,0.199,0.038,0.288,2,3,2,1,TEST,5,0.0,0.0,1.0,0.0,0.0,0.0,0.0,0.0,0.0,1.0,0.0,0.0,1.0,0.0,0.0
4705,0.558,0.345,0.439,1.0,0.269,0.118,0.035,0.271,4,0,1,0,TRAIN,4,0.0,0.0,0.0,0.0,1.0,0.0,1.0,0.0,0.0,0.0,0.0,1.0,0.0,0.0,0.0
4706,0.563,0.872,0.573,0.0,0.433,0.996,0.064,0.496,0,2,2,1,TRAIN,6,1.0,0.0,0.0,0.0,0.0,0.0,0.0,0.0,1.0,0.0,0.0,0.0,1.0,0.0,0.0
4707,0.89,0.275,0.737,0.866,0.69,0.128,0.436,0.689,0,1,0,1,TEST,7,1.0,0.0,0.0,0.0,0.0,0.0,0.0,1.0,0.0,0.0,1.0,0.0,0.0,0.0,0.0
4708,0.335,0.495,0.327,0.965,0.304,0.527,0.016,0.156,3,2,0,0,TRAIN,3,0.0,0.0,0.0,1.0,0.0,0.0,0.0,0.0,1.0,0.0,1.0,0.0,0.0,0.0,0.0
4709,0.599,0.813,0.551,0.0,0.725,0.899,0.25,0.636,3,2,0,0,TRAIN,6,0.0,0.0,0.0,1.0,0.0,0.0,0.0,0.0,1.0,0.0,1.0,0.0,0.0,0.0,0.0
4710,0.331,0.215,0.287,0.663,0.545,0.0,0.269,0.287,2,3,0,1,VAL,7,0.0,0.0,1.0,0.0,0.0,0.0,0.0,0.0,0.0,1.0,1.0,0.0,0.0,0.0,0.0
4711,0.658,0.795,0.659,0.0,0.633,1.0,0.13,0.639,0,2,1,0,TRAIN,6,1.0,0.0,0.0,0.0,0.0,0.0,0.0,0.0,1.0,0.0,0.0,1.0,0.0,0.0,0.0
4712,0.527,0.185,0.337,1.0,0.563,0.0,0.217,0.37,4,3,1,0,VAL,7,0.0,0.0,0.0,0.0,1.0,0.0,0.0,0.0,0.0,1.0,0.0,1.0,0.0,0.0,0.0
4713,0.585,0.307,0.414,0.782,0.46,0.106,0.169,0.449,0,3,0,1,VAL,7,1.0,0.0,0.0,0.0,0.0,0.0,0.0,0.0,0.0,1.0,1.0,0.0,0.0,0.0,0.0
4714,0.521,0.356,0.472,0.0,0.667,0.234,0.514,0.657,2,1,1,0,VAL,2,0.0,0.0,1.0,0.0,0.0,0.0,0.0,1.0,0.0,0.0,0.0,1.0,0.0,0.0,0.0
4715,0.65,0.792,0.664,0.0,0.609,0.976,0.163,0.709,2,2,0,1,VAL,6,0.0,0.0,1.0,0.0,0.0,0.0,0.0,0.0,1.0,0.0,1.0,0.0,0.0,0.0,0.0
4716,0.363,0.603,0.305,0.796,0.219,0.569,0.007,0.142,3,3,0,0,TRAIN,3,0.0,0.0,0.0,1.0,0.0,0.0,0.0,0.0,0.0,1.0,1.0,0.0,0.0,0.0,0.0
4717,0.452,0.468,0.384,0.873,0.393,0.59,0.078,0.294,3,2,4,0,TRAIN,3,0.0,0.0,0.0,1.0,0.0,0.0,0.0,0.0,1.0,0.0,0.0,0.0,0.0,0.0,1.0
4718,0.408,0.577,0.574,0.59,0.37,0.653,0.042,0.369,2,2,3,0,TRAIN,3,0.0,0.0,1.0,0.0,0.0,0.0,0.0,0.0,1.0,0.0,0.0,0.0,0.0,1.0,0.0
4719,0.128,0.52,0.183,1.0,0.11,0.427,0.005,0.021,3,2,0,1,TRAIN,3,0.0,0.0,0.0,1.0,0.0,0.0,0.0,0.0,1.0,0.0,1.0,0.0,0.0,0.0,0.0
4720,0.364,0.543,0.402,0.474,0.415,0.454,0.037,0.337,3,3,3,0,TRAIN,3,0.0,0.0,0.0,1.0,0.0,0.0,0.0,0.0,0.0,1.0,0.0,0.0,0.0,1.0,0.0
4721,0.188,0.553,0.283,1.0,0.216,0.672,0.004,0.112,0,1,1,1,TRAIN,8,1.0,0.0,0.0,0.0,0.0,0.0,0.0,1.0,0.0,0.0,0.0,1.0,0.0,0.0,0.0
4722,0.7,0.211,0.561,1.0,0.532,0.0,0.185,0.529,0,3,0,0,TEST,7,1.0,0.0,0.0,0.0,0.0,0.0,0.0,0.0,0.0,1.0,1.0,0.0,0.0,0.0,0.0
4723,0.649,0.537,0.593,0.507,0.536,0.389,0.104,0.496,4,2,0,1,VAL,3,0.0,0.0,0.0,0.0,1.0,0.0,0.0,0.0,1.0,0.0,1.0,0.0,0.0,0.0,0.0
4724,0.624,0.808,0.567,0.0,0.482,0.721,0.23,0.609,5,2,1,0,VAL,6,0.0,0.0,0.0,0.0,0.0,1.0,0.0,0.0,1.0,0.0,0.0,1.0,0.0,0.0,0.0
4725,0.464,0.603,0.418,1.0,0.027,0.634,0.001,0.159,0,2,2,0,TRAIN,5,1.0,0.0,0.0,0.0,0.0,0.0,0.0,0.0,1.0,0.0,0.0,0.0,1.0,0.0,0.0
4726,0.299,0.749,0.437,0.107,0.405,0.852,0.033,0.26,4,0,1,1,TEST,1,0.0,0.0,0.0,0.0,1.0,0.0,1.0,0.0,0.0,0.0,0.0,1.0,0.0,0.0,0.0
4727,0.031,0.502,0.787,1.0,0.53,0.405,0.091,0.69,0,3,0,0,TRAIN,7,1.0,0.0,0.0,0.0,0.0,0.0,0.0,0.0,0.0,1.0,1.0,0.0,0.0,0.0,0.0
4728,0.367,0.575,0.458,0.777,0.428,0.401,0.066,0.319,2,0,0,0,TRAIN,3,0.0,0.0,1.0,0.0,0.0,0.0,1.0,0.0,0.0,0.0,1.0,0.0,0.0,0.0,0.0
4729,0.279,0.475,0.265,1.0,0.341,0.351,0.012,0.125,3,3,0,0,TRAIN,3,0.0,0.0,0.0,1.0,0.0,0.0,0.0,0.0,0.0,1.0,1.0,0.0,0.0,0.0,0.0
4730,0.129,0.503,0.31,0.586,0.456,0.394,0.047,0.162,1,1,1,0,TEST,8,0.0,1.0,0.0,0.0,0.0,0.0,0.0,1.0,0.0,0.0,0.0,1.0,0.0,0.0,0.0
4731,0.546,0.216,0.379,1.0,0.474,0.0,0.136,0.35,0,0,0,1,TRAIN,7,1.0,0.0,0.0,0.0,0.0,0.0,1.0,0.0,0.0,0.0,1.0,0.0,0.0,0.0,0.0
4732,0.63,0.829,0.661,0.0,0.572,0.731,0.156,0.628,0,0,0,1,VAL,6,1.0,0.0,0.0,0.0,0.0,0.0,1.0,0.0,0.0,0.0,1.0,0.0,0.0,0.0,0.0
4733,0.493,0.513,0.484,0.618,0.445,0.488,0.051,0.351,2,2,0,1,TRAIN,3,0.0,0.0,1.0,0.0,0.0,0.0,0.0,0.0,1.0,0.0,1.0,0.0,0.0,0.0,0.0
4734,0.297,0.613,0.421,0.825,0.208,0.822,0.008,0.216,2,0,0,1,TRAIN,3,0.0,0.0,1.0,0.0,0.0,0.0,1.0,0.0,0.0,0.0,1.0,0.0,0.0,0.0,0.0
4735,0.313,0.819,0.462,0.0,0.452,0.874,0.022,0.263,3,2,4,0,TEST,1,0.0,0.0,0.0,1.0,0.0,0.0,0.0,0.0,1.0,0.0,0.0,0.0,0.0,0.0,1.0
4736,0.215,0.505,0.369,0.851,0.291,0.49,0.019,0.144,3,2,0,1,VAL,3,0.0,0.0,0.0,1.0,0.0,0.0,0.0,0.0,1.0,0.0,1.0,0.0,0.0,0.0,0.0
4737,0.645,0.211,0.445,1.0,0.529,0.0,0.214,0.433,0,1,0,1,TEST,7,1.0,0.0,0.0,0.0,0.0,0.0,0.0,1.0,0.0,0.0,1.0,0.0,0.0,0.0,0.0
4738,0.433,0.449,0.459,0.858,0.344,0.296,0.054,0.338,3,2,2,1,TRAIN,3,0.0,0.0,0.0,1.0,0.0,0.0,0.0,0.0,1.0,0.0,0.0,0.0,1.0,0.0,0.0
4739,0.993,0.37,0.768,0.998,0.62,0.234,0.256,0.793,0,0,0,0,TRAIN,7,1.0,0.0,0.0,0.0,0.0,0.0,1.0,0.0,0.0,0.0,1.0,0.0,0.0,0.0,0.0
4740,0.498,0.741,0.487,0.0,0.692,0.782,0.048,0.482,3,3,0,0,TRAIN,1,0.0,0.0,0.0,1.0,0.0,0.0,0.0,0.0,0.0,1.0,1.0,0.0,0.0,0.0,0.0
4741,0.341,0.519,0.398,0.666,0.364,0.436,0.054,0.257,3,2,3,0,TRAIN,3,0.0,0.0,0.0,1.0,0.0,0.0,0.0,0.0,1.0,0.0,0.0,0.0,0.0,1.0,0.0
4742,0.485,0.493,0.424,0.783,0.403,0.362,0.017,0.25,3,2,0,1,TRAIN,3,0.0,0.0,0.0,1.0,0.0,0.0,0.0,0.0,1.0,0.0,1.0,0.0,0.0,0.0,0.0
4743,0.249,0.491,0.342,0.943,0.276,0.338,0.01,0.167,3,3,3,1,TRAIN,3,0.0,0.0,0.0,1.0,0.0,0.0,0.0,0.0,0.0,1.0,0.0,0.0,0.0,1.0,0.0
4744,0.842,0.336,0.681,1.0,0.58,0.092,0.162,0.614,0,1,0,0,TRAIN,7,1.0,0.0,0.0,0.0,0.0,0.0,0.0,1.0,0.0,0.0,1.0,0.0,0.0,0.0,0.0
4745,0.13,0.489,0.307,0.838,0.294,0.445,0.01,0.11,2,1,2,1,TEST,5,0.0,0.0,1.0,0.0,0.0,0.0,0.0,1.0,0.0,0.0,0.0,0.0,1.0,0.0,0.0
4746,0.595,0.826,0.575,0.0,0.471,0.835,0.088,0.591,3,2,2,1,TRAIN,6,0.0,0.0,0.0,1.0,0.0,0.0,0.0,0.0,1.0,0.0,0.0,0.0,1.0,0.0,0.0
4747,0.339,0.532,0.324,0.857,0.441,0.475,0.006,0.215,3,2,0,0,TEST,3,0.0,0.0,0.0,1.0,0.0,0.0,0.0,0.0,1.0,0.0,1.0,0.0,0.0,0.0,0.0
4748,0.49,0.561,0.519,0.153,0.526,0.578,0.164,0.5,2,1,4,0,TRAIN,2,0.0,0.0,1.0,0.0,0.0,0.0,0.0,1.0,0.0,0.0,0.0,0.0,0.0,0.0,1.0
4749,0.355,0.577,0.454,0.577,0.355,0.625,0.014,0.256,3,2,3,0,TRAIN,3,0.0,0.0,0.0,1.0,0.0,0.0,0.0,0.0,1.0,0.0,0.0,0.0,0.0,1.0,0.0
4750,0.194,0.51,0.28,0.725,0.296,0.65,0.036,0.187,2,2,3,1,TRAIN,3,0.0,0.0,1.0,0.0,0.0,0.0,0.0,0.0,1.0,0.0,0.0,0.0,0.0,1.0,0.0
4751,0.498,0.509,0.429,0.607,0.448,0.497,0.028,0.31,3,2,0,1,TRAIN,3,0.0,0.0,0.0,1.0,0.0,0.0,0.0,0.0,1.0,0.0,1.0,0.0,0.0,0.0,0.0
4752,0.983,0.497,0.76,0.863,0.536,0.233,0.039,0.645,0,0,1,1,VAL,4,1.0,0.0,0.0,0.0,0.0,0.0,1.0,0.0,0.0,0.0,0.0,1.0,0.0,0.0,0.0
4753,0.377,0.445,0.389,0.887,0.462,0.556,0.029,0.249,3,3,3,1,TEST,3,0.0,0.0,0.0,1.0,0.0,0.0,0.0,0.0,0.0,1.0,0.0,0.0,0.0,1.0,0.0
4754,0.105,0.483,0.268,0.896,0.188,0.492,0.016,0.081,2,2,0,0,VAL,8,0.0,0.0,1.0,0.0,0.0,0.0,0.0,0.0,1.0,0.0,1.0,0.0,0.0,0.0,0.0
4755,0.471,0.885,0.622,0.0,0.634,0.929,0.195,0.579,3,2,0,1,TRAIN,6,0.0,0.0,0.0,1.0,0.0,0.0,0.0,0.0,1.0,0.0,1.0,0.0,0.0,0.0,0.0
4756,0.285,0.346,0.241,0.644,0.454,0.182,0.199,0.3,1,0,0,0,TRAIN,3,0.0,1.0,0.0,0.0,0.0,0.0,1.0,0.0,0.0,0.0,1.0,0.0,0.0,0.0,0.0
4757,0.422,0.481,0.358,0.755,0.456,0.509,0.021,0.289,3,2,0,0,TEST,3,0.0,0.0,0.0,1.0,0.0,0.0,0.0,0.0,1.0,0.0,1.0,0.0,0.0,0.0,0.0
4758,0.214,0.514,0.232,0.72,0.236,0.454,0.009,0.099,1,2,0,0,VAL,3,0.0,1.0,0.0,0.0,0.0,0.0,0.0,0.0,1.0,0.0,1.0,0.0,0.0,0.0,0.0
4759,0.432,0.853,0.512,0.0,0.362,0.985,0.043,0.461,3,0,1,1,TRAIN,6,0.0,0.0,0.0,1.0,0.0,0.0,1.0,0.0,0.0,0.0,0.0,1.0,0.0,0.0,0.0
4760,0.392,0.519,0.394,0.658,0.47,0.408,0.049,0.211,2,2,0,0,TRAIN,3,0.0,0.0,1.0,0.0,0.0,0.0,0.0,0.0,1.0,0.0,1.0,0.0,0.0,0.0,0.0
4761,0.76,0.144,0.549,1.0,0.475,0.065,0.125,0.532,0,1,0,0,VAL,7,1.0,0.0,0.0,0.0,0.0,0.0,0.0,1.0,0.0,0.0,1.0,0.0,0.0,0.0,0.0
4762,0.506,0.505,0.463,0.039,0.494,0.501,0.206,0.497,1,0,4,0,TEST,2,0.0,1.0,0.0,0.0,0.0,0.0,1.0,0.0,0.0,0.0,0.0,0.0,0.0,0.0,1.0
4763,0.665,0.786,0.67,0.0,0.693,0.947,0.166,0.671,3,3,1,1,TRAIN,6,0.0,0.0,0.0,1.0,0.0,0.0,0.0,0.0,0.0,1.0,0.0,1.0,0.0,0.0,0.0
4764,0.35,0.634,0.46,0.626,0.338,0.591,0.031,0.372,2,2,0,0,TRAIN,3,0.0,0.0,1.0,0.0,0.0,0.0,0.0,0.0,1.0,0.0,1.0,0.0,0.0,0.0,0.0
4765,0.347,0.555,0.452,0.504,0.448,0.47,0.028,0.24,2,3,0,0,TRAIN,3,0.0,0.0,1.0,0.0,0.0,0.0,0.0,0.0,0.0,1.0,1.0,0.0,0.0,0.0,0.0
4766,0.312,0.617,0.294,0.733,0.31,0.769,0.015,0.157,1,2,0,1,TEST,3,0.0,1.0,0.0,0.0,0.0,0.0,0.0,0.0,1.0,0.0,1.0,0.0,0.0,0.0,0.0
4767,0.64,0.413,0.522,0.0,0.704,0.319,0.458,0.614,2,1,4,1,VAL,2,0.0,0.0,1.0,0.0,0.0,0.0,0.0,1.0,0.0,0.0,0.0,0.0,0.0,0.0,1.0
4768,0.878,0.421,0.656,1.0,0.55,0.335,0.08,0.58,4,3,0,1,VAL,4,0.0,0.0,0.0,0.0,1.0,0.0,0.0,0.0,0.0,1.0,1.0,0.0,0.0,0.0,0.0
4769,0.527,0.354,0.446,1.0,0.312,0.09,0.03,0.299,0,3,3,1,TRAIN,4,1.0,0.0,0.0,0.0,0.0,0.0,0.0,0.0,0.0,1.0,0.0,0.0,0.0,1.0,0.0
4770,0.428,0.558,0.445,0.875,0.278,0.764,0.012,0.262,5,2,1,0,TRAIN,3,0.0,0.0,0.0,0.0,0.0,1.0,0.0,0.0,1.0,0.0,0.0,1.0,0.0,0.0,0.0
4771,0.341,0.532,0.371,0.875,0.323,0.333,0.057,0.277,3,0,0,1,TRAIN,3,0.0,0.0,0.0,1.0,0.0,0.0,1.0,0.0,0.0,0.0,1.0,0.0,0.0,0.0,0.0
4772,0.602,0.873,0.64,0.0,0.557,1.0,0.046,0.436,2,2,3,1,TEST,6,0.0,0.0,1.0,0.0,0.0,0.0,0.0,0.0,1.0,0.0,0.0,0.0,0.0,1.0,0.0
4773,0.988,0.324,0.681,1.0,0.734,0.11,0.224,0.698,4,1,0,0,VAL,7,0.0,0.0,0.0,0.0,1.0,0.0,0.0,1.0,0.0,0.0,1.0,0.0,0.0,0.0,0.0
4774,0.115,0.427,0.817,1.0,0.541,0.27,0.183,0.842,4,0,0,0,TRAIN,7,0.0,0.0,0.0,0.0,1.0,0.0,1.0,0.0,0.0,0.0,1.0,0.0,0.0,0.0,0.0
4775,0.366,0.707,0.466,1.0,0.105,0.792,0.001,0.215,4,1,1,0,VAL,5,0.0,0.0,0.0,0.0,1.0,0.0,0.0,1.0,0.0,0.0,0.0,1.0,0.0,0.0,0.0
4776,0.221,0.561,0.27,0.678,0.266,0.649,0.017,0.126,0,1,0,1,TRAIN,5,1.0,0.0,0.0,0.0,0.0,0.0,0.0,1.0,0.0,0.0,1.0,0.0,0.0,0.0,0.0
4777,0.256,0.278,0.272,0.497,0.511,0.138,0.215,0.314,4,0,0,0,VAL,7,0.0,0.0,0.0,0.0,1.0,0.0,1.0,0.0,0.0,0.0,1.0,0.0,0.0,0.0,0.0
4778,0.872,0.351,0.628,1.0,0.565,0.224,0.133,0.608,0,0,1,1,TRAIN,4,1.0,0.0,0.0,0.0,0.0,0.0,1.0,0.0,0.0,0.0,0.0,1.0,0.0,0.0,0.0
4779,0.527,0.51,0.53,0.635,0.511,0.481,0.089,0.441,1,2,0,0,TRAIN,3,0.0,1.0,0.0,0.0,0.0,0.0,0.0,0.0,1.0,0.0,1.0,0.0,0.0,0.0,0.0
4780,0.395,0.458,0.382,0.778,0.343,0.52,0.02,0.207,2,2,3,1,TRAIN,3,0.0,0.0,1.0,0.0,0.0,0.0,0.0,0.0,1.0,0.0,0.0,0.0,0.0,1.0,0.0
4781,0.393,0.496,0.464,0.422,0.473,0.525,0.187,0.488,3,1,1,1,TRAIN,3,0.0,0.0,0.0,1.0,0.0,0.0,0.0,1.0,0.0,0.0,0.0,1.0,0.0,0.0,0.0
4782,0.596,0.293,0.487,0.219,0.601,0.062,0.528,0.539,1,0,4,1,TRAIN,2,0.0,1.0,0.0,0.0,0.0,0.0,1.0,0.0,0.0,0.0,0.0,0.0,0.0,0.0,1.0
4783,0.278,0.618,0.35,0.549,0.351,0.764,0.005,0.188,2,2,0,1,TRAIN,3,0.0,0.0,1.0,0.0,0.0,0.0,0.0,0.0,1.0,0.0,1.0,0.0,0.0,0.0,0.0
4784,0.0,0.57,0.187,0.914,0.151,0.682,0.002,0.057,2,1,2,0,VAL,5,0.0,0.0,1.0,0.0,0.0,0.0,0.0,1.0,0.0,0.0,0.0,0.0,1.0,0.0,0.0
4785,0.228,0.583,0.369,1.0,0.169,0.712,0.001,0.083,0,3,4,0,TRAIN,5,1.0,0.0,0.0,0.0,0.0,0.0,0.0,0.0,0.0,1.0,0.0,0.0,0.0,0.0,1.0
4786,0.413,0.477,0.348,0.838,0.435,0.49,0.028,0.23,1,2,0,0,TEST,3,0.0,1.0,0.0,0.0,0.0,0.0,0.0,0.0,1.0,0.0,1.0,0.0,0.0,0.0,0.0
4787,0.332,0.63,0.415,0.619,0.436,0.662,0.025,0.278,1,1,0,1,TRAIN,3,0.0,1.0,0.0,0.0,0.0,0.0,0.0,1.0,0.0,0.0,1.0,0.0,0.0,0.0,0.0
4788,0.569,0.473,0.482,0.0,0.624,0.352,0.51,0.63,2,1,1,1,TRAIN,2,0.0,0.0,1.0,0.0,0.0,0.0,0.0,1.0,0.0,0.0,0.0,1.0,0.0,0.0,0.0
4789,0.299,0.613,0.38,0.772,0.318,0.597,0.01,0.124,2,3,3,0,TRAIN,3,0.0,0.0,1.0,0.0,0.0,0.0,0.0,0.0,0.0,1.0,0.0,0.0,0.0,1.0,0.0
4790,0.283,0.458,0.442,0.776,0.365,0.486,0.077,0.295,2,3,0,1,VAL,3,0.0,0.0,1.0,0.0,0.0,0.0,0.0,0.0,0.0,1.0,1.0,0.0,0.0,0.0,0.0
4791,0.479,0.528,0.446,0.0,0.791,0.33,0.7,0.518,2,1,4,0,TRAIN,2,0.0,0.0,1.0,0.0,0.0,0.0,0.0,1.0,0.0,0.0,0.0,0.0,0.0,0.0,1.0
4792,0.58,0.792,0.598,0.0,0.775,0.734,0.426,0.746,3,2,0,1,TEST,6,0.0,0.0,0.0,1.0,0.0,0.0,0.0,0.0,1.0,0.0,1.0,0.0,0.0,0.0,0.0
4793,0.403,0.379,0.38,0.891,0.461,0.263,0.113,0.335,1,0,1,0,TRAIN,3,0.0,1.0,0.0,0.0,0.0,0.0,1.0,0.0,0.0,0.0,0.0,1.0,0.0,0.0,0.0
4794,0.323,0.636,0.306,0.752,0.136,0.667,0.005,0.187,5,2,0,1,TRAIN,3,0.0,0.0,0.0,0.0,0.0,1.0,0.0,0.0,1.0,0.0,1.0,0.0,0.0,0.0,0.0
4795,0.416,0.415,0.36,1.0,0.367,0.356,0.022,0.151,4,0,2,1,TRAIN,4,0.0,0.0,0.0,0.0,1.0,0.0,1.0,0.0,0.0,0.0,0.0,0.0,1.0,0.0,0.0
4796,0.119,0.343,0.221,0.588,0.482,0.218,0.09,0.156,0,1,2,1,TEST,5,1.0,0.0,0.0,0.0,0.0,0.0,0.0,1.0,0.0,0.0,0.0,0.0,1.0,0.0,0.0
4797,0.351,0.6,0.376,0.758,0.364,0.518,0.024,0.251,3,3,0,0,TRAIN,3,0.0,0.0,0.0,1.0,0.0,0.0,0.0,0.0,0.0,1.0,1.0,0.0,0.0,0.0,0.0
4798,0.455,0.496,0.402,1.0,0.36,0.528,0.018,0.264,2,2,3,0,VAL,3,0.0,0.0,1.0,0.0,0.0,0.0,0.0,0.0,1.0,0.0,0.0,0.0,0.0,1.0,0.0
4799,0.619,0.763,0.656,0.0,0.742,0.722,0.335,0.781,5,2,2,0,VAL,6,0.0,0.0,0.0,0.0,0.0,1.0,0.0,0.0,1.0,0.0,0.0,0.0,1.0,0.0,0.0
